{"1":["red"],"2":["red"],"3":["blue"],"4":["blue"],"5":["green"],"6":["green"],"7":["red"],"8":["red"],"9":["blue"],"10":["blue"],"11":["green"],"12":["red"],"13":["red"],"14":["blue"],"15":["blue"],"16":["green"],"17":["green"],"18":["red"],"19":["red"],"20":["blue"],"21":["green"],"22":["green"],"23":["red"],"24":["red"],"25":["blue"],"26":["blue"],"27":["green"],"28":["green"],"29":["red"],"30":["red"],"31":["blue"],"32":["green"],"33":["green"],"34":["red"],"35":["red"],"36":["blue"],"37":["blue"],"38":["green"],"39":["green"],"40":["red"],"41":["blue"],"42":["blue"],"43":["green"],"44":["green"],"45":["red"],"46":["red"],"47":["blue"],"48":["blue"],"49":["green"]}