﻿[{"ID":1573,"SYS_GAME_LEVEL_CODE_ID":27,"SUB_LEVEL_CODE_ID":700,"SUB_LEVEL_CODE3_ID":30,"GROUP_NAME":"正一特","NUM_PIC_URL":null,"NUM":"大","NUM_NAME":"大","ODDS":"0.00","OTHERS":"pass_all","GEN_HK6DATA_MODE_CD":"no","JSON_DATA":null,"UI_IND":"0","SORT":50,"RULE_ID":0,"CREATE_USER_ID":1,"CREATE_DTT":"2017-01-25 11:55:32","LAST_MODFIY_USER_ID":1,"LAST_MODFIY_DTT":"2017-03-05 16:44:04"},{"ID":1574,"SYS_GAME_LEVEL_CODE_ID":27,"SUB_LEVEL_CODE_ID":700,"SUB_LEVEL_CODE3_ID":30,"GROUP_NAME":"正一特","NUM_PIC_URL":null,"NUM":"小","NUM_NAME":"小","ODDS":"0.00","OTHERS":"pass_all","GEN_HK6DATA_MODE_CD":"no","JSON_DATA":null,"UI_IND":"0","SORT":51,"RULE_ID":0,"CREATE_USER_ID":1,"CREATE_DTT":"2017-01-25 11:55:32","LAST_MODFIY_USER_ID":1,"LAST_MODFIY_DTT":"2017-03-05 16:44:04"},{"ID":1575,"SYS_GAME_LEVEL_CODE_ID":27,"SUB_LEVEL_CODE_ID":700,"SUB_LEVEL_CODE3_ID":30,"GROUP_NAME":"正一特","NUM_PIC_URL":null,"NUM":"单","NUM_NAME":"单","ODDS":"0.00","OTHERS":"pass_all","GEN_HK6DATA_MODE_CD":"no","JSON_DATA":null,"UI_IND":"0","SORT":52,"RULE_ID":0,"CREATE_USER_ID":1,"CREATE_DTT":"2017-01-25 11:55:32","LAST_MODFIY_USER_ID":1,"LAST_MODFIY_DTT":"2017-03-05 16:44:04"},{"ID":1576,"SYS_GAME_LEVEL_CODE_ID":27,"SUB_LEVEL_CODE_ID":700,"SUB_LEVEL_CODE3_ID":30,"GROUP_NAME":"正一特","NUM_PIC_URL":null,"NUM":"双","NUM_NAME":"双","ODDS":"0.00","OTHERS":"pass_all","GEN_HK6DATA_MODE_CD":"no","JSON_DATA":null,"UI_IND":"0","SORT":53,"RULE_ID":0,"CREATE_USER_ID":1,"CREATE_DTT":"2017-01-25 11:55:32","LAST_MODFIY_USER_ID":1,"LAST_MODFIY_DTT":"2017-03-05 16:44:04"},{"ID":1577,"SYS_GAME_LEVEL_CODE_ID":27,"SUB_LEVEL_CODE_ID":700,"SUB_LEVEL_CODE3_ID":30,"GROUP_NAME":"正一特","NUM_PIC_URL":null,"NUM":"合大","NUM_NAME":"合大","ODDS":"0.00","OTHERS":"pass_all","GEN_HK6DATA_MODE_CD":"no","JSON_DATA":null,"UI_IND":"0","SORT":54,"RULE_ID":0,"CREATE_USER_ID":1,"CREATE_DTT":"2017-01-25 11:55:32","LAST_MODFIY_USER_ID":1,"LAST_MODFIY_DTT":"2017-03-05 16:44:04"},{"ID":1578,"SYS_GAME_LEVEL_CODE_ID":27,"SUB_LEVEL_CODE_ID":700,"SUB_LEVEL_CODE3_ID":30,"GROUP_NAME":"正一特","NUM_PIC_URL":null,"NUM":"合小","NUM_NAME":"合小","ODDS":"0.00","OTHERS":"pass_all","GEN_HK6DATA_MODE_CD":"no","JSON_DATA":null,"UI_IND":"0","SORT":55,"RULE_ID":0,"CREATE_USER_ID":1,"CREATE_DTT":"2017-01-25 11:55:32","LAST_MODFIY_USER_ID":1,"LAST_MODFIY_DTT":"2017-03-05 16:44:04"},{"ID":1579,"SYS_GAME_LEVEL_CODE_ID":27,"SUB_LEVEL_CODE_ID":700,"SUB_LEVEL_CODE3_ID":30,"GROUP_NAME":"正一特","NUM_PIC_URL":null,"NUM":"合单","NUM_NAME":"合单","ODDS":"0.00","OTHERS":"pass_all","GEN_HK6DATA_MODE_CD":"no","JSON_DATA":null,"UI_IND":"0","SORT":56,"RULE_ID":0,"CREATE_USER_ID":1,"CREATE_DTT":"2017-01-25 11:55:32","LAST_MODFIY_USER_ID":1,"LAST_MODFIY_DTT":"2017-03-05 16:44:04"},{"ID":1580,"SYS_GAME_LEVEL_CODE_ID":27,"SUB_LEVEL_CODE_ID":700,"SUB_LEVEL_CODE3_ID":30,"GROUP_NAME":"正一特","NUM_PIC_URL":null,"NUM":"合双","NUM_NAME":"合双","ODDS":"0.00","OTHERS":"pass_all","GEN_HK6DATA_MODE_CD":"no","JSON_DATA":null,"UI_IND":"0","SORT":57,"RULE_ID":0,"CREATE_USER_ID":1,"CREATE_DTT":"2017-01-25 11:55:32","LAST_MODFIY_USER_ID":1,"LAST_MODFIY_DTT":"2017-03-05 16:44:05"},{"ID":1581,"SYS_GAME_LEVEL_CODE_ID":27,"SUB_LEVEL_CODE_ID":700,"SUB_LEVEL_CODE3_ID":30,"GROUP_NAME":"正一特","NUM_PIC_URL":null,"NUM":"尾大","NUM_NAME":"尾大","ODDS":"0.00","OTHERS":"pass_all","GEN_HK6DATA_MODE_CD":"no","JSON_DATA":null,"UI_IND":"0","SORT":58,"RULE_ID":0,"CREATE_USER_ID":1,"CREATE_DTT":"2017-01-25 11:55:32","LAST_MODFIY_USER_ID":1,"LAST_MODFIY_DTT":"2017-03-05 16:44:05"},{"ID":1582,"SYS_GAME_LEVEL_CODE_ID":27,"SUB_LEVEL_CODE_ID":700,"SUB_LEVEL_CODE3_ID":30,"GROUP_NAME":"正一特","NUM_PIC_URL":null,"NUM":"尾小","NUM_NAME":"尾小","ODDS":"0.00","OTHERS":"pass_all","GEN_HK6DATA_MODE_CD":"no","JSON_DATA":null,"UI_IND":"0","SORT":59,"RULE_ID":0,"CREATE_USER_ID":1,"CREATE_DTT":"2017-01-25 11:55:32","LAST_MODFIY_USER_ID":1,"LAST_MODFIY_DTT":"2017-03-05 16:44:05"},{"ID":1583,"SYS_GAME_LEVEL_CODE_ID":27,"SUB_LEVEL_CODE_ID":700,"SUB_LEVEL_CODE3_ID":30,"GROUP_NAME":"正一特","NUM_PIC_URL":null,"NUM":"尾单","NUM_NAME":"尾单","ODDS":"0.00","OTHERS":"pass_all","GEN_HK6DATA_MODE_CD":"no","JSON_DATA":null,"UI_IND":"0","SORT":60,"RULE_ID":0,"CREATE_USER_ID":1,"CREATE_DTT":"2017-01-25 11:55:32","LAST_MODFIY_USER_ID":1,"LAST_MODFIY_DTT":"2017-03-05 16:44:05"},{"ID":1584,"SYS_GAME_LEVEL_CODE_ID":27,"SUB_LEVEL_CODE_ID":700,"SUB_LEVEL_CODE3_ID":30,"GROUP_NAME":"正一特","NUM_PIC_URL":null,"NUM":"尾双","NUM_NAME":"尾双","ODDS":"0.00","OTHERS":"pass_all","GEN_HK6DATA_MODE_CD":"no","JSON_DATA":null,"UI_IND":"0","SORT":61,"RULE_ID":0,"CREATE_USER_ID":1,"CREATE_DTT":"2017-01-25 11:55:32","LAST_MODFIY_USER_ID":1,"LAST_MODFIY_DTT":"2017-03-05 16:44:05"},{"ID":1585,"SYS_GAME_LEVEL_CODE_ID":27,"SUB_LEVEL_CODE_ID":700,"SUB_LEVEL_CODE3_ID":30,"GROUP_NAME":"正一特","NUM_PIC_URL":null,"NUM":"红波","NUM_NAME":"红波","ODDS":"0.00","OTHERS":"pass_all","GEN_HK6DATA_MODE_CD":"no","JSON_DATA":null,"UI_IND":"0","SORT":62,"RULE_ID":0,"CREATE_USER_ID":1,"CREATE_DTT":"2017-01-25 11:55:32","LAST_MODFIY_USER_ID":1,"LAST_MODFIY_DTT":"2017-03-05 16:44:05"},{"ID":1586,"SYS_GAME_LEVEL_CODE_ID":27,"SUB_LEVEL_CODE_ID":700,"SUB_LEVEL_CODE3_ID":30,"GROUP_NAME":"正一特","NUM_PIC_URL":null,"NUM":"蓝波","NUM_NAME":"蓝波","ODDS":"0.00","OTHERS":"pass_all","GEN_HK6DATA_MODE_CD":"no","JSON_DATA":null,"UI_IND":"0","SORT":63,"RULE_ID":0,"CREATE_USER_ID":1,"CREATE_DTT":"2017-01-25 11:55:32","LAST_MODFIY_USER_ID":1,"LAST_MODFIY_DTT":"2017-03-05 16:44:05"},{"ID":1587,"SYS_GAME_LEVEL_CODE_ID":27,"SUB_LEVEL_CODE_ID":700,"SUB_LEVEL_CODE3_ID":30,"GROUP_NAME":"正一特","NUM_PIC_URL":null,"NUM":"绿波","NUM_NAME":"绿波","ODDS":"0.00","OTHERS":"pass_all","GEN_HK6DATA_MODE_CD":"no","JSON_DATA":null,"UI_IND":"0","SORT":64,"RULE_ID":0,"CREATE_USER_ID":1,"CREATE_DTT":"2017-01-25 11:55:32","LAST_MODFIY_USER_ID":1,"LAST_MODFIY_DTT":"2017-03-05 16:44:05"},{"ID":1649,"SYS_GAME_LEVEL_CODE_ID":27,"SUB_LEVEL_CODE_ID":700,"SUB_LEVEL_CODE3_ID":31,"GROUP_NAME":"正二特","NUM_PIC_URL":null,"NUM":"大","NUM_NAME":"大","ODDS":"0.00","OTHERS":"pass_all","GEN_HK6DATA_MODE_CD":"no","JSON_DATA":null,"UI_IND":"0","SORT":50,"RULE_ID":0,"CREATE_USER_ID":1,"CREATE_DTT":"2017-01-25 11:57:20","LAST_MODFIY_USER_ID":1,"LAST_MODFIY_DTT":"2017-03-05 16:45:57"},{"ID":1650,"SYS_GAME_LEVEL_CODE_ID":27,"SUB_LEVEL_CODE_ID":700,"SUB_LEVEL_CODE3_ID":31,"GROUP_NAME":"正二特","NUM_PIC_URL":null,"NUM":"小","NUM_NAME":"小","ODDS":"0.00","OTHERS":"pass_all","GEN_HK6DATA_MODE_CD":"no","JSON_DATA":null,"UI_IND":"0","SORT":51,"RULE_ID":0,"CREATE_USER_ID":1,"CREATE_DTT":"2017-01-25 11:57:20","LAST_MODFIY_USER_ID":1,"LAST_MODFIY_DTT":"2017-03-05 16:45:58"},{"ID":1651,"SYS_GAME_LEVEL_CODE_ID":27,"SUB_LEVEL_CODE_ID":700,"SUB_LEVEL_CODE3_ID":31,"GROUP_NAME":"正二特","NUM_PIC_URL":null,"NUM":"单","NUM_NAME":"单","ODDS":"0.00","OTHERS":"pass_all","GEN_HK6DATA_MODE_CD":"no","JSON_DATA":null,"UI_IND":"0","SORT":52,"RULE_ID":0,"CREATE_USER_ID":1,"CREATE_DTT":"2017-01-25 11:57:20","LAST_MODFIY_USER_ID":1,"LAST_MODFIY_DTT":"2017-03-05 16:45:58"},{"ID":1652,"SYS_GAME_LEVEL_CODE_ID":27,"SUB_LEVEL_CODE_ID":700,"SUB_LEVEL_CODE3_ID":31,"GROUP_NAME":"正二特","NUM_PIC_URL":null,"NUM":"双","NUM_NAME":"双","ODDS":"0.00","OTHERS":"pass_all","GEN_HK6DATA_MODE_CD":"no","JSON_DATA":null,"UI_IND":"0","SORT":53,"RULE_ID":0,"CREATE_USER_ID":1,"CREATE_DTT":"2017-01-25 11:57:20","LAST_MODFIY_USER_ID":1,"LAST_MODFIY_DTT":"2017-03-05 16:45:58"},{"ID":1653,"SYS_GAME_LEVEL_CODE_ID":27,"SUB_LEVEL_CODE_ID":700,"SUB_LEVEL_CODE3_ID":31,"GROUP_NAME":"正二特","NUM_PIC_URL":null,"NUM":"合大","NUM_NAME":"合大","ODDS":"0.00","OTHERS":"pass_all","GEN_HK6DATA_MODE_CD":"no","JSON_DATA":null,"UI_IND":"0","SORT":54,"RULE_ID":0,"CREATE_USER_ID":1,"CREATE_DTT":"2017-01-25 11:57:20","LAST_MODFIY_USER_ID":1,"LAST_MODFIY_DTT":"2017-03-05 16:45:58"},{"ID":1654,"SYS_GAME_LEVEL_CODE_ID":27,"SUB_LEVEL_CODE_ID":700,"SUB_LEVEL_CODE3_ID":31,"GROUP_NAME":"正二特","NUM_PIC_URL":null,"NUM":"合小","NUM_NAME":"合小","ODDS":"0.00","OTHERS":"pass_all","GEN_HK6DATA_MODE_CD":"no","JSON_DATA":null,"UI_IND":"0","SORT":55,"RULE_ID":0,"CREATE_USER_ID":1,"CREATE_DTT":"2017-01-25 11:57:20","LAST_MODFIY_USER_ID":1,"LAST_MODFIY_DTT":"2017-03-05 16:45:58"},{"ID":1655,"SYS_GAME_LEVEL_CODE_ID":27,"SUB_LEVEL_CODE_ID":700,"SUB_LEVEL_CODE3_ID":31,"GROUP_NAME":"正二特","NUM_PIC_URL":null,"NUM":"合单","NUM_NAME":"合单","ODDS":"0.00","OTHERS":"pass_all","GEN_HK6DATA_MODE_CD":"no","JSON_DATA":null,"UI_IND":"0","SORT":56,"RULE_ID":0,"CREATE_USER_ID":1,"CREATE_DTT":"2017-01-25 11:57:20","LAST_MODFIY_USER_ID":1,"LAST_MODFIY_DTT":"2017-03-05 16:45:58"},{"ID":1656,"SYS_GAME_LEVEL_CODE_ID":27,"SUB_LEVEL_CODE_ID":700,"SUB_LEVEL_CODE3_ID":31,"GROUP_NAME":"正二特","NUM_PIC_URL":null,"NUM":"合双","NUM_NAME":"合双","ODDS":"0.00","OTHERS":"pass_all","GEN_HK6DATA_MODE_CD":"no","JSON_DATA":null,"UI_IND":"0","SORT":57,"RULE_ID":0,"CREATE_USER_ID":1,"CREATE_DTT":"2017-01-25 11:57:20","LAST_MODFIY_USER_ID":1,"LAST_MODFIY_DTT":"2017-03-05 16:45:58"},{"ID":1657,"SYS_GAME_LEVEL_CODE_ID":27,"SUB_LEVEL_CODE_ID":700,"SUB_LEVEL_CODE3_ID":31,"GROUP_NAME":"正二特","NUM_PIC_URL":null,"NUM":"尾大","NUM_NAME":"尾大","ODDS":"0.00","OTHERS":"pass_all","GEN_HK6DATA_MODE_CD":"no","JSON_DATA":null,"UI_IND":"0","SORT":58,"RULE_ID":0,"CREATE_USER_ID":1,"CREATE_DTT":"2017-01-25 11:57:20","LAST_MODFIY_USER_ID":1,"LAST_MODFIY_DTT":"2017-03-05 16:45:58"},{"ID":1658,"SYS_GAME_LEVEL_CODE_ID":27,"SUB_LEVEL_CODE_ID":700,"SUB_LEVEL_CODE3_ID":31,"GROUP_NAME":"正二特","NUM_PIC_URL":null,"NUM":"尾小","NUM_NAME":"尾小","ODDS":"0.00","OTHERS":"pass_all","GEN_HK6DATA_MODE_CD":"no","JSON_DATA":null,"UI_IND":"0","SORT":59,"RULE_ID":0,"CREATE_USER_ID":1,"CREATE_DTT":"2017-01-25 11:57:20","LAST_MODFIY_USER_ID":1,"LAST_MODFIY_DTT":"2017-03-05 16:45:58"},{"ID":1659,"SYS_GAME_LEVEL_CODE_ID":27,"SUB_LEVEL_CODE_ID":700,"SUB_LEVEL_CODE3_ID":31,"GROUP_NAME":"正二特","NUM_PIC_URL":null,"NUM":"尾单","NUM_NAME":"尾单","ODDS":"0.00","OTHERS":"pass_all","GEN_HK6DATA_MODE_CD":"no","JSON_DATA":null,"UI_IND":"0","SORT":60,"RULE_ID":0,"CREATE_USER_ID":1,"CREATE_DTT":"2017-01-25 11:57:20","LAST_MODFIY_USER_ID":1,"LAST_MODFIY_DTT":"2017-03-05 16:45:59"},{"ID":1660,"SYS_GAME_LEVEL_CODE_ID":27,"SUB_LEVEL_CODE_ID":700,"SUB_LEVEL_CODE3_ID":31,"GROUP_NAME":"正二特","NUM_PIC_URL":null,"NUM":"尾双","NUM_NAME":"尾双","ODDS":"0.00","OTHERS":"pass_all","GEN_HK6DATA_MODE_CD":"no","JSON_DATA":null,"UI_IND":"0","SORT":61,"RULE_ID":0,"CREATE_USER_ID":1,"CREATE_DTT":"2017-01-25 11:57:20","LAST_MODFIY_USER_ID":1,"LAST_MODFIY_DTT":"2017-03-05 16:45:59"},{"ID":1661,"SYS_GAME_LEVEL_CODE_ID":27,"SUB_LEVEL_CODE_ID":700,"SUB_LEVEL_CODE3_ID":31,"GROUP_NAME":"正二特","NUM_PIC_URL":null,"NUM":"红波","NUM_NAME":"红波","ODDS":"0.00","OTHERS":"pass_all","GEN_HK6DATA_MODE_CD":"no","JSON_DATA":null,"UI_IND":"0","SORT":62,"RULE_ID":0,"CREATE_USER_ID":1,"CREATE_DTT":"2017-01-25 11:57:20","LAST_MODFIY_USER_ID":1,"LAST_MODFIY_DTT":"2017-03-05 16:45:59"},{"ID":1662,"SYS_GAME_LEVEL_CODE_ID":27,"SUB_LEVEL_CODE_ID":700,"SUB_LEVEL_CODE3_ID":31,"GROUP_NAME":"正二特","NUM_PIC_URL":null,"NUM":"蓝波","NUM_NAME":"蓝波","ODDS":"0.00","OTHERS":"pass_all","GEN_HK6DATA_MODE_CD":"no","JSON_DATA":null,"UI_IND":"0","SORT":63,"RULE_ID":0,"CREATE_USER_ID":1,"CREATE_DTT":"2017-01-25 11:57:20","LAST_MODFIY_USER_ID":1,"LAST_MODFIY_DTT":"2017-03-05 16:45:59"},{"ID":1663,"SYS_GAME_LEVEL_CODE_ID":27,"SUB_LEVEL_CODE_ID":700,"SUB_LEVEL_CODE3_ID":31,"GROUP_NAME":"正二特","NUM_PIC_URL":null,"NUM":"绿波","NUM_NAME":"绿波","ODDS":"0.00","OTHERS":"pass_all","GEN_HK6DATA_MODE_CD":"no","JSON_DATA":null,"UI_IND":"0","SORT":64,"RULE_ID":0,"CREATE_USER_ID":1,"CREATE_DTT":"2017-01-25 11:57:20","LAST_MODFIY_USER_ID":1,"LAST_MODFIY_DTT":"2017-03-05 16:45:59"},{"ID":1725,"SYS_GAME_LEVEL_CODE_ID":27,"SUB_LEVEL_CODE_ID":700,"SUB_LEVEL_CODE3_ID":32,"GROUP_NAME":"正三特","NUM_PIC_URL":null,"NUM":"大","NUM_NAME":"大","ODDS":"0.00","OTHERS":"pass_all","GEN_HK6DATA_MODE_CD":"no","JSON_DATA":null,"UI_IND":"0","SORT":50,"RULE_ID":0,"CREATE_USER_ID":1,"CREATE_DTT":"2017-01-25 11:59:04","LAST_MODFIY_USER_ID":1,"LAST_MODFIY_DTT":"2017-03-05 16:46:42"},{"ID":1726,"SYS_GAME_LEVEL_CODE_ID":27,"SUB_LEVEL_CODE_ID":700,"SUB_LEVEL_CODE3_ID":32,"GROUP_NAME":"正三特","NUM_PIC_URL":null,"NUM":"小","NUM_NAME":"小","ODDS":"0.00","OTHERS":"pass_all","GEN_HK6DATA_MODE_CD":"no","JSON_DATA":null,"UI_IND":"0","SORT":51,"RULE_ID":0,"CREATE_USER_ID":1,"CREATE_DTT":"2017-01-25 11:59:04","LAST_MODFIY_USER_ID":1,"LAST_MODFIY_DTT":"2017-03-05 16:46:42"},{"ID":1727,"SYS_GAME_LEVEL_CODE_ID":27,"SUB_LEVEL_CODE_ID":700,"SUB_LEVEL_CODE3_ID":32,"GROUP_NAME":"正三特","NUM_PIC_URL":null,"NUM":"单","NUM_NAME":"单","ODDS":"0.00","OTHERS":"pass_all","GEN_HK6DATA_MODE_CD":"no","JSON_DATA":null,"UI_IND":"0","SORT":52,"RULE_ID":0,"CREATE_USER_ID":1,"CREATE_DTT":"2017-01-25 11:59:04","LAST_MODFIY_USER_ID":1,"LAST_MODFIY_DTT":"2017-03-05 16:46:42"},{"ID":1728,"SYS_GAME_LEVEL_CODE_ID":27,"SUB_LEVEL_CODE_ID":700,"SUB_LEVEL_CODE3_ID":32,"GROUP_NAME":"正三特","NUM_PIC_URL":null,"NUM":"双","NUM_NAME":"双","ODDS":"0.00","OTHERS":"pass_all","GEN_HK6DATA_MODE_CD":"no","JSON_DATA":null,"UI_IND":"0","SORT":53,"RULE_ID":0,"CREATE_USER_ID":1,"CREATE_DTT":"2017-01-25 11:59:04","LAST_MODFIY_USER_ID":1,"LAST_MODFIY_DTT":"2017-03-05 16:46:43"},{"ID":1729,"SYS_GAME_LEVEL_CODE_ID":27,"SUB_LEVEL_CODE_ID":700,"SUB_LEVEL_CODE3_ID":32,"GROUP_NAME":"正三特","NUM_PIC_URL":null,"NUM":"合大","NUM_NAME":"合大","ODDS":"0.00","OTHERS":"pass_all","GEN_HK6DATA_MODE_CD":"no","JSON_DATA":null,"UI_IND":"0","SORT":54,"RULE_ID":0,"CREATE_USER_ID":1,"CREATE_DTT":"2017-01-25 11:59:04","LAST_MODFIY_USER_ID":1,"LAST_MODFIY_DTT":"2017-03-05 16:46:43"},{"ID":1730,"SYS_GAME_LEVEL_CODE_ID":27,"SUB_LEVEL_CODE_ID":700,"SUB_LEVEL_CODE3_ID":32,"GROUP_NAME":"正三特","NUM_PIC_URL":null,"NUM":"合小","NUM_NAME":"合小","ODDS":"0.00","OTHERS":"pass_all","GEN_HK6DATA_MODE_CD":"no","JSON_DATA":null,"UI_IND":"0","SORT":55,"RULE_ID":0,"CREATE_USER_ID":1,"CREATE_DTT":"2017-01-25 11:59:04","LAST_MODFIY_USER_ID":1,"LAST_MODFIY_DTT":"2017-03-05 16:46:43"},{"ID":1731,"SYS_GAME_LEVEL_CODE_ID":27,"SUB_LEVEL_CODE_ID":700,"SUB_LEVEL_CODE3_ID":32,"GROUP_NAME":"正三特","NUM_PIC_URL":null,"NUM":"合单","NUM_NAME":"合单","ODDS":"0.00","OTHERS":"pass_all","GEN_HK6DATA_MODE_CD":"no","JSON_DATA":null,"UI_IND":"0","SORT":56,"RULE_ID":0,"CREATE_USER_ID":1,"CREATE_DTT":"2017-01-25 11:59:04","LAST_MODFIY_USER_ID":1,"LAST_MODFIY_DTT":"2017-03-05 16:46:43"},{"ID":1732,"SYS_GAME_LEVEL_CODE_ID":27,"SUB_LEVEL_CODE_ID":700,"SUB_LEVEL_CODE3_ID":32,"GROUP_NAME":"正三特","NUM_PIC_URL":null,"NUM":"合双","NUM_NAME":"合双","ODDS":"0.00","OTHERS":"pass_all","GEN_HK6DATA_MODE_CD":"no","JSON_DATA":null,"UI_IND":"0","SORT":57,"RULE_ID":0,"CREATE_USER_ID":1,"CREATE_DTT":"2017-01-25 11:59:04","LAST_MODFIY_USER_ID":1,"LAST_MODFIY_DTT":"2017-03-05 16:46:43"},{"ID":1733,"SYS_GAME_LEVEL_CODE_ID":27,"SUB_LEVEL_CODE_ID":700,"SUB_LEVEL_CODE3_ID":32,"GROUP_NAME":"正三特","NUM_PIC_URL":null,"NUM":"尾大","NUM_NAME":"尾大","ODDS":"0.00","OTHERS":"pass_all","GEN_HK6DATA_MODE_CD":"no","JSON_DATA":null,"UI_IND":"0","SORT":58,"RULE_ID":0,"CREATE_USER_ID":1,"CREATE_DTT":"2017-01-25 11:59:04","LAST_MODFIY_USER_ID":1,"LAST_MODFIY_DTT":"2017-03-05 16:46:43"},{"ID":1734,"SYS_GAME_LEVEL_CODE_ID":27,"SUB_LEVEL_CODE_ID":700,"SUB_LEVEL_CODE3_ID":32,"GROUP_NAME":"正三特","NUM_PIC_URL":null,"NUM":"尾小","NUM_NAME":"尾小","ODDS":"0.00","OTHERS":"pass_all","GEN_HK6DATA_MODE_CD":"no","JSON_DATA":null,"UI_IND":"0","SORT":59,"RULE_ID":0,"CREATE_USER_ID":1,"CREATE_DTT":"2017-01-25 11:59:04","LAST_MODFIY_USER_ID":1,"LAST_MODFIY_DTT":"2017-03-05 16:46:43"},{"ID":1735,"SYS_GAME_LEVEL_CODE_ID":27,"SUB_LEVEL_CODE_ID":700,"SUB_LEVEL_CODE3_ID":32,"GROUP_NAME":"正三特","NUM_PIC_URL":null,"NUM":"尾单","NUM_NAME":"尾单","ODDS":"0.00","OTHERS":"pass_all","GEN_HK6DATA_MODE_CD":"no","JSON_DATA":null,"UI_IND":"0","SORT":60,"RULE_ID":0,"CREATE_USER_ID":1,"CREATE_DTT":"2017-01-25 11:59:04","LAST_MODFIY_USER_ID":1,"LAST_MODFIY_DTT":"2017-03-05 16:46:43"},{"ID":1736,"SYS_GAME_LEVEL_CODE_ID":27,"SUB_LEVEL_CODE_ID":700,"SUB_LEVEL_CODE3_ID":32,"GROUP_NAME":"正三特","NUM_PIC_URL":null,"NUM":"尾双","NUM_NAME":"尾双","ODDS":"0.00","OTHERS":"pass_all","GEN_HK6DATA_MODE_CD":"no","JSON_DATA":null,"UI_IND":"0","SORT":61,"RULE_ID":0,"CREATE_USER_ID":1,"CREATE_DTT":"2017-01-25 11:59:04","LAST_MODFIY_USER_ID":1,"LAST_MODFIY_DTT":"2017-03-05 16:46:43"},{"ID":1737,"SYS_GAME_LEVEL_CODE_ID":27,"SUB_LEVEL_CODE_ID":700,"SUB_LEVEL_CODE3_ID":32,"GROUP_NAME":"正三特","NUM_PIC_URL":null,"NUM":"红波","NUM_NAME":"红波","ODDS":"0.00","OTHERS":"pass_all","GEN_HK6DATA_MODE_CD":"no","JSON_DATA":null,"UI_IND":"0","SORT":62,"RULE_ID":0,"CREATE_USER_ID":1,"CREATE_DTT":"2017-01-25 11:59:04","LAST_MODFIY_USER_ID":1,"LAST_MODFIY_DTT":"2017-03-05 16:46:44"},{"ID":1738,"SYS_GAME_LEVEL_CODE_ID":27,"SUB_LEVEL_CODE_ID":700,"SUB_LEVEL_CODE3_ID":32,"GROUP_NAME":"正三特","NUM_PIC_URL":null,"NUM":"蓝波","NUM_NAME":"蓝波","ODDS":"0.00","OTHERS":"pass_all","GEN_HK6DATA_MODE_CD":"no","JSON_DATA":null,"UI_IND":"0","SORT":63,"RULE_ID":0,"CREATE_USER_ID":1,"CREATE_DTT":"2017-01-25 11:59:04","LAST_MODFIY_USER_ID":1,"LAST_MODFIY_DTT":"2017-03-05 16:46:44"},{"ID":1739,"SYS_GAME_LEVEL_CODE_ID":27,"SUB_LEVEL_CODE_ID":700,"SUB_LEVEL_CODE3_ID":32,"GROUP_NAME":"正三特","NUM_PIC_URL":null,"NUM":"绿波","NUM_NAME":"绿波","ODDS":"0.00","OTHERS":"pass_all","GEN_HK6DATA_MODE_CD":"no","JSON_DATA":null,"UI_IND":"0","SORT":64,"RULE_ID":0,"CREATE_USER_ID":1,"CREATE_DTT":"2017-01-25 11:59:04","LAST_MODFIY_USER_ID":1,"LAST_MODFIY_DTT":"2017-03-05 16:46:44"},{"ID":1801,"SYS_GAME_LEVEL_CODE_ID":27,"SUB_LEVEL_CODE_ID":700,"SUB_LEVEL_CODE3_ID":33,"GROUP_NAME":"正四特","NUM_PIC_URL":null,"NUM":"大","NUM_NAME":"大","ODDS":"0.00","OTHERS":"pass_all","GEN_HK6DATA_MODE_CD":"no","JSON_DATA":null,"UI_IND":"0","SORT":50,"RULE_ID":0,"CREATE_USER_ID":1,"CREATE_DTT":"2017-01-25 12:00:38","LAST_MODFIY_USER_ID":1,"LAST_MODFIY_DTT":"2017-03-05 16:47:20"},{"ID":1802,"SYS_GAME_LEVEL_CODE_ID":27,"SUB_LEVEL_CODE_ID":700,"SUB_LEVEL_CODE3_ID":33,"GROUP_NAME":"正四特","NUM_PIC_URL":null,"NUM":"小","NUM_NAME":"小","ODDS":"0.00","OTHERS":"pass_all","GEN_HK6DATA_MODE_CD":"no","JSON_DATA":null,"UI_IND":"0","SORT":51,"RULE_ID":0,"CREATE_USER_ID":1,"CREATE_DTT":"2017-01-25 12:00:38","LAST_MODFIY_USER_ID":1,"LAST_MODFIY_DTT":"2017-03-05 16:47:20"},{"ID":1803,"SYS_GAME_LEVEL_CODE_ID":27,"SUB_LEVEL_CODE_ID":700,"SUB_LEVEL_CODE3_ID":33,"GROUP_NAME":"正四特","NUM_PIC_URL":null,"NUM":"单","NUM_NAME":"单","ODDS":"0.00","OTHERS":"pass_all","GEN_HK6DATA_MODE_CD":"no","JSON_DATA":null,"UI_IND":"0","SORT":52,"RULE_ID":0,"CREATE_USER_ID":1,"CREATE_DTT":"2017-01-25 12:00:38","LAST_MODFIY_USER_ID":1,"LAST_MODFIY_DTT":"2017-03-05 16:47:20"},{"ID":1804,"SYS_GAME_LEVEL_CODE_ID":27,"SUB_LEVEL_CODE_ID":700,"SUB_LEVEL_CODE3_ID":33,"GROUP_NAME":"正四特","NUM_PIC_URL":null,"NUM":"双","NUM_NAME":"双","ODDS":"0.00","OTHERS":"pass_all","GEN_HK6DATA_MODE_CD":"no","JSON_DATA":null,"UI_IND":"0","SORT":53,"RULE_ID":0,"CREATE_USER_ID":1,"CREATE_DTT":"2017-01-25 12:00:38","LAST_MODFIY_USER_ID":1,"LAST_MODFIY_DTT":"2017-03-05 16:47:20"},{"ID":1805,"SYS_GAME_LEVEL_CODE_ID":27,"SUB_LEVEL_CODE_ID":700,"SUB_LEVEL_CODE3_ID":33,"GROUP_NAME":"正四特","NUM_PIC_URL":null,"NUM":"合大","NUM_NAME":"合大","ODDS":"0.00","OTHERS":"pass_all","GEN_HK6DATA_MODE_CD":"no","JSON_DATA":null,"UI_IND":"0","SORT":54,"RULE_ID":0,"CREATE_USER_ID":1,"CREATE_DTT":"2017-01-25 12:00:38","LAST_MODFIY_USER_ID":1,"LAST_MODFIY_DTT":"2017-03-05 16:47:21"},{"ID":1806,"SYS_GAME_LEVEL_CODE_ID":27,"SUB_LEVEL_CODE_ID":700,"SUB_LEVEL_CODE3_ID":33,"GROUP_NAME":"正四特","NUM_PIC_URL":null,"NUM":"合小","NUM_NAME":"合小","ODDS":"0.00","OTHERS":"pass_all","GEN_HK6DATA_MODE_CD":"no","JSON_DATA":null,"UI_IND":"0","SORT":55,"RULE_ID":0,"CREATE_USER_ID":1,"CREATE_DTT":"2017-01-25 12:00:38","LAST_MODFIY_USER_ID":1,"LAST_MODFIY_DTT":"2017-03-05 16:47:21"},{"ID":1807,"SYS_GAME_LEVEL_CODE_ID":27,"SUB_LEVEL_CODE_ID":700,"SUB_LEVEL_CODE3_ID":33,"GROUP_NAME":"正四特","NUM_PIC_URL":null,"NUM":"合单","NUM_NAME":"合单","ODDS":"0.00","OTHERS":"pass_all","GEN_HK6DATA_MODE_CD":"no","JSON_DATA":null,"UI_IND":"0","SORT":56,"RULE_ID":0,"CREATE_USER_ID":1,"CREATE_DTT":"2017-01-25 12:00:38","LAST_MODFIY_USER_ID":1,"LAST_MODFIY_DTT":"2017-03-05 16:47:21"},{"ID":1808,"SYS_GAME_LEVEL_CODE_ID":27,"SUB_LEVEL_CODE_ID":700,"SUB_LEVEL_CODE3_ID":33,"GROUP_NAME":"正四特","NUM_PIC_URL":null,"NUM":"合双","NUM_NAME":"合双","ODDS":"0.00","OTHERS":"pass_all","GEN_HK6DATA_MODE_CD":"no","JSON_DATA":null,"UI_IND":"0","SORT":57,"RULE_ID":0,"CREATE_USER_ID":1,"CREATE_DTT":"2017-01-25 12:00:38","LAST_MODFIY_USER_ID":1,"LAST_MODFIY_DTT":"2017-03-05 16:47:21"},{"ID":1809,"SYS_GAME_LEVEL_CODE_ID":27,"SUB_LEVEL_CODE_ID":700,"SUB_LEVEL_CODE3_ID":33,"GROUP_NAME":"正四特","NUM_PIC_URL":null,"NUM":"尾大","NUM_NAME":"尾大","ODDS":"0.00","OTHERS":"pass_all","GEN_HK6DATA_MODE_CD":"no","JSON_DATA":null,"UI_IND":"0","SORT":58,"RULE_ID":0,"CREATE_USER_ID":1,"CREATE_DTT":"2017-01-25 12:00:38","LAST_MODFIY_USER_ID":1,"LAST_MODFIY_DTT":"2017-03-05 16:47:21"},{"ID":1810,"SYS_GAME_LEVEL_CODE_ID":27,"SUB_LEVEL_CODE_ID":700,"SUB_LEVEL_CODE3_ID":33,"GROUP_NAME":"正四特","NUM_PIC_URL":null,"NUM":"尾小","NUM_NAME":"尾小","ODDS":"0.00","OTHERS":"pass_all","GEN_HK6DATA_MODE_CD":"no","JSON_DATA":null,"UI_IND":"0","SORT":59,"RULE_ID":0,"CREATE_USER_ID":1,"CREATE_DTT":"2017-01-25 12:00:38","LAST_MODFIY_USER_ID":1,"LAST_MODFIY_DTT":"2017-03-05 16:47:21"},{"ID":1811,"SYS_GAME_LEVEL_CODE_ID":27,"SUB_LEVEL_CODE_ID":700,"SUB_LEVEL_CODE3_ID":33,"GROUP_NAME":"正四特","NUM_PIC_URL":null,"NUM":"尾单","NUM_NAME":"尾单","ODDS":"0.00","OTHERS":"pass_all","GEN_HK6DATA_MODE_CD":"no","JSON_DATA":null,"UI_IND":"0","SORT":60,"RULE_ID":0,"CREATE_USER_ID":1,"CREATE_DTT":"2017-01-25 12:00:38","LAST_MODFIY_USER_ID":1,"LAST_MODFIY_DTT":"2017-03-05 16:47:21"},{"ID":1812,"SYS_GAME_LEVEL_CODE_ID":27,"SUB_LEVEL_CODE_ID":700,"SUB_LEVEL_CODE3_ID":33,"GROUP_NAME":"正四特","NUM_PIC_URL":null,"NUM":"尾双","NUM_NAME":"尾双","ODDS":"0.00","OTHERS":"pass_all","GEN_HK6DATA_MODE_CD":"no","JSON_DATA":null,"UI_IND":"0","SORT":61,"RULE_ID":0,"CREATE_USER_ID":1,"CREATE_DTT":"2017-01-25 12:00:38","LAST_MODFIY_USER_ID":1,"LAST_MODFIY_DTT":"2017-03-05 16:47:21"},{"ID":1813,"SYS_GAME_LEVEL_CODE_ID":27,"SUB_LEVEL_CODE_ID":700,"SUB_LEVEL_CODE3_ID":33,"GROUP_NAME":"正四特","NUM_PIC_URL":null,"NUM":"红波","NUM_NAME":"红波","ODDS":"0.00","OTHERS":"pass_all","GEN_HK6DATA_MODE_CD":"no","JSON_DATA":null,"UI_IND":"0","SORT":62,"RULE_ID":0,"CREATE_USER_ID":1,"CREATE_DTT":"2017-01-25 12:00:38","LAST_MODFIY_USER_ID":1,"LAST_MODFIY_DTT":"2017-03-05 16:47:21"},{"ID":1814,"SYS_GAME_LEVEL_CODE_ID":27,"SUB_LEVEL_CODE_ID":700,"SUB_LEVEL_CODE3_ID":33,"GROUP_NAME":"正四特","NUM_PIC_URL":null,"NUM":"蓝波","NUM_NAME":"蓝波","ODDS":"0.00","OTHERS":"pass_all","GEN_HK6DATA_MODE_CD":"no","JSON_DATA":null,"UI_IND":"0","SORT":63,"RULE_ID":0,"CREATE_USER_ID":1,"CREATE_DTT":"2017-01-25 12:00:38","LAST_MODFIY_USER_ID":1,"LAST_MODFIY_DTT":"2017-03-05 16:47:22"},{"ID":1815,"SYS_GAME_LEVEL_CODE_ID":27,"SUB_LEVEL_CODE_ID":700,"SUB_LEVEL_CODE3_ID":33,"GROUP_NAME":"正四特","NUM_PIC_URL":null,"NUM":"绿波","NUM_NAME":"绿波","ODDS":"0.00","OTHERS":"pass_all","GEN_HK6DATA_MODE_CD":"no","JSON_DATA":null,"UI_IND":"0","SORT":64,"RULE_ID":0,"CREATE_USER_ID":1,"CREATE_DTT":"2017-01-25 12:00:38","LAST_MODFIY_USER_ID":1,"LAST_MODFIY_DTT":"2017-03-05 16:47:22"},{"ID":1877,"SYS_GAME_LEVEL_CODE_ID":27,"SUB_LEVEL_CODE_ID":700,"SUB_LEVEL_CODE3_ID":34,"GROUP_NAME":"正五特","NUM_PIC_URL":null,"NUM":"大","NUM_NAME":"大","ODDS":"0.00","OTHERS":"pass_all","GEN_HK6DATA_MODE_CD":"no","JSON_DATA":null,"UI_IND":"0","SORT":50,"RULE_ID":0,"CREATE_USER_ID":1,"CREATE_DTT":"2017-01-25 12:02:13","LAST_MODFIY_USER_ID":1,"LAST_MODFIY_DTT":"2017-03-05 16:47:53"},{"ID":1878,"SYS_GAME_LEVEL_CODE_ID":27,"SUB_LEVEL_CODE_ID":700,"SUB_LEVEL_CODE3_ID":34,"GROUP_NAME":"正五特","NUM_PIC_URL":null,"NUM":"小","NUM_NAME":"小","ODDS":"0.00","OTHERS":"pass_all","GEN_HK6DATA_MODE_CD":"no","JSON_DATA":null,"UI_IND":"0","SORT":51,"RULE_ID":0,"CREATE_USER_ID":1,"CREATE_DTT":"2017-01-25 12:02:13","LAST_MODFIY_USER_ID":1,"LAST_MODFIY_DTT":"2017-03-05 16:47:53"},{"ID":1879,"SYS_GAME_LEVEL_CODE_ID":27,"SUB_LEVEL_CODE_ID":700,"SUB_LEVEL_CODE3_ID":34,"GROUP_NAME":"正五特","NUM_PIC_URL":null,"NUM":"单","NUM_NAME":"单","ODDS":"0.00","OTHERS":"pass_all","GEN_HK6DATA_MODE_CD":"no","JSON_DATA":null,"UI_IND":"0","SORT":52,"RULE_ID":0,"CREATE_USER_ID":1,"CREATE_DTT":"2017-01-25 12:02:13","LAST_MODFIY_USER_ID":1,"LAST_MODFIY_DTT":"2017-03-05 16:47:53"},{"ID":1880,"SYS_GAME_LEVEL_CODE_ID":27,"SUB_LEVEL_CODE_ID":700,"SUB_LEVEL_CODE3_ID":34,"GROUP_NAME":"正五特","NUM_PIC_URL":null,"NUM":"双","NUM_NAME":"双","ODDS":"0.00","OTHERS":"pass_all","GEN_HK6DATA_MODE_CD":"no","JSON_DATA":null,"UI_IND":"0","SORT":53,"RULE_ID":0,"CREATE_USER_ID":1,"CREATE_DTT":"2017-01-25 12:02:13","LAST_MODFIY_USER_ID":1,"LAST_MODFIY_DTT":"2017-03-05 16:47:53"},{"ID":1881,"SYS_GAME_LEVEL_CODE_ID":27,"SUB_LEVEL_CODE_ID":700,"SUB_LEVEL_CODE3_ID":34,"GROUP_NAME":"正五特","NUM_PIC_URL":null,"NUM":"合大","NUM_NAME":"合大","ODDS":"0.00","OTHERS":"pass_all","GEN_HK6DATA_MODE_CD":"no","JSON_DATA":null,"UI_IND":"0","SORT":54,"RULE_ID":0,"CREATE_USER_ID":1,"CREATE_DTT":"2017-01-25 12:02:13","LAST_MODFIY_USER_ID":1,"LAST_MODFIY_DTT":"2017-03-05 16:47:53"},{"ID":1882,"SYS_GAME_LEVEL_CODE_ID":27,"SUB_LEVEL_CODE_ID":700,"SUB_LEVEL_CODE3_ID":34,"GROUP_NAME":"正五特","NUM_PIC_URL":null,"NUM":"合小","NUM_NAME":"合小","ODDS":"0.00","OTHERS":"pass_all","GEN_HK6DATA_MODE_CD":"no","JSON_DATA":null,"UI_IND":"0","SORT":55,"RULE_ID":0,"CREATE_USER_ID":1,"CREATE_DTT":"2017-01-25 12:02:13","LAST_MODFIY_USER_ID":1,"LAST_MODFIY_DTT":"2017-03-05 16:47:53"},{"ID":1883,"SYS_GAME_LEVEL_CODE_ID":27,"SUB_LEVEL_CODE_ID":700,"SUB_LEVEL_CODE3_ID":34,"GROUP_NAME":"正五特","NUM_PIC_URL":null,"NUM":"合单","NUM_NAME":"合单","ODDS":"0.00","OTHERS":"pass_all","GEN_HK6DATA_MODE_CD":"no","JSON_DATA":null,"UI_IND":"0","SORT":56,"RULE_ID":0,"CREATE_USER_ID":1,"CREATE_DTT":"2017-01-25 12:02:13","LAST_MODFIY_USER_ID":1,"LAST_MODFIY_DTT":"2017-03-05 16:47:53"},{"ID":1884,"SYS_GAME_LEVEL_CODE_ID":27,"SUB_LEVEL_CODE_ID":700,"SUB_LEVEL_CODE3_ID":34,"GROUP_NAME":"正五特","NUM_PIC_URL":null,"NUM":"合双","NUM_NAME":"合双","ODDS":"0.00","OTHERS":"pass_all","GEN_HK6DATA_MODE_CD":"no","JSON_DATA":null,"UI_IND":"0","SORT":57,"RULE_ID":0,"CREATE_USER_ID":1,"CREATE_DTT":"2017-01-25 12:02:13","LAST_MODFIY_USER_ID":1,"LAST_MODFIY_DTT":"2017-03-05 16:47:53"},{"ID":1885,"SYS_GAME_LEVEL_CODE_ID":27,"SUB_LEVEL_CODE_ID":700,"SUB_LEVEL_CODE3_ID":34,"GROUP_NAME":"正五特","NUM_PIC_URL":null,"NUM":"尾大","NUM_NAME":"尾大","ODDS":"0.00","OTHERS":"pass_all","GEN_HK6DATA_MODE_CD":"no","JSON_DATA":null,"UI_IND":"0","SORT":58,"RULE_ID":0,"CREATE_USER_ID":1,"CREATE_DTT":"2017-01-25 12:02:13","LAST_MODFIY_USER_ID":1,"LAST_MODFIY_DTT":"2017-03-05 16:47:53"},{"ID":1886,"SYS_GAME_LEVEL_CODE_ID":27,"SUB_LEVEL_CODE_ID":700,"SUB_LEVEL_CODE3_ID":34,"GROUP_NAME":"正五特","NUM_PIC_URL":null,"NUM":"尾小","NUM_NAME":"尾小","ODDS":"0.00","OTHERS":"pass_all","GEN_HK6DATA_MODE_CD":"no","JSON_DATA":null,"UI_IND":"0","SORT":59,"RULE_ID":0,"CREATE_USER_ID":1,"CREATE_DTT":"2017-01-25 12:02:13","LAST_MODFIY_USER_ID":1,"LAST_MODFIY_DTT":"2017-03-05 16:47:54"},{"ID":1887,"SYS_GAME_LEVEL_CODE_ID":27,"SUB_LEVEL_CODE_ID":700,"SUB_LEVEL_CODE3_ID":34,"GROUP_NAME":"正五特","NUM_PIC_URL":null,"NUM":"尾单","NUM_NAME":"尾单","ODDS":"0.00","OTHERS":"pass_all","GEN_HK6DATA_MODE_CD":"no","JSON_DATA":null,"UI_IND":"0","SORT":60,"RULE_ID":0,"CREATE_USER_ID":1,"CREATE_DTT":"2017-01-25 12:02:13","LAST_MODFIY_USER_ID":1,"LAST_MODFIY_DTT":"2017-03-05 16:47:54"},{"ID":1888,"SYS_GAME_LEVEL_CODE_ID":27,"SUB_LEVEL_CODE_ID":700,"SUB_LEVEL_CODE3_ID":34,"GROUP_NAME":"正五特","NUM_PIC_URL":null,"NUM":"尾双","NUM_NAME":"尾双","ODDS":"0.00","OTHERS":"pass_all","GEN_HK6DATA_MODE_CD":"no","JSON_DATA":null,"UI_IND":"0","SORT":61,"RULE_ID":0,"CREATE_USER_ID":1,"CREATE_DTT":"2017-01-25 12:02:13","LAST_MODFIY_USER_ID":1,"LAST_MODFIY_DTT":"2017-03-05 16:47:54"},{"ID":1889,"SYS_GAME_LEVEL_CODE_ID":27,"SUB_LEVEL_CODE_ID":700,"SUB_LEVEL_CODE3_ID":34,"GROUP_NAME":"正五特","NUM_PIC_URL":null,"NUM":"红波","NUM_NAME":"红波","ODDS":"0.00","OTHERS":"pass_all","GEN_HK6DATA_MODE_CD":"no","JSON_DATA":null,"UI_IND":"0","SORT":62,"RULE_ID":0,"CREATE_USER_ID":1,"CREATE_DTT":"2017-01-25 12:02:13","LAST_MODFIY_USER_ID":1,"LAST_MODFIY_DTT":"2017-03-05 16:47:54"},{"ID":1890,"SYS_GAME_LEVEL_CODE_ID":27,"SUB_LEVEL_CODE_ID":700,"SUB_LEVEL_CODE3_ID":34,"GROUP_NAME":"正五特","NUM_PIC_URL":null,"NUM":"蓝波","NUM_NAME":"蓝波","ODDS":"0.00","OTHERS":"pass_all","GEN_HK6DATA_MODE_CD":"no","JSON_DATA":null,"UI_IND":"0","SORT":63,"RULE_ID":0,"CREATE_USER_ID":1,"CREATE_DTT":"2017-01-25 12:02:13","LAST_MODFIY_USER_ID":1,"LAST_MODFIY_DTT":"2017-03-05 16:47:54"},{"ID":1891,"SYS_GAME_LEVEL_CODE_ID":27,"SUB_LEVEL_CODE_ID":700,"SUB_LEVEL_CODE3_ID":34,"GROUP_NAME":"正五特","NUM_PIC_URL":null,"NUM":"绿波","NUM_NAME":"绿波","ODDS":"0.00","OTHERS":"pass_all","GEN_HK6DATA_MODE_CD":"no","JSON_DATA":null,"UI_IND":"0","SORT":64,"RULE_ID":0,"CREATE_USER_ID":1,"CREATE_DTT":"2017-01-25 12:02:13","LAST_MODFIY_USER_ID":1,"LAST_MODFIY_DTT":"2017-03-05 16:47:54"},{"ID":1953,"SYS_GAME_LEVEL_CODE_ID":27,"SUB_LEVEL_CODE_ID":700,"SUB_LEVEL_CODE3_ID":35,"GROUP_NAME":"正六特","NUM_PIC_URL":null,"NUM":"大","NUM_NAME":"大","ODDS":"0.00","OTHERS":"pass_all","GEN_HK6DATA_MODE_CD":"no","JSON_DATA":null,"UI_IND":"0","SORT":50,"RULE_ID":0,"CREATE_USER_ID":1,"CREATE_DTT":"2017-01-25 13:16:34","LAST_MODFIY_USER_ID":1,"LAST_MODFIY_DTT":"2017-03-05 16:48:25"},{"ID":1954,"SYS_GAME_LEVEL_CODE_ID":27,"SUB_LEVEL_CODE_ID":700,"SUB_LEVEL_CODE3_ID":35,"GROUP_NAME":"正六特","NUM_PIC_URL":null,"NUM":"小","NUM_NAME":"小","ODDS":"0.00","OTHERS":"pass_all","GEN_HK6DATA_MODE_CD":"no","JSON_DATA":null,"UI_IND":"0","SORT":51,"RULE_ID":0,"CREATE_USER_ID":1,"CREATE_DTT":"2017-01-25 13:16:34","LAST_MODFIY_USER_ID":1,"LAST_MODFIY_DTT":"2017-03-05 16:48:25"},{"ID":1955,"SYS_GAME_LEVEL_CODE_ID":27,"SUB_LEVEL_CODE_ID":700,"SUB_LEVEL_CODE3_ID":35,"GROUP_NAME":"正六特","NUM_PIC_URL":null,"NUM":"单","NUM_NAME":"单","ODDS":"0.00","OTHERS":"pass_all","GEN_HK6DATA_MODE_CD":"no","JSON_DATA":null,"UI_IND":"0","SORT":52,"RULE_ID":0,"CREATE_USER_ID":1,"CREATE_DTT":"2017-01-25 13:16:34","LAST_MODFIY_USER_ID":1,"LAST_MODFIY_DTT":"2017-03-05 16:48:25"},{"ID":1956,"SYS_GAME_LEVEL_CODE_ID":27,"SUB_LEVEL_CODE_ID":700,"SUB_LEVEL_CODE3_ID":35,"GROUP_NAME":"正六特","NUM_PIC_URL":null,"NUM":"双","NUM_NAME":"双","ODDS":"0.00","OTHERS":"pass_all","GEN_HK6DATA_MODE_CD":"no","JSON_DATA":null,"UI_IND":"0","SORT":53,"RULE_ID":0,"CREATE_USER_ID":1,"CREATE_DTT":"2017-01-25 13:16:34","LAST_MODFIY_USER_ID":1,"LAST_MODFIY_DTT":"2017-03-05 16:48:25"},{"ID":1957,"SYS_GAME_LEVEL_CODE_ID":27,"SUB_LEVEL_CODE_ID":700,"SUB_LEVEL_CODE3_ID":35,"GROUP_NAME":"正六特","NUM_PIC_URL":null,"NUM":"合大","NUM_NAME":"合大","ODDS":"0.00","OTHERS":"pass_all","GEN_HK6DATA_MODE_CD":"no","JSON_DATA":null,"UI_IND":"0","SORT":54,"RULE_ID":0,"CREATE_USER_ID":1,"CREATE_DTT":"2017-01-25 13:16:34","LAST_MODFIY_USER_ID":1,"LAST_MODFIY_DTT":"2017-03-05 16:48:25"},{"ID":1958,"SYS_GAME_LEVEL_CODE_ID":27,"SUB_LEVEL_CODE_ID":700,"SUB_LEVEL_CODE3_ID":35,"GROUP_NAME":"正六特","NUM_PIC_URL":null,"NUM":"合小","NUM_NAME":"合小","ODDS":"0.00","OTHERS":"pass_all","GEN_HK6DATA_MODE_CD":"no","JSON_DATA":null,"UI_IND":"0","SORT":55,"RULE_ID":0,"CREATE_USER_ID":1,"CREATE_DTT":"2017-01-25 13:16:34","LAST_MODFIY_USER_ID":1,"LAST_MODFIY_DTT":"2017-03-05 16:48:25"},{"ID":1959,"SYS_GAME_LEVEL_CODE_ID":27,"SUB_LEVEL_CODE_ID":700,"SUB_LEVEL_CODE3_ID":35,"GROUP_NAME":"正六特","NUM_PIC_URL":null,"NUM":"合单","NUM_NAME":"合单","ODDS":"0.00","OTHERS":"pass_all","GEN_HK6DATA_MODE_CD":"no","JSON_DATA":null,"UI_IND":"0","SORT":56,"RULE_ID":0,"CREATE_USER_ID":1,"CREATE_DTT":"2017-01-25 13:16:34","LAST_MODFIY_USER_ID":1,"LAST_MODFIY_DTT":"2017-03-05 16:48:25"},{"ID":1960,"SYS_GAME_LEVEL_CODE_ID":27,"SUB_LEVEL_CODE_ID":700,"SUB_LEVEL_CODE3_ID":35,"GROUP_NAME":"正六特","NUM_PIC_URL":null,"NUM":"合双","NUM_NAME":"合双","ODDS":"0.00","OTHERS":"pass_all","GEN_HK6DATA_MODE_CD":"no","JSON_DATA":null,"UI_IND":"0","SORT":57,"RULE_ID":0,"CREATE_USER_ID":1,"CREATE_DTT":"2017-01-25 13:16:34","LAST_MODFIY_USER_ID":1,"LAST_MODFIY_DTT":"2017-03-05 16:48:25"},{"ID":1961,"SYS_GAME_LEVEL_CODE_ID":27,"SUB_LEVEL_CODE_ID":700,"SUB_LEVEL_CODE3_ID":35,"GROUP_NAME":"正六特","NUM_PIC_URL":null,"NUM":"尾大","NUM_NAME":"尾大","ODDS":"0.00","OTHERS":"pass_all","GEN_HK6DATA_MODE_CD":"no","JSON_DATA":null,"UI_IND":"0","SORT":58,"RULE_ID":0,"CREATE_USER_ID":1,"CREATE_DTT":"2017-01-25 13:16:34","LAST_MODFIY_USER_ID":1,"LAST_MODFIY_DTT":"2017-03-05 16:48:26"},{"ID":1962,"SYS_GAME_LEVEL_CODE_ID":27,"SUB_LEVEL_CODE_ID":700,"SUB_LEVEL_CODE3_ID":35,"GROUP_NAME":"正六特","NUM_PIC_URL":null,"NUM":"尾小","NUM_NAME":"尾小","ODDS":"0.00","OTHERS":"pass_all","GEN_HK6DATA_MODE_CD":"no","JSON_DATA":null,"UI_IND":"0","SORT":59,"RULE_ID":0,"CREATE_USER_ID":1,"CREATE_DTT":"2017-01-25 13:16:34","LAST_MODFIY_USER_ID":1,"LAST_MODFIY_DTT":"2017-03-05 16:48:26"},{"ID":1963,"SYS_GAME_LEVEL_CODE_ID":27,"SUB_LEVEL_CODE_ID":700,"SUB_LEVEL_CODE3_ID":35,"GROUP_NAME":"正六特","NUM_PIC_URL":null,"NUM":"尾单","NUM_NAME":"尾单","ODDS":"0.00","OTHERS":"pass_all","GEN_HK6DATA_MODE_CD":"no","JSON_DATA":null,"UI_IND":"0","SORT":60,"RULE_ID":0,"CREATE_USER_ID":1,"CREATE_DTT":"2017-01-25 13:16:34","LAST_MODFIY_USER_ID":1,"LAST_MODFIY_DTT":"2017-03-05 16:48:26"},{"ID":1964,"SYS_GAME_LEVEL_CODE_ID":27,"SUB_LEVEL_CODE_ID":700,"SUB_LEVEL_CODE3_ID":35,"GROUP_NAME":"正六特","NUM_PIC_URL":null,"NUM":"尾双","NUM_NAME":"尾双","ODDS":"0.00","OTHERS":"pass_all","GEN_HK6DATA_MODE_CD":"no","JSON_DATA":null,"UI_IND":"0","SORT":61,"RULE_ID":0,"CREATE_USER_ID":1,"CREATE_DTT":"2017-01-25 13:16:34","LAST_MODFIY_USER_ID":1,"LAST_MODFIY_DTT":"2017-03-05 16:48:26"},{"ID":1965,"SYS_GAME_LEVEL_CODE_ID":27,"SUB_LEVEL_CODE_ID":700,"SUB_LEVEL_CODE3_ID":35,"GROUP_NAME":"正六特","NUM_PIC_URL":null,"NUM":"红波","NUM_NAME":"红波","ODDS":"0.00","OTHERS":"pass_all","GEN_HK6DATA_MODE_CD":"no","JSON_DATA":null,"UI_IND":"0","SORT":62,"RULE_ID":0,"CREATE_USER_ID":1,"CREATE_DTT":"2017-01-25 13:16:34","LAST_MODFIY_USER_ID":1,"LAST_MODFIY_DTT":"2017-03-05 16:48:26"},{"ID":1966,"SYS_GAME_LEVEL_CODE_ID":27,"SUB_LEVEL_CODE_ID":700,"SUB_LEVEL_CODE3_ID":35,"GROUP_NAME":"正六特","NUM_PIC_URL":null,"NUM":"蓝波","NUM_NAME":"蓝波","ODDS":"0.00","OTHERS":"pass_all","GEN_HK6DATA_MODE_CD":"no","JSON_DATA":null,"UI_IND":"0","SORT":63,"RULE_ID":0,"CREATE_USER_ID":1,"CREATE_DTT":"2017-01-25 13:16:34","LAST_MODFIY_USER_ID":1,"LAST_MODFIY_DTT":"2017-03-05 16:48:26"},{"ID":1967,"SYS_GAME_LEVEL_CODE_ID":27,"SUB_LEVEL_CODE_ID":700,"SUB_LEVEL_CODE3_ID":35,"GROUP_NAME":"正六特","NUM_PIC_URL":null,"NUM":"绿波","NUM_NAME":"绿波","ODDS":"0.00","OTHERS":"pass_all","GEN_HK6DATA_MODE_CD":"no","JSON_DATA":null,"UI_IND":"0","SORT":64,"RULE_ID":0,"CREATE_USER_ID":1,"CREATE_DTT":"2017-01-25 13:16:34","LAST_MODFIY_USER_ID":1,"LAST_MODFIY_DTT":"2017-03-05 16:48:26"}]