[{"id":"698","text":"特码","value":"2","parentnodes":"0","showcheck":false,"isexpand":false,"complete":true,"extendProperty":"hk6-1","hasChildren":true,"ChildNodes":[]},{"id":"698","text":"特码生肖","value":"2","parentnodes":"0","showcheck":false,"isexpand":false,"complete":true,"extendProperty":"hk6-1","hasChildren":true,"ChildNodes":[]},{"id":"700","text":"正码特","value":"2","parentnodes":"0","showcheck":false,"isexpand":false,"complete":true,"extendProperty":"hk6-2","hasChildren":true,"ChildNodes":[]},{"id":"699","text":"正码","value":"2","parentnodes":"0","showcheck":false,"isexpand":false,"complete":true,"extendProperty":"hk6-3","hasChildren":true,"ChildNodes":[]},{"id":"36","text":"总和","value":"2","parentnodes":"0","showcheck":false,"isexpand":false,"complete":true,"extendProperty":"hk6-5","hasChildren":true,"ChildNodes":[]},{"id":"37","text":"一肖/尾数","value":"2","parentnodes":"0","showcheck":false,"isexpand":false,"complete":true,"extendProperty":"hk6-6","hasChildren":true,"ChildNodes":[]},{"id":"38","text":"连码","value":"2","parentnodes":"0","showcheck":false,"isexpand":false,"complete":true,"extendProperty":"hk6-7","hasChildren":true,"ChildNodes":[]},{"id":"39","text":"合肖","value":"2","parentnodes":"0","showcheck":false,"isexpand":false,"complete":true,"extendProperty":"hk6-8","hasChildren":true,"ChildNodes":[]},{"id":"40","text":"生肖连","value":"2","parentnodes":"0","showcheck":false,"isexpand":false,"complete":true,"extendProperty":"hk6-9","hasChildren":true,"ChildNodes":[]},{"id":"41","text":"尾数连","value":"2","parentnodes":"0","showcheck":false,"isexpand":false,"complete":true,"extendProperty":"hk6-10","hasChildren":true,"ChildNodes":[]},{"id":"42","text":"全不中","value":"2","parentnodes":"0","showcheck":false,"isexpand":false,"complete":true,"extendProperty":"hk6-11","hasChildren":true,"ChildNodes":[]}]