﻿{"hk613":{"hk613_1":{"ID":27,"ID2":38,"ID3":744,"NAME":"连码","NM":"四全中","NM_NE":"四全中","OS":"0.00","DC":"4","SORT":"1","CLO":"text","CE":"hk613","SE":0,"ST":false,"AMT":null},"hk613_2":{"ID":27,"ID2":38,"ID3":744,"NAME":"连码","NM":"三全中","NM_NE":"三全中","OS":"0.00","DC":"3","SORT":"2","CLO":"text","CE":"hk613","SE":0,"ST":false,"AMT":null},"hk613_3":{"ID":27,"ID2":38,"ID3":744,"NAME":"连码","NM":"三中二|中二","NM_NE":"三中二-中二","OS":"0.00","DC":"3","SORT":"3","CLO":"text","CE":"hk613","SE":0,"ST":false,"AMT":null},"hk613_4":{"ID":27,"ID2":38,"ID3":744,"NAME":"连码","NM":"三中二|中三","NM_NE":"三中二-中三","OS":"0.00","DC":"3","SORT":"4","CLO":"text","CE":"hk613","SE":0,"ST":false,"AMT":null},"hk613_5":{"ID":27,"ID2":38,"ID3":744,"NAME":"连码","NM":"二全中","NM_NE":"二全中","OS":"0.00","DC":"2","SORT":"5","CLO":"text","CE":"hk613","SE":0,"ST":false,"AMT":null},"hk613_6":{"ID":27,"ID2":38,"ID3":744,"NAME":"连码","NM":"二中特|中特","NM_NE":"二中特-中特","OS":"0.00","DC":"2","SORT":"6","CLO":"text","CE":"hk613","SE":0,"ST":false,"AMT":null},"hk613_7":{"ID":27,"ID2":38,"ID3":744,"NAME":"连码","NM":"二中特|中二","NM_NE":"二中特-中二","OS":"0.00","DC":"2","SORT":"7","CLO":"text","CE":"hk613","SE":0,"ST":false,"AMT":null},"hk613_8":{"ID":27,"ID2":38,"ID3":744,"NAME":"连码","NM":"特串","NM_NE":"特串","OS":"0.00","DC":"2","SORT":"8","CLO":"text","CE":"hk613","SE":0,"ST":false,"AMT":null}}}