{"hk633":{"hk633_1":{"ID":27,"ID2":42,"ID3":712,"NAME":"全不中","NM":"五不中","NM_NE":"五不中","OS":"0.00","DC":"5","SORT":"1","CLO":"text","CE":"hk633","SE":0,"ST":false,"AMT":null},"hk633_2":{"ID":27,"ID2":42,"ID3":712,"NAME":"全不中","NM":"六不中","NM_NE":"六不中","OS":"0.00","DC":"6","SORT":"2","CLO":"text","CE":"hk633","SE":0,"ST":false,"AMT":null},"hk633_3":{"ID":27,"ID2":42,"ID3":712,"NAME":"全不中","NM":"七不中","NM_NE":"七不中","OS":"0.00","DC":"7","SORT":"3","CLO":"text","CE":"hk633","SE":0,"ST":false,"AMT":null},"hk633_4":{"ID":27,"ID2":42,"ID3":712,"NAME":"全不中","NM":"八不中","NM_NE":"八不中","OS":"0.00","DC":"8","SORT":"4","CLO":"text","CE":"hk633","SE":0,"ST":false,"AMT":null},"hk633_5":{"ID":27,"ID2":42,"ID3":712,"NAME":"全不中","NM":"九不中","NM_NE":"九不中","OS":"0.00","DC":"9","SORT":"5","CLO":"text","CE":"hk633","SE":0,"ST":false,"AMT":null},"hk633_6":{"ID":27,"ID2":42,"ID3":712,"NAME":"全不中","NM":"十不中","NM_NE":"十不中","OS":"0.00","DC":"10","SORT":"6","CLO":"text","CE":"hk633","SE":0,"ST":false,"AMT":null},"hk633_7":{"ID":27,"ID2":42,"ID3":712,"NAME":"全不中","NM":"十一不中","NM_NE":"十一不中","OS":"0.00","DC":"11","SORT":"7","CLO":"text","CE":"hk633","SE":0,"ST":false,"AMT":null},"hk633_8":{"ID":27,"ID2":42,"ID3":712,"NAME":"全不中","NM":"十二不中","NM_NE":"十二不中","OS":"0.00","DC":"12","SORT":"8","CLO":"text","CE":"hk633","SE":0,"ST":false,"AMT":null}}}