﻿{"hk625":{"hk625_1":{"ID":27,"ID2":40,"ID3":710,"NAME":"二肖连中","NM":"鼠","NM_NE":"鼠","OS":"0.00","DC":null,"SORT":"1","CLO":"text","CE":"hk625","SE":0,"ST":false,"AMT":null},"hk625_2":{"ID":27,"ID2":40,"ID3":710,"NAME":"二肖连中","NM":"牛","NM_NE":"牛","OS":"0.00","DC":null,"SORT":"2","CLO":"text","CE":"hk625","SE":0,"ST":false,"AMT":null},"hk625_3":{"ID":27,"ID2":40,"ID3":710,"NAME":"二肖连中","NM":"虎","NM_NE":"虎","OS":"0.00","DC":null,"SORT":"3","CLO":"text","CE":"hk625","SE":0,"ST":false,"AMT":null},"hk625_4":{"ID":27,"ID2":40,"ID3":710,"NAME":"二肖连中","NM":"兔","NM_NE":"兔","OS":"0.00","DC":null,"SORT":"4","CLO":"text","CE":"hk625","SE":0,"ST":false,"AMT":null},"hk625_5":{"ID":27,"ID2":40,"ID3":710,"NAME":"二肖连中","NM":"龙","NM_NE":"龙","OS":"0.00","DC":null,"SORT":"5","CLO":"text","CE":"hk625","SE":0,"ST":false,"AMT":null},"hk625_6":{"ID":27,"ID2":40,"ID3":710,"NAME":"二肖连中","NM":"蛇","NM_NE":"蛇","OS":"0.00","DC":null,"SORT":"6","CLO":"text","CE":"hk625","SE":0,"ST":false,"AMT":null},"hk625_7":{"ID":27,"ID2":40,"ID3":710,"NAME":"二肖连中","NM":"马","NM_NE":"马","OS":"0.00","DC":null,"SORT":"7","CLO":"text","CE":"hk625","SE":0,"ST":false,"AMT":null},"hk625_8":{"ID":27,"ID2":40,"ID3":710,"NAME":"二肖连中","NM":"羊","NM_NE":"羊","OS":"0.00","DC":null,"SORT":"8","CLO":"text","CE":"hk625","SE":0,"ST":false,"AMT":null},"hk625_9":{"ID":27,"ID2":40,"ID3":710,"NAME":"二肖连中","NM":"猴","NM_NE":"猴","OS":"0.00","DC":null,"SORT":"9","CLO":"text","CE":"hk625","SE":0,"ST":false,"AMT":null},"hk625_10":{"ID":27,"ID2":40,"ID3":710,"NAME":"二肖连中","NM":"鸡","NM_NE":"鸡","OS":"0.00","DC":null,"SORT":"10","CLO":"text","CE":"hk625","SE":0,"ST":false,"AMT":null},"hk625_11":{"ID":27,"ID2":40,"ID3":710,"NAME":"二肖连中","NM":"狗","NM_NE":"狗","OS":"0.00","DC":null,"SORT":"11","CLO":"text","CE":"hk625","SE":0,"ST":false,"AMT":null},"hk625_12":{"ID":27,"ID2":40,"ID3":710,"NAME":"二肖连中","NM":"猪","NM_NE":"猪","OS":"0.00","DC":null,"SORT":"12","CLO":"text","CE":"hk625","SE":0,"ST":false,"AMT":null}},"hk626":{"hk626_13":{"ID":27,"ID2":40,"ID3":725,"NAME":"三肖连中","NM":"鼠","NM_NE":"鼠","OS":"0.00","DC":null,"SORT":"13","CLO":"text","CE":"hk626","SE":0,"ST":false,"AMT":null},"hk626_14":{"ID":27,"ID2":40,"ID3":725,"NAME":"三肖连中","NM":"牛","NM_NE":"牛","OS":"0.00","DC":null,"SORT":"14","CLO":"text","CE":"hk626","SE":0,"ST":false,"AMT":null},"hk626_15":{"ID":27,"ID2":40,"ID3":725,"NAME":"三肖连中","NM":"虎","NM_NE":"虎","OS":"0.00","DC":null,"SORT":"15","CLO":"text","CE":"hk626","SE":0,"ST":false,"AMT":null},"hk626_16":{"ID":27,"ID2":40,"ID3":725,"NAME":"三肖连中","NM":"兔","NM_NE":"兔","OS":"0.00","DC":null,"SORT":"16","CLO":"text","CE":"hk626","SE":0,"ST":false,"AMT":null},"hk626_17":{"ID":27,"ID2":40,"ID3":725,"NAME":"三肖连中","NM":"龙","NM_NE":"龙","OS":"0.00","DC":null,"SORT":"17","CLO":"text","CE":"hk626","SE":0,"ST":false,"AMT":null},"hk626_18":{"ID":27,"ID2":40,"ID3":725,"NAME":"三肖连中","NM":"蛇","NM_NE":"蛇","OS":"0.00","DC":null,"SORT":"18","CLO":"text","CE":"hk626","SE":0,"ST":false,"AMT":null},"hk626_19":{"ID":27,"ID2":40,"ID3":725,"NAME":"三肖连中","NM":"马","NM_NE":"马","OS":"0.00","DC":null,"SORT":"19","CLO":"text","CE":"hk626","SE":0,"ST":false,"AMT":null},"hk626_20":{"ID":27,"ID2":40,"ID3":725,"NAME":"三肖连中","NM":"羊","NM_NE":"羊","OS":"0.00","DC":null,"SORT":"20","CLO":"text","CE":"hk626","SE":0,"ST":false,"AMT":null},"hk626_21":{"ID":27,"ID2":40,"ID3":725,"NAME":"三肖连中","NM":"猴","NM_NE":"猴","OS":"0.00","DC":null,"SORT":"21","CLO":"text","CE":"hk626","SE":0,"ST":false,"AMT":null},"hk626_22":{"ID":27,"ID2":40,"ID3":725,"NAME":"三肖连中","NM":"鸡","NM_NE":"鸡","OS":"0.00","DC":null,"SORT":"22","CLO":"text","CE":"hk626","SE":0,"ST":false,"AMT":null},"hk626_23":{"ID":27,"ID2":40,"ID3":725,"NAME":"三肖连中","NM":"狗","NM_NE":"狗","OS":"0.00","DC":null,"SORT":"23","CLO":"text","CE":"hk626","SE":0,"ST":false,"AMT":null},"hk626_24":{"ID":27,"ID2":40,"ID3":725,"NAME":"三肖连中","NM":"猪","NM_NE":"猪","OS":"0.00","DC":null,"SORT":"24","CLO":"text","CE":"hk626","SE":0,"ST":false,"AMT":null}},"hk627":{"hk627_25":{"ID":27,"ID2":40,"ID3":723,"NAME":"四肖连中","NM":"鼠","NM_NE":"鼠","OS":"0.00","DC":null,"SORT":"25","CLO":"text","CE":"hk627","SE":0,"ST":false,"AMT":null},"hk627_26":{"ID":27,"ID2":40,"ID3":723,"NAME":"四肖连中","NM":"牛","NM_NE":"牛","OS":"0.00","DC":null,"SORT":"26","CLO":"text","CE":"hk627","SE":0,"ST":false,"AMT":null},"hk627_27":{"ID":27,"ID2":40,"ID3":723,"NAME":"四肖连中","NM":"虎","NM_NE":"虎","OS":"0.00","DC":null,"SORT":"27","CLO":"text","CE":"hk627","SE":0,"ST":false,"AMT":null},"hk627_28":{"ID":27,"ID2":40,"ID3":723,"NAME":"四肖连中","NM":"兔","NM_NE":"兔","OS":"0.00","DC":null,"SORT":"28","CLO":"text","CE":"hk627","SE":0,"ST":false,"AMT":null},"hk627_29":{"ID":27,"ID2":40,"ID3":723,"NAME":"四肖连中","NM":"龙","NM_NE":"龙","OS":"0.00","DC":null,"SORT":"29","CLO":"text","CE":"hk627","SE":0,"ST":false,"AMT":null},"hk627_30":{"ID":27,"ID2":40,"ID3":723,"NAME":"四肖连中","NM":"蛇","NM_NE":"蛇","OS":"0.00","DC":null,"SORT":"30","CLO":"text","CE":"hk627","SE":0,"ST":false,"AMT":null},"hk627_31":{"ID":27,"ID2":40,"ID3":723,"NAME":"四肖连中","NM":"马","NM_NE":"马","OS":"0.00","DC":null,"SORT":"31","CLO":"text","CE":"hk627","SE":0,"ST":false,"AMT":null},"hk627_32":{"ID":27,"ID2":40,"ID3":723,"NAME":"四肖连中","NM":"羊","NM_NE":"羊","OS":"0.00","DC":null,"SORT":"32","CLO":"text","CE":"hk627","SE":0,"ST":false,"AMT":null},"hk627_33":{"ID":27,"ID2":40,"ID3":723,"NAME":"四肖连中","NM":"猴","NM_NE":"猴","OS":"0.00","DC":null,"SORT":"33","CLO":"text","CE":"hk627","SE":0,"ST":false,"AMT":null},"hk627_34":{"ID":27,"ID2":40,"ID3":723,"NAME":"四肖连中","NM":"鸡","NM_NE":"鸡","OS":"0.00","DC":null,"SORT":"34","CLO":"text","CE":"hk627","SE":0,"ST":false,"AMT":null},"hk627_35":{"ID":27,"ID2":40,"ID3":723,"NAME":"四肖连中","NM":"狗","NM_NE":"狗","OS":"0.00","DC":null,"SORT":"35","CLO":"text","CE":"hk627","SE":0,"ST":false,"AMT":null},"hk627_36":{"ID":27,"ID2":40,"ID3":723,"NAME":"四肖连中","NM":"猪","NM_NE":"猪","OS":"0.00","DC":null,"SORT":"36","CLO":"text","CE":"hk627","SE":0,"ST":false,"AMT":null}},"hk628":{"hk628_37":{"ID":27,"ID2":40,"ID3":724,"NAME":"五肖连中","NM":"鼠","NM_NE":"鼠","OS":"0.00","DC":null,"SORT":"37","CLO":"text","CE":"hk628","SE":0,"ST":false,"AMT":null},"hk628_38":{"ID":27,"ID2":40,"ID3":724,"NAME":"五肖连中","NM":"牛","NM_NE":"牛","OS":"0.00","DC":null,"SORT":"38","CLO":"text","CE":"hk628","SE":0,"ST":false,"AMT":null},"hk628_39":{"ID":27,"ID2":40,"ID3":724,"NAME":"五肖连中","NM":"虎","NM_NE":"虎","OS":"0.00","DC":null,"SORT":"39","CLO":"text","CE":"hk628","SE":0,"ST":false,"AMT":null},"hk628_40":{"ID":27,"ID2":40,"ID3":724,"NAME":"五肖连中","NM":"兔","NM_NE":"兔","OS":"0.00","DC":null,"SORT":"40","CLO":"text","CE":"hk628","SE":0,"ST":false,"AMT":null},"hk628_41":{"ID":27,"ID2":40,"ID3":724,"NAME":"五肖连中","NM":"龙","NM_NE":"龙","OS":"0.00","DC":null,"SORT":"41","CLO":"text","CE":"hk628","SE":0,"ST":false,"AMT":null},"hk628_42":{"ID":27,"ID2":40,"ID3":724,"NAME":"五肖连中","NM":"蛇","NM_NE":"蛇","OS":"0.00","DC":null,"SORT":"42","CLO":"text","CE":"hk628","SE":0,"ST":false,"AMT":null},"hk628_43":{"ID":27,"ID2":40,"ID3":724,"NAME":"五肖连中","NM":"马","NM_NE":"马","OS":"0.00","DC":null,"SORT":"43","CLO":"text","CE":"hk628","SE":0,"ST":false,"AMT":null},"hk628_44":{"ID":27,"ID2":40,"ID3":724,"NAME":"五肖连中","NM":"羊","NM_NE":"羊","OS":"0.00","DC":null,"SORT":"44","CLO":"text","CE":"hk628","SE":0,"ST":false,"AMT":null},"hk628_45":{"ID":27,"ID2":40,"ID3":724,"NAME":"五肖连中","NM":"猴","NM_NE":"猴","OS":"0.00","DC":null,"SORT":"45","CLO":"text","CE":"hk628","SE":0,"ST":false,"AMT":null},"hk628_46":{"ID":27,"ID2":40,"ID3":724,"NAME":"五肖连中","NM":"鸡","NM_NE":"鸡","OS":"0.00","DC":null,"SORT":"46","CLO":"text","CE":"hk628","SE":0,"ST":false,"AMT":null},"hk628_47":{"ID":27,"ID2":40,"ID3":724,"NAME":"五肖连中","NM":"狗","NM_NE":"狗","OS":"0.00","DC":null,"SORT":"47","CLO":"text","CE":"hk628","SE":0,"ST":false,"AMT":null},"hk628_48":{"ID":27,"ID2":40,"ID3":724,"NAME":"五肖连中","NM":"猪","NM_NE":"猪","OS":"0.00","DC":null,"SORT":"48","CLO":"text","CE":"hk628","SE":0,"ST":false,"AMT":null}}}