﻿{"hk60":{"hk60_1":{"ID":27,"ID2":698,"ID3":28,"NAME":"特码A","NM":"1","NM_NE":"1","OS":"0.00","DC":null,"SORT":"1","CLO":"red","CE":"hk60","SE":0,"ST":false,"AMT":null},"hk60_2":{"ID":27,"ID2":698,"ID3":28,"NAME":"特码A","NM":"2","NM_NE":"2","OS":"0.00","DC":null,"SORT":"2","CLO":"red","CE":"hk60","SE":0,"ST":false,"AMT":null},"hk60_3":{"ID":27,"ID2":698,"ID3":28,"NAME":"特码A","NM":"3","NM_NE":"3","OS":"0.00","DC":null,"SORT":"3","CLO":"blue","CE":"hk60","SE":0,"ST":false,"AMT":null},"hk60_4":{"ID":27,"ID2":698,"ID3":28,"NAME":"特码A","NM":"4","NM_NE":"4","OS":"0.00","DC":null,"SORT":"4","CLO":"blue","CE":"hk60","SE":0,"ST":false,"AMT":null},"hk60_5":{"ID":27,"ID2":698,"ID3":28,"NAME":"特码A","NM":"5","NM_NE":"5","OS":"0.00","DC":null,"SORT":"5","CLO":"green","CE":"hk60","SE":0,"ST":false,"AMT":null},"hk60_6":{"ID":27,"ID2":698,"ID3":28,"NAME":"特码A","NM":"6","NM_NE":"6","OS":"0.00","DC":null,"SORT":"6","CLO":"green","CE":"hk60","SE":0,"ST":false,"AMT":null},"hk60_7":{"ID":27,"ID2":698,"ID3":28,"NAME":"特码A","NM":"7","NM_NE":"7","OS":"0.00","DC":null,"SORT":"7","CLO":"red","CE":"hk60","SE":0,"ST":false,"AMT":null},"hk60_8":{"ID":27,"ID2":698,"ID3":28,"NAME":"特码A","NM":"8","NM_NE":"8","OS":"0.00","DC":null,"SORT":"8","CLO":"red","CE":"hk60","SE":0,"ST":false,"AMT":null},"hk60_9":{"ID":27,"ID2":698,"ID3":28,"NAME":"特码A","NM":"9","NM_NE":"9","OS":"0.00","DC":null,"SORT":"9","CLO":"blue","CE":"hk60","SE":0,"ST":false,"AMT":null},"hk60_10":{"ID":27,"ID2":698,"ID3":28,"NAME":"特码A","NM":"10","NM_NE":"10","OS":"0.00","DC":null,"SORT":"10","CLO":"blue","CE":"hk60","SE":0,"ST":false,"AMT":null},"hk60_11":{"ID":27,"ID2":698,"ID3":28,"NAME":"特码A","NM":"11","NM_NE":"11","OS":"0.00","DC":null,"SORT":"11","CLO":"green","CE":"hk60","SE":0,"ST":false,"AMT":null},"hk60_12":{"ID":27,"ID2":698,"ID3":28,"NAME":"特码A","NM":"12","NM_NE":"12","OS":"0.00","DC":null,"SORT":"12","CLO":"red","CE":"hk60","SE":0,"ST":false,"AMT":null},"hk60_13":{"ID":27,"ID2":698,"ID3":28,"NAME":"特码A","NM":"13","NM_NE":"13","OS":"0.00","DC":null,"SORT":"13","CLO":"red","CE":"hk60","SE":0,"ST":false,"AMT":null},"hk60_14":{"ID":27,"ID2":698,"ID3":28,"NAME":"特码A","NM":"14","NM_NE":"14","OS":"0.00","DC":null,"SORT":"14","CLO":"blue","CE":"hk60","SE":0,"ST":false,"AMT":null},"hk60_15":{"ID":27,"ID2":698,"ID3":28,"NAME":"特码A","NM":"15","NM_NE":"15","OS":"0.00","DC":null,"SORT":"15","CLO":"blue","CE":"hk60","SE":0,"ST":false,"AMT":null},"hk60_16":{"ID":27,"ID2":698,"ID3":28,"NAME":"特码A","NM":"16","NM_NE":"16","OS":"0.00","DC":null,"SORT":"16","CLO":"green","CE":"hk60","SE":0,"ST":false,"AMT":null},"hk60_17":{"ID":27,"ID2":698,"ID3":28,"NAME":"特码A","NM":"17","NM_NE":"17","OS":"0.00","DC":null,"SORT":"17","CLO":"green","CE":"hk60","SE":0,"ST":false,"AMT":null},"hk60_18":{"ID":27,"ID2":698,"ID3":28,"NAME":"特码A","NM":"18","NM_NE":"18","OS":"0.00","DC":null,"SORT":"18","CLO":"red","CE":"hk60","SE":0,"ST":false,"AMT":null},"hk60_19":{"ID":27,"ID2":698,"ID3":28,"NAME":"特码A","NM":"19","NM_NE":"19","OS":"0.00","DC":null,"SORT":"19","CLO":"red","CE":"hk60","SE":0,"ST":false,"AMT":null},"hk60_20":{"ID":27,"ID2":698,"ID3":28,"NAME":"特码A","NM":"20","NM_NE":"20","OS":"0.00","DC":null,"SORT":"20","CLO":"blue","CE":"hk60","SE":0,"ST":false,"AMT":null},"hk60_21":{"ID":27,"ID2":698,"ID3":28,"NAME":"特码A","NM":"21","NM_NE":"21","OS":"0.00","DC":null,"SORT":"21","CLO":"green","CE":"hk60","SE":0,"ST":false,"AMT":null},"hk60_22":{"ID":27,"ID2":698,"ID3":28,"NAME":"特码A","NM":"22","NM_NE":"22","OS":"0.00","DC":null,"SORT":"22","CLO":"green","CE":"hk60","SE":0,"ST":false,"AMT":null},"hk60_23":{"ID":27,"ID2":698,"ID3":28,"NAME":"特码A","NM":"23","NM_NE":"23","OS":"0.00","DC":null,"SORT":"23","CLO":"red","CE":"hk60","SE":0,"ST":false,"AMT":null},"hk60_24":{"ID":27,"ID2":698,"ID3":28,"NAME":"特码A","NM":"24","NM_NE":"24","OS":"0.00","DC":null,"SORT":"24","CLO":"red","CE":"hk60","SE":0,"ST":false,"AMT":null},"hk60_25":{"ID":27,"ID2":698,"ID3":28,"NAME":"特码A","NM":"25","NM_NE":"25","OS":"0.00","DC":null,"SORT":"25","CLO":"blue","CE":"hk60","SE":0,"ST":false,"AMT":null},"hk60_26":{"ID":27,"ID2":698,"ID3":28,"NAME":"特码A","NM":"26","NM_NE":"26","OS":"0.00","DC":null,"SORT":"26","CLO":"blue","CE":"hk60","SE":0,"ST":false,"AMT":null},"hk60_27":{"ID":27,"ID2":698,"ID3":28,"NAME":"特码A","NM":"27","NM_NE":"27","OS":"0.00","DC":null,"SORT":"27","CLO":"green","CE":"hk60","SE":0,"ST":false,"AMT":null},"hk60_28":{"ID":27,"ID2":698,"ID3":28,"NAME":"特码A","NM":"28","NM_NE":"28","OS":"0.00","DC":null,"SORT":"28","CLO":"green","CE":"hk60","SE":0,"ST":false,"AMT":null},"hk60_29":{"ID":27,"ID2":698,"ID3":28,"NAME":"特码A","NM":"29","NM_NE":"29","OS":"0.00","DC":null,"SORT":"29","CLO":"red","CE":"hk60","SE":0,"ST":false,"AMT":null},"hk60_30":{"ID":27,"ID2":698,"ID3":28,"NAME":"特码A","NM":"30","NM_NE":"30","OS":"0.00","DC":null,"SORT":"30","CLO":"red","CE":"hk60","SE":0,"ST":false,"AMT":null},"hk60_31":{"ID":27,"ID2":698,"ID3":28,"NAME":"特码A","NM":"31","NM_NE":"31","OS":"0.00","DC":null,"SORT":"31","CLO":"blue","CE":"hk60","SE":0,"ST":false,"AMT":null},"hk60_32":{"ID":27,"ID2":698,"ID3":28,"NAME":"特码A","NM":"32","NM_NE":"32","OS":"0.00","DC":null,"SORT":"32","CLO":"green","CE":"hk60","SE":0,"ST":false,"AMT":null},"hk60_33":{"ID":27,"ID2":698,"ID3":28,"NAME":"特码A","NM":"33","NM_NE":"33","OS":"0.00","DC":null,"SORT":"33","CLO":"green","CE":"hk60","SE":0,"ST":false,"AMT":null},"hk60_34":{"ID":27,"ID2":698,"ID3":28,"NAME":"特码A","NM":"34","NM_NE":"34","OS":"0.00","DC":null,"SORT":"34","CLO":"red","CE":"hk60","SE":0,"ST":false,"AMT":null},"hk60_35":{"ID":27,"ID2":698,"ID3":28,"NAME":"特码A","NM":"35","NM_NE":"35","OS":"0.00","DC":null,"SORT":"35","CLO":"red","CE":"hk60","SE":0,"ST":false,"AMT":null},"hk60_36":{"ID":27,"ID2":698,"ID3":28,"NAME":"特码A","NM":"36","NM_NE":"36","OS":"0.00","DC":null,"SORT":"36","CLO":"blue","CE":"hk60","SE":0,"ST":false,"AMT":null},"hk60_37":{"ID":27,"ID2":698,"ID3":28,"NAME":"特码A","NM":"37","NM_NE":"37","OS":"0.00","DC":null,"SORT":"37","CLO":"blue","CE":"hk60","SE":0,"ST":false,"AMT":null},"hk60_38":{"ID":27,"ID2":698,"ID3":28,"NAME":"特码A","NM":"38","NM_NE":"38","OS":"0.00","DC":null,"SORT":"38","CLO":"green","CE":"hk60","SE":0,"ST":false,"AMT":null},"hk60_39":{"ID":27,"ID2":698,"ID3":28,"NAME":"特码A","NM":"39","NM_NE":"39","OS":"0.00","DC":null,"SORT":"39","CLO":"green","CE":"hk60","SE":0,"ST":false,"AMT":null},"hk60_40":{"ID":27,"ID2":698,"ID3":28,"NAME":"特码A","NM":"40","NM_NE":"40","OS":"0.00","DC":null,"SORT":"40","CLO":"red","CE":"hk60","SE":0,"ST":false,"AMT":null},"hk60_41":{"ID":27,"ID2":698,"ID3":28,"NAME":"特码A","NM":"41","NM_NE":"41","OS":"0.00","DC":null,"SORT":"41","CLO":"blue","CE":"hk60","SE":0,"ST":false,"AMT":null},"hk60_42":{"ID":27,"ID2":698,"ID3":28,"NAME":"特码A","NM":"42","NM_NE":"42","OS":"0.00","DC":null,"SORT":"42","CLO":"blue","CE":"hk60","SE":0,"ST":false,"AMT":null},"hk60_43":{"ID":27,"ID2":698,"ID3":28,"NAME":"特码A","NM":"43","NM_NE":"43","OS":"0.00","DC":null,"SORT":"43","CLO":"green","CE":"hk60","SE":0,"ST":false,"AMT":null},"hk60_44":{"ID":27,"ID2":698,"ID3":28,"NAME":"特码A","NM":"44","NM_NE":"44","OS":"0.00","DC":null,"SORT":"44","CLO":"green","CE":"hk60","SE":0,"ST":false,"AMT":null},"hk60_45":{"ID":27,"ID2":698,"ID3":28,"NAME":"特码A","NM":"45","NM_NE":"45","OS":"0.00","DC":null,"SORT":"45","CLO":"red","CE":"hk60","SE":0,"ST":false,"AMT":null},"hk60_46":{"ID":27,"ID2":698,"ID3":28,"NAME":"特码A","NM":"46","NM_NE":"46","OS":"0.00","DC":null,"SORT":"46","CLO":"red","CE":"hk60","SE":0,"ST":false,"AMT":null},"hk60_47":{"ID":27,"ID2":698,"ID3":28,"NAME":"特码A","NM":"47","NM_NE":"47","OS":"0.00","DC":null,"SORT":"47","CLO":"blue","CE":"hk60","SE":0,"ST":false,"AMT":null},"hk60_48":{"ID":27,"ID2":698,"ID3":28,"NAME":"特码A","NM":"48","NM_NE":"48","OS":"0.00","DC":null,"SORT":"48","CLO":"blue","CE":"hk60","SE":0,"ST":false,"AMT":null},"hk60_49":{"ID":27,"ID2":698,"ID3":28,"NAME":"特码A","NM":"49","NM_NE":"49","OS":"0.00","DC":null,"SORT":"49","CLO":"green","CE":"hk60","SE":0,"ST":false,"AMT":null},"hk60_50":{"ID":27,"ID2":698,"ID3":28,"NAME":"特码A","NM":"大","NM_NE":"大","OS":"0.00","DC":null,"SORT":"50","CLO":"text","CE":"hk60","SE":0,"ST":false,"AMT":null},"hk60_51":{"ID":27,"ID2":698,"ID3":28,"NAME":"特码A","NM":"小","NM_NE":"小","OS":"0.00","DC":null,"SORT":"51","CLO":"text","CE":"hk60","SE":0,"ST":false,"AMT":null},"hk60_52":{"ID":27,"ID2":698,"ID3":28,"NAME":"特码A","NM":"单","NM_NE":"单","OS":"0.00","DC":null,"SORT":"52","CLO":"text","CE":"hk60","SE":0,"ST":false,"AMT":null},"hk60_53":{"ID":27,"ID2":698,"ID3":28,"NAME":"特码A","NM":"双","NM_NE":"双","OS":"0.00","DC":null,"SORT":"53","CLO":"text","CE":"hk60","SE":0,"ST":false,"AMT":null},"hk60_54":{"ID":27,"ID2":698,"ID3":28,"NAME":"特码A","NM":"合大","NM_NE":"合大","OS":"0.00","DC":null,"SORT":"54","CLO":"text","CE":"hk60","SE":0,"ST":false,"AMT":null},"hk60_55":{"ID":27,"ID2":698,"ID3":28,"NAME":"特码A","NM":"合小","NM_NE":"合小","OS":"0.00","DC":null,"SORT":"55","CLO":"text","CE":"hk60","SE":0,"ST":false,"AMT":null},"hk60_56":{"ID":27,"ID2":698,"ID3":28,"NAME":"特码A","NM":"合单","NM_NE":"合单","OS":"0.00","DC":null,"SORT":"56","CLO":"text","CE":"hk60","SE":0,"ST":false,"AMT":null},"hk60_57":{"ID":27,"ID2":698,"ID3":28,"NAME":"特码A","NM":"合双","NM_NE":"合双","OS":"0.00","DC":null,"SORT":"57","CLO":"text","CE":"hk60","SE":0,"ST":false,"AMT":null},"hk60_58":{"ID":27,"ID2":698,"ID3":28,"NAME":"特码A","NM":"尾大","NM_NE":"尾大","OS":"0.00","DC":null,"SORT":"58","CLO":"text","CE":"hk60","SE":0,"ST":false,"AMT":null},"hk60_59":{"ID":27,"ID2":698,"ID3":28,"NAME":"特码A","NM":"尾小","NM_NE":"尾小","OS":"0.00","DC":null,"SORT":"59","CLO":"text","CE":"hk60","SE":0,"ST":false,"AMT":null},"hk60_60":{"ID":27,"ID2":698,"ID3":28,"NAME":"特码A","NM":"尾单","NM_NE":"尾单","OS":"0.00","DC":null,"SORT":"60","CLO":"text","CE":"hk60","SE":0,"ST":false,"AMT":null},"hk60_61":{"ID":27,"ID2":698,"ID3":28,"NAME":"特码A","NM":"尾双","NM_NE":"尾双","OS":"0.00","DC":null,"SORT":"61","CLO":"text","CE":"hk60","SE":0,"ST":false,"AMT":null}},"hk61":{"hk61_1":{"ID":27,"ID2":698,"ID3":29,"NAME":"特码B","NM":"1","NM_NE":"1","OS":"0.00","DC":null,"SORT":"1","CLO":"red","CE":"hk61","SE":0,"ST":false,"AMT":null},"hk61_2":{"ID":27,"ID2":698,"ID3":29,"NAME":"特码B","NM":"2","NM_NE":"2","OS":"0.00","DC":null,"SORT":"2","CLO":"red","CE":"hk61","SE":0,"ST":false,"AMT":null},"hk61_3":{"ID":27,"ID2":698,"ID3":29,"NAME":"特码B","NM":"3","NM_NE":"3","OS":"0.00","DC":null,"SORT":"3","CLO":"blue","CE":"hk61","SE":0,"ST":false,"AMT":null},"hk61_4":{"ID":27,"ID2":698,"ID3":29,"NAME":"特码B","NM":"4","NM_NE":"4","OS":"0.00","DC":null,"SORT":"4","CLO":"blue","CE":"hk61","SE":0,"ST":false,"AMT":null},"hk61_5":{"ID":27,"ID2":698,"ID3":29,"NAME":"特码B","NM":"5","NM_NE":"5","OS":"0.00","DC":null,"SORT":"5","CLO":"green","CE":"hk61","SE":0,"ST":false,"AMT":null},"hk61_6":{"ID":27,"ID2":698,"ID3":29,"NAME":"特码B","NM":"6","NM_NE":"6","OS":"0.00","DC":null,"SORT":"6","CLO":"green","CE":"hk61","SE":0,"ST":false,"AMT":null},"hk61_7":{"ID":27,"ID2":698,"ID3":29,"NAME":"特码B","NM":"7","NM_NE":"7","OS":"0.00","DC":null,"SORT":"7","CLO":"red","CE":"hk61","SE":0,"ST":false,"AMT":null},"hk61_8":{"ID":27,"ID2":698,"ID3":29,"NAME":"特码B","NM":"8","NM_NE":"8","OS":"0.00","DC":null,"SORT":"8","CLO":"red","CE":"hk61","SE":0,"ST":false,"AMT":null},"hk61_9":{"ID":27,"ID2":698,"ID3":29,"NAME":"特码B","NM":"9","NM_NE":"9","OS":"0.00","DC":null,"SORT":"9","CLO":"blue","CE":"hk61","SE":0,"ST":false,"AMT":null},"hk61_10":{"ID":27,"ID2":698,"ID3":29,"NAME":"特码B","NM":"10","NM_NE":"10","OS":"0.00","DC":null,"SORT":"10","CLO":"blue","CE":"hk61","SE":0,"ST":false,"AMT":null},"hk61_11":{"ID":27,"ID2":698,"ID3":29,"NAME":"特码B","NM":"11","NM_NE":"11","OS":"0.00","DC":null,"SORT":"11","CLO":"green","CE":"hk61","SE":0,"ST":false,"AMT":null},"hk61_12":{"ID":27,"ID2":698,"ID3":29,"NAME":"特码B","NM":"12","NM_NE":"12","OS":"0.00","DC":null,"SORT":"12","CLO":"red","CE":"hk61","SE":0,"ST":false,"AMT":null},"hk61_13":{"ID":27,"ID2":698,"ID3":29,"NAME":"特码B","NM":"13","NM_NE":"13","OS":"0.00","DC":null,"SORT":"13","CLO":"red","CE":"hk61","SE":0,"ST":false,"AMT":null},"hk61_14":{"ID":27,"ID2":698,"ID3":29,"NAME":"特码B","NM":"14","NM_NE":"14","OS":"0.00","DC":null,"SORT":"14","CLO":"blue","CE":"hk61","SE":0,"ST":false,"AMT":null},"hk61_15":{"ID":27,"ID2":698,"ID3":29,"NAME":"特码B","NM":"15","NM_NE":"15","OS":"0.00","DC":null,"SORT":"15","CLO":"blue","CE":"hk61","SE":0,"ST":false,"AMT":null},"hk61_16":{"ID":27,"ID2":698,"ID3":29,"NAME":"特码B","NM":"16","NM_NE":"16","OS":"0.00","DC":null,"SORT":"16","CLO":"green","CE":"hk61","SE":0,"ST":false,"AMT":null},"hk61_17":{"ID":27,"ID2":698,"ID3":29,"NAME":"特码B","NM":"17","NM_NE":"17","OS":"0.00","DC":null,"SORT":"17","CLO":"green","CE":"hk61","SE":0,"ST":false,"AMT":null},"hk61_18":{"ID":27,"ID2":698,"ID3":29,"NAME":"特码B","NM":"18","NM_NE":"18","OS":"0.00","DC":null,"SORT":"18","CLO":"red","CE":"hk61","SE":0,"ST":false,"AMT":null},"hk61_19":{"ID":27,"ID2":698,"ID3":29,"NAME":"特码B","NM":"19","NM_NE":"19","OS":"0.00","DC":null,"SORT":"19","CLO":"red","CE":"hk61","SE":0,"ST":false,"AMT":null},"hk61_20":{"ID":27,"ID2":698,"ID3":29,"NAME":"特码B","NM":"20","NM_NE":"20","OS":"0.00","DC":null,"SORT":"20","CLO":"blue","CE":"hk61","SE":0,"ST":false,"AMT":null},"hk61_21":{"ID":27,"ID2":698,"ID3":29,"NAME":"特码B","NM":"21","NM_NE":"21","OS":"0.00","DC":null,"SORT":"21","CLO":"green","CE":"hk61","SE":0,"ST":false,"AMT":null},"hk61_22":{"ID":27,"ID2":698,"ID3":29,"NAME":"特码B","NM":"22","NM_NE":"22","OS":"0.00","DC":null,"SORT":"22","CLO":"green","CE":"hk61","SE":0,"ST":false,"AMT":null},"hk61_23":{"ID":27,"ID2":698,"ID3":29,"NAME":"特码B","NM":"23","NM_NE":"23","OS":"0.00","DC":null,"SORT":"23","CLO":"red","CE":"hk61","SE":0,"ST":false,"AMT":null},"hk61_24":{"ID":27,"ID2":698,"ID3":29,"NAME":"特码B","NM":"24","NM_NE":"24","OS":"0.00","DC":null,"SORT":"24","CLO":"red","CE":"hk61","SE":0,"ST":false,"AMT":null},"hk61_25":{"ID":27,"ID2":698,"ID3":29,"NAME":"特码B","NM":"25","NM_NE":"25","OS":"0.00","DC":null,"SORT":"25","CLO":"blue","CE":"hk61","SE":0,"ST":false,"AMT":null},"hk61_26":{"ID":27,"ID2":698,"ID3":29,"NAME":"特码B","NM":"26","NM_NE":"26","OS":"0.00","DC":null,"SORT":"26","CLO":"blue","CE":"hk61","SE":0,"ST":false,"AMT":null},"hk61_27":{"ID":27,"ID2":698,"ID3":29,"NAME":"特码B","NM":"27","NM_NE":"27","OS":"0.00","DC":null,"SORT":"27","CLO":"green","CE":"hk61","SE":0,"ST":false,"AMT":null},"hk61_28":{"ID":27,"ID2":698,"ID3":29,"NAME":"特码B","NM":"28","NM_NE":"28","OS":"0.00","DC":null,"SORT":"28","CLO":"green","CE":"hk61","SE":0,"ST":false,"AMT":null},"hk61_29":{"ID":27,"ID2":698,"ID3":29,"NAME":"特码B","NM":"29","NM_NE":"29","OS":"0.00","DC":null,"SORT":"29","CLO":"red","CE":"hk61","SE":0,"ST":false,"AMT":null},"hk61_30":{"ID":27,"ID2":698,"ID3":29,"NAME":"特码B","NM":"30","NM_NE":"30","OS":"0.00","DC":null,"SORT":"30","CLO":"red","CE":"hk61","SE":0,"ST":false,"AMT":null},"hk61_31":{"ID":27,"ID2":698,"ID3":29,"NAME":"特码B","NM":"31","NM_NE":"31","OS":"0.00","DC":null,"SORT":"31","CLO":"blue","CE":"hk61","SE":0,"ST":false,"AMT":null},"hk61_32":{"ID":27,"ID2":698,"ID3":29,"NAME":"特码B","NM":"32","NM_NE":"32","OS":"0.00","DC":null,"SORT":"32","CLO":"green","CE":"hk61","SE":0,"ST":false,"AMT":null},"hk61_33":{"ID":27,"ID2":698,"ID3":29,"NAME":"特码B","NM":"33","NM_NE":"33","OS":"0.00","DC":null,"SORT":"33","CLO":"green","CE":"hk61","SE":0,"ST":false,"AMT":null},"hk61_34":{"ID":27,"ID2":698,"ID3":29,"NAME":"特码B","NM":"34","NM_NE":"34","OS":"0.00","DC":null,"SORT":"34","CLO":"red","CE":"hk61","SE":0,"ST":false,"AMT":null},"hk61_35":{"ID":27,"ID2":698,"ID3":29,"NAME":"特码B","NM":"35","NM_NE":"35","OS":"0.00","DC":null,"SORT":"35","CLO":"red","CE":"hk61","SE":0,"ST":false,"AMT":null},"hk61_36":{"ID":27,"ID2":698,"ID3":29,"NAME":"特码B","NM":"36","NM_NE":"36","OS":"0.00","DC":null,"SORT":"36","CLO":"blue","CE":"hk61","SE":0,"ST":false,"AMT":null},"hk61_37":{"ID":27,"ID2":698,"ID3":29,"NAME":"特码B","NM":"37","NM_NE":"37","OS":"0.00","DC":null,"SORT":"37","CLO":"blue","CE":"hk61","SE":0,"ST":false,"AMT":null},"hk61_38":{"ID":27,"ID2":698,"ID3":29,"NAME":"特码B","NM":"38","NM_NE":"38","OS":"0.00","DC":null,"SORT":"38","CLO":"green","CE":"hk61","SE":0,"ST":false,"AMT":null},"hk61_39":{"ID":27,"ID2":698,"ID3":29,"NAME":"特码B","NM":"39","NM_NE":"39","OS":"0.00","DC":null,"SORT":"39","CLO":"green","CE":"hk61","SE":0,"ST":false,"AMT":null},"hk61_40":{"ID":27,"ID2":698,"ID3":29,"NAME":"特码B","NM":"40","NM_NE":"40","OS":"0.00","DC":null,"SORT":"40","CLO":"red","CE":"hk61","SE":0,"ST":false,"AMT":null},"hk61_41":{"ID":27,"ID2":698,"ID3":29,"NAME":"特码B","NM":"41","NM_NE":"41","OS":"0.00","DC":null,"SORT":"41","CLO":"blue","CE":"hk61","SE":0,"ST":false,"AMT":null},"hk61_42":{"ID":27,"ID2":698,"ID3":29,"NAME":"特码B","NM":"42","NM_NE":"42","OS":"0.00","DC":null,"SORT":"42","CLO":"blue","CE":"hk61","SE":0,"ST":false,"AMT":null},"hk61_43":{"ID":27,"ID2":698,"ID3":29,"NAME":"特码B","NM":"43","NM_NE":"43","OS":"0.00","DC":null,"SORT":"43","CLO":"green","CE":"hk61","SE":0,"ST":false,"AMT":null},"hk61_44":{"ID":27,"ID2":698,"ID3":29,"NAME":"特码B","NM":"44","NM_NE":"44","OS":"0.00","DC":null,"SORT":"44","CLO":"green","CE":"hk61","SE":0,"ST":false,"AMT":null},"hk61_45":{"ID":27,"ID2":698,"ID3":29,"NAME":"特码B","NM":"45","NM_NE":"45","OS":"0.00","DC":null,"SORT":"45","CLO":"red","CE":"hk61","SE":0,"ST":false,"AMT":null},"hk61_46":{"ID":27,"ID2":698,"ID3":29,"NAME":"特码B","NM":"46","NM_NE":"46","OS":"0.00","DC":null,"SORT":"46","CLO":"red","CE":"hk61","SE":0,"ST":false,"AMT":null},"hk61_47":{"ID":27,"ID2":698,"ID3":29,"NAME":"特码B","NM":"47","NM_NE":"47","OS":"0.00","DC":null,"SORT":"47","CLO":"blue","CE":"hk61","SE":0,"ST":false,"AMT":null},"hk61_48":{"ID":27,"ID2":698,"ID3":29,"NAME":"特码B","NM":"48","NM_NE":"48","OS":"0.00","DC":null,"SORT":"48","CLO":"blue","CE":"hk61","SE":0,"ST":false,"AMT":null},"hk61_49":{"ID":27,"ID2":698,"ID3":29,"NAME":"特码B","NM":"49","NM_NE":"49","OS":"0.00","DC":null,"SORT":"49","CLO":"green","CE":"hk61","SE":0,"ST":false,"AMT":null},"hk61_50":{"ID":27,"ID2":698,"ID3":29,"NAME":"特码B","NM":"大","NM_NE":"大","OS":"0.00","DC":null,"SORT":"50","CLO":"text","CE":"hk61","SE":0,"ST":false,"AMT":null},"hk61_51":{"ID":27,"ID2":698,"ID3":29,"NAME":"特码B","NM":"小","NM_NE":"小","OS":"0.00","DC":null,"SORT":"51","CLO":"text","CE":"hk61","SE":0,"ST":false,"AMT":null},"hk61_52":{"ID":27,"ID2":698,"ID3":29,"NAME":"特码B","NM":"单","NM_NE":"单","OS":"0.00","DC":null,"SORT":"52","CLO":"text","CE":"hk61","SE":0,"ST":false,"AMT":null},"hk61_53":{"ID":27,"ID2":698,"ID3":29,"NAME":"特码B","NM":"双","NM_NE":"双","OS":"0.00","DC":null,"SORT":"53","CLO":"text","CE":"hk61","SE":0,"ST":false,"AMT":null},"hk61_54":{"ID":27,"ID2":698,"ID3":29,"NAME":"特码B","NM":"合大","NM_NE":"合大","OS":"0.00","DC":null,"SORT":"54","CLO":"text","CE":"hk61","SE":0,"ST":false,"AMT":null},"hk61_55":{"ID":27,"ID2":698,"ID3":29,"NAME":"特码B","NM":"合小","NM_NE":"合小","OS":"0.00","DC":null,"SORT":"55","CLO":"text","CE":"hk61","SE":0,"ST":false,"AMT":null},"hk61_56":{"ID":27,"ID2":698,"ID3":29,"NAME":"特码B","NM":"合单","NM_NE":"合单","OS":"0.00","DC":null,"SORT":"56","CLO":"text","CE":"hk61","SE":0,"ST":false,"AMT":null},"hk61_57":{"ID":27,"ID2":698,"ID3":29,"NAME":"特码B","NM":"合双","NM_NE":"合双","OS":"0.00","DC":null,"SORT":"57","CLO":"text","CE":"hk61","SE":0,"ST":false,"AMT":null},"hk61_58":{"ID":27,"ID2":698,"ID3":29,"NAME":"特码B","NM":"尾大","NM_NE":"尾大","OS":"0.00","DC":null,"SORT":"58","CLO":"text","CE":"hk61","SE":0,"ST":false,"AMT":null},"hk61_59":{"ID":27,"ID2":698,"ID3":29,"NAME":"特码B","NM":"尾小","NM_NE":"尾小","OS":"0.00","DC":null,"SORT":"59","CLO":"text","CE":"hk61","SE":0,"ST":false,"AMT":null},"hk61_60":{"ID":27,"ID2":698,"ID3":29,"NAME":"特码B","NM":"尾单","NM_NE":"尾单","OS":"0.00","DC":null,"SORT":"60","CLO":"text","CE":"hk61","SE":0,"ST":false,"AMT":null},"hk61_61":{"ID":27,"ID2":698,"ID3":29,"NAME":"特码B","NM":"尾双","NM_NE":"尾双","OS":"0.00","DC":null,"SORT":"61","CLO":"text","CE":"hk61","SE":0,"ST":false,"AMT":null},"hk61_62":{"ID":27,"ID2":698,"ID3":29,"NAME":"特码B","NM":"红波","NM_NE":"红波","OS":"0.00","DC":null,"SORT":"62","CLO":"text","CE":"hk61","SE":0,"ST":false,"AMT":null},"hk61_63":{"ID":27,"ID2":698,"ID3":29,"NAME":"特码B","NM":"蓝波","NM_NE":"蓝波","OS":"0.00","DC":null,"SORT":"63","CLO":"text","CE":"hk61","SE":0,"ST":false,"AMT":null},"hk61_64":{"ID":27,"ID2":698,"ID3":29,"NAME":"特码B","NM":"绿波","NM_NE":"绿波","OS":"0.00","DC":null,"SORT":"64","CLO":"text","CE":"hk61","SE":0,"ST":false,"AMT":null},"hk61_65":{"ID":27,"ID2":698,"ID3":29,"NAME":"特码B","NM":"鼠","NM_NE":"鼠","OS":"0.00","DC":null,"SORT":"65","CLO":"text","CE":"hk61","SE":0,"ST":false,"AMT":null},"hk61_66":{"ID":27,"ID2":698,"ID3":29,"NAME":"特码B","NM":"牛","NM_NE":"牛","OS":"0.00","DC":null,"SORT":"66","CLO":"text","CE":"hk61","SE":0,"ST":false,"AMT":null},"hk61_67":{"ID":27,"ID2":698,"ID3":29,"NAME":"特码B","NM":"虎","NM_NE":"虎","OS":"0.00","DC":null,"SORT":"67","CLO":"text","CE":"hk61","SE":0,"ST":false,"AMT":null},"hk61_68":{"ID":27,"ID2":698,"ID3":29,"NAME":"特码B","NM":"兔","NM_NE":"兔","OS":"0.00","DC":null,"SORT":"68","CLO":"text","CE":"hk61","SE":0,"ST":false,"AMT":null},"hk61_69":{"ID":27,"ID2":698,"ID3":29,"NAME":"特码B","NM":"龙","NM_NE":"龙","OS":"0.00","DC":null,"SORT":"69","CLO":"text","CE":"hk61","SE":0,"ST":false,"AMT":null},"hk61_70":{"ID":27,"ID2":698,"ID3":29,"NAME":"特码B","NM":"蛇","NM_NE":"蛇","OS":"0.00","DC":null,"SORT":"70","CLO":"text","CE":"hk61","SE":0,"ST":false,"AMT":null},"hk61_71":{"ID":27,"ID2":698,"ID3":29,"NAME":"特码B","NM":"马","NM_NE":"马","OS":"0.00","DC":null,"SORT":"71","CLO":"text","CE":"hk61","SE":0,"ST":false,"AMT":null},"hk61_72":{"ID":27,"ID2":698,"ID3":29,"NAME":"特码B","NM":"羊","NM_NE":"羊","OS":"0.00","DC":null,"SORT":"72","CLO":"text","CE":"hk61","SE":0,"ST":false,"AMT":null},"hk61_73":{"ID":27,"ID2":698,"ID3":29,"NAME":"特码B","NM":"猴","NM_NE":"猴","OS":"0.00","DC":null,"SORT":"73","CLO":"text","CE":"hk61","SE":0,"ST":false,"AMT":null},"hk61_74":{"ID":27,"ID2":698,"ID3":29,"NAME":"特码B","NM":"鸡","NM_NE":"鸡","OS":"0.00","DC":null,"SORT":"74","CLO":"text","CE":"hk61","SE":0,"ST":false,"AMT":null},"hk61_75":{"ID":27,"ID2":698,"ID3":29,"NAME":"特码B","NM":"狗","NM_NE":"狗","OS":"0.00","DC":null,"SORT":"75","CLO":"text","CE":"hk61","SE":0,"ST":false,"AMT":null},"hk61_76":{"ID":27,"ID2":698,"ID3":29,"NAME":"特码B","NM":"猪","NM_NE":"猪","OS":"0.00","DC":null,"SORT":"76","CLO":"text","CE":"hk61","SE":0,"ST":false,"AMT":null}}}