﻿{"tjssc0":{"tjssc0_0":{"ID":1064,"P_3ID":598,"P_1ID":596,"GROUP_NAME":"第一球","SHOWCLS":"red","ODDS":"--","NUM":"0","NUM_NAME":"0","CODE":"tjssc0","SORT":1,"STATE":0,"ST":false,"BET_AMT":null},"tjssc0_1":{"ID":1422,"P_3ID":598,"P_1ID":596,"GROUP_NAME":"第一球","SHOWCLS":"red","ODDS":"--","NUM":"1","NUM_NAME":"1","CODE":"tjssc0","SORT":2,"STATE":0,"ST":false,"BET_AMT":null},"tjssc0_2":{"ID":1423,"P_3ID":598,"P_1ID":596,"GROUP_NAME":"第一球","SHOWCLS":"red","ODDS":"--","NUM":"2","NUM_NAME":"2","CODE":"tjssc0","SORT":3,"STATE":0,"ST":false,"BET_AMT":null},"tjssc0_3":{"ID":1424,"P_3ID":598,"P_1ID":596,"GROUP_NAME":"第一球","SHOWCLS":"red","ODDS":"--","NUM":"3","NUM_NAME":"3","CODE":"tjssc0","SORT":4,"STATE":0,"ST":false,"BET_AMT":null},"tjssc0_4":{"ID":1425,"P_3ID":598,"P_1ID":596,"GROUP_NAME":"第一球","SHOWCLS":"red","ODDS":"--","NUM":"4","NUM_NAME":"4","CODE":"tjssc0","SORT":5,"STATE":0,"ST":false,"BET_AMT":null},"tjssc0_5":{"ID":1426,"P_3ID":598,"P_1ID":596,"GROUP_NAME":"第一球","SHOWCLS":"red","ODDS":"--","NUM":"5","NUM_NAME":"5","CODE":"tjssc0","SORT":6,"STATE":0,"ST":false,"BET_AMT":null},"tjssc0_6":{"ID":1427,"P_3ID":598,"P_1ID":596,"GROUP_NAME":"第一球","SHOWCLS":"red","ODDS":"--","NUM":"6","NUM_NAME":"6","CODE":"tjssc0","SORT":7,"STATE":0,"ST":false,"BET_AMT":null},"tjssc0_7":{"ID":1428,"P_3ID":598,"P_1ID":596,"GROUP_NAME":"第一球","SHOWCLS":"red","ODDS":"--","NUM":"7","NUM_NAME":"7","CODE":"tjssc0","SORT":8,"STATE":0,"ST":false,"BET_AMT":null},"tjssc0_8":{"ID":1429,"P_3ID":598,"P_1ID":596,"GROUP_NAME":"第一球","SHOWCLS":"red","ODDS":"--","NUM":"8","NUM_NAME":"8","CODE":"tjssc0","SORT":9,"STATE":0,"ST":false,"BET_AMT":null},"tjssc0_9":{"ID":1430,"P_3ID":598,"P_1ID":596,"GROUP_NAME":"第一球","SHOWCLS":"red","ODDS":"--","NUM":"9","NUM_NAME":"9","CODE":"tjssc0","SORT":10,"STATE":0,"ST":false,"BET_AMT":null},"tjssc0_大":{"ID":1431,"P_3ID":598,"P_1ID":596,"GROUP_NAME":"第一球","SHOWCLS":"text","ODDS":"--","NUM":"大","NUM_NAME":"大","CODE":"tjssc0","SORT":11,"STATE":0,"ST":false,"BET_AMT":null},"tjssc0_小":{"ID":1432,"P_3ID":598,"P_1ID":596,"GROUP_NAME":"第一球","SHOWCLS":"text","ODDS":"--","NUM":"小","NUM_NAME":"小","CODE":"tjssc0","SORT":12,"STATE":0,"ST":false,"BET_AMT":null},"tjssc0_单":{"ID":1433,"P_3ID":598,"P_1ID":596,"GROUP_NAME":"第一球","SHOWCLS":"text","ODDS":"--","NUM":"单","NUM_NAME":"单","CODE":"tjssc0","SORT":13,"STATE":0,"ST":false,"BET_AMT":null},"tjssc0_双":{"ID":1434,"P_3ID":598,"P_1ID":596,"GROUP_NAME":"第一球","SHOWCLS":"text","ODDS":"--","NUM":"双","NUM_NAME":"双","CODE":"tjssc0","SORT":14,"STATE":0,"ST":false,"BET_AMT":null}},"tjssc1":{"tjssc1_0":{"ID":1435,"P_3ID":599,"P_1ID":596,"GROUP_NAME":"第二球","SHOWCLS":"red","ODDS":"--","NUM":"0","NUM_NAME":"0","CODE":"tjssc1","SORT":1,"STATE":0,"ST":false,"BET_AMT":null},"tjssc1_1":{"ID":1436,"P_3ID":599,"P_1ID":596,"GROUP_NAME":"第二球","SHOWCLS":"red","ODDS":"--","NUM":"1","NUM_NAME":"1","CODE":"tjssc1","SORT":2,"STATE":0,"ST":false,"BET_AMT":null},"tjssc1_2":{"ID":1437,"P_3ID":599,"P_1ID":596,"GROUP_NAME":"第二球","SHOWCLS":"red","ODDS":"--","NUM":"2","NUM_NAME":"2","CODE":"tjssc1","SORT":3,"STATE":0,"ST":false,"BET_AMT":null},"tjssc1_3":{"ID":1438,"P_3ID":599,"P_1ID":596,"GROUP_NAME":"第二球","SHOWCLS":"red","ODDS":"--","NUM":"3","NUM_NAME":"3","CODE":"tjssc1","SORT":4,"STATE":0,"ST":false,"BET_AMT":null},"tjssc1_4":{"ID":1439,"P_3ID":599,"P_1ID":596,"GROUP_NAME":"第二球","SHOWCLS":"red","ODDS":"--","NUM":"4","NUM_NAME":"4","CODE":"tjssc1","SORT":5,"STATE":0,"ST":false,"BET_AMT":null},"tjssc1_5":{"ID":1440,"P_3ID":599,"P_1ID":596,"GROUP_NAME":"第二球","SHOWCLS":"red","ODDS":"--","NUM":"5","NUM_NAME":"5","CODE":"tjssc1","SORT":6,"STATE":0,"ST":false,"BET_AMT":null},"tjssc1_6":{"ID":1441,"P_3ID":599,"P_1ID":596,"GROUP_NAME":"第二球","SHOWCLS":"red","ODDS":"--","NUM":"6","NUM_NAME":"6","CODE":"tjssc1","SORT":7,"STATE":0,"ST":false,"BET_AMT":null},"tjssc1_7":{"ID":1442,"P_3ID":599,"P_1ID":596,"GROUP_NAME":"第二球","SHOWCLS":"red","ODDS":"--","NUM":"7","NUM_NAME":"7","CODE":"tjssc1","SORT":8,"STATE":0,"ST":false,"BET_AMT":null},"tjssc1_8":{"ID":1443,"P_3ID":599,"P_1ID":596,"GROUP_NAME":"第二球","SHOWCLS":"red","ODDS":"--","NUM":"8","NUM_NAME":"8","CODE":"tjssc1","SORT":9,"STATE":0,"ST":false,"BET_AMT":null},"tjssc1_9":{"ID":1444,"P_3ID":599,"P_1ID":596,"GROUP_NAME":"第二球","SHOWCLS":"red","ODDS":"--","NUM":"9","NUM_NAME":"9","CODE":"tjssc1","SORT":10,"STATE":0,"ST":false,"BET_AMT":null},"tjssc1_大":{"ID":1445,"P_3ID":599,"P_1ID":596,"GROUP_NAME":"第二球","SHOWCLS":"text","ODDS":"--","NUM":"大","NUM_NAME":"大","CODE":"tjssc1","SORT":11,"STATE":0,"ST":false,"BET_AMT":null},"tjssc1_小":{"ID":1446,"P_3ID":599,"P_1ID":596,"GROUP_NAME":"第二球","SHOWCLS":"text","ODDS":"--","NUM":"小","NUM_NAME":"小","CODE":"tjssc1","SORT":12,"STATE":0,"ST":false,"BET_AMT":null},"tjssc1_单":{"ID":1447,"P_3ID":599,"P_1ID":596,"GROUP_NAME":"第二球","SHOWCLS":"text","ODDS":"--","NUM":"单","NUM_NAME":"单","CODE":"tjssc1","SORT":13,"STATE":0,"ST":false,"BET_AMT":null},"tjssc1_双":{"ID":1448,"P_3ID":599,"P_1ID":596,"GROUP_NAME":"第二球","SHOWCLS":"text","ODDS":"--","NUM":"双","NUM_NAME":"双","CODE":"tjssc1","SORT":14,"STATE":0,"ST":false,"BET_AMT":null}},"tjssc10":{"tjssc10_五条":{"ID":1546,"P_3ID":608,"P_1ID":596,"GROUP_NAME":"梭哈","SHOWCLS":"text","ODDS":"--","NUM":"五条","NUM_NAME":"五条","CODE":"tjssc10","SORT":1,"STATE":0,"ST":false,"BET_AMT":null},"tjssc10_四条":{"ID":1547,"P_3ID":608,"P_1ID":596,"GROUP_NAME":"梭哈","SHOWCLS":"text","ODDS":"--","NUM":"四条","NUM_NAME":"四条","CODE":"tjssc10","SORT":2,"STATE":0,"ST":false,"BET_AMT":null},"tjssc10_葫芦":{"ID":1551,"P_3ID":608,"P_1ID":596,"GROUP_NAME":"梭哈","SHOWCLS":"text","ODDS":"--","NUM":"葫芦","NUM_NAME":"葫芦","CODE":"tjssc10","SORT":3,"STATE":0,"ST":false,"BET_AMT":null},"tjssc10_顺子":{"ID":1552,"P_3ID":608,"P_1ID":596,"GROUP_NAME":"梭哈","SHOWCLS":"text","ODDS":"--","NUM":"顺子","NUM_NAME":"顺子","CODE":"tjssc10","SORT":4,"STATE":0,"ST":false,"BET_AMT":null},"tjssc10_三条":{"ID":1548,"P_3ID":608,"P_1ID":596,"GROUP_NAME":"梭哈","SHOWCLS":"text","ODDS":"--","NUM":"三条","NUM_NAME":"三条","CODE":"tjssc10","SORT":5,"STATE":0,"ST":false,"BET_AMT":null},"tjssc10_两对":{"ID":1549,"P_3ID":608,"P_1ID":596,"GROUP_NAME":"梭哈","SHOWCLS":"text","ODDS":"--","NUM":"两对","NUM_NAME":"两对","CODE":"tjssc10","SORT":6,"STATE":0,"ST":false,"BET_AMT":null},"tjssc10_一对":{"ID":1550,"P_3ID":608,"P_1ID":596,"GROUP_NAME":"梭哈","SHOWCLS":"text","ODDS":"--","NUM":"一对","NUM_NAME":"一对","CODE":"tjssc10","SORT":7,"STATE":0,"ST":false,"BET_AMT":null},"tjssc10_散号":{"ID":1553,"P_3ID":608,"P_1ID":596,"GROUP_NAME":"梭哈","SHOWCLS":"text","ODDS":"--","NUM":"散号","NUM_NAME":"散号","CODE":"tjssc10","SORT":8,"STATE":0,"ST":false,"BET_AMT":null}},"tjssc2":{"tjssc2_0":{"ID":1449,"P_3ID":600,"P_1ID":596,"GROUP_NAME":"第三球","SHOWCLS":"red","ODDS":"--","NUM":"0","NUM_NAME":"0","CODE":"tjssc2","SORT":1,"STATE":0,"ST":false,"BET_AMT":null},"tjssc2_1":{"ID":1450,"P_3ID":600,"P_1ID":596,"GROUP_NAME":"第三球","SHOWCLS":"red","ODDS":"--","NUM":"1","NUM_NAME":"1","CODE":"tjssc2","SORT":2,"STATE":0,"ST":false,"BET_AMT":null},"tjssc2_2":{"ID":1451,"P_3ID":600,"P_1ID":596,"GROUP_NAME":"第三球","SHOWCLS":"red","ODDS":"--","NUM":"2","NUM_NAME":"2","CODE":"tjssc2","SORT":3,"STATE":0,"ST":false,"BET_AMT":null},"tjssc2_3":{"ID":1452,"P_3ID":600,"P_1ID":596,"GROUP_NAME":"第三球","SHOWCLS":"red","ODDS":"--","NUM":"3","NUM_NAME":"3","CODE":"tjssc2","SORT":4,"STATE":0,"ST":false,"BET_AMT":null},"tjssc2_4":{"ID":1453,"P_3ID":600,"P_1ID":596,"GROUP_NAME":"第三球","SHOWCLS":"red","ODDS":"--","NUM":"4","NUM_NAME":"4","CODE":"tjssc2","SORT":5,"STATE":0,"ST":false,"BET_AMT":null},"tjssc2_5":{"ID":1454,"P_3ID":600,"P_1ID":596,"GROUP_NAME":"第三球","SHOWCLS":"red","ODDS":"--","NUM":"5","NUM_NAME":"5","CODE":"tjssc2","SORT":6,"STATE":0,"ST":false,"BET_AMT":null},"tjssc2_6":{"ID":1455,"P_3ID":600,"P_1ID":596,"GROUP_NAME":"第三球","SHOWCLS":"red","ODDS":"--","NUM":"6","NUM_NAME":" 6","CODE":"tjssc2","SORT":7,"STATE":0,"ST":false,"BET_AMT":null},"tjssc2_7":{"ID":1456,"P_3ID":600,"P_1ID":596,"GROUP_NAME":"第三球","SHOWCLS":"red","ODDS":"--","NUM":"7","NUM_NAME":"7","CODE":"tjssc2","SORT":8,"STATE":0,"ST":false,"BET_AMT":null},"tjssc2_8":{"ID":1457,"P_3ID":600,"P_1ID":596,"GROUP_NAME":"第三球","SHOWCLS":"red","ODDS":"--","NUM":"8","NUM_NAME":"8","CODE":"tjssc2","SORT":9,"STATE":0,"ST":false,"BET_AMT":null},"tjssc2_9":{"ID":1458,"P_3ID":600,"P_1ID":596,"GROUP_NAME":"第三球","SHOWCLS":"red","ODDS":"--","NUM":"9","NUM_NAME":"9","CODE":"tjssc2","SORT":10,"STATE":0,"ST":false,"BET_AMT":null},"tjssc2_大":{"ID":1459,"P_3ID":600,"P_1ID":596,"GROUP_NAME":"第三球","SHOWCLS":"text","ODDS":"--","NUM":"大","NUM_NAME":"大","CODE":"tjssc2","SORT":11,"STATE":0,"ST":false,"BET_AMT":null},"tjssc2_小":{"ID":1460,"P_3ID":600,"P_1ID":596,"GROUP_NAME":"第三球","SHOWCLS":"text","ODDS":"--","NUM":"小","NUM_NAME":"小","CODE":"tjssc2","SORT":12,"STATE":0,"ST":false,"BET_AMT":null},"tjssc2_单":{"ID":1461,"P_3ID":600,"P_1ID":596,"GROUP_NAME":"第三球","SHOWCLS":"text","ODDS":"--","NUM":"单","NUM_NAME":"单","CODE":"tjssc2","SORT":13,"STATE":0,"ST":false,"BET_AMT":null},"tjssc2_双":{"ID":1462,"P_3ID":600,"P_1ID":596,"GROUP_NAME":"第三球","SHOWCLS":"text","ODDS":"--","NUM":"双","NUM_NAME":"双","CODE":"tjssc2","SORT":14,"STATE":0,"ST":false,"BET_AMT":null}},"tjssc3":{"tjssc3_0":{"ID":1463,"P_3ID":601,"P_1ID":596,"GROUP_NAME":"第四球","SHOWCLS":"red","ODDS":"--","NUM":"0","NUM_NAME":"0","CODE":"tjssc3","SORT":1,"STATE":0,"ST":false,"BET_AMT":null},"tjssc3_1":{"ID":1464,"P_3ID":601,"P_1ID":596,"GROUP_NAME":"第四球","SHOWCLS":"red","ODDS":"--","NUM":"1","NUM_NAME":"1","CODE":"tjssc3","SORT":2,"STATE":0,"ST":false,"BET_AMT":null},"tjssc3_2":{"ID":1465,"P_3ID":601,"P_1ID":596,"GROUP_NAME":"第四球","SHOWCLS":"red","ODDS":"--","NUM":"2","NUM_NAME":"2","CODE":"tjssc3","SORT":3,"STATE":0,"ST":false,"BET_AMT":null},"tjssc3_3":{"ID":1466,"P_3ID":601,"P_1ID":596,"GROUP_NAME":"第四球","SHOWCLS":"red","ODDS":"--","NUM":"3","NUM_NAME":"3","CODE":"tjssc3","SORT":4,"STATE":0,"ST":false,"BET_AMT":null},"tjssc3_4":{"ID":1467,"P_3ID":601,"P_1ID":596,"GROUP_NAME":"第四球","SHOWCLS":"red","ODDS":"--","NUM":"4","NUM_NAME":"4","CODE":"tjssc3","SORT":5,"STATE":0,"ST":false,"BET_AMT":null},"tjssc3_5":{"ID":1468,"P_3ID":601,"P_1ID":596,"GROUP_NAME":"第四球","SHOWCLS":"red","ODDS":"--","NUM":"5","NUM_NAME":"5","CODE":"tjssc3","SORT":6,"STATE":0,"ST":false,"BET_AMT":null},"tjssc3_6":{"ID":1469,"P_3ID":601,"P_1ID":596,"GROUP_NAME":"第四球","SHOWCLS":"red","ODDS":"--","NUM":"6","NUM_NAME":"6","CODE":"tjssc3","SORT":7,"STATE":0,"ST":false,"BET_AMT":null},"tjssc3_7":{"ID":1470,"P_3ID":601,"P_1ID":596,"GROUP_NAME":"第四球","SHOWCLS":"red","ODDS":"--","NUM":"7","NUM_NAME":"7","CODE":"tjssc3","SORT":8,"STATE":0,"ST":false,"BET_AMT":null},"tjssc3_8":{"ID":1471,"P_3ID":601,"P_1ID":596,"GROUP_NAME":"第四球","SHOWCLS":"red","ODDS":"--","NUM":"8","NUM_NAME":"8","CODE":"tjssc3","SORT":9,"STATE":0,"ST":false,"BET_AMT":null},"tjssc3_9":{"ID":1472,"P_3ID":601,"P_1ID":596,"GROUP_NAME":"第四球","SHOWCLS":"red","ODDS":"--","NUM":"9","NUM_NAME":"9","CODE":"tjssc3","SORT":10,"STATE":0,"ST":false,"BET_AMT":null},"tjssc3_大":{"ID":1473,"P_3ID":601,"P_1ID":596,"GROUP_NAME":"第四球","SHOWCLS":"text","ODDS":"--","NUM":"大","NUM_NAME":"大","CODE":"tjssc3","SORT":11,"STATE":0,"ST":false,"BET_AMT":null},"tjssc3_小":{"ID":1474,"P_3ID":601,"P_1ID":596,"GROUP_NAME":"第四球","SHOWCLS":"text","ODDS":"--","NUM":"小","NUM_NAME":"小","CODE":"tjssc3","SORT":12,"STATE":0,"ST":false,"BET_AMT":null},"tjssc3_单":{"ID":1475,"P_3ID":601,"P_1ID":596,"GROUP_NAME":"第四球","SHOWCLS":"text","ODDS":"--","NUM":"单","NUM_NAME":"单","CODE":"tjssc3","SORT":13,"STATE":0,"ST":false,"BET_AMT":null},"tjssc3_双":{"ID":1476,"P_3ID":601,"P_1ID":596,"GROUP_NAME":"第四球","SHOWCLS":"text","ODDS":"--","NUM":"双","NUM_NAME":"双","CODE":"tjssc3","SORT":14,"STATE":0,"ST":false,"BET_AMT":null}},"tjssc4":{"tjssc4_0":{"ID":1477,"P_3ID":602,"P_1ID":596,"GROUP_NAME":"第五球","SHOWCLS":"green","ODDS":"--","NUM":"0","NUM_NAME":"0","CODE":"tjssc4","SORT":1,"STATE":0,"ST":false,"BET_AMT":null},"tjssc4_1":{"ID":1478,"P_3ID":602,"P_1ID":596,"GROUP_NAME":"第五球","SHOWCLS":"green","ODDS":"--","NUM":"1","NUM_NAME":"1","CODE":"tjssc4","SORT":2,"STATE":0,"ST":false,"BET_AMT":null},"tjssc4_2":{"ID":1479,"P_3ID":602,"P_1ID":596,"GROUP_NAME":"第五球","SHOWCLS":"green","ODDS":"--","NUM":"2","NUM_NAME":"2","CODE":"tjssc4","SORT":3,"STATE":0,"ST":false,"BET_AMT":null},"tjssc4_3":{"ID":1480,"P_3ID":602,"P_1ID":596,"GROUP_NAME":"第五球","SHOWCLS":"green","ODDS":"--","NUM":"3","NUM_NAME":"3","CODE":"tjssc4","SORT":4,"STATE":0,"ST":false,"BET_AMT":null},"tjssc4_4":{"ID":1481,"P_3ID":602,"P_1ID":596,"GROUP_NAME":"第五球","SHOWCLS":"green","ODDS":"--","NUM":"4","NUM_NAME":"4","CODE":"tjssc4","SORT":5,"STATE":0,"ST":false,"BET_AMT":null},"tjssc4_5":{"ID":1482,"P_3ID":602,"P_1ID":596,"GROUP_NAME":"第五球","SHOWCLS":"green","ODDS":"--","NUM":"5","NUM_NAME":"5","CODE":"tjssc4","SORT":6,"STATE":0,"ST":false,"BET_AMT":null},"tjssc4_6":{"ID":1483,"P_3ID":602,"P_1ID":596,"GROUP_NAME":"第五球","SHOWCLS":"green","ODDS":"--","NUM":"6","NUM_NAME":"6","CODE":"tjssc4","SORT":7,"STATE":0,"ST":false,"BET_AMT":null},"tjssc4_7":{"ID":1484,"P_3ID":602,"P_1ID":596,"GROUP_NAME":"第五球","SHOWCLS":"green","ODDS":"--","NUM":"7","NUM_NAME":"7","CODE":"tjssc4","SORT":8,"STATE":0,"ST":false,"BET_AMT":null},"tjssc4_8":{"ID":1485,"P_3ID":602,"P_1ID":596,"GROUP_NAME":"第五球","SHOWCLS":"green","ODDS":"--","NUM":"8","NUM_NAME":"8","CODE":"tjssc4","SORT":9,"STATE":0,"ST":false,"BET_AMT":null},"tjssc4_9":{"ID":1486,"P_3ID":602,"P_1ID":596,"GROUP_NAME":"第五球","SHOWCLS":"green","ODDS":"--","NUM":"9","NUM_NAME":"9","CODE":"tjssc4","SORT":10,"STATE":0,"ST":false,"BET_AMT":null},"tjssc4_大":{"ID":1487,"P_3ID":602,"P_1ID":596,"GROUP_NAME":"第五球","SHOWCLS":"text","ODDS":"--","NUM":"大","NUM_NAME":"大","CODE":"tjssc4","SORT":11,"STATE":0,"ST":false,"BET_AMT":null},"tjssc4_小":{"ID":1488,"P_3ID":602,"P_1ID":596,"GROUP_NAME":"第五球","SHOWCLS":"text","ODDS":"--","NUM":"小","NUM_NAME":"小","CODE":"tjssc4","SORT":12,"STATE":0,"ST":false,"BET_AMT":null},"tjssc4_单":{"ID":1489,"P_3ID":602,"P_1ID":596,"GROUP_NAME":"第五球","SHOWCLS":"text","ODDS":"--","NUM":"单","NUM_NAME":"单","CODE":"tjssc4","SORT":13,"STATE":0,"ST":false,"BET_AMT":null},"tjssc4_双":{"ID":1490,"P_3ID":602,"P_1ID":596,"GROUP_NAME":"第五球","SHOWCLS":"text","ODDS":"--","NUM":"双","NUM_NAME":"双","CODE":"tjssc4","SORT":14,"STATE":0,"ST":false,"BET_AMT":null}},"tjssc5":{"tjssc5_大":{"ID":1491,"P_3ID":603,"P_1ID":596,"GROUP_NAME":"总和-龙虎","SHOWCLS":"text","ODDS":"--","NUM":"大","NUM_NAME":"总和大","CODE":"tjssc5","SORT":1,"STATE":0,"ST":false,"BET_AMT":null},"tjssc5_小":{"ID":1492,"P_3ID":603,"P_1ID":596,"GROUP_NAME":"总和-龙虎","SHOWCLS":"text","ODDS":"--","NUM":"小","NUM_NAME":"总和小","CODE":"tjssc5","SORT":2,"STATE":0,"ST":false,"BET_AMT":null},"tjssc5_单":{"ID":1493,"P_3ID":603,"P_1ID":596,"GROUP_NAME":"总和-龙虎","SHOWCLS":"text","ODDS":"--","NUM":"单","NUM_NAME":"总和单","CODE":"tjssc5","SORT":3,"STATE":0,"ST":false,"BET_AMT":null},"tjssc5_双":{"ID":1494,"P_3ID":603,"P_1ID":596,"GROUP_NAME":"总和-龙虎","SHOWCLS":"text","ODDS":"--","NUM":"双","NUM_NAME":"总和双","CODE":"tjssc5","SORT":4,"STATE":0,"ST":false,"BET_AMT":null},"tjssc5_龙":{"ID":1495,"P_3ID":603,"P_1ID":596,"GROUP_NAME":"总和-龙虎","SHOWCLS":"text","ODDS":"--","NUM":"龙","NUM_NAME":"龙","CODE":"tjssc5","SORT":5,"STATE":0,"ST":false,"BET_AMT":null},"tjssc5_虎":{"ID":1496,"P_3ID":603,"P_1ID":596,"GROUP_NAME":"总和-龙虎","SHOWCLS":"text","ODDS":"--","NUM":"虎","NUM_NAME":"虎","CODE":"tjssc5","SORT":6,"STATE":0,"ST":false,"BET_AMT":null},"tjssc5_和":{"ID":1497,"P_3ID":603,"P_1ID":596,"GROUP_NAME":"总和-龙虎","SHOWCLS":"text","ODDS":"--","NUM":"和","NUM_NAME":"和","CODE":"tjssc5","SORT":7,"STATE":0,"ST":false,"BET_AMT":null}},"tjssc6":{"tjssc6_豹子":{"ID":1498,"P_3ID":604,"P_1ID":596,"GROUP_NAME":"前三球","SHOWCLS":"text","ODDS":"--","NUM":"豹子","NUM_NAME":"豹子","CODE":"tjssc6","SORT":1,"STATE":0,"ST":false,"BET_AMT":null},"tjssc6_顺子":{"ID":1499,"P_3ID":604,"P_1ID":596,"GROUP_NAME":"前三球","SHOWCLS":"text","ODDS":"--","NUM":"顺子","NUM_NAME":"顺子","CODE":"tjssc6","SORT":2,"STATE":0,"ST":false,"BET_AMT":null},"tjssc6_对子":{"ID":1500,"P_3ID":604,"P_1ID":596,"GROUP_NAME":"前三球","SHOWCLS":"text","ODDS":"--","NUM":"对子","NUM_NAME":"对子","CODE":"tjssc6","SORT":3,"STATE":0,"ST":false,"BET_AMT":null},"tjssc6_半顺":{"ID":1501,"P_3ID":604,"P_1ID":596,"GROUP_NAME":"前三球","SHOWCLS":"text","ODDS":"--","NUM":"半顺","NUM_NAME":"半顺","CODE":"tjssc6","SORT":4,"STATE":0,"ST":false,"BET_AMT":null},"tjssc6_杂六":{"ID":1502,"P_3ID":604,"P_1ID":596,"GROUP_NAME":"前三球","SHOWCLS":"text","ODDS":"--","NUM":"杂六","NUM_NAME":"杂六","CODE":"tjssc6","SORT":5,"STATE":0,"ST":false,"BET_AMT":null}},"tjssc7":{"tjssc7_豹子":{"ID":1503,"P_3ID":605,"P_1ID":596,"GROUP_NAME":"中三球","SHOWCLS":"text","ODDS":"--","NUM":"豹子","NUM_NAME":"豹子","CODE":"tjssc7","SORT":1,"STATE":0,"ST":false,"BET_AMT":null},"tjssc7_顺子":{"ID":1504,"P_3ID":605,"P_1ID":596,"GROUP_NAME":"中三球","SHOWCLS":"text","ODDS":"--","NUM":"顺子","NUM_NAME":"顺子","CODE":"tjssc7","SORT":2,"STATE":0,"ST":false,"BET_AMT":null},"tjssc7_对子":{"ID":1505,"P_3ID":605,"P_1ID":596,"GROUP_NAME":"中三球","SHOWCLS":"text","ODDS":"--","NUM":"对子","NUM_NAME":"对子","CODE":"tjssc7","SORT":3,"STATE":0,"ST":false,"BET_AMT":null},"tjssc7_半顺":{"ID":1506,"P_3ID":605,"P_1ID":596,"GROUP_NAME":"中三球","SHOWCLS":"text","ODDS":"--","NUM":"半顺","NUM_NAME":"半顺","CODE":"tjssc7","SORT":4,"STATE":0,"ST":false,"BET_AMT":null},"tjssc7_杂六":{"ID":1507,"P_3ID":605,"P_1ID":596,"GROUP_NAME":"中三球","SHOWCLS":"text","ODDS":"--","NUM":"杂六","NUM_NAME":"杂六","CODE":"tjssc7","SORT":5,"STATE":0,"ST":false,"BET_AMT":null}},"tjssc8":{"tjssc8_豹子":{"ID":1508,"P_3ID":606,"P_1ID":596,"GROUP_NAME":"后三球","SHOWCLS":"text","ODDS":"--","NUM":"豹子","NUM_NAME":"豹子","CODE":"tjssc8","SORT":1,"STATE":0,"ST":false,"BET_AMT":null},"tjssc8_顺子":{"ID":1509,"P_3ID":606,"P_1ID":596,"GROUP_NAME":"后三球","SHOWCLS":"text","ODDS":"--","NUM":"顺子","NUM_NAME":"顺子","CODE":"tjssc8","SORT":2,"STATE":0,"ST":false,"BET_AMT":null},"tjssc8_对子":{"ID":1510,"P_3ID":606,"P_1ID":596,"GROUP_NAME":"后三球","SHOWCLS":"text","ODDS":"--","NUM":"对子","NUM_NAME":"对子","CODE":"tjssc8","SORT":3,"STATE":0,"ST":false,"BET_AMT":null},"tjssc8_半顺":{"ID":1511,"P_3ID":606,"P_1ID":596,"GROUP_NAME":"后三球","SHOWCLS":"text","ODDS":"--","NUM":"半顺","NUM_NAME":"半顺","CODE":"tjssc8","SORT":4,"STATE":0,"ST":false,"BET_AMT":null},"tjssc8_杂六":{"ID":1512,"P_3ID":606,"P_1ID":596,"GROUP_NAME":"后三球","SHOWCLS":"text","ODDS":"--","NUM":"杂六","NUM_NAME":"杂六","CODE":"tjssc8","SORT":5,"STATE":0,"ST":false,"BET_AMT":null}},"tjssc9":{"tjssc9_没牛":{"ID":1523,"P_3ID":607,"P_1ID":596,"GROUP_NAME":"斗牛","SHOWCLS":"text","ODDS":"--","NUM":"没牛","NUM_NAME":"没牛","CODE":"tjssc9","SORT":1,"STATE":0,"ST":false,"BET_AMT":null},"tjssc9_牛1":{"ID":1524,"P_3ID":607,"P_1ID":596,"GROUP_NAME":"斗牛","SHOWCLS":"text","ODDS":"--","NUM":"牛1","NUM_NAME":"牛1","CODE":"tjssc9","SORT":2,"STATE":0,"ST":false,"BET_AMT":null},"tjssc9_牛2":{"ID":1525,"P_3ID":607,"P_1ID":596,"GROUP_NAME":"斗牛","SHOWCLS":"text","ODDS":"--","NUM":"牛2","NUM_NAME":"牛2","CODE":"tjssc9","SORT":3,"STATE":0,"ST":false,"BET_AMT":null},"tjssc9_牛3":{"ID":1526,"P_3ID":607,"P_1ID":596,"GROUP_NAME":"斗牛","SHOWCLS":"text","ODDS":"--","NUM":"牛3","NUM_NAME":"牛3","CODE":"tjssc9","SORT":4,"STATE":0,"ST":false,"BET_AMT":null},"tjssc9_牛4":{"ID":1527,"P_3ID":607,"P_1ID":596,"GROUP_NAME":"斗牛","SHOWCLS":"text","ODDS":"--","NUM":"牛4","NUM_NAME":"牛4","CODE":"tjssc9","SORT":5,"STATE":0,"ST":false,"BET_AMT":null},"tjssc9_牛5":{"ID":1528,"P_3ID":607,"P_1ID":596,"GROUP_NAME":"斗牛","SHOWCLS":"text","ODDS":"--","NUM":"牛5","NUM_NAME":"牛5","CODE":"tjssc9","SORT":6,"STATE":0,"ST":false,"BET_AMT":null},"tjssc9_牛6":{"ID":1529,"P_3ID":607,"P_1ID":596,"GROUP_NAME":"斗牛","SHOWCLS":"text","ODDS":"--","NUM":"牛6","NUM_NAME":"牛6","CODE":"tjssc9","SORT":7,"STATE":0,"ST":false,"BET_AMT":null},"tjssc9_牛7":{"ID":1530,"P_3ID":607,"P_1ID":596,"GROUP_NAME":"斗牛","SHOWCLS":"text","ODDS":"--","NUM":"牛7","NUM_NAME":"牛7","CODE":"tjssc9","SORT":8,"STATE":0,"ST":false,"BET_AMT":null},"tjssc9_牛8":{"ID":1531,"P_3ID":607,"P_1ID":596,"GROUP_NAME":"斗牛","SHOWCLS":"text","ODDS":"--","NUM":"牛8","NUM_NAME":"牛8","CODE":"tjssc9","SORT":9,"STATE":0,"ST":false,"BET_AMT":null},"tjssc9_牛9":{"ID":1532,"P_3ID":607,"P_1ID":596,"GROUP_NAME":"斗牛","SHOWCLS":"text","ODDS":"--","NUM":"牛9","NUM_NAME":"牛9","CODE":"tjssc9","SORT":10,"STATE":0,"ST":false,"BET_AMT":null},"tjssc9_牛牛":{"ID":1533,"P_3ID":607,"P_1ID":596,"GROUP_NAME":"斗牛","SHOWCLS":"text","ODDS":"--","NUM":"牛牛","NUM_NAME":"牛牛","CODE":"tjssc9","SORT":11,"STATE":0,"ST":false,"BET_AMT":null},"tjssc9_牛大":{"ID":1534,"P_3ID":607,"P_1ID":596,"GROUP_NAME":"斗牛","SHOWCLS":"text","ODDS":"--","NUM":"牛大","NUM_NAME":"牛大1","CODE":"tjssc9","SORT":12,"STATE":0,"ST":false,"BET_AMT":null},"tjssc9_牛小":{"ID":1535,"P_3ID":607,"P_1ID":596,"GROUP_NAME":"斗牛","SHOWCLS":"text","ODDS":"--","NUM":"牛小","NUM_NAME":"牛小","CODE":"tjssc9","SORT":13,"STATE":0,"ST":false,"BET_AMT":null},"tjssc9_牛单":{"ID":1536,"P_3ID":607,"P_1ID":596,"GROUP_NAME":"斗牛","SHOWCLS":"text","ODDS":"--","NUM":"牛单","NUM_NAME":"牛单","CODE":"tjssc9","SORT":14,"STATE":0,"ST":false,"BET_AMT":null},"tjssc9_牛双":{"ID":1537,"P_3ID":607,"P_1ID":596,"GROUP_NAME":"斗牛","SHOWCLS":"text","ODDS":"--","NUM":"牛双","NUM_NAME":"牛双","CODE":"tjssc9","SORT":15,"STATE":0,"ST":false,"BET_AMT":null}}}