﻿{"hk629":{"hk629_1":{"ID":27,"ID2":41,"ID3":711,"NAME":"二尾连中","NM":"0尾","NM_NE":"0尾","OS":"0.00","DC":null,"SORT":"1","CLO":"text","CE":"hk629","SE":0,"ST":false,"AMT":null},"hk629_2":{"ID":27,"ID2":41,"ID3":711,"NAME":"二尾连中","NM":"1尾","NM_NE":"1尾","OS":"0.00","DC":null,"SORT":"2","CLO":"text","CE":"hk629","SE":0,"ST":false,"AMT":null},"hk629_3":{"ID":27,"ID2":41,"ID3":711,"NAME":"二尾连中","NM":"2尾","NM_NE":"2尾","OS":"0.00","DC":null,"SORT":"3","CLO":"text","CE":"hk629","SE":0,"ST":false,"AMT":null},"hk629_4":{"ID":27,"ID2":41,"ID3":711,"NAME":"二尾连中","NM":"3尾","NM_NE":"3尾","OS":"0.00","DC":null,"SORT":"4","CLO":"text","CE":"hk629","SE":0,"ST":false,"AMT":null},"hk629_5":{"ID":27,"ID2":41,"ID3":711,"NAME":"二尾连中","NM":"4尾","NM_NE":"4尾","OS":"0.00","DC":null,"SORT":"5","CLO":"text","CE":"hk629","SE":0,"ST":false,"AMT":null},"hk629_6":{"ID":27,"ID2":41,"ID3":711,"NAME":"二尾连中","NM":"5尾","NM_NE":"5尾","OS":"0.00","DC":null,"SORT":"6","CLO":"text","CE":"hk629","SE":0,"ST":false,"AMT":null},"hk629_7":{"ID":27,"ID2":41,"ID3":711,"NAME":"二尾连中","NM":"6尾","NM_NE":"6尾","OS":"0.00","DC":null,"SORT":"7","CLO":"text","CE":"hk629","SE":0,"ST":false,"AMT":null},"hk629_8":{"ID":27,"ID2":41,"ID3":711,"NAME":"二尾连中","NM":"7尾","NM_NE":"7尾","OS":"0.00","DC":null,"SORT":"8","CLO":"text","CE":"hk629","SE":0,"ST":false,"AMT":null},"hk629_9":{"ID":27,"ID2":41,"ID3":711,"NAME":"二尾连中","NM":"8尾","NM_NE":"8尾","OS":"0.00","DC":null,"SORT":"9","CLO":"text","CE":"hk629","SE":0,"ST":false,"AMT":null},"hk629_10":{"ID":27,"ID2":41,"ID3":711,"NAME":"二尾连中","NM":"9尾","NM_NE":"9尾","OS":"0.00","DC":null,"SORT":"10","CLO":"text","CE":"hk629","SE":0,"ST":false,"AMT":null}},"hk630":{"hk630_11":{"ID":27,"ID2":41,"ID3":729,"NAME":"三尾连中","NM":"0尾","NM_NE":"0尾","OS":"0.00","DC":null,"SORT":"11","CLO":"text","CE":"hk630","SE":0,"ST":false,"AMT":null},"hk630_12":{"ID":27,"ID2":41,"ID3":729,"NAME":"三尾连中","NM":"1尾","NM_NE":"1尾","OS":"0.00","DC":null,"SORT":"12","CLO":"text","CE":"hk630","SE":0,"ST":false,"AMT":null},"hk630_13":{"ID":27,"ID2":41,"ID3":729,"NAME":"三尾连中","NM":"2尾","NM_NE":"2尾","OS":"0.00","DC":null,"SORT":"13","CLO":"text","CE":"hk630","SE":0,"ST":false,"AMT":null},"hk630_14":{"ID":27,"ID2":41,"ID3":729,"NAME":"三尾连中","NM":"3尾","NM_NE":"3尾","OS":"0.00","DC":null,"SORT":"14","CLO":"text","CE":"hk630","SE":0,"ST":false,"AMT":null},"hk630_15":{"ID":27,"ID2":41,"ID3":729,"NAME":"三尾连中","NM":"4尾","NM_NE":"4尾","OS":"0.00","DC":null,"SORT":"15","CLO":"text","CE":"hk630","SE":0,"ST":false,"AMT":null},"hk630_16":{"ID":27,"ID2":41,"ID3":729,"NAME":"三尾连中","NM":"5尾","NM_NE":"5尾","OS":"0.00","DC":null,"SORT":"16","CLO":"text","CE":"hk630","SE":0,"ST":false,"AMT":null},"hk630_17":{"ID":27,"ID2":41,"ID3":729,"NAME":"三尾连中","NM":"6尾","NM_NE":"6尾","OS":"0.00","DC":null,"SORT":"17","CLO":"text","CE":"hk630","SE":0,"ST":false,"AMT":null},"hk630_18":{"ID":27,"ID2":41,"ID3":729,"NAME":"三尾连中","NM":"7尾","NM_NE":"7尾","OS":"0.00","DC":null,"SORT":"18","CLO":"text","CE":"hk630","SE":0,"ST":false,"AMT":null},"hk630_19":{"ID":27,"ID2":41,"ID3":729,"NAME":"三尾连中","NM":"8尾","NM_NE":"8尾","OS":"0.00","DC":null,"SORT":"19","CLO":"text","CE":"hk630","SE":0,"ST":false,"AMT":null},"hk630_20":{"ID":27,"ID2":41,"ID3":729,"NAME":"三尾连中","NM":"9尾","NM_NE":"9尾","OS":"0.00","DC":null,"SORT":"20","CLO":"text","CE":"hk630","SE":0,"ST":false,"AMT":null}},"hk631":{"hk631_21":{"ID":27,"ID2":41,"ID3":730,"NAME":"四尾连中","NM":"0尾","NM_NE":"0尾","OS":"0.00","DC":null,"SORT":"21","CLO":"text","CE":"hk631","SE":0,"ST":false,"AMT":null},"hk631_22":{"ID":27,"ID2":41,"ID3":730,"NAME":"四尾连中","NM":"1尾","NM_NE":"1尾","OS":"0.00","DC":null,"SORT":"22","CLO":"text","CE":"hk631","SE":0,"ST":false,"AMT":null},"hk631_23":{"ID":27,"ID2":41,"ID3":730,"NAME":"四尾连中","NM":"2尾","NM_NE":"2尾","OS":"0.00","DC":null,"SORT":"23","CLO":"text","CE":"hk631","SE":0,"ST":false,"AMT":null},"hk631_24":{"ID":27,"ID2":41,"ID3":730,"NAME":"四尾连中","NM":"3尾","NM_NE":"3尾","OS":"0.00","DC":null,"SORT":"24","CLO":"text","CE":"hk631","SE":0,"ST":false,"AMT":null},"hk631_25":{"ID":27,"ID2":41,"ID3":730,"NAME":"四尾连中","NM":"4尾","NM_NE":"4尾","OS":"0.00","DC":null,"SORT":"25","CLO":"text","CE":"hk631","SE":0,"ST":false,"AMT":null},"hk631_26":{"ID":27,"ID2":41,"ID3":730,"NAME":"四尾连中","NM":"5尾","NM_NE":"5尾","OS":"0.00","DC":null,"SORT":"26","CLO":"text","CE":"hk631","SE":0,"ST":false,"AMT":null},"hk631_27":{"ID":27,"ID2":41,"ID3":730,"NAME":"四尾连中","NM":"6尾","NM_NE":"6尾","OS":"0.00","DC":null,"SORT":"27","CLO":"text","CE":"hk631","SE":0,"ST":false,"AMT":null},"hk631_28":{"ID":27,"ID2":41,"ID3":730,"NAME":"四尾连中","NM":"7尾","NM_NE":"7尾","OS":"0.00","DC":null,"SORT":"28","CLO":"text","CE":"hk631","SE":0,"ST":false,"AMT":null},"hk631_29":{"ID":27,"ID2":41,"ID3":730,"NAME":"四尾连中","NM":"8尾","NM_NE":"8尾","OS":"0.00","DC":null,"SORT":"29","CLO":"text","CE":"hk631","SE":0,"ST":false,"AMT":null},"hk631_30":{"ID":27,"ID2":41,"ID3":730,"NAME":"四尾连中","NM":"9尾","NM_NE":"9尾","OS":"0.00","DC":null,"SORT":"30","CLO":"text","CE":"hk631","SE":0,"ST":false,"AMT":null}},"hk632":{"hk632_31":{"ID":27,"ID2":41,"ID3":731,"NAME":"五尾连中","NM":"0尾","NM_NE":"0尾","OS":"0.00","DC":null,"SORT":"31","CLO":"text","CE":"hk632","SE":0,"ST":false,"AMT":null},"hk632_32":{"ID":27,"ID2":41,"ID3":731,"NAME":"五尾连中","NM":"1尾","NM_NE":"1尾","OS":"0.00","DC":null,"SORT":"32","CLO":"text","CE":"hk632","SE":0,"ST":false,"AMT":null},"hk632_33":{"ID":27,"ID2":41,"ID3":731,"NAME":"五尾连中","NM":"2尾","NM_NE":"2尾","OS":"0.00","DC":null,"SORT":"33","CLO":"text","CE":"hk632","SE":0,"ST":false,"AMT":null},"hk632_34":{"ID":27,"ID2":41,"ID3":731,"NAME":"五尾连中","NM":"3尾","NM_NE":"3尾","OS":"0.00","DC":null,"SORT":"34","CLO":"text","CE":"hk632","SE":0,"ST":false,"AMT":null},"hk632_35":{"ID":27,"ID2":41,"ID3":731,"NAME":"五尾连中","NM":"4尾","NM_NE":"4尾","OS":"0.00","DC":null,"SORT":"35","CLO":"text","CE":"hk632","SE":0,"ST":false,"AMT":null},"hk632_36":{"ID":27,"ID2":41,"ID3":731,"NAME":"五尾连中","NM":"5尾","NM_NE":"5尾","OS":"0.00","DC":null,"SORT":"36","CLO":"text","CE":"hk632","SE":0,"ST":false,"AMT":null},"hk632_37":{"ID":27,"ID2":41,"ID3":731,"NAME":"五尾连中","NM":"6尾","NM_NE":"6尾","OS":"0.00","DC":null,"SORT":"37","CLO":"text","CE":"hk632","SE":0,"ST":false,"AMT":null},"hk632_38":{"ID":27,"ID2":41,"ID3":731,"NAME":"五尾连中","NM":"7尾","NM_NE":"7尾","OS":"0.00","DC":null,"SORT":"38","CLO":"text","CE":"hk632","SE":0,"ST":false,"AMT":null},"hk632_39":{"ID":27,"ID2":41,"ID3":731,"NAME":"五尾连中","NM":"8尾","NM_NE":"8尾","OS":"0.00","DC":null,"SORT":"39","CLO":"text","CE":"hk632","SE":0,"ST":false,"AMT":null},"hk632_40":{"ID":27,"ID2":41,"ID3":731,"NAME":"五尾连中","NM":"9尾","NM_NE":"9尾","OS":"0.00","DC":null,"SORT":"40","CLO":"text","CE":"hk632","SE":0,"ST":false,"AMT":null}}}