﻿{ "hk629": { "hk629_1": { "SYS_GAME_LEVEL_CODE_ID": 27, "SUB_LEVEL_CODE_ID": 41, "SUB_LEVEL_CODE3_ID": 711, "GROUP_NAME": "二尾连中", "NUM": "0尾", "NUM_NAME": "0尾", "ODDS": 4.0, "ODDS_DESC": null, "SORT": "1", "SHOWCLO": "text", "CODE": "hk629", "STATE": 0, "ST": false, "BET_AMT": null }, "hk629_2": { "SYS_GAME_LEVEL_CODE_ID": 27, "SUB_LEVEL_CODE_ID": 41, "SUB_LEVEL_CODE3_ID": 711, "GROUP_NAME": "二尾连中", "NUM": "1尾", "NUM_NAME": "1尾", "ODDS": 3.10, "ODDS_DESC": null, "SORT": "2", "SHOWCLO": "text", "CODE": "hk629", "STATE": 0, "ST": false, "BET_AMT": null }, "hk629_3": { "SYS_GAME_LEVEL_CODE_ID": 27, "SUB_LEVEL_CODE_ID": 41, "SUB_LEVEL_CODE3_ID": 711, "GROUP_NAME": "二尾连中", "NUM": "2尾", "NUM_NAME": "2尾", "ODDS": 3.10, "ODDS_DESC": null, "SORT": "3", "SHOWCLO": "text", "CODE": "hk629", "STATE": 0, "ST": false, "BET_AMT": null }, "hk629_4": { "SYS_GAME_LEVEL_CODE_ID": 27, "SUB_LEVEL_CODE_ID": 41, "SUB_LEVEL_CODE3_ID": 711, "GROUP_NAME": "二尾连中", "NUM": "3尾", "NUM_NAME": "3尾", "ODDS": 3.10, "ODDS_DESC": null, "SORT": "4", "SHOWCLO": "text", "CODE": "hk629", "STATE": 0, "ST": false, "BET_AMT": null }, "hk629_5": { "SYS_GAME_LEVEL_CODE_ID": 27, "SUB_LEVEL_CODE_ID": 41, "SUB_LEVEL_CODE3_ID": 711, "GROUP_NAME": "二尾连中", "NUM": "4尾", "NUM_NAME": "4尾", "ODDS": 3.10, "ODDS_DESC": null, "SORT": "5", "SHOWCLO": "text", "CODE": "hk629", "STATE": 0, "ST": false, "BET_AMT": null }, "hk629_6": { "SYS_GAME_LEVEL_CODE_ID": 27, "SUB_LEVEL_CODE_ID": 41, "SUB_LEVEL_CODE3_ID": 711, "GROUP_NAME": "二尾连中", "NUM": "5尾", "NUM_NAME": "5尾", "ODDS": 3.10, "ODDS_DESC": null, "SORT": "6", "SHOWCLO": "text", "CODE": "hk629", "STATE": 0, "ST": false, "BET_AMT": null }, "hk629_7": { "SYS_GAME_LEVEL_CODE_ID": 27, "SUB_LEVEL_CODE_ID": 41, "SUB_LEVEL_CODE3_ID": 711, "GROUP_NAME": "二尾连中", "NUM": "6尾", "NUM_NAME": "6尾", "ODDS": 3.10, "ODDS_DESC": null, "SORT": "7", "SHOWCLO": "text", "CODE": "hk629", "STATE": 0, "ST": false, "BET_AMT": null }, "hk629_8": { "SYS_GAME_LEVEL_CODE_ID": 27, "SUB_LEVEL_CODE_ID": 41, "SUB_LEVEL_CODE3_ID": 711, "GROUP_NAME": "二尾连中", "NUM": "7尾", "NUM_NAME": "7尾", "ODDS": 3.10, "ODDS_DESC": null, "SORT": "8", "SHOWCLO": "text", "CODE": "hk629", "STATE": 0, "ST": false, "BET_AMT": null }, "hk629_9": { "SYS_GAME_LEVEL_CODE_ID": 27, "SUB_LEVEL_CODE_ID": 41, "SUB_LEVEL_CODE3_ID": 711, "GROUP_NAME": "二尾连中", "NUM": "8尾", "NUM_NAME": "8尾", "ODDS": 3.10, "ODDS_DESC": null, "SORT": "9", "SHOWCLO": "text", "CODE": "hk629", "STATE": 0, "ST": false, "BET_AMT": null }, "hk629_10": { "SYS_GAME_LEVEL_CODE_ID": 27, "SUB_LEVEL_CODE_ID": 41, "SUB_LEVEL_CODE3_ID": 711, "GROUP_NAME": "二尾连中", "NUM": "9尾", "NUM_NAME": "9尾", "ODDS": 3.10, "ODDS_DESC": null, "SORT": "10", "SHOWCLO": "text", "CODE": "hk629", "STATE": 0, "ST": false, "BET_AMT": null } }, "hk630": { "hk630_11": { "SYS_GAME_LEVEL_CODE_ID": 27, "SUB_LEVEL_CODE_ID": 41, "SUB_LEVEL_CODE3_ID": 729, "GROUP_NAME": "三尾连中", "NUM": "0尾", "NUM_NAME": "0尾", "ODDS": 7.0, "ODDS_DESC": null, "SORT": "11", "SHOWCLO": "text", "CODE": "hk630", "STATE": 0, "ST": false, "BET_AMT": null }, "hk630_12": { "SYS_GAME_LEVEL_CODE_ID": 27, "SUB_LEVEL_CODE_ID": 41, "SUB_LEVEL_CODE3_ID": 729, "GROUP_NAME": "三尾连中", "NUM": "1尾", "NUM_NAME": "1尾", "ODDS": 7.0, "ODDS_DESC": null, "SORT": "12", "SHOWCLO": "text", "CODE": "hk630", "STATE": 0, "ST": false, "BET_AMT": null }, "hk630_13": { "SYS_GAME_LEVEL_CODE_ID": 27, "SUB_LEVEL_CODE_ID": 41, "SUB_LEVEL_CODE3_ID": 729, "GROUP_NAME": "三尾连中", "NUM": "2尾", "NUM_NAME": "2尾", "ODDS": 7.0, "ODDS_DESC": null, "SORT": "13", "SHOWCLO": "text", "CODE": "hk630", "STATE": 0, "ST": false, "BET_AMT": null }, "hk630_14": { "SYS_GAME_LEVEL_CODE_ID": 27, "SUB_LEVEL_CODE_ID": 41, "SUB_LEVEL_CODE3_ID": 729, "GROUP_NAME": "三尾连中", "NUM": "3尾", "NUM_NAME": "3尾", "ODDS": 7.0, "ODDS_DESC": null, "SORT": "14", "SHOWCLO": "text", "CODE": "hk630", "STATE": 0, "ST": false, "BET_AMT": null }, "hk630_15": { "SYS_GAME_LEVEL_CODE_ID": 27, "SUB_LEVEL_CODE_ID": 41, "SUB_LEVEL_CODE3_ID": 729, "GROUP_NAME": "三尾连中", "NUM": "4尾", "NUM_NAME": "4尾", "ODDS": 7.0, "ODDS_DESC": null, "SORT": "15", "SHOWCLO": "text", "CODE": "hk630", "STATE": 0, "ST": false, "BET_AMT": null }, "hk630_16": { "SYS_GAME_LEVEL_CODE_ID": 27, "SUB_LEVEL_CODE_ID": 41, "SUB_LEVEL_CODE3_ID": 729, "GROUP_NAME": "三尾连中", "NUM": "5尾", "NUM_NAME": "5尾", "ODDS": 7.0, "ODDS_DESC": null, "SORT": "16", "SHOWCLO": "text", "CODE": "hk630", "STATE": 0, "ST": false, "BET_AMT": null }, "hk630_17": { "SYS_GAME_LEVEL_CODE_ID": 27, "SUB_LEVEL_CODE_ID": 41, "SUB_LEVEL_CODE3_ID": 729, "GROUP_NAME": "三尾连中", "NUM": "6尾", "NUM_NAME": "6尾", "ODDS": 7.0, "ODDS_DESC": null, "SORT": "17", "SHOWCLO": "text", "CODE": "hk630", "STATE": 0, "ST": false, "BET_AMT": null }, "hk630_18": { "SYS_GAME_LEVEL_CODE_ID": 27, "SUB_LEVEL_CODE_ID": 41, "SUB_LEVEL_CODE3_ID": 729, "GROUP_NAME": "三尾连中", "NUM": "7尾", "NUM_NAME": "7尾", "ODDS": 7.0, "ODDS_DESC": null, "SORT": "18", "SHOWCLO": "text", "CODE": "hk630", "STATE": 0, "ST": false, "BET_AMT": null }, "hk630_19": { "SYS_GAME_LEVEL_CODE_ID": 27, "SUB_LEVEL_CODE_ID": 41, "SUB_LEVEL_CODE3_ID": 729, "GROUP_NAME": "三尾连中", "NUM": "8尾", "NUM_NAME": "8尾", "ODDS": 7.0, "ODDS_DESC": null, "SORT": "19", "SHOWCLO": "text", "CODE": "hk630", "STATE": 0, "ST": false, "BET_AMT": null }, "hk630_20": { "SYS_GAME_LEVEL_CODE_ID": 27, "SUB_LEVEL_CODE_ID": 41, "SUB_LEVEL_CODE3_ID": 729, "GROUP_NAME": "三尾连中", "NUM": "9尾", "NUM_NAME": "9尾", "ODDS": 7.0, "ODDS_DESC": null, "SORT": "20", "SHOWCLO": "text", "CODE": "hk630", "STATE": 0, "ST": false, "BET_AMT": null } }, "hk631": { "hk631_21": { "SYS_GAME_LEVEL_CODE_ID": 27, "SUB_LEVEL_CODE_ID": 41, "SUB_LEVEL_CODE3_ID": 730, "GROUP_NAME": "四尾连中", "NUM": "0尾", "NUM_NAME": "0尾", "ODDS": 16.0, "ODDS_DESC": null, "SORT": "21", "SHOWCLO": "text", "CODE": "hk631", "STATE": 0, "ST": false, "BET_AMT": null }, "hk631_22": { "SYS_GAME_LEVEL_CODE_ID": 27, "SUB_LEVEL_CODE_ID": 41, "SUB_LEVEL_CODE3_ID": 730, "GROUP_NAME": "四尾连中", "NUM": "1尾", "NUM_NAME": "1尾", "ODDS": 16.0, "ODDS_DESC": null, "SORT": "22", "SHOWCLO": "text", "CODE": "hk631", "STATE": 0, "ST": false, "BET_AMT": null }, "hk631_23": { "SYS_GAME_LEVEL_CODE_ID": 27, "SUB_LEVEL_CODE_ID": 41, "SUB_LEVEL_CODE3_ID": 730, "GROUP_NAME": "四尾连中", "NUM": "2尾", "NUM_NAME": "2尾", "ODDS": 16.0, "ODDS_DESC": null, "SORT": "23", "SHOWCLO": "text", "CODE": "hk631", "STATE": 0, "ST": false, "BET_AMT": null }, "hk631_24": { "SYS_GAME_LEVEL_CODE_ID": 27, "SUB_LEVEL_CODE_ID": 41, "SUB_LEVEL_CODE3_ID": 730, "GROUP_NAME": "四尾连中", "NUM": "3尾", "NUM_NAME": "3尾", "ODDS": 16.0, "ODDS_DESC": null, "SORT": "24", "SHOWCLO": "text", "CODE": "hk631", "STATE": 0, "ST": false, "BET_AMT": null }, "hk631_25": { "SYS_GAME_LEVEL_CODE_ID": 27, "SUB_LEVEL_CODE_ID": 41, "SUB_LEVEL_CODE3_ID": 730, "GROUP_NAME": "四尾连中", "NUM": "4尾", "NUM_NAME": "4尾", "ODDS": 16.0, "ODDS_DESC": null, "SORT": "25", "SHOWCLO": "text", "CODE": "hk631", "STATE": 0, "ST": false, "BET_AMT": null }, "hk631_26": { "SYS_GAME_LEVEL_CODE_ID": 27, "SUB_LEVEL_CODE_ID": 41, "SUB_LEVEL_CODE3_ID": 730, "GROUP_NAME": "四尾连中", "NUM": "5尾", "NUM_NAME": "5尾", "ODDS": 16.0, "ODDS_DESC": null, "SORT": "26", "SHOWCLO": "text", "CODE": "hk631", "STATE": 0, "ST": false, "BET_AMT": null }, "hk631_27": { "SYS_GAME_LEVEL_CODE_ID": 27, "SUB_LEVEL_CODE_ID": 41, "SUB_LEVEL_CODE3_ID": 730, "GROUP_NAME": "四尾连中", "NUM": "6尾", "NUM_NAME": "6尾", "ODDS": 16.0, "ODDS_DESC": null, "SORT": "27", "SHOWCLO": "text", "CODE": "hk631", "STATE": 0, "ST": false, "BET_AMT": null }, "hk631_28": { "SYS_GAME_LEVEL_CODE_ID": 27, "SUB_LEVEL_CODE_ID": 41, "SUB_LEVEL_CODE3_ID": 730, "GROUP_NAME": "四尾连中", "NUM": "7尾", "NUM_NAME": "7尾", "ODDS": 16.0, "ODDS_DESC": null, "SORT": "28", "SHOWCLO": "text", "CODE": "hk631", "STATE": 0, "ST": false, "BET_AMT": null }, "hk631_29": { "SYS_GAME_LEVEL_CODE_ID": 27, "SUB_LEVEL_CODE_ID": 41, "SUB_LEVEL_CODE3_ID": 730, "GROUP_NAME": "四尾连中", "NUM": "8尾", "NUM_NAME": "8尾", "ODDS": 16.0, "ODDS_DESC": null, "SORT": "29", "SHOWCLO": "text", "CODE": "hk631", "STATE": 0, "ST": false, "BET_AMT": null }, "hk631_30": { "SYS_GAME_LEVEL_CODE_ID": 27, "SUB_LEVEL_CODE_ID": 41, "SUB_LEVEL_CODE3_ID": 730, "GROUP_NAME": "四尾连中", "NUM": "9尾", "NUM_NAME": "9尾", "ODDS": 16.0, "ODDS_DESC": null, "SORT": "30", "SHOWCLO": "text", "CODE": "hk631", "STATE": 0, "ST": false, "BET_AMT": null } }, "hk632": { "hk632_31": { "SYS_GAME_LEVEL_CODE_ID": 27, "SUB_LEVEL_CODE_ID": 41, "SUB_LEVEL_CODE3_ID": 731, "GROUP_NAME": "五尾连中", "NUM": "0尾", "NUM_NAME": "0尾", "ODDS": 42.0, "ODDS_DESC": null, "SORT": "31", "SHOWCLO": "text", "CODE": "hk632", "STATE": 0, "ST": false, "BET_AMT": null }, "hk632_32": { "SYS_GAME_LEVEL_CODE_ID": 27, "SUB_LEVEL_CODE_ID": 41, "SUB_LEVEL_CODE3_ID": 731, "GROUP_NAME": "五尾连中", "NUM": "1尾", "NUM_NAME": "1尾", "ODDS": 42.0, "ODDS_DESC": null, "SORT": "32", "SHOWCLO": "text", "CODE": "hk632", "STATE": 0, "ST": false, "BET_AMT": null }, "hk632_33": { "SYS_GAME_LEVEL_CODE_ID": 27, "SUB_LEVEL_CODE_ID": 41, "SUB_LEVEL_CODE3_ID": 731, "GROUP_NAME": "五尾连中", "NUM": "2尾", "NUM_NAME": "2尾", "ODDS": 42.0, "ODDS_DESC": null, "SORT": "33", "SHOWCLO": "text", "CODE": "hk632", "STATE": 0, "ST": false, "BET_AMT": null }, "hk632_34": { "SYS_GAME_LEVEL_CODE_ID": 27, "SUB_LEVEL_CODE_ID": 41, "SUB_LEVEL_CODE3_ID": 731, "GROUP_NAME": "五尾连中", "NUM": "3尾", "NUM_NAME": "3尾", "ODDS": 42.0, "ODDS_DESC": null, "SORT": "34", "SHOWCLO": "text", "CODE": "hk632", "STATE": 0, "ST": false, "BET_AMT": null }, "hk632_35": { "SYS_GAME_LEVEL_CODE_ID": 27, "SUB_LEVEL_CODE_ID": 41, "SUB_LEVEL_CODE3_ID": 731, "GROUP_NAME": "五尾连中", "NUM": "4尾", "NUM_NAME": "4尾", "ODDS": 42.0, "ODDS_DESC": null, "SORT": "35", "SHOWCLO": "text", "CODE": "hk632", "STATE": 0, "ST": false, "BET_AMT": null }, "hk632_36": { "SYS_GAME_LEVEL_CODE_ID": 27, "SUB_LEVEL_CODE_ID": 41, "SUB_LEVEL_CODE3_ID": 731, "GROUP_NAME": "五尾连中", "NUM": "5尾", "NUM_NAME": "5尾", "ODDS": 42.0, "ODDS_DESC": null, "SORT": "36", "SHOWCLO": "text", "CODE": "hk632", "STATE": 0, "ST": false, "BET_AMT": null }, "hk632_37": { "SYS_GAME_LEVEL_CODE_ID": 27, "SUB_LEVEL_CODE_ID": 41, "SUB_LEVEL_CODE3_ID": 731, "GROUP_NAME": "五尾连中", "NUM": "6尾", "NUM_NAME": "6尾", "ODDS": 42.0, "ODDS_DESC": null, "SORT": "37", "SHOWCLO": "text", "CODE": "hk632", "STATE": 0, "ST": false, "BET_AMT": null }, "hk632_38": { "SYS_GAME_LEVEL_CODE_ID": 27, "SUB_LEVEL_CODE_ID": 41, "SUB_LEVEL_CODE3_ID": 731, "GROUP_NAME": "五尾连中", "NUM": "7尾", "NUM_NAME": "7尾", "ODDS": 42.0, "ODDS_DESC": null, "SORT": "38", "SHOWCLO": "text", "CODE": "hk632", "STATE": 0, "ST": false, "BET_AMT": null }, "hk632_39": { "SYS_GAME_LEVEL_CODE_ID": 27, "SUB_LEVEL_CODE_ID": 41, "SUB_LEVEL_CODE3_ID": 731, "GROUP_NAME": "五尾连中", "NUM": "8尾", "NUM_NAME": "8尾", "ODDS": 42.0, "ODDS_DESC": null, "SORT": "39", "SHOWCLO": "text", "CODE": "hk632", "STATE": 0, "ST": false, "BET_AMT": null }, "hk632_40": { "SYS_GAME_LEVEL_CODE_ID": 27, "SUB_LEVEL_CODE_ID": 41, "SUB_LEVEL_CODE3_ID": 731, "GROUP_NAME": "五尾连中", "NUM": "9尾", "NUM_NAME": "9尾", "ODDS": 42.0, "ODDS_DESC": null, "SORT": "40", "SHOWCLO": "text", "CODE": "hk632", "STATE": 0, "ST": false, "BET_AMT": null } } }