﻿{"hk612":{"hk612_1":{"ID":27,"ID2":37,"ID3":743,"NAME":"一肖/尾数","NM":"鼠","NM_NE":"鼠","OS":"0.00","DC":null,"SORT":"1","CLO":"text","CE":"hk612","SE":0,"ST":false,"AMT":null},"hk612_2":{"ID":27,"ID2":37,"ID3":743,"NAME":"一肖/尾数","NM":"牛","NM_NE":"牛","OS":"0.00","DC":null,"SORT":"2","CLO":"text","CE":"hk612","SE":0,"ST":false,"AMT":null},"hk612_3":{"ID":27,"ID2":37,"ID3":743,"NAME":"一肖/尾数","NM":"虎","NM_NE":"虎","OS":"0.00","DC":null,"SORT":"3","CLO":"text","CE":"hk612","SE":0,"ST":false,"AMT":null},"hk612_4":{"ID":27,"ID2":37,"ID3":743,"NAME":"一肖/尾数","NM":"兔","NM_NE":"兔","OS":"0.00","DC":null,"SORT":"4","CLO":"text","CE":"hk612","SE":0,"ST":false,"AMT":null},"hk612_5":{"ID":27,"ID2":37,"ID3":743,"NAME":"一肖/尾数","NM":"龙","NM_NE":"龙","OS":"0.00","DC":null,"SORT":"5","CLO":"text","CE":"hk612","SE":0,"ST":false,"AMT":null},"hk612_6":{"ID":27,"ID2":37,"ID3":743,"NAME":"一肖/尾数","NM":"蛇","NM_NE":"蛇","OS":"0.00","DC":null,"SORT":"6","CLO":"text","CE":"hk612","SE":0,"ST":false,"AMT":null},"hk612_7":{"ID":27,"ID2":37,"ID3":743,"NAME":"一肖/尾数","NM":"马","NM_NE":"马","OS":"0.00","DC":null,"SORT":"7","CLO":"text","CE":"hk612","SE":0,"ST":false,"AMT":null},"hk612_8":{"ID":27,"ID2":37,"ID3":743,"NAME":"一肖/尾数","NM":"羊","NM_NE":"羊","OS":"0.00","DC":null,"SORT":"8","CLO":"text","CE":"hk612","SE":0,"ST":false,"AMT":null},"hk612_9":{"ID":27,"ID2":37,"ID3":743,"NAME":"一肖/尾数","NM":"猴","NM_NE":"猴","OS":"0.00","DC":null,"SORT":"9","CLO":"text","CE":"hk612","SE":0,"ST":false,"AMT":null},"hk612_10":{"ID":27,"ID2":37,"ID3":743,"NAME":"一肖/尾数","NM":"鸡","NM_NE":"鸡","OS":"0.00","DC":null,"SORT":"10","CLO":"text","CE":"hk612","SE":0,"ST":false,"AMT":null},"hk612_11":{"ID":27,"ID2":37,"ID3":743,"NAME":"一肖/尾数","NM":"狗","NM_NE":"狗","OS":"0.00","DC":null,"SORT":"11","CLO":"text","CE":"hk612","SE":0,"ST":false,"AMT":null},"hk612_12":{"ID":27,"ID2":37,"ID3":743,"NAME":"一肖/尾数","NM":"猪","NM_NE":"猪","OS":"0.00","DC":null,"SORT":"12","CLO":"text","CE":"hk612","SE":0,"ST":false,"AMT":null},"hk612_13":{"ID":27,"ID2":37,"ID3":743,"NAME":"一肖/尾数","NM":"0尾","NM_NE":"0尾","OS":"0.00","DC":null,"SORT":"13","CLO":"text","CE":"hk612","SE":0,"ST":false,"AMT":null},"hk612_14":{"ID":27,"ID2":37,"ID3":743,"NAME":"一肖/尾数","NM":"1尾","NM_NE":"1尾","OS":"0.00","DC":null,"SORT":"14","CLO":"text","CE":"hk612","SE":0,"ST":false,"AMT":null},"hk612_15":{"ID":27,"ID2":37,"ID3":743,"NAME":"一肖/尾数","NM":"2尾","NM_NE":"2尾","OS":"0.00","DC":null,"SORT":"15","CLO":"text","CE":"hk612","SE":0,"ST":false,"AMT":null},"hk612_16":{"ID":27,"ID2":37,"ID3":743,"NAME":"一肖/尾数","NM":"3尾","NM_NE":"3尾","OS":"0.00","DC":null,"SORT":"16","CLO":"text","CE":"hk612","SE":0,"ST":false,"AMT":null},"hk612_17":{"ID":27,"ID2":37,"ID3":743,"NAME":"一肖/尾数","NM":"4尾","NM_NE":"4尾","OS":"0.00","DC":null,"SORT":"17","CLO":"text","CE":"hk612","SE":0,"ST":false,"AMT":null},"hk612_18":{"ID":27,"ID2":37,"ID3":743,"NAME":"一肖/尾数","NM":"5尾","NM_NE":"5尾","OS":"0.00","DC":null,"SORT":"18","CLO":"text","CE":"hk612","SE":0,"ST":false,"AMT":null},"hk612_19":{"ID":27,"ID2":37,"ID3":743,"NAME":"一肖/尾数","NM":"6尾","NM_NE":"6尾","OS":"0.00","DC":null,"SORT":"19","CLO":"text","CE":"hk612","SE":0,"ST":false,"AMT":null},"hk612_20":{"ID":27,"ID2":37,"ID3":743,"NAME":"一肖/尾数","NM":"7尾","NM_NE":"7尾","OS":"0.00","DC":null,"SORT":"20","CLO":"text","CE":"hk612","SE":0,"ST":false,"AMT":null},"hk612_21":{"ID":27,"ID2":37,"ID3":743,"NAME":"一肖/尾数","NM":"8尾","NM_NE":"8尾","OS":"0.00","DC":null,"SORT":"21","CLO":"text","CE":"hk612","SE":0,"ST":false,"AMT":null},"hk612_22":{"ID":27,"ID2":37,"ID3":743,"NAME":"一肖/尾数","NM":"9尾","NM_NE":"9尾","OS":"0.00","DC":null,"SORT":"22","CLO":"text","CE":"hk612","SE":0,"ST":false,"AMT":null}}}