﻿{"hk610":{"hk610_1":{"ID":27,"ID2":699,"ID3":697,"NAME":"正码B","NM":"1","NM_NE":"1","OS":"0.00","DC":null,"SORT":"1","CLO":"red","CE":"hk610","SE":0,"ST":false,"AMT":null},"hk610_2":{"ID":27,"ID2":699,"ID3":697,"NAME":"正码B","NM":"2","NM_NE":"2","OS":"0.00","DC":null,"SORT":"2","CLO":"red","CE":"hk610","SE":0,"ST":false,"AMT":null},"hk610_3":{"ID":27,"ID2":699,"ID3":697,"NAME":"正码B","NM":"3","NM_NE":"3","OS":"0.00","DC":null,"SORT":"3","CLO":"blue","CE":"hk610","SE":0,"ST":false,"AMT":null},"hk610_4":{"ID":27,"ID2":699,"ID3":697,"NAME":"正码B","NM":"4","NM_NE":"4","OS":"0.00","DC":null,"SORT":"4","CLO":"blue","CE":"hk610","SE":0,"ST":false,"AMT":null},"hk610_5":{"ID":27,"ID2":699,"ID3":697,"NAME":"正码B","NM":"5","NM_NE":"5","OS":"0.00","DC":null,"SORT":"5","CLO":"green","CE":"hk610","SE":0,"ST":false,"AMT":null},"hk610_6":{"ID":27,"ID2":699,"ID3":697,"NAME":"正码B","NM":"6","NM_NE":"6","OS":"0.00","DC":null,"SORT":"6","CLO":"green","CE":"hk610","SE":0,"ST":false,"AMT":null},"hk610_7":{"ID":27,"ID2":699,"ID3":697,"NAME":"正码B","NM":"7","NM_NE":"7","OS":"0.00","DC":null,"SORT":"7","CLO":"red","CE":"hk610","SE":0,"ST":false,"AMT":null},"hk610_8":{"ID":27,"ID2":699,"ID3":697,"NAME":"正码B","NM":"8","NM_NE":"8","OS":"0.00","DC":null,"SORT":"8","CLO":"red","CE":"hk610","SE":0,"ST":false,"AMT":null},"hk610_9":{"ID":27,"ID2":699,"ID3":697,"NAME":"正码B","NM":"9","NM_NE":"9","OS":"0.00","DC":null,"SORT":"9","CLO":"blue","CE":"hk610","SE":0,"ST":false,"AMT":null},"hk610_10":{"ID":27,"ID2":699,"ID3":697,"NAME":"正码B","NM":"10","NM_NE":"10","OS":"0.00","DC":null,"SORT":"10","CLO":"blue","CE":"hk610","SE":0,"ST":false,"AMT":null},"hk610_11":{"ID":27,"ID2":699,"ID3":697,"NAME":"正码B","NM":"11","NM_NE":"11","OS":"0.00","DC":null,"SORT":"11","CLO":"green","CE":"hk610","SE":0,"ST":false,"AMT":null},"hk610_12":{"ID":27,"ID2":699,"ID3":697,"NAME":"正码B","NM":"12","NM_NE":"12","OS":"0.00","DC":null,"SORT":"12","CLO":"red","CE":"hk610","SE":0,"ST":false,"AMT":null},"hk610_13":{"ID":27,"ID2":699,"ID3":697,"NAME":"正码B","NM":"13","NM_NE":"13","OS":"0.00","DC":null,"SORT":"13","CLO":"red","CE":"hk610","SE":0,"ST":false,"AMT":null},"hk610_14":{"ID":27,"ID2":699,"ID3":697,"NAME":"正码B","NM":"14","NM_NE":"14","OS":"0.00","DC":null,"SORT":"14","CLO":"blue","CE":"hk610","SE":0,"ST":false,"AMT":null},"hk610_15":{"ID":27,"ID2":699,"ID3":697,"NAME":"正码B","NM":"15","NM_NE":"15","OS":"0.00","DC":null,"SORT":"15","CLO":"blue","CE":"hk610","SE":0,"ST":false,"AMT":null},"hk610_16":{"ID":27,"ID2":699,"ID3":697,"NAME":"正码B","NM":"16","NM_NE":"16","OS":"0.00","DC":null,"SORT":"16","CLO":"green","CE":"hk610","SE":0,"ST":false,"AMT":null},"hk610_17":{"ID":27,"ID2":699,"ID3":697,"NAME":"正码B","NM":"17","NM_NE":"17","OS":"0.00","DC":null,"SORT":"17","CLO":"green","CE":"hk610","SE":0,"ST":false,"AMT":null},"hk610_18":{"ID":27,"ID2":699,"ID3":697,"NAME":"正码B","NM":"18","NM_NE":"18","OS":"0.00","DC":null,"SORT":"18","CLO":"red","CE":"hk610","SE":0,"ST":false,"AMT":null},"hk610_19":{"ID":27,"ID2":699,"ID3":697,"NAME":"正码B","NM":"19","NM_NE":"19","OS":"0.00","DC":null,"SORT":"19","CLO":"red","CE":"hk610","SE":0,"ST":false,"AMT":null},"hk610_20":{"ID":27,"ID2":699,"ID3":697,"NAME":"正码B","NM":"20","NM_NE":"20","OS":"0.00","DC":null,"SORT":"20","CLO":"blue","CE":"hk610","SE":0,"ST":false,"AMT":null},"hk610_21":{"ID":27,"ID2":699,"ID3":697,"NAME":"正码B","NM":"21","NM_NE":"21","OS":"0.00","DC":null,"SORT":"21","CLO":"green","CE":"hk610","SE":0,"ST":false,"AMT":null},"hk610_22":{"ID":27,"ID2":699,"ID3":697,"NAME":"正码B","NM":"22","NM_NE":"22","OS":"0.00","DC":null,"SORT":"22","CLO":"green","CE":"hk610","SE":0,"ST":false,"AMT":null},"hk610_23":{"ID":27,"ID2":699,"ID3":697,"NAME":"正码B","NM":"23","NM_NE":"23","OS":"0.00","DC":null,"SORT":"23","CLO":"red","CE":"hk610","SE":0,"ST":false,"AMT":null},"hk610_24":{"ID":27,"ID2":699,"ID3":697,"NAME":"正码B","NM":"24","NM_NE":"24","OS":"0.00","DC":null,"SORT":"24","CLO":"red","CE":"hk610","SE":0,"ST":false,"AMT":null},"hk610_25":{"ID":27,"ID2":699,"ID3":697,"NAME":"正码B","NM":"25","NM_NE":"25","OS":"0.00","DC":null,"SORT":"25","CLO":"blue","CE":"hk610","SE":0,"ST":false,"AMT":null},"hk610_26":{"ID":27,"ID2":699,"ID3":697,"NAME":"正码B","NM":"26","NM_NE":"26","OS":"0.00","DC":null,"SORT":"26","CLO":"blue","CE":"hk610","SE":0,"ST":false,"AMT":null},"hk610_27":{"ID":27,"ID2":699,"ID3":697,"NAME":"正码B","NM":"27","NM_NE":"27","OS":"0.00","DC":null,"SORT":"27","CLO":"green","CE":"hk610","SE":0,"ST":false,"AMT":null},"hk610_28":{"ID":27,"ID2":699,"ID3":697,"NAME":"正码B","NM":"28","NM_NE":"28","OS":"0.00","DC":null,"SORT":"28","CLO":"green","CE":"hk610","SE":0,"ST":false,"AMT":null},"hk610_29":{"ID":27,"ID2":699,"ID3":697,"NAME":"正码B","NM":"29","NM_NE":"29","OS":"0.00","DC":null,"SORT":"29","CLO":"red","CE":"hk610","SE":0,"ST":false,"AMT":null},"hk610_30":{"ID":27,"ID2":699,"ID3":697,"NAME":"正码B","NM":"30","NM_NE":"30","OS":"0.00","DC":null,"SORT":"30","CLO":"red","CE":"hk610","SE":0,"ST":false,"AMT":null},"hk610_31":{"ID":27,"ID2":699,"ID3":697,"NAME":"正码B","NM":"31","NM_NE":"31","OS":"0.00","DC":null,"SORT":"31","CLO":"blue","CE":"hk610","SE":0,"ST":false,"AMT":null},"hk610_32":{"ID":27,"ID2":699,"ID3":697,"NAME":"正码B","NM":"32","NM_NE":"32","OS":"0.00","DC":null,"SORT":"32","CLO":"green","CE":"hk610","SE":0,"ST":false,"AMT":null},"hk610_33":{"ID":27,"ID2":699,"ID3":697,"NAME":"正码B","NM":"33","NM_NE":"33","OS":"0.00","DC":null,"SORT":"33","CLO":"green","CE":"hk610","SE":0,"ST":false,"AMT":null},"hk610_34":{"ID":27,"ID2":699,"ID3":697,"NAME":"正码B","NM":"34","NM_NE":"34","OS":"0.00","DC":null,"SORT":"34","CLO":"red","CE":"hk610","SE":0,"ST":false,"AMT":null},"hk610_35":{"ID":27,"ID2":699,"ID3":697,"NAME":"正码B","NM":"35","NM_NE":"35","OS":"0.00","DC":null,"SORT":"35","CLO":"red","CE":"hk610","SE":0,"ST":false,"AMT":null},"hk610_36":{"ID":27,"ID2":699,"ID3":697,"NAME":"正码B","NM":"36","NM_NE":"36","OS":"0.00","DC":null,"SORT":"36","CLO":"blue","CE":"hk610","SE":0,"ST":false,"AMT":null},"hk610_37":{"ID":27,"ID2":699,"ID3":697,"NAME":"正码B","NM":"37","NM_NE":"37","OS":"0.00","DC":null,"SORT":"37","CLO":"blue","CE":"hk610","SE":0,"ST":false,"AMT":null},"hk610_38":{"ID":27,"ID2":699,"ID3":697,"NAME":"正码B","NM":"38","NM_NE":"38","OS":"0.00","DC":null,"SORT":"38","CLO":"green","CE":"hk610","SE":0,"ST":false,"AMT":null},"hk610_39":{"ID":27,"ID2":699,"ID3":697,"NAME":"正码B","NM":"39","NM_NE":"39","OS":"0.00","DC":null,"SORT":"39","CLO":"green","CE":"hk610","SE":0,"ST":false,"AMT":null},"hk610_40":{"ID":27,"ID2":699,"ID3":697,"NAME":"正码B","NM":"40","NM_NE":"40","OS":"0.00","DC":null,"SORT":"40","CLO":"red","CE":"hk610","SE":0,"ST":false,"AMT":null},"hk610_41":{"ID":27,"ID2":699,"ID3":697,"NAME":"正码B","NM":"41","NM_NE":"41","OS":"0.00","DC":null,"SORT":"41","CLO":"blue","CE":"hk610","SE":0,"ST":false,"AMT":null},"hk610_42":{"ID":27,"ID2":699,"ID3":697,"NAME":"正码B","NM":"42","NM_NE":"42","OS":"0.00","DC":null,"SORT":"42","CLO":"blue","CE":"hk610","SE":0,"ST":false,"AMT":null},"hk610_43":{"ID":27,"ID2":699,"ID3":697,"NAME":"正码B","NM":"43","NM_NE":"43","OS":"0.00","DC":null,"SORT":"43","CLO":"green","CE":"hk610","SE":0,"ST":false,"AMT":null},"hk610_44":{"ID":27,"ID2":699,"ID3":697,"NAME":"正码B","NM":"44","NM_NE":"44","OS":"0.00","DC":null,"SORT":"44","CLO":"green","CE":"hk610","SE":0,"ST":false,"AMT":null},"hk610_45":{"ID":27,"ID2":699,"ID3":697,"NAME":"正码B","NM":"45","NM_NE":"45","OS":"0.00","DC":null,"SORT":"45","CLO":"red","CE":"hk610","SE":0,"ST":false,"AMT":null},"hk610_46":{"ID":27,"ID2":699,"ID3":697,"NAME":"正码B","NM":"46","NM_NE":"46","OS":"0.00","DC":null,"SORT":"46","CLO":"red","CE":"hk610","SE":0,"ST":false,"AMT":null},"hk610_47":{"ID":27,"ID2":699,"ID3":697,"NAME":"正码B","NM":"47","NM_NE":"47","OS":"0.00","DC":null,"SORT":"47","CLO":"blue","CE":"hk610","SE":0,"ST":false,"AMT":null},"hk610_48":{"ID":27,"ID2":699,"ID3":697,"NAME":"正码B","NM":"48","NM_NE":"48","OS":"0.00","DC":null,"SORT":"48","CLO":"blue","CE":"hk610","SE":0,"ST":false,"AMT":null},"hk610_49":{"ID":27,"ID2":699,"ID3":697,"NAME":"正码B","NM":"49","NM_NE":"49","OS":"0.00","DC":null,"SORT":"49","CLO":"green","CE":"hk610","SE":0,"ST":false,"AMT":null},"hk610_50":{"ID":27,"ID2":699,"ID3":697,"NAME":"正码B","NM":"鼠","NM_NE":"鼠","OS":"0.00","DC":null,"SORT":"50","CLO":"text","CE":"hk610","SE":0,"ST":false,"AMT":null},"hk610_51":{"ID":27,"ID2":699,"ID3":697,"NAME":"正码B","NM":"牛","NM_NE":"牛","OS":"0.00","DC":null,"SORT":"51","CLO":"text","CE":"hk610","SE":0,"ST":false,"AMT":null},"hk610_52":{"ID":27,"ID2":699,"ID3":697,"NAME":"正码B","NM":"虎","NM_NE":"虎","OS":"0.00","DC":null,"SORT":"52","CLO":"text","CE":"hk610","SE":0,"ST":false,"AMT":null},"hk610_53":{"ID":27,"ID2":699,"ID3":697,"NAME":"正码B","NM":"兔","NM_NE":"兔","OS":"0.00","DC":null,"SORT":"53","CLO":"text","CE":"hk610","SE":0,"ST":false,"AMT":null},"hk610_54":{"ID":27,"ID2":699,"ID3":697,"NAME":"正码B","NM":"龙","NM_NE":"龙","OS":"0.00","DC":null,"SORT":"54","CLO":"text","CE":"hk610","SE":0,"ST":false,"AMT":null},"hk610_55":{"ID":27,"ID2":699,"ID3":697,"NAME":"正码B","NM":"蛇","NM_NE":"蛇","OS":"0.00","DC":null,"SORT":"55","CLO":"text","CE":"hk610","SE":0,"ST":false,"AMT":null},"hk610_56":{"ID":27,"ID2":699,"ID3":697,"NAME":"正码B","NM":"马","NM_NE":"马","OS":"0.00","DC":null,"SORT":"56","CLO":"text","CE":"hk610","SE":0,"ST":false,"AMT":null},"hk610_57":{"ID":27,"ID2":699,"ID3":697,"NAME":"正码B","NM":"羊","NM_NE":"羊","OS":"0.00","DC":null,"SORT":"57","CLO":"text","CE":"hk610","SE":0,"ST":false,"AMT":null},"hk610_58":{"ID":27,"ID2":699,"ID3":697,"NAME":"正码B","NM":"猴","NM_NE":"猴","OS":"0.00","DC":null,"SORT":"58","CLO":"text","CE":"hk610","SE":0,"ST":false,"AMT":null},"hk610_59":{"ID":27,"ID2":699,"ID3":697,"NAME":"正码B","NM":"鸡","NM_NE":"鸡","OS":"0.00","DC":null,"SORT":"59","CLO":"text","CE":"hk610","SE":0,"ST":false,"AMT":null},"hk610_60":{"ID":27,"ID2":699,"ID3":697,"NAME":"正码B","NM":"狗","NM_NE":"狗","OS":"0.00","DC":null,"SORT":"60","CLO":"text","CE":"hk610","SE":0,"ST":false,"AMT":null},"hk610_61":{"ID":27,"ID2":699,"ID3":697,"NAME":"正码B","NM":"猪","NM_NE":"猪","OS":"0.00","DC":null,"SORT":"61","CLO":"text","CE":"hk610","SE":0,"ST":false,"AMT":null}},"hk69":{"hk69_1":{"ID":27,"ID2":699,"ID3":696,"NAME":"正码A","NM":"1","NM_NE":"1","OS":"0.00","DC":null,"SORT":"1","CLO":"red","CE":"hk69","SE":0,"ST":false,"AMT":null},"hk69_2":{"ID":27,"ID2":699,"ID3":696,"NAME":"正码A","NM":"2","NM_NE":"2","OS":"0.00","DC":null,"SORT":"2","CLO":"red","CE":"hk69","SE":0,"ST":false,"AMT":null},"hk69_3":{"ID":27,"ID2":699,"ID3":696,"NAME":"正码A","NM":"3","NM_NE":"3","OS":"0.00","DC":null,"SORT":"3","CLO":"blue","CE":"hk69","SE":0,"ST":false,"AMT":null},"hk69_4":{"ID":27,"ID2":699,"ID3":696,"NAME":"正码A","NM":"4","NM_NE":"4","OS":"0.00","DC":null,"SORT":"4","CLO":"blue","CE":"hk69","SE":0,"ST":false,"AMT":null},"hk69_5":{"ID":27,"ID2":699,"ID3":696,"NAME":"正码A","NM":"5","NM_NE":"5","OS":"0.00","DC":null,"SORT":"5","CLO":"green","CE":"hk69","SE":0,"ST":false,"AMT":null},"hk69_6":{"ID":27,"ID2":699,"ID3":696,"NAME":"正码A","NM":"6","NM_NE":"6","OS":"0.00","DC":null,"SORT":"6","CLO":"green","CE":"hk69","SE":0,"ST":false,"AMT":null},"hk69_7":{"ID":27,"ID2":699,"ID3":696,"NAME":"正码A","NM":"7","NM_NE":"7","OS":"0.00","DC":null,"SORT":"7","CLO":"red","CE":"hk69","SE":0,"ST":false,"AMT":null},"hk69_8":{"ID":27,"ID2":699,"ID3":696,"NAME":"正码A","NM":"8","NM_NE":"8","OS":"0.00","DC":null,"SORT":"8","CLO":"red","CE":"hk69","SE":0,"ST":false,"AMT":null},"hk69_9":{"ID":27,"ID2":699,"ID3":696,"NAME":"正码A","NM":"9","NM_NE":"9","OS":"0.00","DC":null,"SORT":"9","CLO":"blue","CE":"hk69","SE":0,"ST":false,"AMT":null},"hk69_10":{"ID":27,"ID2":699,"ID3":696,"NAME":"正码A","NM":"10","NM_NE":"10","OS":"0.00","DC":null,"SORT":"10","CLO":"blue","CE":"hk69","SE":0,"ST":false,"AMT":null},"hk69_11":{"ID":27,"ID2":699,"ID3":696,"NAME":"正码A","NM":"11","NM_NE":"11","OS":"0.00","DC":null,"SORT":"11","CLO":"green","CE":"hk69","SE":0,"ST":false,"AMT":null},"hk69_12":{"ID":27,"ID2":699,"ID3":696,"NAME":"正码A","NM":"12","NM_NE":"12","OS":"0.00","DC":null,"SORT":"12","CLO":"red","CE":"hk69","SE":0,"ST":false,"AMT":null},"hk69_13":{"ID":27,"ID2":699,"ID3":696,"NAME":"正码A","NM":"13","NM_NE":"13","OS":"0.00","DC":null,"SORT":"13","CLO":"red","CE":"hk69","SE":0,"ST":false,"AMT":null},"hk69_14":{"ID":27,"ID2":699,"ID3":696,"NAME":"正码A","NM":"14","NM_NE":"14","OS":"0.00","DC":null,"SORT":"14","CLO":"blue","CE":"hk69","SE":0,"ST":false,"AMT":null},"hk69_15":{"ID":27,"ID2":699,"ID3":696,"NAME":"正码A","NM":"15","NM_NE":"15","OS":"0.00","DC":null,"SORT":"15","CLO":"blue","CE":"hk69","SE":0,"ST":false,"AMT":null},"hk69_16":{"ID":27,"ID2":699,"ID3":696,"NAME":"正码A","NM":"16","NM_NE":"16","OS":"0.00","DC":null,"SORT":"16","CLO":"green","CE":"hk69","SE":0,"ST":false,"AMT":null},"hk69_17":{"ID":27,"ID2":699,"ID3":696,"NAME":"正码A","NM":"17","NM_NE":"17","OS":"0.00","DC":null,"SORT":"17","CLO":"green","CE":"hk69","SE":0,"ST":false,"AMT":null},"hk69_18":{"ID":27,"ID2":699,"ID3":696,"NAME":"正码A","NM":"18","NM_NE":"18","OS":"0.00","DC":null,"SORT":"18","CLO":"red","CE":"hk69","SE":0,"ST":false,"AMT":null},"hk69_19":{"ID":27,"ID2":699,"ID3":696,"NAME":"正码A","NM":"19","NM_NE":"19","OS":"0.00","DC":null,"SORT":"19","CLO":"red","CE":"hk69","SE":0,"ST":false,"AMT":null},"hk69_20":{"ID":27,"ID2":699,"ID3":696,"NAME":"正码A","NM":"20","NM_NE":"20","OS":"0.00","DC":null,"SORT":"20","CLO":"blue","CE":"hk69","SE":0,"ST":false,"AMT":null},"hk69_21":{"ID":27,"ID2":699,"ID3":696,"NAME":"正码A","NM":"21","NM_NE":"21","OS":"0.00","DC":null,"SORT":"21","CLO":"green","CE":"hk69","SE":0,"ST":false,"AMT":null},"hk69_22":{"ID":27,"ID2":699,"ID3":696,"NAME":"正码A","NM":"22","NM_NE":"22","OS":"0.00","DC":null,"SORT":"22","CLO":"green","CE":"hk69","SE":0,"ST":false,"AMT":null},"hk69_23":{"ID":27,"ID2":699,"ID3":696,"NAME":"正码A","NM":"23","NM_NE":"23","OS":"0.00","DC":null,"SORT":"23","CLO":"red","CE":"hk69","SE":0,"ST":false,"AMT":null},"hk69_24":{"ID":27,"ID2":699,"ID3":696,"NAME":"正码A","NM":"24","NM_NE":"24","OS":"0.00","DC":null,"SORT":"24","CLO":"red","CE":"hk69","SE":0,"ST":false,"AMT":null},"hk69_25":{"ID":27,"ID2":699,"ID3":696,"NAME":"正码A","NM":"25","NM_NE":"25","OS":"0.00","DC":null,"SORT":"25","CLO":"blue","CE":"hk69","SE":0,"ST":false,"AMT":null},"hk69_26":{"ID":27,"ID2":699,"ID3":696,"NAME":"正码A","NM":"26","NM_NE":"26","OS":"0.00","DC":null,"SORT":"26","CLO":"blue","CE":"hk69","SE":0,"ST":false,"AMT":null},"hk69_27":{"ID":27,"ID2":699,"ID3":696,"NAME":"正码A","NM":"27","NM_NE":"27","OS":"0.00","DC":null,"SORT":"27","CLO":"green","CE":"hk69","SE":0,"ST":false,"AMT":null},"hk69_28":{"ID":27,"ID2":699,"ID3":696,"NAME":"正码A","NM":"28","NM_NE":"28","OS":"0.00","DC":null,"SORT":"28","CLO":"green","CE":"hk69","SE":0,"ST":false,"AMT":null},"hk69_29":{"ID":27,"ID2":699,"ID3":696,"NAME":"正码A","NM":"29","NM_NE":"29","OS":"0.00","DC":null,"SORT":"29","CLO":"red","CE":"hk69","SE":0,"ST":false,"AMT":null},"hk69_30":{"ID":27,"ID2":699,"ID3":696,"NAME":"正码A","NM":"30","NM_NE":"30","OS":"0.00","DC":null,"SORT":"30","CLO":"red","CE":"hk69","SE":0,"ST":false,"AMT":null},"hk69_31":{"ID":27,"ID2":699,"ID3":696,"NAME":"正码A","NM":"31","NM_NE":"31","OS":"0.00","DC":null,"SORT":"31","CLO":"blue","CE":"hk69","SE":0,"ST":false,"AMT":null},"hk69_32":{"ID":27,"ID2":699,"ID3":696,"NAME":"正码A","NM":"32","NM_NE":"32","OS":"0.00","DC":null,"SORT":"32","CLO":"green","CE":"hk69","SE":0,"ST":false,"AMT":null},"hk69_33":{"ID":27,"ID2":699,"ID3":696,"NAME":"正码A","NM":"33","NM_NE":"33","OS":"0.00","DC":null,"SORT":"33","CLO":"green","CE":"hk69","SE":0,"ST":false,"AMT":null},"hk69_34":{"ID":27,"ID2":699,"ID3":696,"NAME":"正码A","NM":"34","NM_NE":"34","OS":"0.00","DC":null,"SORT":"34","CLO":"red","CE":"hk69","SE":0,"ST":false,"AMT":null},"hk69_35":{"ID":27,"ID2":699,"ID3":696,"NAME":"正码A","NM":"35","NM_NE":"35","OS":"0.00","DC":null,"SORT":"35","CLO":"red","CE":"hk69","SE":0,"ST":false,"AMT":null},"hk69_36":{"ID":27,"ID2":699,"ID3":696,"NAME":"正码A","NM":"36","NM_NE":"36","OS":"0.00","DC":null,"SORT":"36","CLO":"blue","CE":"hk69","SE":0,"ST":false,"AMT":null},"hk69_37":{"ID":27,"ID2":699,"ID3":696,"NAME":"正码A","NM":"37","NM_NE":"37","OS":"0.00","DC":null,"SORT":"37","CLO":"blue","CE":"hk69","SE":0,"ST":false,"AMT":null},"hk69_38":{"ID":27,"ID2":699,"ID3":696,"NAME":"正码A","NM":"38","NM_NE":"38","OS":"0.00","DC":null,"SORT":"38","CLO":"green","CE":"hk69","SE":0,"ST":false,"AMT":null},"hk69_39":{"ID":27,"ID2":699,"ID3":696,"NAME":"正码A","NM":"39","NM_NE":"39","OS":"0.00","DC":null,"SORT":"39","CLO":"green","CE":"hk69","SE":0,"ST":false,"AMT":null},"hk69_40":{"ID":27,"ID2":699,"ID3":696,"NAME":"正码A","NM":"40","NM_NE":"40","OS":"0.00","DC":null,"SORT":"40","CLO":"red","CE":"hk69","SE":0,"ST":false,"AMT":null},"hk69_41":{"ID":27,"ID2":699,"ID3":696,"NAME":"正码A","NM":"41","NM_NE":"41","OS":"0.00","DC":null,"SORT":"41","CLO":"blue","CE":"hk69","SE":0,"ST":false,"AMT":null},"hk69_42":{"ID":27,"ID2":699,"ID3":696,"NAME":"正码A","NM":"42","NM_NE":"42","OS":"0.00","DC":null,"SORT":"42","CLO":"blue","CE":"hk69","SE":0,"ST":false,"AMT":null},"hk69_43":{"ID":27,"ID2":699,"ID3":696,"NAME":"正码A","NM":"43","NM_NE":"43","OS":"0.00","DC":null,"SORT":"43","CLO":"green","CE":"hk69","SE":0,"ST":false,"AMT":null},"hk69_44":{"ID":27,"ID2":699,"ID3":696,"NAME":"正码A","NM":"44","NM_NE":"44","OS":"0.00","DC":null,"SORT":"44","CLO":"green","CE":"hk69","SE":0,"ST":false,"AMT":null},"hk69_45":{"ID":27,"ID2":699,"ID3":696,"NAME":"正码A","NM":"45","NM_NE":"45","OS":"0.00","DC":null,"SORT":"45","CLO":"red","CE":"hk69","SE":0,"ST":false,"AMT":null},"hk69_46":{"ID":27,"ID2":699,"ID3":696,"NAME":"正码A","NM":"46","NM_NE":"46","OS":"0.00","DC":null,"SORT":"46","CLO":"red","CE":"hk69","SE":0,"ST":false,"AMT":null},"hk69_47":{"ID":27,"ID2":699,"ID3":696,"NAME":"正码A","NM":"47","NM_NE":"47","OS":"0.00","DC":null,"SORT":"47","CLO":"blue","CE":"hk69","SE":0,"ST":false,"AMT":null},"hk69_48":{"ID":27,"ID2":699,"ID3":696,"NAME":"正码A","NM":"48","NM_NE":"48","OS":"0.00","DC":null,"SORT":"48","CLO":"blue","CE":"hk69","SE":0,"ST":false,"AMT":null},"hk69_49":{"ID":27,"ID2":699,"ID3":696,"NAME":"正码A","NM":"49","NM_NE":"49","OS":"0.00","DC":null,"SORT":"49","CLO":"green","CE":"hk69","SE":0,"ST":false,"AMT":null}}}