﻿{"hk62":{"hk62_1":{"ID":27,"ID2":700,"ID3":30,"NAME":"正一特","NM":"1","NM_NE":"1","OS":"0.00","DC":null,"SORT":"1","CLO":"red","CE":"hk62","SE":0,"ST":false,"AMT":null},"hk62_2":{"ID":27,"ID2":700,"ID3":30,"NAME":"正一特","NM":"2","NM_NE":"2","OS":"0.00","DC":null,"SORT":"2","CLO":"red","CE":"hk62","SE":0,"ST":false,"AMT":null},"hk62_3":{"ID":27,"ID2":700,"ID3":30,"NAME":"正一特","NM":"3","NM_NE":"3","OS":"0.00","DC":null,"SORT":"3","CLO":"blue","CE":"hk62","SE":0,"ST":false,"AMT":null},"hk62_4":{"ID":27,"ID2":700,"ID3":30,"NAME":"正一特","NM":"4","NM_NE":"4","OS":"0.00","DC":null,"SORT":"4","CLO":"blue","CE":"hk62","SE":0,"ST":false,"AMT":null},"hk62_5":{"ID":27,"ID2":700,"ID3":30,"NAME":"正一特","NM":"5","NM_NE":"5","OS":"0.00","DC":null,"SORT":"5","CLO":"green","CE":"hk62","SE":0,"ST":false,"AMT":null},"hk62_6":{"ID":27,"ID2":700,"ID3":30,"NAME":"正一特","NM":"6","NM_NE":"6","OS":"0.00","DC":null,"SORT":"6","CLO":"green","CE":"hk62","SE":0,"ST":false,"AMT":null},"hk62_7":{"ID":27,"ID2":700,"ID3":30,"NAME":"正一特","NM":"7","NM_NE":"7","OS":"0.00","DC":null,"SORT":"7","CLO":"red","CE":"hk62","SE":0,"ST":false,"AMT":null},"hk62_8":{"ID":27,"ID2":700,"ID3":30,"NAME":"正一特","NM":"8","NM_NE":"8","OS":"0.00","DC":null,"SORT":"8","CLO":"red","CE":"hk62","SE":0,"ST":false,"AMT":null},"hk62_9":{"ID":27,"ID2":700,"ID3":30,"NAME":"正一特","NM":"9","NM_NE":"9","OS":"0.00","DC":null,"SORT":"9","CLO":"blue","CE":"hk62","SE":0,"ST":false,"AMT":null},"hk62_10":{"ID":27,"ID2":700,"ID3":30,"NAME":"正一特","NM":"10","NM_NE":"10","OS":"0.00","DC":null,"SORT":"10","CLO":"blue","CE":"hk62","SE":0,"ST":false,"AMT":null},"hk62_11":{"ID":27,"ID2":700,"ID3":30,"NAME":"正一特","NM":"11","NM_NE":"11","OS":"0.00","DC":null,"SORT":"11","CLO":"green","CE":"hk62","SE":0,"ST":false,"AMT":null},"hk62_12":{"ID":27,"ID2":700,"ID3":30,"NAME":"正一特","NM":"12","NM_NE":"12","OS":"0.00","DC":null,"SORT":"12","CLO":"red","CE":"hk62","SE":0,"ST":false,"AMT":null},"hk62_13":{"ID":27,"ID2":700,"ID3":30,"NAME":"正一特","NM":"13","NM_NE":"13","OS":"0.00","DC":null,"SORT":"13","CLO":"red","CE":"hk62","SE":0,"ST":false,"AMT":null},"hk62_14":{"ID":27,"ID2":700,"ID3":30,"NAME":"正一特","NM":"14","NM_NE":"14","OS":"0.00","DC":null,"SORT":"14","CLO":"blue","CE":"hk62","SE":0,"ST":false,"AMT":null},"hk62_15":{"ID":27,"ID2":700,"ID3":30,"NAME":"正一特","NM":"15","NM_NE":"15","OS":"0.00","DC":null,"SORT":"15","CLO":"blue","CE":"hk62","SE":0,"ST":false,"AMT":null},"hk62_16":{"ID":27,"ID2":700,"ID3":30,"NAME":"正一特","NM":"16","NM_NE":"16","OS":"0.00","DC":null,"SORT":"16","CLO":"green","CE":"hk62","SE":0,"ST":false,"AMT":null},"hk62_17":{"ID":27,"ID2":700,"ID3":30,"NAME":"正一特","NM":"17","NM_NE":"17","OS":"0.00","DC":null,"SORT":"17","CLO":"green","CE":"hk62","SE":0,"ST":false,"AMT":null},"hk62_18":{"ID":27,"ID2":700,"ID3":30,"NAME":"正一特","NM":"18","NM_NE":"18","OS":"0.00","DC":null,"SORT":"18","CLO":"red","CE":"hk62","SE":0,"ST":false,"AMT":null},"hk62_19":{"ID":27,"ID2":700,"ID3":30,"NAME":"正一特","NM":"19","NM_NE":"19","OS":"0.00","DC":null,"SORT":"19","CLO":"red","CE":"hk62","SE":0,"ST":false,"AMT":null},"hk62_20":{"ID":27,"ID2":700,"ID3":30,"NAME":"正一特","NM":"20","NM_NE":"20","OS":"0.00","DC":null,"SORT":"20","CLO":"blue","CE":"hk62","SE":0,"ST":false,"AMT":null},"hk62_21":{"ID":27,"ID2":700,"ID3":30,"NAME":"正一特","NM":"21","NM_NE":"21","OS":"0.00","DC":null,"SORT":"21","CLO":"green","CE":"hk62","SE":0,"ST":false,"AMT":null},"hk62_22":{"ID":27,"ID2":700,"ID3":30,"NAME":"正一特","NM":"22","NM_NE":"22","OS":"0.00","DC":null,"SORT":"22","CLO":"green","CE":"hk62","SE":0,"ST":false,"AMT":null},"hk62_23":{"ID":27,"ID2":700,"ID3":30,"NAME":"正一特","NM":"23","NM_NE":"23","OS":"0.00","DC":null,"SORT":"23","CLO":"red","CE":"hk62","SE":0,"ST":false,"AMT":null},"hk62_24":{"ID":27,"ID2":700,"ID3":30,"NAME":"正一特","NM":"24","NM_NE":"24","OS":"0.00","DC":null,"SORT":"24","CLO":"red","CE":"hk62","SE":0,"ST":false,"AMT":null},"hk62_25":{"ID":27,"ID2":700,"ID3":30,"NAME":"正一特","NM":"25","NM_NE":"25","OS":"0.00","DC":null,"SORT":"25","CLO":"blue","CE":"hk62","SE":0,"ST":false,"AMT":null},"hk62_26":{"ID":27,"ID2":700,"ID3":30,"NAME":"正一特","NM":"26","NM_NE":"26","OS":"0.00","DC":null,"SORT":"26","CLO":"blue","CE":"hk62","SE":0,"ST":false,"AMT":null},"hk62_27":{"ID":27,"ID2":700,"ID3":30,"NAME":"正一特","NM":"27","NM_NE":"27","OS":"0.00","DC":null,"SORT":"27","CLO":"green","CE":"hk62","SE":0,"ST":false,"AMT":null},"hk62_28":{"ID":27,"ID2":700,"ID3":30,"NAME":"正一特","NM":"28","NM_NE":"28","OS":"0.00","DC":null,"SORT":"28","CLO":"green","CE":"hk62","SE":0,"ST":false,"AMT":null},"hk62_29":{"ID":27,"ID2":700,"ID3":30,"NAME":"正一特","NM":"29","NM_NE":"29","OS":"0.00","DC":null,"SORT":"29","CLO":"red","CE":"hk62","SE":0,"ST":false,"AMT":null},"hk62_30":{"ID":27,"ID2":700,"ID3":30,"NAME":"正一特","NM":"30","NM_NE":"30","OS":"0.00","DC":null,"SORT":"30","CLO":"red","CE":"hk62","SE":0,"ST":false,"AMT":null},"hk62_31":{"ID":27,"ID2":700,"ID3":30,"NAME":"正一特","NM":"31","NM_NE":"31","OS":"0.00","DC":null,"SORT":"31","CLO":"blue","CE":"hk62","SE":0,"ST":false,"AMT":null},"hk62_32":{"ID":27,"ID2":700,"ID3":30,"NAME":"正一特","NM":"32","NM_NE":"32","OS":"0.00","DC":null,"SORT":"32","CLO":"green","CE":"hk62","SE":0,"ST":false,"AMT":null},"hk62_33":{"ID":27,"ID2":700,"ID3":30,"NAME":"正一特","NM":"33","NM_NE":"33","OS":"0.00","DC":null,"SORT":"33","CLO":"green","CE":"hk62","SE":0,"ST":false,"AMT":null},"hk62_34":{"ID":27,"ID2":700,"ID3":30,"NAME":"正一特","NM":"34","NM_NE":"34","OS":"0.00","DC":null,"SORT":"34","CLO":"red","CE":"hk62","SE":0,"ST":false,"AMT":null},"hk62_35":{"ID":27,"ID2":700,"ID3":30,"NAME":"正一特","NM":"35","NM_NE":"35","OS":"0.00","DC":null,"SORT":"35","CLO":"red","CE":"hk62","SE":0,"ST":false,"AMT":null},"hk62_36":{"ID":27,"ID2":700,"ID3":30,"NAME":"正一特","NM":"36","NM_NE":"36","OS":"0.00","DC":null,"SORT":"36","CLO":"blue","CE":"hk62","SE":0,"ST":false,"AMT":null},"hk62_37":{"ID":27,"ID2":700,"ID3":30,"NAME":"正一特","NM":"37","NM_NE":"37","OS":"0.00","DC":null,"SORT":"37","CLO":"blue","CE":"hk62","SE":0,"ST":false,"AMT":null},"hk62_38":{"ID":27,"ID2":700,"ID3":30,"NAME":"正一特","NM":"38","NM_NE":"38","OS":"0.00","DC":null,"SORT":"38","CLO":"green","CE":"hk62","SE":0,"ST":false,"AMT":null},"hk62_39":{"ID":27,"ID2":700,"ID3":30,"NAME":"正一特","NM":"39","NM_NE":"39","OS":"0.00","DC":null,"SORT":"39","CLO":"green","CE":"hk62","SE":0,"ST":false,"AMT":null},"hk62_40":{"ID":27,"ID2":700,"ID3":30,"NAME":"正一特","NM":"40","NM_NE":"40","OS":"0.00","DC":null,"SORT":"40","CLO":"red","CE":"hk62","SE":0,"ST":false,"AMT":null},"hk62_41":{"ID":27,"ID2":700,"ID3":30,"NAME":"正一特","NM":"41","NM_NE":"41","OS":"0.00","DC":null,"SORT":"41","CLO":"blue","CE":"hk62","SE":0,"ST":false,"AMT":null},"hk62_42":{"ID":27,"ID2":700,"ID3":30,"NAME":"正一特","NM":"42","NM_NE":"42","OS":"0.00","DC":null,"SORT":"42","CLO":"blue","CE":"hk62","SE":0,"ST":false,"AMT":null},"hk62_43":{"ID":27,"ID2":700,"ID3":30,"NAME":"正一特","NM":"43","NM_NE":"43","OS":"0.00","DC":null,"SORT":"43","CLO":"green","CE":"hk62","SE":0,"ST":false,"AMT":null},"hk62_44":{"ID":27,"ID2":700,"ID3":30,"NAME":"正一特","NM":"44","NM_NE":"44","OS":"0.00","DC":null,"SORT":"44","CLO":"green","CE":"hk62","SE":0,"ST":false,"AMT":null},"hk62_45":{"ID":27,"ID2":700,"ID3":30,"NAME":"正一特","NM":"45","NM_NE":"45","OS":"0.00","DC":null,"SORT":"45","CLO":"red","CE":"hk62","SE":0,"ST":false,"AMT":null},"hk62_46":{"ID":27,"ID2":700,"ID3":30,"NAME":"正一特","NM":"46","NM_NE":"46","OS":"0.00","DC":null,"SORT":"46","CLO":"red","CE":"hk62","SE":0,"ST":false,"AMT":null},"hk62_47":{"ID":27,"ID2":700,"ID3":30,"NAME":"正一特","NM":"47","NM_NE":"47","OS":"0.00","DC":null,"SORT":"47","CLO":"blue","CE":"hk62","SE":0,"ST":false,"AMT":null},"hk62_48":{"ID":27,"ID2":700,"ID3":30,"NAME":"正一特","NM":"48","NM_NE":"48","OS":"0.00","DC":null,"SORT":"48","CLO":"blue","CE":"hk62","SE":0,"ST":false,"AMT":null},"hk62_49":{"ID":27,"ID2":700,"ID3":30,"NAME":"正一特","NM":"49","NM_NE":"49","OS":"0.00","DC":null,"SORT":"49","CLO":"green","CE":"hk62","SE":0,"ST":false,"AMT":null},"hk62_50":{"ID":27,"ID2":700,"ID3":30,"NAME":"正一特","NM":"大","NM_NE":"大","OS":"0.00","DC":"pass_all","SORT":"50","CLO":"text","CE":"hk62","SE":0,"ST":false,"AMT":null},"hk62_51":{"ID":27,"ID2":700,"ID3":30,"NAME":"正一特","NM":"小","NM_NE":"小","OS":"0.00","DC":"pass_all","SORT":"51","CLO":"text","CE":"hk62","SE":0,"ST":false,"AMT":null},"hk62_52":{"ID":27,"ID2":700,"ID3":30,"NAME":"正一特","NM":"单","NM_NE":"单","OS":"0.00","DC":"pass_all","SORT":"52","CLO":"text","CE":"hk62","SE":0,"ST":false,"AMT":null},"hk62_53":{"ID":27,"ID2":700,"ID3":30,"NAME":"正一特","NM":"双","NM_NE":"双","OS":"0.00","DC":"pass_all","SORT":"53","CLO":"text","CE":"hk62","SE":0,"ST":false,"AMT":null},"hk62_54":{"ID":27,"ID2":700,"ID3":30,"NAME":"正一特","NM":"合大","NM_NE":"合大","OS":"0.00","DC":"pass_all","SORT":"54","CLO":"text","CE":"hk62","SE":0,"ST":false,"AMT":null},"hk62_55":{"ID":27,"ID2":700,"ID3":30,"NAME":"正一特","NM":"合小","NM_NE":"合小","OS":"0.00","DC":"pass_all","SORT":"55","CLO":"text","CE":"hk62","SE":0,"ST":false,"AMT":null},"hk62_56":{"ID":27,"ID2":700,"ID3":30,"NAME":"正一特","NM":"合单","NM_NE":"合单","OS":"0.00","DC":"pass_all","SORT":"56","CLO":"text","CE":"hk62","SE":0,"ST":false,"AMT":null},"hk62_57":{"ID":27,"ID2":700,"ID3":30,"NAME":"正一特","NM":"合双","NM_NE":"合双","OS":"0.00","DC":"pass_all","SORT":"57","CLO":"text","CE":"hk62","SE":0,"ST":false,"AMT":null},"hk62_58":{"ID":27,"ID2":700,"ID3":30,"NAME":"正一特","NM":"尾大","NM_NE":"尾大","OS":"0.00","DC":"pass_all","SORT":"58","CLO":"text","CE":"hk62","SE":0,"ST":false,"AMT":null},"hk62_59":{"ID":27,"ID2":700,"ID3":30,"NAME":"正一特","NM":"尾小","NM_NE":"尾小","OS":"0.00","DC":"pass_all","SORT":"59","CLO":"text","CE":"hk62","SE":0,"ST":false,"AMT":null},"hk62_60":{"ID":27,"ID2":700,"ID3":30,"NAME":"正一特","NM":"尾单","NM_NE":"尾单","OS":"0.00","DC":"pass_all","SORT":"60","CLO":"text","CE":"hk62","SE":0,"ST":false,"AMT":null},"hk62_61":{"ID":27,"ID2":700,"ID3":30,"NAME":"正一特","NM":"尾双","NM_NE":"尾双","OS":"0.00","DC":"pass_all","SORT":"61","CLO":"text","CE":"hk62","SE":0,"ST":false,"AMT":null},"hk62_62":{"ID":27,"ID2":700,"ID3":30,"NAME":"正一特","NM":"红波","NM_NE":"红波","OS":"0.00","DC":"pass_all","SORT":"62","CLO":"text","CE":"hk62","SE":0,"ST":false,"AMT":null},"hk62_63":{"ID":27,"ID2":700,"ID3":30,"NAME":"正一特","NM":"蓝波","NM_NE":"蓝波","OS":"0.00","DC":"pass_all","SORT":"63","CLO":"text","CE":"hk62","SE":0,"ST":false,"AMT":null},"hk62_64":{"ID":27,"ID2":700,"ID3":30,"NAME":"正一特","NM":"绿波","NM_NE":"绿波","OS":"0.00","DC":"pass_all","SORT":"64","CLO":"text","CE":"hk62","SE":0,"ST":false,"AMT":null},"hk62_65":{"ID":27,"ID2":700,"ID3":30,"NAME":"正一特","NM":"鼠","NM_NE":"鼠","OS":"0.00","DC":null,"SORT":"65","CLO":"text","CE":"hk62","SE":0,"ST":false,"AMT":null},"hk62_66":{"ID":27,"ID2":700,"ID3":30,"NAME":"正一特","NM":"牛","NM_NE":"牛","OS":"0.00","DC":null,"SORT":"66","CLO":"text","CE":"hk62","SE":0,"ST":false,"AMT":null},"hk62_67":{"ID":27,"ID2":700,"ID3":30,"NAME":"正一特","NM":"虎","NM_NE":"虎","OS":"0.00","DC":null,"SORT":"67","CLO":"text","CE":"hk62","SE":0,"ST":false,"AMT":null},"hk62_68":{"ID":27,"ID2":700,"ID3":30,"NAME":"正一特","NM":"兔","NM_NE":"兔","OS":"0.00","DC":null,"SORT":"68","CLO":"text","CE":"hk62","SE":0,"ST":false,"AMT":null},"hk62_69":{"ID":27,"ID2":700,"ID3":30,"NAME":"正一特","NM":"龙","NM_NE":"龙","OS":"0.00","DC":null,"SORT":"69","CLO":"text","CE":"hk62","SE":0,"ST":false,"AMT":null},"hk62_70":{"ID":27,"ID2":700,"ID3":30,"NAME":"正一特","NM":"蛇","NM_NE":"蛇","OS":"0.00","DC":null,"SORT":"70","CLO":"text","CE":"hk62","SE":0,"ST":false,"AMT":null},"hk62_71":{"ID":27,"ID2":700,"ID3":30,"NAME":"正一特","NM":"马","NM_NE":"马","OS":"0.00","DC":null,"SORT":"71","CLO":"text","CE":"hk62","SE":0,"ST":false,"AMT":null},"hk62_72":{"ID":27,"ID2":700,"ID3":30,"NAME":"正一特","NM":"羊","NM_NE":"羊","OS":"0.00","DC":null,"SORT":"72","CLO":"text","CE":"hk62","SE":0,"ST":false,"AMT":null},"hk62_73":{"ID":27,"ID2":700,"ID3":30,"NAME":"正一特","NM":"猴","NM_NE":"猴","OS":"0.00","DC":null,"SORT":"73","CLO":"text","CE":"hk62","SE":0,"ST":false,"AMT":null},"hk62_74":{"ID":27,"ID2":700,"ID3":30,"NAME":"正一特","NM":"鸡","NM_NE":"鸡","OS":"0.00","DC":null,"SORT":"74","CLO":"text","CE":"hk62","SE":0,"ST":false,"AMT":null},"hk62_75":{"ID":27,"ID2":700,"ID3":30,"NAME":"正一特","NM":"狗","NM_NE":"狗","OS":"0.00","DC":null,"SORT":"75","CLO":"text","CE":"hk62","SE":0,"ST":false,"AMT":null},"hk62_76":{"ID":27,"ID2":700,"ID3":30,"NAME":"正一特","NM":"猪","NM_NE":"猪","OS":"0.00","DC":null,"SORT":"76","CLO":"text","CE":"hk62","SE":0,"ST":false,"AMT":null}},"hk63":{"hk63_1":{"ID":27,"ID2":700,"ID3":31,"NAME":"正二特","NM":"1","NM_NE":"1","OS":"0.00","DC":null,"SORT":"1","CLO":"red","CE":"hk63","SE":0,"ST":false,"AMT":null},"hk63_2":{"ID":27,"ID2":700,"ID3":31,"NAME":"正二特","NM":"2","NM_NE":"2","OS":"0.00","DC":null,"SORT":"2","CLO":"red","CE":"hk63","SE":0,"ST":false,"AMT":null},"hk63_3":{"ID":27,"ID2":700,"ID3":31,"NAME":"正二特","NM":"3","NM_NE":"3","OS":"0.00","DC":null,"SORT":"3","CLO":"blue","CE":"hk63","SE":0,"ST":false,"AMT":null},"hk63_4":{"ID":27,"ID2":700,"ID3":31,"NAME":"正二特","NM":"4","NM_NE":"4","OS":"0.00","DC":null,"SORT":"4","CLO":"blue","CE":"hk63","SE":0,"ST":false,"AMT":null},"hk63_5":{"ID":27,"ID2":700,"ID3":31,"NAME":"正二特","NM":"5","NM_NE":"5","OS":"0.00","DC":null,"SORT":"5","CLO":"green","CE":"hk63","SE":0,"ST":false,"AMT":null},"hk63_6":{"ID":27,"ID2":700,"ID3":31,"NAME":"正二特","NM":"6","NM_NE":"6","OS":"0.00","DC":null,"SORT":"6","CLO":"green","CE":"hk63","SE":0,"ST":false,"AMT":null},"hk63_7":{"ID":27,"ID2":700,"ID3":31,"NAME":"正二特","NM":"7","NM_NE":"7","OS":"0.00","DC":null,"SORT":"7","CLO":"red","CE":"hk63","SE":0,"ST":false,"AMT":null},"hk63_8":{"ID":27,"ID2":700,"ID3":31,"NAME":"正二特","NM":"8","NM_NE":"8","OS":"0.00","DC":null,"SORT":"8","CLO":"red","CE":"hk63","SE":0,"ST":false,"AMT":null},"hk63_9":{"ID":27,"ID2":700,"ID3":31,"NAME":"正二特","NM":"9","NM_NE":"9","OS":"0.00","DC":null,"SORT":"9","CLO":"blue","CE":"hk63","SE":0,"ST":false,"AMT":null},"hk63_10":{"ID":27,"ID2":700,"ID3":31,"NAME":"正二特","NM":"10","NM_NE":"10","OS":"0.00","DC":null,"SORT":"10","CLO":"blue","CE":"hk63","SE":0,"ST":false,"AMT":null},"hk63_11":{"ID":27,"ID2":700,"ID3":31,"NAME":"正二特","NM":"11","NM_NE":"11","OS":"0.00","DC":null,"SORT":"11","CLO":"green","CE":"hk63","SE":0,"ST":false,"AMT":null},"hk63_12":{"ID":27,"ID2":700,"ID3":31,"NAME":"正二特","NM":"12","NM_NE":"12","OS":"0.00","DC":null,"SORT":"12","CLO":"red","CE":"hk63","SE":0,"ST":false,"AMT":null},"hk63_13":{"ID":27,"ID2":700,"ID3":31,"NAME":"正二特","NM":"13","NM_NE":"13","OS":"0.00","DC":null,"SORT":"13","CLO":"red","CE":"hk63","SE":0,"ST":false,"AMT":null},"hk63_14":{"ID":27,"ID2":700,"ID3":31,"NAME":"正二特","NM":"14","NM_NE":"14","OS":"0.00","DC":null,"SORT":"14","CLO":"blue","CE":"hk63","SE":0,"ST":false,"AMT":null},"hk63_15":{"ID":27,"ID2":700,"ID3":31,"NAME":"正二特","NM":"15","NM_NE":"15","OS":"0.00","DC":null,"SORT":"15","CLO":"blue","CE":"hk63","SE":0,"ST":false,"AMT":null},"hk63_16":{"ID":27,"ID2":700,"ID3":31,"NAME":"正二特","NM":"16","NM_NE":"16","OS":"0.00","DC":null,"SORT":"16","CLO":"green","CE":"hk63","SE":0,"ST":false,"AMT":null},"hk63_17":{"ID":27,"ID2":700,"ID3":31,"NAME":"正二特","NM":"17","NM_NE":"17","OS":"0.00","DC":null,"SORT":"17","CLO":"green","CE":"hk63","SE":0,"ST":false,"AMT":null},"hk63_18":{"ID":27,"ID2":700,"ID3":31,"NAME":"正二特","NM":"18","NM_NE":"18","OS":"0.00","DC":null,"SORT":"18","CLO":"red","CE":"hk63","SE":0,"ST":false,"AMT":null},"hk63_19":{"ID":27,"ID2":700,"ID3":31,"NAME":"正二特","NM":"19","NM_NE":"19","OS":"0.00","DC":null,"SORT":"19","CLO":"red","CE":"hk63","SE":0,"ST":false,"AMT":null},"hk63_20":{"ID":27,"ID2":700,"ID3":31,"NAME":"正二特","NM":"20","NM_NE":"20","OS":"0.00","DC":null,"SORT":"20","CLO":"blue","CE":"hk63","SE":0,"ST":false,"AMT":null},"hk63_21":{"ID":27,"ID2":700,"ID3":31,"NAME":"正二特","NM":"21","NM_NE":"21","OS":"0.00","DC":null,"SORT":"21","CLO":"green","CE":"hk63","SE":0,"ST":false,"AMT":null},"hk63_22":{"ID":27,"ID2":700,"ID3":31,"NAME":"正二特","NM":"22","NM_NE":"22","OS":"0.00","DC":null,"SORT":"22","CLO":"green","CE":"hk63","SE":0,"ST":false,"AMT":null},"hk63_23":{"ID":27,"ID2":700,"ID3":31,"NAME":"正二特","NM":"23","NM_NE":"23","OS":"0.00","DC":null,"SORT":"23","CLO":"red","CE":"hk63","SE":0,"ST":false,"AMT":null},"hk63_24":{"ID":27,"ID2":700,"ID3":31,"NAME":"正二特","NM":"24","NM_NE":"24","OS":"0.00","DC":null,"SORT":"24","CLO":"red","CE":"hk63","SE":0,"ST":false,"AMT":null},"hk63_25":{"ID":27,"ID2":700,"ID3":31,"NAME":"正二特","NM":"25","NM_NE":"25","OS":"0.00","DC":null,"SORT":"25","CLO":"blue","CE":"hk63","SE":0,"ST":false,"AMT":null},"hk63_26":{"ID":27,"ID2":700,"ID3":31,"NAME":"正二特","NM":"26","NM_NE":"26","OS":"0.00","DC":null,"SORT":"26","CLO":"blue","CE":"hk63","SE":0,"ST":false,"AMT":null},"hk63_27":{"ID":27,"ID2":700,"ID3":31,"NAME":"正二特","NM":"27","NM_NE":"27","OS":"0.00","DC":null,"SORT":"27","CLO":"green","CE":"hk63","SE":0,"ST":false,"AMT":null},"hk63_28":{"ID":27,"ID2":700,"ID3":31,"NAME":"正二特","NM":"28","NM_NE":"28","OS":"0.00","DC":null,"SORT":"28","CLO":"green","CE":"hk63","SE":0,"ST":false,"AMT":null},"hk63_29":{"ID":27,"ID2":700,"ID3":31,"NAME":"正二特","NM":"29","NM_NE":"29","OS":"0.00","DC":null,"SORT":"29","CLO":"red","CE":"hk63","SE":0,"ST":false,"AMT":null},"hk63_30":{"ID":27,"ID2":700,"ID3":31,"NAME":"正二特","NM":"30","NM_NE":"30","OS":"0.00","DC":null,"SORT":"30","CLO":"red","CE":"hk63","SE":0,"ST":false,"AMT":null},"hk63_31":{"ID":27,"ID2":700,"ID3":31,"NAME":"正二特","NM":"31","NM_NE":"31","OS":"0.00","DC":null,"SORT":"31","CLO":"blue","CE":"hk63","SE":0,"ST":false,"AMT":null},"hk63_32":{"ID":27,"ID2":700,"ID3":31,"NAME":"正二特","NM":"32","NM_NE":"32","OS":"0.00","DC":null,"SORT":"32","CLO":"green","CE":"hk63","SE":0,"ST":false,"AMT":null},"hk63_33":{"ID":27,"ID2":700,"ID3":31,"NAME":"正二特","NM":"33","NM_NE":"33","OS":"0.00","DC":null,"SORT":"33","CLO":"green","CE":"hk63","SE":0,"ST":false,"AMT":null},"hk63_34":{"ID":27,"ID2":700,"ID3":31,"NAME":"正二特","NM":"34","NM_NE":"34","OS":"0.00","DC":null,"SORT":"34","CLO":"red","CE":"hk63","SE":0,"ST":false,"AMT":null},"hk63_35":{"ID":27,"ID2":700,"ID3":31,"NAME":"正二特","NM":"35","NM_NE":"35","OS":"0.00","DC":null,"SORT":"35","CLO":"red","CE":"hk63","SE":0,"ST":false,"AMT":null},"hk63_36":{"ID":27,"ID2":700,"ID3":31,"NAME":"正二特","NM":"36","NM_NE":"36","OS":"0.00","DC":null,"SORT":"36","CLO":"blue","CE":"hk63","SE":0,"ST":false,"AMT":null},"hk63_37":{"ID":27,"ID2":700,"ID3":31,"NAME":"正二特","NM":"37","NM_NE":"37","OS":"0.00","DC":null,"SORT":"37","CLO":"blue","CE":"hk63","SE":0,"ST":false,"AMT":null},"hk63_38":{"ID":27,"ID2":700,"ID3":31,"NAME":"正二特","NM":"38","NM_NE":"38","OS":"0.00","DC":null,"SORT":"38","CLO":"green","CE":"hk63","SE":0,"ST":false,"AMT":null},"hk63_39":{"ID":27,"ID2":700,"ID3":31,"NAME":"正二特","NM":"39","NM_NE":"39","OS":"0.00","DC":null,"SORT":"39","CLO":"green","CE":"hk63","SE":0,"ST":false,"AMT":null},"hk63_40":{"ID":27,"ID2":700,"ID3":31,"NAME":"正二特","NM":"40","NM_NE":"40","OS":"0.00","DC":null,"SORT":"40","CLO":"red","CE":"hk63","SE":0,"ST":false,"AMT":null},"hk63_41":{"ID":27,"ID2":700,"ID3":31,"NAME":"正二特","NM":"41","NM_NE":"41","OS":"0.00","DC":null,"SORT":"41","CLO":"blue","CE":"hk63","SE":0,"ST":false,"AMT":null},"hk63_42":{"ID":27,"ID2":700,"ID3":31,"NAME":"正二特","NM":"42","NM_NE":"42","OS":"0.00","DC":null,"SORT":"42","CLO":"blue","CE":"hk63","SE":0,"ST":false,"AMT":null},"hk63_43":{"ID":27,"ID2":700,"ID3":31,"NAME":"正二特","NM":"43","NM_NE":"43","OS":"0.00","DC":null,"SORT":"43","CLO":"green","CE":"hk63","SE":0,"ST":false,"AMT":null},"hk63_44":{"ID":27,"ID2":700,"ID3":31,"NAME":"正二特","NM":"44","NM_NE":"44","OS":"0.00","DC":null,"SORT":"44","CLO":"green","CE":"hk63","SE":0,"ST":false,"AMT":null},"hk63_45":{"ID":27,"ID2":700,"ID3":31,"NAME":"正二特","NM":"45","NM_NE":"45","OS":"0.00","DC":null,"SORT":"45","CLO":"red","CE":"hk63","SE":0,"ST":false,"AMT":null},"hk63_46":{"ID":27,"ID2":700,"ID3":31,"NAME":"正二特","NM":"46","NM_NE":"46","OS":"0.00","DC":null,"SORT":"46","CLO":"red","CE":"hk63","SE":0,"ST":false,"AMT":null},"hk63_47":{"ID":27,"ID2":700,"ID3":31,"NAME":"正二特","NM":"47","NM_NE":"47","OS":"0.00","DC":null,"SORT":"47","CLO":"blue","CE":"hk63","SE":0,"ST":false,"AMT":null},"hk63_48":{"ID":27,"ID2":700,"ID3":31,"NAME":"正二特","NM":"48","NM_NE":"48","OS":"0.00","DC":null,"SORT":"48","CLO":"blue","CE":"hk63","SE":0,"ST":false,"AMT":null},"hk63_49":{"ID":27,"ID2":700,"ID3":31,"NAME":"正二特","NM":"49","NM_NE":"49","OS":"0.00","DC":null,"SORT":"49","CLO":"green","CE":"hk63","SE":0,"ST":false,"AMT":null},"hk63_50":{"ID":27,"ID2":700,"ID3":31,"NAME":"正二特","NM":"大","NM_NE":"大","OS":"0.00","DC":"pass_all","SORT":"50","CLO":"text","CE":"hk63","SE":0,"ST":false,"AMT":null},"hk63_51":{"ID":27,"ID2":700,"ID3":31,"NAME":"正二特","NM":"小","NM_NE":"小","OS":"0.00","DC":"pass_all","SORT":"51","CLO":"text","CE":"hk63","SE":0,"ST":false,"AMT":null},"hk63_52":{"ID":27,"ID2":700,"ID3":31,"NAME":"正二特","NM":"单","NM_NE":"单","OS":"0.00","DC":"pass_all","SORT":"52","CLO":"text","CE":"hk63","SE":0,"ST":false,"AMT":null},"hk63_53":{"ID":27,"ID2":700,"ID3":31,"NAME":"正二特","NM":"双","NM_NE":"双","OS":"0.00","DC":"pass_all","SORT":"53","CLO":"text","CE":"hk63","SE":0,"ST":false,"AMT":null},"hk63_54":{"ID":27,"ID2":700,"ID3":31,"NAME":"正二特","NM":"合大","NM_NE":"合大","OS":"0.00","DC":"pass_all","SORT":"54","CLO":"text","CE":"hk63","SE":0,"ST":false,"AMT":null},"hk63_55":{"ID":27,"ID2":700,"ID3":31,"NAME":"正二特","NM":"合小","NM_NE":"合小","OS":"0.00","DC":"pass_all","SORT":"55","CLO":"text","CE":"hk63","SE":0,"ST":false,"AMT":null},"hk63_56":{"ID":27,"ID2":700,"ID3":31,"NAME":"正二特","NM":"合单","NM_NE":"合单","OS":"0.00","DC":"pass_all","SORT":"56","CLO":"text","CE":"hk63","SE":0,"ST":false,"AMT":null},"hk63_57":{"ID":27,"ID2":700,"ID3":31,"NAME":"正二特","NM":"合双","NM_NE":"合双","OS":"0.00","DC":"pass_all","SORT":"57","CLO":"text","CE":"hk63","SE":0,"ST":false,"AMT":null},"hk63_58":{"ID":27,"ID2":700,"ID3":31,"NAME":"正二特","NM":"尾大","NM_NE":"尾大","OS":"0.00","DC":"pass_all","SORT":"58","CLO":"text","CE":"hk63","SE":0,"ST":false,"AMT":null},"hk63_59":{"ID":27,"ID2":700,"ID3":31,"NAME":"正二特","NM":"尾小","NM_NE":"尾小","OS":"0.00","DC":"pass_all","SORT":"59","CLO":"text","CE":"hk63","SE":0,"ST":false,"AMT":null},"hk63_60":{"ID":27,"ID2":700,"ID3":31,"NAME":"正二特","NM":"尾单","NM_NE":"尾单","OS":"0.00","DC":"pass_all","SORT":"60","CLO":"text","CE":"hk63","SE":0,"ST":false,"AMT":null},"hk63_61":{"ID":27,"ID2":700,"ID3":31,"NAME":"正二特","NM":"尾双","NM_NE":"尾双","OS":"0.00","DC":"pass_all","SORT":"61","CLO":"text","CE":"hk63","SE":0,"ST":false,"AMT":null},"hk63_62":{"ID":27,"ID2":700,"ID3":31,"NAME":"正二特","NM":"红波","NM_NE":"红波","OS":"0.00","DC":"pass_all","SORT":"62","CLO":"text","CE":"hk63","SE":0,"ST":false,"AMT":null},"hk63_63":{"ID":27,"ID2":700,"ID3":31,"NAME":"正二特","NM":"蓝波","NM_NE":"蓝波","OS":"0.00","DC":"pass_all","SORT":"63","CLO":"text","CE":"hk63","SE":0,"ST":false,"AMT":null},"hk63_64":{"ID":27,"ID2":700,"ID3":31,"NAME":"正二特","NM":"绿波","NM_NE":"绿波","OS":"0.00","DC":"pass_all","SORT":"64","CLO":"text","CE":"hk63","SE":0,"ST":false,"AMT":null},"hk63_65":{"ID":27,"ID2":700,"ID3":31,"NAME":"正二特","NM":"鼠","NM_NE":"鼠","OS":"0.00","DC":null,"SORT":"65","CLO":"text","CE":"hk63","SE":0,"ST":false,"AMT":null},"hk63_66":{"ID":27,"ID2":700,"ID3":31,"NAME":"正二特","NM":"牛","NM_NE":"牛","OS":"0.00","DC":null,"SORT":"66","CLO":"text","CE":"hk63","SE":0,"ST":false,"AMT":null},"hk63_67":{"ID":27,"ID2":700,"ID3":31,"NAME":"正二特","NM":"虎","NM_NE":"虎","OS":"0.00","DC":null,"SORT":"67","CLO":"text","CE":"hk63","SE":0,"ST":false,"AMT":null},"hk63_68":{"ID":27,"ID2":700,"ID3":31,"NAME":"正二特","NM":"兔","NM_NE":"兔","OS":"0.00","DC":null,"SORT":"68","CLO":"text","CE":"hk63","SE":0,"ST":false,"AMT":null},"hk63_69":{"ID":27,"ID2":700,"ID3":31,"NAME":"正二特","NM":"龙","NM_NE":"龙","OS":"0.00","DC":null,"SORT":"69","CLO":"text","CE":"hk63","SE":0,"ST":false,"AMT":null},"hk63_70":{"ID":27,"ID2":700,"ID3":31,"NAME":"正二特","NM":"蛇","NM_NE":"蛇","OS":"0.00","DC":null,"SORT":"70","CLO":"text","CE":"hk63","SE":0,"ST":false,"AMT":null},"hk63_71":{"ID":27,"ID2":700,"ID3":31,"NAME":"正二特","NM":"马","NM_NE":"马","OS":"0.00","DC":null,"SORT":"71","CLO":"text","CE":"hk63","SE":0,"ST":false,"AMT":null},"hk63_72":{"ID":27,"ID2":700,"ID3":31,"NAME":"正二特","NM":"羊","NM_NE":"羊","OS":"0.00","DC":null,"SORT":"72","CLO":"text","CE":"hk63","SE":0,"ST":false,"AMT":null},"hk63_73":{"ID":27,"ID2":700,"ID3":31,"NAME":"正二特","NM":"猴","NM_NE":"猴","OS":"0.00","DC":null,"SORT":"73","CLO":"text","CE":"hk63","SE":0,"ST":false,"AMT":null},"hk63_74":{"ID":27,"ID2":700,"ID3":31,"NAME":"正二特","NM":"鸡","NM_NE":"鸡","OS":"0.00","DC":null,"SORT":"74","CLO":"text","CE":"hk63","SE":0,"ST":false,"AMT":null},"hk63_75":{"ID":27,"ID2":700,"ID3":31,"NAME":"正二特","NM":"狗","NM_NE":"狗","OS":"0.00","DC":null,"SORT":"75","CLO":"text","CE":"hk63","SE":0,"ST":false,"AMT":null},"hk63_76":{"ID":27,"ID2":700,"ID3":31,"NAME":"正二特","NM":"猪","NM_NE":"猪","OS":"0.00","DC":null,"SORT":"76","CLO":"text","CE":"hk63","SE":0,"ST":false,"AMT":null}},"hk64":{"hk64_1":{"ID":27,"ID2":700,"ID3":32,"NAME":"正三特","NM":"1","NM_NE":"1","OS":"0.00","DC":null,"SORT":"1","CLO":"red","CE":"hk64","SE":0,"ST":false,"AMT":null},"hk64_2":{"ID":27,"ID2":700,"ID3":32,"NAME":"正三特","NM":"2","NM_NE":"2","OS":"0.00","DC":null,"SORT":"2","CLO":"red","CE":"hk64","SE":0,"ST":false,"AMT":null},"hk64_3":{"ID":27,"ID2":700,"ID3":32,"NAME":"正三特","NM":"3","NM_NE":"3","OS":"0.00","DC":null,"SORT":"3","CLO":"blue","CE":"hk64","SE":0,"ST":false,"AMT":null},"hk64_4":{"ID":27,"ID2":700,"ID3":32,"NAME":"正三特","NM":"4","NM_NE":"4","OS":"0.00","DC":null,"SORT":"4","CLO":"blue","CE":"hk64","SE":0,"ST":false,"AMT":null},"hk64_5":{"ID":27,"ID2":700,"ID3":32,"NAME":"正三特","NM":"5","NM_NE":"5","OS":"0.00","DC":null,"SORT":"5","CLO":"green","CE":"hk64","SE":0,"ST":false,"AMT":null},"hk64_6":{"ID":27,"ID2":700,"ID3":32,"NAME":"正三特","NM":"6","NM_NE":"6","OS":"0.00","DC":null,"SORT":"6","CLO":"green","CE":"hk64","SE":0,"ST":false,"AMT":null},"hk64_7":{"ID":27,"ID2":700,"ID3":32,"NAME":"正三特","NM":"7","NM_NE":"7","OS":"0.00","DC":null,"SORT":"7","CLO":"red","CE":"hk64","SE":0,"ST":false,"AMT":null},"hk64_8":{"ID":27,"ID2":700,"ID3":32,"NAME":"正三特","NM":"8","NM_NE":"8","OS":"0.00","DC":null,"SORT":"8","CLO":"red","CE":"hk64","SE":0,"ST":false,"AMT":null},"hk64_9":{"ID":27,"ID2":700,"ID3":32,"NAME":"正三特","NM":"9","NM_NE":"9","OS":"0.00","DC":null,"SORT":"9","CLO":"blue","CE":"hk64","SE":0,"ST":false,"AMT":null},"hk64_10":{"ID":27,"ID2":700,"ID3":32,"NAME":"正三特","NM":"10","NM_NE":"10","OS":"0.00","DC":null,"SORT":"10","CLO":"blue","CE":"hk64","SE":0,"ST":false,"AMT":null},"hk64_11":{"ID":27,"ID2":700,"ID3":32,"NAME":"正三特","NM":"11","NM_NE":"11","OS":"0.00","DC":null,"SORT":"11","CLO":"green","CE":"hk64","SE":0,"ST":false,"AMT":null},"hk64_12":{"ID":27,"ID2":700,"ID3":32,"NAME":"正三特","NM":"12","NM_NE":"12","OS":"0.00","DC":null,"SORT":"12","CLO":"red","CE":"hk64","SE":0,"ST":false,"AMT":null},"hk64_13":{"ID":27,"ID2":700,"ID3":32,"NAME":"正三特","NM":"13","NM_NE":"13","OS":"0.00","DC":null,"SORT":"13","CLO":"red","CE":"hk64","SE":0,"ST":false,"AMT":null},"hk64_14":{"ID":27,"ID2":700,"ID3":32,"NAME":"正三特","NM":"14","NM_NE":"14","OS":"0.00","DC":null,"SORT":"14","CLO":"blue","CE":"hk64","SE":0,"ST":false,"AMT":null},"hk64_15":{"ID":27,"ID2":700,"ID3":32,"NAME":"正三特","NM":"15","NM_NE":"15","OS":"0.00","DC":null,"SORT":"15","CLO":"blue","CE":"hk64","SE":0,"ST":false,"AMT":null},"hk64_16":{"ID":27,"ID2":700,"ID3":32,"NAME":"正三特","NM":"16","NM_NE":"16","OS":"0.00","DC":null,"SORT":"16","CLO":"green","CE":"hk64","SE":0,"ST":false,"AMT":null},"hk64_17":{"ID":27,"ID2":700,"ID3":32,"NAME":"正三特","NM":"17","NM_NE":"17","OS":"0.00","DC":null,"SORT":"17","CLO":"green","CE":"hk64","SE":0,"ST":false,"AMT":null},"hk64_18":{"ID":27,"ID2":700,"ID3":32,"NAME":"正三特","NM":"18","NM_NE":"18","OS":"0.00","DC":null,"SORT":"18","CLO":"red","CE":"hk64","SE":0,"ST":false,"AMT":null},"hk64_19":{"ID":27,"ID2":700,"ID3":32,"NAME":"正三特","NM":"19","NM_NE":"19","OS":"0.00","DC":null,"SORT":"19","CLO":"red","CE":"hk64","SE":0,"ST":false,"AMT":null},"hk64_20":{"ID":27,"ID2":700,"ID3":32,"NAME":"正三特","NM":"20","NM_NE":"20","OS":"0.00","DC":null,"SORT":"20","CLO":"blue","CE":"hk64","SE":0,"ST":false,"AMT":null},"hk64_21":{"ID":27,"ID2":700,"ID3":32,"NAME":"正三特","NM":"21","NM_NE":"21","OS":"0.00","DC":null,"SORT":"21","CLO":"green","CE":"hk64","SE":0,"ST":false,"AMT":null},"hk64_22":{"ID":27,"ID2":700,"ID3":32,"NAME":"正三特","NM":"22","NM_NE":"22","OS":"0.00","DC":null,"SORT":"22","CLO":"green","CE":"hk64","SE":0,"ST":false,"AMT":null},"hk64_23":{"ID":27,"ID2":700,"ID3":32,"NAME":"正三特","NM":"23","NM_NE":"23","OS":"0.00","DC":null,"SORT":"23","CLO":"red","CE":"hk64","SE":0,"ST":false,"AMT":null},"hk64_24":{"ID":27,"ID2":700,"ID3":32,"NAME":"正三特","NM":"24","NM_NE":"24","OS":"0.00","DC":null,"SORT":"24","CLO":"red","CE":"hk64","SE":0,"ST":false,"AMT":null},"hk64_25":{"ID":27,"ID2":700,"ID3":32,"NAME":"正三特","NM":"25","NM_NE":"25","OS":"0.00","DC":null,"SORT":"25","CLO":"blue","CE":"hk64","SE":0,"ST":false,"AMT":null},"hk64_26":{"ID":27,"ID2":700,"ID3":32,"NAME":"正三特","NM":"26","NM_NE":"26","OS":"0.00","DC":null,"SORT":"26","CLO":"blue","CE":"hk64","SE":0,"ST":false,"AMT":null},"hk64_27":{"ID":27,"ID2":700,"ID3":32,"NAME":"正三特","NM":"27","NM_NE":"27","OS":"0.00","DC":null,"SORT":"27","CLO":"green","CE":"hk64","SE":0,"ST":false,"AMT":null},"hk64_28":{"ID":27,"ID2":700,"ID3":32,"NAME":"正三特","NM":"28","NM_NE":"28","OS":"0.00","DC":null,"SORT":"28","CLO":"green","CE":"hk64","SE":0,"ST":false,"AMT":null},"hk64_29":{"ID":27,"ID2":700,"ID3":32,"NAME":"正三特","NM":"29","NM_NE":"29","OS":"0.00","DC":null,"SORT":"29","CLO":"red","CE":"hk64","SE":0,"ST":false,"AMT":null},"hk64_30":{"ID":27,"ID2":700,"ID3":32,"NAME":"正三特","NM":"30","NM_NE":"30","OS":"0.00","DC":null,"SORT":"30","CLO":"red","CE":"hk64","SE":0,"ST":false,"AMT":null},"hk64_31":{"ID":27,"ID2":700,"ID3":32,"NAME":"正三特","NM":"31","NM_NE":"31","OS":"0.00","DC":null,"SORT":"31","CLO":"blue","CE":"hk64","SE":0,"ST":false,"AMT":null},"hk64_32":{"ID":27,"ID2":700,"ID3":32,"NAME":"正三特","NM":"32","NM_NE":"32","OS":"0.00","DC":null,"SORT":"32","CLO":"green","CE":"hk64","SE":0,"ST":false,"AMT":null},"hk64_33":{"ID":27,"ID2":700,"ID3":32,"NAME":"正三特","NM":"33","NM_NE":"33","OS":"0.00","DC":null,"SORT":"33","CLO":"green","CE":"hk64","SE":0,"ST":false,"AMT":null},"hk64_34":{"ID":27,"ID2":700,"ID3":32,"NAME":"正三特","NM":"34","NM_NE":"34","OS":"0.00","DC":null,"SORT":"34","CLO":"red","CE":"hk64","SE":0,"ST":false,"AMT":null},"hk64_35":{"ID":27,"ID2":700,"ID3":32,"NAME":"正三特","NM":"35","NM_NE":"35","OS":"0.00","DC":null,"SORT":"35","CLO":"red","CE":"hk64","SE":0,"ST":false,"AMT":null},"hk64_36":{"ID":27,"ID2":700,"ID3":32,"NAME":"正三特","NM":"36","NM_NE":"36","OS":"0.00","DC":null,"SORT":"36","CLO":"blue","CE":"hk64","SE":0,"ST":false,"AMT":null},"hk64_37":{"ID":27,"ID2":700,"ID3":32,"NAME":"正三特","NM":"37","NM_NE":"37","OS":"0.00","DC":null,"SORT":"37","CLO":"blue","CE":"hk64","SE":0,"ST":false,"AMT":null},"hk64_38":{"ID":27,"ID2":700,"ID3":32,"NAME":"正三特","NM":"38","NM_NE":"38","OS":"0.00","DC":null,"SORT":"38","CLO":"green","CE":"hk64","SE":0,"ST":false,"AMT":null},"hk64_39":{"ID":27,"ID2":700,"ID3":32,"NAME":"正三特","NM":"39","NM_NE":"39","OS":"0.00","DC":null,"SORT":"39","CLO":"green","CE":"hk64","SE":0,"ST":false,"AMT":null},"hk64_40":{"ID":27,"ID2":700,"ID3":32,"NAME":"正三特","NM":"40","NM_NE":"40","OS":"0.00","DC":null,"SORT":"40","CLO":"red","CE":"hk64","SE":0,"ST":false,"AMT":null},"hk64_41":{"ID":27,"ID2":700,"ID3":32,"NAME":"正三特","NM":"41","NM_NE":"41","OS":"0.00","DC":null,"SORT":"41","CLO":"blue","CE":"hk64","SE":0,"ST":false,"AMT":null},"hk64_42":{"ID":27,"ID2":700,"ID3":32,"NAME":"正三特","NM":"42","NM_NE":"42","OS":"0.00","DC":null,"SORT":"42","CLO":"blue","CE":"hk64","SE":0,"ST":false,"AMT":null},"hk64_43":{"ID":27,"ID2":700,"ID3":32,"NAME":"正三特","NM":"43","NM_NE":"43","OS":"0.00","DC":null,"SORT":"43","CLO":"green","CE":"hk64","SE":0,"ST":false,"AMT":null},"hk64_44":{"ID":27,"ID2":700,"ID3":32,"NAME":"正三特","NM":"44","NM_NE":"44","OS":"0.00","DC":null,"SORT":"44","CLO":"green","CE":"hk64","SE":0,"ST":false,"AMT":null},"hk64_45":{"ID":27,"ID2":700,"ID3":32,"NAME":"正三特","NM":"45","NM_NE":"45","OS":"0.00","DC":null,"SORT":"45","CLO":"red","CE":"hk64","SE":0,"ST":false,"AMT":null},"hk64_46":{"ID":27,"ID2":700,"ID3":32,"NAME":"正三特","NM":"46","NM_NE":"46","OS":"0.00","DC":null,"SORT":"46","CLO":"red","CE":"hk64","SE":0,"ST":false,"AMT":null},"hk64_47":{"ID":27,"ID2":700,"ID3":32,"NAME":"正三特","NM":"47","NM_NE":"47","OS":"0.00","DC":null,"SORT":"47","CLO":"blue","CE":"hk64","SE":0,"ST":false,"AMT":null},"hk64_48":{"ID":27,"ID2":700,"ID3":32,"NAME":"正三特","NM":"48","NM_NE":"48","OS":"0.00","DC":null,"SORT":"48","CLO":"blue","CE":"hk64","SE":0,"ST":false,"AMT":null},"hk64_49":{"ID":27,"ID2":700,"ID3":32,"NAME":"正三特","NM":"49","NM_NE":"49","OS":"0.00","DC":null,"SORT":"49","CLO":"green","CE":"hk64","SE":0,"ST":false,"AMT":null},"hk64_50":{"ID":27,"ID2":700,"ID3":32,"NAME":"正三特","NM":"大","NM_NE":"大","OS":"0.00","DC":"pass_all","SORT":"50","CLO":"text","CE":"hk64","SE":0,"ST":false,"AMT":null},"hk64_51":{"ID":27,"ID2":700,"ID3":32,"NAME":"正三特","NM":"小","NM_NE":"小","OS":"0.00","DC":"pass_all","SORT":"51","CLO":"text","CE":"hk64","SE":0,"ST":false,"AMT":null},"hk64_52":{"ID":27,"ID2":700,"ID3":32,"NAME":"正三特","NM":"单","NM_NE":"单","OS":"0.00","DC":"pass_all","SORT":"52","CLO":"text","CE":"hk64","SE":0,"ST":false,"AMT":null},"hk64_53":{"ID":27,"ID2":700,"ID3":32,"NAME":"正三特","NM":"双","NM_NE":"双","OS":"0.00","DC":"pass_all","SORT":"53","CLO":"text","CE":"hk64","SE":0,"ST":false,"AMT":null},"hk64_54":{"ID":27,"ID2":700,"ID3":32,"NAME":"正三特","NM":"合大","NM_NE":"合大","OS":"0.00","DC":"pass_all","SORT":"54","CLO":"text","CE":"hk64","SE":0,"ST":false,"AMT":null},"hk64_55":{"ID":27,"ID2":700,"ID3":32,"NAME":"正三特","NM":"合小","NM_NE":"合小","OS":"0.00","DC":"pass_all","SORT":"55","CLO":"text","CE":"hk64","SE":0,"ST":false,"AMT":null},"hk64_56":{"ID":27,"ID2":700,"ID3":32,"NAME":"正三特","NM":"合单","NM_NE":"合单","OS":"0.00","DC":"pass_all","SORT":"56","CLO":"text","CE":"hk64","SE":0,"ST":false,"AMT":null},"hk64_57":{"ID":27,"ID2":700,"ID3":32,"NAME":"正三特","NM":"合双","NM_NE":"合双","OS":"0.00","DC":"pass_all","SORT":"57","CLO":"text","CE":"hk64","SE":0,"ST":false,"AMT":null},"hk64_58":{"ID":27,"ID2":700,"ID3":32,"NAME":"正三特","NM":"尾大","NM_NE":"尾大","OS":"0.00","DC":"pass_all","SORT":"58","CLO":"text","CE":"hk64","SE":0,"ST":false,"AMT":null},"hk64_59":{"ID":27,"ID2":700,"ID3":32,"NAME":"正三特","NM":"尾小","NM_NE":"尾小","OS":"0.00","DC":"pass_all","SORT":"59","CLO":"text","CE":"hk64","SE":0,"ST":false,"AMT":null},"hk64_60":{"ID":27,"ID2":700,"ID3":32,"NAME":"正三特","NM":"尾单","NM_NE":"尾单","OS":"0.00","DC":"pass_all","SORT":"60","CLO":"text","CE":"hk64","SE":0,"ST":false,"AMT":null},"hk64_61":{"ID":27,"ID2":700,"ID3":32,"NAME":"正三特","NM":"尾双","NM_NE":"尾双","OS":"0.00","DC":"pass_all","SORT":"61","CLO":"text","CE":"hk64","SE":0,"ST":false,"AMT":null},"hk64_62":{"ID":27,"ID2":700,"ID3":32,"NAME":"正三特","NM":"红波","NM_NE":"红波","OS":"0.00","DC":"pass_all","SORT":"62","CLO":"text","CE":"hk64","SE":0,"ST":false,"AMT":null},"hk64_63":{"ID":27,"ID2":700,"ID3":32,"NAME":"正三特","NM":"蓝波","NM_NE":"蓝波","OS":"0.00","DC":"pass_all","SORT":"63","CLO":"text","CE":"hk64","SE":0,"ST":false,"AMT":null},"hk64_64":{"ID":27,"ID2":700,"ID3":32,"NAME":"正三特","NM":"绿波","NM_NE":"绿波","OS":"0.00","DC":"pass_all","SORT":"64","CLO":"text","CE":"hk64","SE":0,"ST":false,"AMT":null},"hk64_65":{"ID":27,"ID2":700,"ID3":32,"NAME":"正三特","NM":"鼠","NM_NE":"鼠","OS":"0.00","DC":null,"SORT":"65","CLO":"text","CE":"hk64","SE":0,"ST":false,"AMT":null},"hk64_66":{"ID":27,"ID2":700,"ID3":32,"NAME":"正三特","NM":"牛","NM_NE":"牛","OS":"0.00","DC":null,"SORT":"66","CLO":"text","CE":"hk64","SE":0,"ST":false,"AMT":null},"hk64_67":{"ID":27,"ID2":700,"ID3":32,"NAME":"正三特","NM":"虎","NM_NE":"虎","OS":"0.00","DC":null,"SORT":"67","CLO":"text","CE":"hk64","SE":0,"ST":false,"AMT":null},"hk64_68":{"ID":27,"ID2":700,"ID3":32,"NAME":"正三特","NM":"兔","NM_NE":"兔","OS":"0.00","DC":null,"SORT":"68","CLO":"text","CE":"hk64","SE":0,"ST":false,"AMT":null},"hk64_69":{"ID":27,"ID2":700,"ID3":32,"NAME":"正三特","NM":"龙","NM_NE":"龙","OS":"0.00","DC":null,"SORT":"69","CLO":"text","CE":"hk64","SE":0,"ST":false,"AMT":null},"hk64_70":{"ID":27,"ID2":700,"ID3":32,"NAME":"正三特","NM":"蛇","NM_NE":"蛇","OS":"0.00","DC":null,"SORT":"70","CLO":"text","CE":"hk64","SE":0,"ST":false,"AMT":null},"hk64_71":{"ID":27,"ID2":700,"ID3":32,"NAME":"正三特","NM":"马","NM_NE":"马","OS":"0.00","DC":null,"SORT":"71","CLO":"text","CE":"hk64","SE":0,"ST":false,"AMT":null},"hk64_72":{"ID":27,"ID2":700,"ID3":32,"NAME":"正三特","NM":"羊","NM_NE":"羊","OS":"0.00","DC":null,"SORT":"72","CLO":"text","CE":"hk64","SE":0,"ST":false,"AMT":null},"hk64_73":{"ID":27,"ID2":700,"ID3":32,"NAME":"正三特","NM":"猴","NM_NE":"猴","OS":"0.00","DC":null,"SORT":"73","CLO":"text","CE":"hk64","SE":0,"ST":false,"AMT":null},"hk64_74":{"ID":27,"ID2":700,"ID3":32,"NAME":"正三特","NM":"鸡","NM_NE":"鸡","OS":"0.00","DC":null,"SORT":"74","CLO":"text","CE":"hk64","SE":0,"ST":false,"AMT":null},"hk64_75":{"ID":27,"ID2":700,"ID3":32,"NAME":"正三特","NM":"狗","NM_NE":"狗","OS":"0.00","DC":null,"SORT":"75","CLO":"text","CE":"hk64","SE":0,"ST":false,"AMT":null},"hk64_76":{"ID":27,"ID2":700,"ID3":32,"NAME":"正三特","NM":"猪","NM_NE":"猪","OS":"0.00","DC":null,"SORT":"76","CLO":"text","CE":"hk64","SE":0,"ST":false,"AMT":null}},"hk65":{"hk65_1":{"ID":27,"ID2":700,"ID3":33,"NAME":"正四特","NM":"1","NM_NE":"1","OS":"0.00","DC":null,"SORT":"1","CLO":"red","CE":"hk65","SE":0,"ST":false,"AMT":null},"hk65_2":{"ID":27,"ID2":700,"ID3":33,"NAME":"正四特","NM":"2","NM_NE":"2","OS":"0.00","DC":null,"SORT":"2","CLO":"red","CE":"hk65","SE":0,"ST":false,"AMT":null},"hk65_3":{"ID":27,"ID2":700,"ID3":33,"NAME":"正四特","NM":"3","NM_NE":"3","OS":"0.00","DC":null,"SORT":"3","CLO":"blue","CE":"hk65","SE":0,"ST":false,"AMT":null},"hk65_4":{"ID":27,"ID2":700,"ID3":33,"NAME":"正四特","NM":"4","NM_NE":"4","OS":"0.00","DC":null,"SORT":"4","CLO":"blue","CE":"hk65","SE":0,"ST":false,"AMT":null},"hk65_5":{"ID":27,"ID2":700,"ID3":33,"NAME":"正四特","NM":"5","NM_NE":"5","OS":"0.00","DC":null,"SORT":"5","CLO":"green","CE":"hk65","SE":0,"ST":false,"AMT":null},"hk65_6":{"ID":27,"ID2":700,"ID3":33,"NAME":"正四特","NM":"6","NM_NE":"6","OS":"0.00","DC":null,"SORT":"6","CLO":"green","CE":"hk65","SE":0,"ST":false,"AMT":null},"hk65_7":{"ID":27,"ID2":700,"ID3":33,"NAME":"正四特","NM":"7","NM_NE":"7","OS":"0.00","DC":null,"SORT":"7","CLO":"red","CE":"hk65","SE":0,"ST":false,"AMT":null},"hk65_8":{"ID":27,"ID2":700,"ID3":33,"NAME":"正四特","NM":"8","NM_NE":"8","OS":"0.00","DC":null,"SORT":"8","CLO":"red","CE":"hk65","SE":0,"ST":false,"AMT":null},"hk65_9":{"ID":27,"ID2":700,"ID3":33,"NAME":"正四特","NM":"9","NM_NE":"9","OS":"0.00","DC":null,"SORT":"9","CLO":"blue","CE":"hk65","SE":0,"ST":false,"AMT":null},"hk65_10":{"ID":27,"ID2":700,"ID3":33,"NAME":"正四特","NM":"10","NM_NE":"10","OS":"0.00","DC":null,"SORT":"10","CLO":"blue","CE":"hk65","SE":0,"ST":false,"AMT":null},"hk65_11":{"ID":27,"ID2":700,"ID3":33,"NAME":"正四特","NM":"11","NM_NE":"11","OS":"0.00","DC":null,"SORT":"11","CLO":"green","CE":"hk65","SE":0,"ST":false,"AMT":null},"hk65_12":{"ID":27,"ID2":700,"ID3":33,"NAME":"正四特","NM":"12","NM_NE":"12","OS":"0.00","DC":null,"SORT":"12","CLO":"red","CE":"hk65","SE":0,"ST":false,"AMT":null},"hk65_13":{"ID":27,"ID2":700,"ID3":33,"NAME":"正四特","NM":"13","NM_NE":"13","OS":"0.00","DC":null,"SORT":"13","CLO":"red","CE":"hk65","SE":0,"ST":false,"AMT":null},"hk65_14":{"ID":27,"ID2":700,"ID3":33,"NAME":"正四特","NM":"14","NM_NE":"14","OS":"0.00","DC":null,"SORT":"14","CLO":"blue","CE":"hk65","SE":0,"ST":false,"AMT":null},"hk65_15":{"ID":27,"ID2":700,"ID3":33,"NAME":"正四特","NM":"15","NM_NE":"15","OS":"0.00","DC":null,"SORT":"15","CLO":"blue","CE":"hk65","SE":0,"ST":false,"AMT":null},"hk65_16":{"ID":27,"ID2":700,"ID3":33,"NAME":"正四特","NM":"16","NM_NE":"16","OS":"0.00","DC":null,"SORT":"16","CLO":"green","CE":"hk65","SE":0,"ST":false,"AMT":null},"hk65_17":{"ID":27,"ID2":700,"ID3":33,"NAME":"正四特","NM":"17","NM_NE":"17","OS":"0.00","DC":null,"SORT":"17","CLO":"green","CE":"hk65","SE":0,"ST":false,"AMT":null},"hk65_18":{"ID":27,"ID2":700,"ID3":33,"NAME":"正四特","NM":"18","NM_NE":"18","OS":"0.00","DC":null,"SORT":"18","CLO":"red","CE":"hk65","SE":0,"ST":false,"AMT":null},"hk65_19":{"ID":27,"ID2":700,"ID3":33,"NAME":"正四特","NM":"19","NM_NE":"19","OS":"0.00","DC":null,"SORT":"19","CLO":"red","CE":"hk65","SE":0,"ST":false,"AMT":null},"hk65_20":{"ID":27,"ID2":700,"ID3":33,"NAME":"正四特","NM":"20","NM_NE":"20","OS":"0.00","DC":null,"SORT":"20","CLO":"blue","CE":"hk65","SE":0,"ST":false,"AMT":null},"hk65_21":{"ID":27,"ID2":700,"ID3":33,"NAME":"正四特","NM":"21","NM_NE":"21","OS":"0.00","DC":null,"SORT":"21","CLO":"green","CE":"hk65","SE":0,"ST":false,"AMT":null},"hk65_22":{"ID":27,"ID2":700,"ID3":33,"NAME":"正四特","NM":"22","NM_NE":"22","OS":"0.00","DC":null,"SORT":"22","CLO":"green","CE":"hk65","SE":0,"ST":false,"AMT":null},"hk65_23":{"ID":27,"ID2":700,"ID3":33,"NAME":"正四特","NM":"23","NM_NE":"23","OS":"0.00","DC":null,"SORT":"23","CLO":"red","CE":"hk65","SE":0,"ST":false,"AMT":null},"hk65_24":{"ID":27,"ID2":700,"ID3":33,"NAME":"正四特","NM":"24","NM_NE":"24","OS":"0.00","DC":null,"SORT":"24","CLO":"red","CE":"hk65","SE":0,"ST":false,"AMT":null},"hk65_25":{"ID":27,"ID2":700,"ID3":33,"NAME":"正四特","NM":"25","NM_NE":"25","OS":"0.00","DC":null,"SORT":"25","CLO":"blue","CE":"hk65","SE":0,"ST":false,"AMT":null},"hk65_26":{"ID":27,"ID2":700,"ID3":33,"NAME":"正四特","NM":"26","NM_NE":"26","OS":"0.00","DC":null,"SORT":"26","CLO":"blue","CE":"hk65","SE":0,"ST":false,"AMT":null},"hk65_27":{"ID":27,"ID2":700,"ID3":33,"NAME":"正四特","NM":"27","NM_NE":"27","OS":"0.00","DC":null,"SORT":"27","CLO":"green","CE":"hk65","SE":0,"ST":false,"AMT":null},"hk65_28":{"ID":27,"ID2":700,"ID3":33,"NAME":"正四特","NM":"28","NM_NE":"28","OS":"0.00","DC":null,"SORT":"28","CLO":"green","CE":"hk65","SE":0,"ST":false,"AMT":null},"hk65_29":{"ID":27,"ID2":700,"ID3":33,"NAME":"正四特","NM":"29","NM_NE":"29","OS":"0.00","DC":null,"SORT":"29","CLO":"red","CE":"hk65","SE":0,"ST":false,"AMT":null},"hk65_30":{"ID":27,"ID2":700,"ID3":33,"NAME":"正四特","NM":"30","NM_NE":"30","OS":"0.00","DC":null,"SORT":"30","CLO":"red","CE":"hk65","SE":0,"ST":false,"AMT":null},"hk65_31":{"ID":27,"ID2":700,"ID3":33,"NAME":"正四特","NM":"31","NM_NE":"31","OS":"0.00","DC":null,"SORT":"31","CLO":"blue","CE":"hk65","SE":0,"ST":false,"AMT":null},"hk65_32":{"ID":27,"ID2":700,"ID3":33,"NAME":"正四特","NM":"32","NM_NE":"32","OS":"0.00","DC":null,"SORT":"32","CLO":"green","CE":"hk65","SE":0,"ST":false,"AMT":null},"hk65_33":{"ID":27,"ID2":700,"ID3":33,"NAME":"正四特","NM":"33","NM_NE":"33","OS":"0.00","DC":null,"SORT":"33","CLO":"green","CE":"hk65","SE":0,"ST":false,"AMT":null},"hk65_34":{"ID":27,"ID2":700,"ID3":33,"NAME":"正四特","NM":"34","NM_NE":"34","OS":"0.00","DC":null,"SORT":"34","CLO":"red","CE":"hk65","SE":0,"ST":false,"AMT":null},"hk65_35":{"ID":27,"ID2":700,"ID3":33,"NAME":"正四特","NM":"35","NM_NE":"35","OS":"0.00","DC":null,"SORT":"35","CLO":"red","CE":"hk65","SE":0,"ST":false,"AMT":null},"hk65_36":{"ID":27,"ID2":700,"ID3":33,"NAME":"正四特","NM":"36","NM_NE":"36","OS":"0.00","DC":null,"SORT":"36","CLO":"blue","CE":"hk65","SE":0,"ST":false,"AMT":null},"hk65_37":{"ID":27,"ID2":700,"ID3":33,"NAME":"正四特","NM":"37","NM_NE":"37","OS":"0.00","DC":null,"SORT":"37","CLO":"blue","CE":"hk65","SE":0,"ST":false,"AMT":null},"hk65_38":{"ID":27,"ID2":700,"ID3":33,"NAME":"正四特","NM":"38","NM_NE":"38","OS":"0.00","DC":null,"SORT":"38","CLO":"green","CE":"hk65","SE":0,"ST":false,"AMT":null},"hk65_39":{"ID":27,"ID2":700,"ID3":33,"NAME":"正四特","NM":"39","NM_NE":"39","OS":"0.00","DC":null,"SORT":"39","CLO":"green","CE":"hk65","SE":0,"ST":false,"AMT":null},"hk65_40":{"ID":27,"ID2":700,"ID3":33,"NAME":"正四特","NM":"40","NM_NE":"40","OS":"0.00","DC":null,"SORT":"40","CLO":"red","CE":"hk65","SE":0,"ST":false,"AMT":null},"hk65_41":{"ID":27,"ID2":700,"ID3":33,"NAME":"正四特","NM":"41","NM_NE":"41","OS":"0.00","DC":null,"SORT":"41","CLO":"blue","CE":"hk65","SE":0,"ST":false,"AMT":null},"hk65_42":{"ID":27,"ID2":700,"ID3":33,"NAME":"正四特","NM":"42","NM_NE":"42","OS":"0.00","DC":null,"SORT":"42","CLO":"blue","CE":"hk65","SE":0,"ST":false,"AMT":null},"hk65_43":{"ID":27,"ID2":700,"ID3":33,"NAME":"正四特","NM":"43","NM_NE":"43","OS":"0.00","DC":null,"SORT":"43","CLO":"green","CE":"hk65","SE":0,"ST":false,"AMT":null},"hk65_44":{"ID":27,"ID2":700,"ID3":33,"NAME":"正四特","NM":"44","NM_NE":"44","OS":"0.00","DC":null,"SORT":"44","CLO":"green","CE":"hk65","SE":0,"ST":false,"AMT":null},"hk65_45":{"ID":27,"ID2":700,"ID3":33,"NAME":"正四特","NM":"45","NM_NE":"45","OS":"0.00","DC":null,"SORT":"45","CLO":"red","CE":"hk65","SE":0,"ST":false,"AMT":null},"hk65_46":{"ID":27,"ID2":700,"ID3":33,"NAME":"正四特","NM":"46","NM_NE":"46","OS":"0.00","DC":null,"SORT":"46","CLO":"red","CE":"hk65","SE":0,"ST":false,"AMT":null},"hk65_47":{"ID":27,"ID2":700,"ID3":33,"NAME":"正四特","NM":"47","NM_NE":"47","OS":"0.00","DC":null,"SORT":"47","CLO":"blue","CE":"hk65","SE":0,"ST":false,"AMT":null},"hk65_48":{"ID":27,"ID2":700,"ID3":33,"NAME":"正四特","NM":"48","NM_NE":"48","OS":"0.00","DC":null,"SORT":"48","CLO":"blue","CE":"hk65","SE":0,"ST":false,"AMT":null},"hk65_49":{"ID":27,"ID2":700,"ID3":33,"NAME":"正四特","NM":"49","NM_NE":"49","OS":"0.00","DC":null,"SORT":"49","CLO":"green","CE":"hk65","SE":0,"ST":false,"AMT":null},"hk65_50":{"ID":27,"ID2":700,"ID3":33,"NAME":"正四特","NM":"大","NM_NE":"大","OS":"0.00","DC":"pass_all","SORT":"50","CLO":"text","CE":"hk65","SE":0,"ST":false,"AMT":null},"hk65_51":{"ID":27,"ID2":700,"ID3":33,"NAME":"正四特","NM":"小","NM_NE":"小","OS":"0.00","DC":"pass_all","SORT":"51","CLO":"text","CE":"hk65","SE":0,"ST":false,"AMT":null},"hk65_52":{"ID":27,"ID2":700,"ID3":33,"NAME":"正四特","NM":"单","NM_NE":"单","OS":"0.00","DC":"pass_all","SORT":"52","CLO":"text","CE":"hk65","SE":0,"ST":false,"AMT":null},"hk65_53":{"ID":27,"ID2":700,"ID3":33,"NAME":"正四特","NM":"双","NM_NE":"双","OS":"0.00","DC":"pass_all","SORT":"53","CLO":"text","CE":"hk65","SE":0,"ST":false,"AMT":null},"hk65_54":{"ID":27,"ID2":700,"ID3":33,"NAME":"正四特","NM":"合大","NM_NE":"合大","OS":"0.00","DC":"pass_all","SORT":"54","CLO":"text","CE":"hk65","SE":0,"ST":false,"AMT":null},"hk65_55":{"ID":27,"ID2":700,"ID3":33,"NAME":"正四特","NM":"合小","NM_NE":"合小","OS":"0.00","DC":"pass_all","SORT":"55","CLO":"text","CE":"hk65","SE":0,"ST":false,"AMT":null},"hk65_56":{"ID":27,"ID2":700,"ID3":33,"NAME":"正四特","NM":"合单","NM_NE":"合单","OS":"0.00","DC":"pass_all","SORT":"56","CLO":"text","CE":"hk65","SE":0,"ST":false,"AMT":null},"hk65_57":{"ID":27,"ID2":700,"ID3":33,"NAME":"正四特","NM":"合双","NM_NE":"合双","OS":"0.00","DC":"pass_all","SORT":"57","CLO":"text","CE":"hk65","SE":0,"ST":false,"AMT":null},"hk65_58":{"ID":27,"ID2":700,"ID3":33,"NAME":"正四特","NM":"尾大","NM_NE":"尾大","OS":"0.00","DC":"pass_all","SORT":"58","CLO":"text","CE":"hk65","SE":0,"ST":false,"AMT":null},"hk65_59":{"ID":27,"ID2":700,"ID3":33,"NAME":"正四特","NM":"尾小","NM_NE":"尾小","OS":"0.00","DC":"pass_all","SORT":"59","CLO":"text","CE":"hk65","SE":0,"ST":false,"AMT":null},"hk65_60":{"ID":27,"ID2":700,"ID3":33,"NAME":"正四特","NM":"尾单","NM_NE":"尾单","OS":"0.00","DC":"pass_all","SORT":"60","CLO":"text","CE":"hk65","SE":0,"ST":false,"AMT":null},"hk65_61":{"ID":27,"ID2":700,"ID3":33,"NAME":"正四特","NM":"尾双","NM_NE":"尾双","OS":"0.00","DC":"pass_all","SORT":"61","CLO":"text","CE":"hk65","SE":0,"ST":false,"AMT":null},"hk65_62":{"ID":27,"ID2":700,"ID3":33,"NAME":"正四特","NM":"红波","NM_NE":"红波","OS":"0.00","DC":"pass_all","SORT":"62","CLO":"text","CE":"hk65","SE":0,"ST":false,"AMT":null},"hk65_63":{"ID":27,"ID2":700,"ID3":33,"NAME":"正四特","NM":"蓝波","NM_NE":"蓝波","OS":"0.00","DC":"pass_all","SORT":"63","CLO":"text","CE":"hk65","SE":0,"ST":false,"AMT":null},"hk65_64":{"ID":27,"ID2":700,"ID3":33,"NAME":"正四特","NM":"绿波","NM_NE":"绿波","OS":"0.00","DC":"pass_all","SORT":"64","CLO":"text","CE":"hk65","SE":0,"ST":false,"AMT":null},"hk65_65":{"ID":27,"ID2":700,"ID3":33,"NAME":"正四特","NM":"鼠","NM_NE":"鼠","OS":"0.00","DC":null,"SORT":"65","CLO":"text","CE":"hk65","SE":0,"ST":false,"AMT":null},"hk65_66":{"ID":27,"ID2":700,"ID3":33,"NAME":"正四特","NM":"牛","NM_NE":"牛","OS":"0.00","DC":null,"SORT":"66","CLO":"text","CE":"hk65","SE":0,"ST":false,"AMT":null},"hk65_67":{"ID":27,"ID2":700,"ID3":33,"NAME":"正四特","NM":"虎","NM_NE":"虎","OS":"0.00","DC":null,"SORT":"67","CLO":"text","CE":"hk65","SE":0,"ST":false,"AMT":null},"hk65_68":{"ID":27,"ID2":700,"ID3":33,"NAME":"正四特","NM":"兔","NM_NE":"兔","OS":"0.00","DC":null,"SORT":"68","CLO":"text","CE":"hk65","SE":0,"ST":false,"AMT":null},"hk65_69":{"ID":27,"ID2":700,"ID3":33,"NAME":"正四特","NM":"龙","NM_NE":"龙","OS":"0.00","DC":null,"SORT":"69","CLO":"text","CE":"hk65","SE":0,"ST":false,"AMT":null},"hk65_70":{"ID":27,"ID2":700,"ID3":33,"NAME":"正四特","NM":"蛇","NM_NE":"蛇","OS":"0.00","DC":null,"SORT":"70","CLO":"text","CE":"hk65","SE":0,"ST":false,"AMT":null},"hk65_71":{"ID":27,"ID2":700,"ID3":33,"NAME":"正四特","NM":"马","NM_NE":"马","OS":"0.00","DC":null,"SORT":"71","CLO":"text","CE":"hk65","SE":0,"ST":false,"AMT":null},"hk65_72":{"ID":27,"ID2":700,"ID3":33,"NAME":"正四特","NM":"羊","NM_NE":"羊","OS":"0.00","DC":null,"SORT":"72","CLO":"text","CE":"hk65","SE":0,"ST":false,"AMT":null},"hk65_73":{"ID":27,"ID2":700,"ID3":33,"NAME":"正四特","NM":"猴","NM_NE":"猴","OS":"0.00","DC":null,"SORT":"73","CLO":"text","CE":"hk65","SE":0,"ST":false,"AMT":null},"hk65_74":{"ID":27,"ID2":700,"ID3":33,"NAME":"正四特","NM":"鸡","NM_NE":"鸡","OS":"0.00","DC":null,"SORT":"74","CLO":"text","CE":"hk65","SE":0,"ST":false,"AMT":null},"hk65_75":{"ID":27,"ID2":700,"ID3":33,"NAME":"正四特","NM":"狗","NM_NE":"狗","OS":"0.00","DC":null,"SORT":"75","CLO":"text","CE":"hk65","SE":0,"ST":false,"AMT":null},"hk65_76":{"ID":27,"ID2":700,"ID3":33,"NAME":"正四特","NM":"猪","NM_NE":"猪","OS":"0.00","DC":null,"SORT":"76","CLO":"text","CE":"hk65","SE":0,"ST":false,"AMT":null}},"hk66":{"hk66_1":{"ID":27,"ID2":700,"ID3":34,"NAME":"正五特","NM":"1","NM_NE":"1","OS":"0.00","DC":null,"SORT":"1","CLO":"red","CE":"hk66","SE":0,"ST":false,"AMT":null},"hk66_2":{"ID":27,"ID2":700,"ID3":34,"NAME":"正五特","NM":"2","NM_NE":"2","OS":"0.00","DC":null,"SORT":"2","CLO":"red","CE":"hk66","SE":0,"ST":false,"AMT":null},"hk66_3":{"ID":27,"ID2":700,"ID3":34,"NAME":"正五特","NM":"3","NM_NE":"3","OS":"0.00","DC":null,"SORT":"3","CLO":"blue","CE":"hk66","SE":0,"ST":false,"AMT":null},"hk66_4":{"ID":27,"ID2":700,"ID3":34,"NAME":"正五特","NM":"4","NM_NE":"4","OS":"0.00","DC":null,"SORT":"4","CLO":"blue","CE":"hk66","SE":0,"ST":false,"AMT":null},"hk66_5":{"ID":27,"ID2":700,"ID3":34,"NAME":"正五特","NM":"5","NM_NE":"5","OS":"0.00","DC":null,"SORT":"5","CLO":"green","CE":"hk66","SE":0,"ST":false,"AMT":null},"hk66_6":{"ID":27,"ID2":700,"ID3":34,"NAME":"正五特","NM":"6","NM_NE":"6","OS":"0.00","DC":null,"SORT":"6","CLO":"green","CE":"hk66","SE":0,"ST":false,"AMT":null},"hk66_7":{"ID":27,"ID2":700,"ID3":34,"NAME":"正五特","NM":"7","NM_NE":"7","OS":"0.00","DC":null,"SORT":"7","CLO":"red","CE":"hk66","SE":0,"ST":false,"AMT":null},"hk66_8":{"ID":27,"ID2":700,"ID3":34,"NAME":"正五特","NM":"8","NM_NE":"8","OS":"0.00","DC":null,"SORT":"8","CLO":"red","CE":"hk66","SE":0,"ST":false,"AMT":null},"hk66_9":{"ID":27,"ID2":700,"ID3":34,"NAME":"正五特","NM":"9","NM_NE":"9","OS":"0.00","DC":null,"SORT":"9","CLO":"blue","CE":"hk66","SE":0,"ST":false,"AMT":null},"hk66_10":{"ID":27,"ID2":700,"ID3":34,"NAME":"正五特","NM":"10","NM_NE":"10","OS":"0.00","DC":null,"SORT":"10","CLO":"blue","CE":"hk66","SE":0,"ST":false,"AMT":null},"hk66_11":{"ID":27,"ID2":700,"ID3":34,"NAME":"正五特","NM":"11","NM_NE":"11","OS":"0.00","DC":null,"SORT":"11","CLO":"green","CE":"hk66","SE":0,"ST":false,"AMT":null},"hk66_12":{"ID":27,"ID2":700,"ID3":34,"NAME":"正五特","NM":"12","NM_NE":"12","OS":"0.00","DC":null,"SORT":"12","CLO":"red","CE":"hk66","SE":0,"ST":false,"AMT":null},"hk66_13":{"ID":27,"ID2":700,"ID3":34,"NAME":"正五特","NM":"13","NM_NE":"13","OS":"0.00","DC":null,"SORT":"13","CLO":"red","CE":"hk66","SE":0,"ST":false,"AMT":null},"hk66_14":{"ID":27,"ID2":700,"ID3":34,"NAME":"正五特","NM":"14","NM_NE":"14","OS":"0.00","DC":null,"SORT":"14","CLO":"blue","CE":"hk66","SE":0,"ST":false,"AMT":null},"hk66_15":{"ID":27,"ID2":700,"ID3":34,"NAME":"正五特","NM":"15","NM_NE":"15","OS":"0.00","DC":null,"SORT":"15","CLO":"blue","CE":"hk66","SE":0,"ST":false,"AMT":null},"hk66_16":{"ID":27,"ID2":700,"ID3":34,"NAME":"正五特","NM":"16","NM_NE":"16","OS":"0.00","DC":null,"SORT":"16","CLO":"green","CE":"hk66","SE":0,"ST":false,"AMT":null},"hk66_17":{"ID":27,"ID2":700,"ID3":34,"NAME":"正五特","NM":"17","NM_NE":"17","OS":"0.00","DC":null,"SORT":"17","CLO":"green","CE":"hk66","SE":0,"ST":false,"AMT":null},"hk66_18":{"ID":27,"ID2":700,"ID3":34,"NAME":"正五特","NM":"18","NM_NE":"18","OS":"0.00","DC":null,"SORT":"18","CLO":"red","CE":"hk66","SE":0,"ST":false,"AMT":null},"hk66_19":{"ID":27,"ID2":700,"ID3":34,"NAME":"正五特","NM":"19","NM_NE":"19","OS":"0.00","DC":null,"SORT":"19","CLO":"red","CE":"hk66","SE":0,"ST":false,"AMT":null},"hk66_20":{"ID":27,"ID2":700,"ID3":34,"NAME":"正五特","NM":"20","NM_NE":"20","OS":"0.00","DC":null,"SORT":"20","CLO":"blue","CE":"hk66","SE":0,"ST":false,"AMT":null},"hk66_21":{"ID":27,"ID2":700,"ID3":34,"NAME":"正五特","NM":"21","NM_NE":"21","OS":"0.00","DC":null,"SORT":"21","CLO":"green","CE":"hk66","SE":0,"ST":false,"AMT":null},"hk66_22":{"ID":27,"ID2":700,"ID3":34,"NAME":"正五特","NM":"22","NM_NE":"22","OS":"0.00","DC":null,"SORT":"22","CLO":"green","CE":"hk66","SE":0,"ST":false,"AMT":null},"hk66_23":{"ID":27,"ID2":700,"ID3":34,"NAME":"正五特","NM":"23","NM_NE":"23","OS":"0.00","DC":null,"SORT":"23","CLO":"red","CE":"hk66","SE":0,"ST":false,"AMT":null},"hk66_24":{"ID":27,"ID2":700,"ID3":34,"NAME":"正五特","NM":"24","NM_NE":"24","OS":"0.00","DC":null,"SORT":"24","CLO":"red","CE":"hk66","SE":0,"ST":false,"AMT":null},"hk66_25":{"ID":27,"ID2":700,"ID3":34,"NAME":"正五特","NM":"25","NM_NE":"25","OS":"0.00","DC":null,"SORT":"25","CLO":"blue","CE":"hk66","SE":0,"ST":false,"AMT":null},"hk66_26":{"ID":27,"ID2":700,"ID3":34,"NAME":"正五特","NM":"26","NM_NE":"26","OS":"0.00","DC":null,"SORT":"26","CLO":"blue","CE":"hk66","SE":0,"ST":false,"AMT":null},"hk66_27":{"ID":27,"ID2":700,"ID3":34,"NAME":"正五特","NM":"27","NM_NE":"27","OS":"0.00","DC":null,"SORT":"27","CLO":"green","CE":"hk66","SE":0,"ST":false,"AMT":null},"hk66_28":{"ID":27,"ID2":700,"ID3":34,"NAME":"正五特","NM":"28","NM_NE":"28","OS":"0.00","DC":null,"SORT":"28","CLO":"green","CE":"hk66","SE":0,"ST":false,"AMT":null},"hk66_29":{"ID":27,"ID2":700,"ID3":34,"NAME":"正五特","NM":"29","NM_NE":"29","OS":"0.00","DC":null,"SORT":"29","CLO":"red","CE":"hk66","SE":0,"ST":false,"AMT":null},"hk66_30":{"ID":27,"ID2":700,"ID3":34,"NAME":"正五特","NM":"30","NM_NE":"30","OS":"0.00","DC":null,"SORT":"30","CLO":"red","CE":"hk66","SE":0,"ST":false,"AMT":null},"hk66_31":{"ID":27,"ID2":700,"ID3":34,"NAME":"正五特","NM":"31","NM_NE":"31","OS":"0.00","DC":null,"SORT":"31","CLO":"blue","CE":"hk66","SE":0,"ST":false,"AMT":null},"hk66_32":{"ID":27,"ID2":700,"ID3":34,"NAME":"正五特","NM":"32","NM_NE":"32","OS":"0.00","DC":null,"SORT":"32","CLO":"green","CE":"hk66","SE":0,"ST":false,"AMT":null},"hk66_33":{"ID":27,"ID2":700,"ID3":34,"NAME":"正五特","NM":"33","NM_NE":"33","OS":"0.00","DC":null,"SORT":"33","CLO":"green","CE":"hk66","SE":0,"ST":false,"AMT":null},"hk66_34":{"ID":27,"ID2":700,"ID3":34,"NAME":"正五特","NM":"34","NM_NE":"34","OS":"0.00","DC":null,"SORT":"34","CLO":"red","CE":"hk66","SE":0,"ST":false,"AMT":null},"hk66_35":{"ID":27,"ID2":700,"ID3":34,"NAME":"正五特","NM":"35","NM_NE":"35","OS":"0.00","DC":null,"SORT":"35","CLO":"red","CE":"hk66","SE":0,"ST":false,"AMT":null},"hk66_36":{"ID":27,"ID2":700,"ID3":34,"NAME":"正五特","NM":"36","NM_NE":"36","OS":"0.00","DC":null,"SORT":"36","CLO":"blue","CE":"hk66","SE":0,"ST":false,"AMT":null},"hk66_37":{"ID":27,"ID2":700,"ID3":34,"NAME":"正五特","NM":"37","NM_NE":"37","OS":"0.00","DC":null,"SORT":"37","CLO":"blue","CE":"hk66","SE":0,"ST":false,"AMT":null},"hk66_38":{"ID":27,"ID2":700,"ID3":34,"NAME":"正五特","NM":"38","NM_NE":"38","OS":"0.00","DC":null,"SORT":"38","CLO":"green","CE":"hk66","SE":0,"ST":false,"AMT":null},"hk66_39":{"ID":27,"ID2":700,"ID3":34,"NAME":"正五特","NM":"39","NM_NE":"39","OS":"0.00","DC":null,"SORT":"39","CLO":"green","CE":"hk66","SE":0,"ST":false,"AMT":null},"hk66_40":{"ID":27,"ID2":700,"ID3":34,"NAME":"正五特","NM":"40","NM_NE":"40","OS":"0.00","DC":null,"SORT":"40","CLO":"red","CE":"hk66","SE":0,"ST":false,"AMT":null},"hk66_41":{"ID":27,"ID2":700,"ID3":34,"NAME":"正五特","NM":"41","NM_NE":"41","OS":"0.00","DC":null,"SORT":"41","CLO":"blue","CE":"hk66","SE":0,"ST":false,"AMT":null},"hk66_42":{"ID":27,"ID2":700,"ID3":34,"NAME":"正五特","NM":"42","NM_NE":"42","OS":"0.00","DC":null,"SORT":"42","CLO":"blue","CE":"hk66","SE":0,"ST":false,"AMT":null},"hk66_43":{"ID":27,"ID2":700,"ID3":34,"NAME":"正五特","NM":"43","NM_NE":"43","OS":"0.00","DC":null,"SORT":"43","CLO":"green","CE":"hk66","SE":0,"ST":false,"AMT":null},"hk66_44":{"ID":27,"ID2":700,"ID3":34,"NAME":"正五特","NM":"44","NM_NE":"44","OS":"0.00","DC":null,"SORT":"44","CLO":"green","CE":"hk66","SE":0,"ST":false,"AMT":null},"hk66_45":{"ID":27,"ID2":700,"ID3":34,"NAME":"正五特","NM":"45","NM_NE":"45","OS":"0.00","DC":null,"SORT":"45","CLO":"red","CE":"hk66","SE":0,"ST":false,"AMT":null},"hk66_46":{"ID":27,"ID2":700,"ID3":34,"NAME":"正五特","NM":"46","NM_NE":"46","OS":"0.00","DC":null,"SORT":"46","CLO":"red","CE":"hk66","SE":0,"ST":false,"AMT":null},"hk66_47":{"ID":27,"ID2":700,"ID3":34,"NAME":"正五特","NM":"47","NM_NE":"47","OS":"0.00","DC":null,"SORT":"47","CLO":"blue","CE":"hk66","SE":0,"ST":false,"AMT":null},"hk66_48":{"ID":27,"ID2":700,"ID3":34,"NAME":"正五特","NM":"48","NM_NE":"48","OS":"0.00","DC":null,"SORT":"48","CLO":"blue","CE":"hk66","SE":0,"ST":false,"AMT":null},"hk66_49":{"ID":27,"ID2":700,"ID3":34,"NAME":"正五特","NM":"49","NM_NE":"49","OS":"0.00","DC":null,"SORT":"49","CLO":"green","CE":"hk66","SE":0,"ST":false,"AMT":null},"hk66_50":{"ID":27,"ID2":700,"ID3":34,"NAME":"正五特","NM":"大","NM_NE":"大","OS":"0.00","DC":"pass_all","SORT":"50","CLO":"text","CE":"hk66","SE":0,"ST":false,"AMT":null},"hk66_51":{"ID":27,"ID2":700,"ID3":34,"NAME":"正五特","NM":"小","NM_NE":"小","OS":"0.00","DC":"pass_all","SORT":"51","CLO":"text","CE":"hk66","SE":0,"ST":false,"AMT":null},"hk66_52":{"ID":27,"ID2":700,"ID3":34,"NAME":"正五特","NM":"单","NM_NE":"单","OS":"0.00","DC":"pass_all","SORT":"52","CLO":"text","CE":"hk66","SE":0,"ST":false,"AMT":null},"hk66_53":{"ID":27,"ID2":700,"ID3":34,"NAME":"正五特","NM":"双","NM_NE":"双","OS":"0.00","DC":"pass_all","SORT":"53","CLO":"text","CE":"hk66","SE":0,"ST":false,"AMT":null},"hk66_54":{"ID":27,"ID2":700,"ID3":34,"NAME":"正五特","NM":"合大","NM_NE":"合大","OS":"0.00","DC":"pass_all","SORT":"54","CLO":"text","CE":"hk66","SE":0,"ST":false,"AMT":null},"hk66_55":{"ID":27,"ID2":700,"ID3":34,"NAME":"正五特","NM":"合小","NM_NE":"合小","OS":"0.00","DC":"pass_all","SORT":"55","CLO":"text","CE":"hk66","SE":0,"ST":false,"AMT":null},"hk66_56":{"ID":27,"ID2":700,"ID3":34,"NAME":"正五特","NM":"合单","NM_NE":"合单","OS":"0.00","DC":"pass_all","SORT":"56","CLO":"text","CE":"hk66","SE":0,"ST":false,"AMT":null},"hk66_57":{"ID":27,"ID2":700,"ID3":34,"NAME":"正五特","NM":"合双","NM_NE":"合双","OS":"0.00","DC":"pass_all","SORT":"57","CLO":"text","CE":"hk66","SE":0,"ST":false,"AMT":null},"hk66_58":{"ID":27,"ID2":700,"ID3":34,"NAME":"正五特","NM":"尾大","NM_NE":"尾大","OS":"0.00","DC":"pass_all","SORT":"58","CLO":"text","CE":"hk66","SE":0,"ST":false,"AMT":null},"hk66_59":{"ID":27,"ID2":700,"ID3":34,"NAME":"正五特","NM":"尾小","NM_NE":"尾小","OS":"0.00","DC":"pass_all","SORT":"59","CLO":"text","CE":"hk66","SE":0,"ST":false,"AMT":null},"hk66_60":{"ID":27,"ID2":700,"ID3":34,"NAME":"正五特","NM":"尾单","NM_NE":"尾单","OS":"0.00","DC":"pass_all","SORT":"60","CLO":"text","CE":"hk66","SE":0,"ST":false,"AMT":null},"hk66_61":{"ID":27,"ID2":700,"ID3":34,"NAME":"正五特","NM":"尾双","NM_NE":"尾双","OS":"0.00","DC":"pass_all","SORT":"61","CLO":"text","CE":"hk66","SE":0,"ST":false,"AMT":null},"hk66_62":{"ID":27,"ID2":700,"ID3":34,"NAME":"正五特","NM":"红波","NM_NE":"红波","OS":"0.00","DC":"pass_all","SORT":"62","CLO":"text","CE":"hk66","SE":0,"ST":false,"AMT":null},"hk66_63":{"ID":27,"ID2":700,"ID3":34,"NAME":"正五特","NM":"蓝波","NM_NE":"蓝波","OS":"0.00","DC":"pass_all","SORT":"63","CLO":"text","CE":"hk66","SE":0,"ST":false,"AMT":null},"hk66_64":{"ID":27,"ID2":700,"ID3":34,"NAME":"正五特","NM":"绿波","NM_NE":"绿波","OS":"0.00","DC":"pass_all","SORT":"64","CLO":"text","CE":"hk66","SE":0,"ST":false,"AMT":null},"hk66_65":{"ID":27,"ID2":700,"ID3":34,"NAME":"正五特","NM":"鼠","NM_NE":"鼠","OS":"0.00","DC":null,"SORT":"65","CLO":"text","CE":"hk66","SE":0,"ST":false,"AMT":null},"hk66_66":{"ID":27,"ID2":700,"ID3":34,"NAME":"正五特","NM":"牛","NM_NE":"牛","OS":"0.00","DC":null,"SORT":"66","CLO":"text","CE":"hk66","SE":0,"ST":false,"AMT":null},"hk66_67":{"ID":27,"ID2":700,"ID3":34,"NAME":"正五特","NM":"虎","NM_NE":"虎","OS":"0.00","DC":null,"SORT":"67","CLO":"text","CE":"hk66","SE":0,"ST":false,"AMT":null},"hk66_68":{"ID":27,"ID2":700,"ID3":34,"NAME":"正五特","NM":"兔","NM_NE":"兔","OS":"0.00","DC":null,"SORT":"68","CLO":"text","CE":"hk66","SE":0,"ST":false,"AMT":null},"hk66_69":{"ID":27,"ID2":700,"ID3":34,"NAME":"正五特","NM":"龙","NM_NE":"龙","OS":"0.00","DC":null,"SORT":"69","CLO":"text","CE":"hk66","SE":0,"ST":false,"AMT":null},"hk66_70":{"ID":27,"ID2":700,"ID3":34,"NAME":"正五特","NM":"蛇","NM_NE":"蛇","OS":"0.00","DC":null,"SORT":"70","CLO":"text","CE":"hk66","SE":0,"ST":false,"AMT":null},"hk66_71":{"ID":27,"ID2":700,"ID3":34,"NAME":"正五特","NM":"马","NM_NE":"马","OS":"0.00","DC":null,"SORT":"71","CLO":"text","CE":"hk66","SE":0,"ST":false,"AMT":null},"hk66_72":{"ID":27,"ID2":700,"ID3":34,"NAME":"正五特","NM":"羊","NM_NE":"羊","OS":"0.00","DC":null,"SORT":"72","CLO":"text","CE":"hk66","SE":0,"ST":false,"AMT":null},"hk66_73":{"ID":27,"ID2":700,"ID3":34,"NAME":"正五特","NM":"猴","NM_NE":"猴","OS":"0.00","DC":null,"SORT":"73","CLO":"text","CE":"hk66","SE":0,"ST":false,"AMT":null},"hk66_74":{"ID":27,"ID2":700,"ID3":34,"NAME":"正五特","NM":"鸡","NM_NE":"鸡","OS":"0.00","DC":null,"SORT":"74","CLO":"text","CE":"hk66","SE":0,"ST":false,"AMT":null},"hk66_75":{"ID":27,"ID2":700,"ID3":34,"NAME":"正五特","NM":"狗","NM_NE":"狗","OS":"0.00","DC":null,"SORT":"75","CLO":"text","CE":"hk66","SE":0,"ST":false,"AMT":null},"hk66_76":{"ID":27,"ID2":700,"ID3":34,"NAME":"正五特","NM":"猪","NM_NE":"猪","OS":"0.00","DC":null,"SORT":"76","CLO":"text","CE":"hk66","SE":0,"ST":false,"AMT":null}},"hk67":{"hk67_1":{"ID":27,"ID2":700,"ID3":35,"NAME":"正六特","NM":"1","NM_NE":"1","OS":"0.00","DC":null,"SORT":"1","CLO":"red","CE":"hk67","SE":0,"ST":false,"AMT":null},"hk67_2":{"ID":27,"ID2":700,"ID3":35,"NAME":"正六特","NM":"2","NM_NE":"2","OS":"0.00","DC":null,"SORT":"2","CLO":"red","CE":"hk67","SE":0,"ST":false,"AMT":null},"hk67_3":{"ID":27,"ID2":700,"ID3":35,"NAME":"正六特","NM":"3","NM_NE":"3","OS":"0.00","DC":null,"SORT":"3","CLO":"blue","CE":"hk67","SE":0,"ST":false,"AMT":null},"hk67_4":{"ID":27,"ID2":700,"ID3":35,"NAME":"正六特","NM":"4","NM_NE":"4","OS":"0.00","DC":null,"SORT":"4","CLO":"blue","CE":"hk67","SE":0,"ST":false,"AMT":null},"hk67_5":{"ID":27,"ID2":700,"ID3":35,"NAME":"正六特","NM":"5","NM_NE":"5","OS":"0.00","DC":null,"SORT":"5","CLO":"green","CE":"hk67","SE":0,"ST":false,"AMT":null},"hk67_6":{"ID":27,"ID2":700,"ID3":35,"NAME":"正六特","NM":"6","NM_NE":"6","OS":"0.00","DC":null,"SORT":"6","CLO":"green","CE":"hk67","SE":0,"ST":false,"AMT":null},"hk67_7":{"ID":27,"ID2":700,"ID3":35,"NAME":"正六特","NM":"7","NM_NE":"7","OS":"0.00","DC":null,"SORT":"7","CLO":"red","CE":"hk67","SE":0,"ST":false,"AMT":null},"hk67_8":{"ID":27,"ID2":700,"ID3":35,"NAME":"正六特","NM":"8","NM_NE":"8","OS":"0.00","DC":null,"SORT":"8","CLO":"red","CE":"hk67","SE":0,"ST":false,"AMT":null},"hk67_9":{"ID":27,"ID2":700,"ID3":35,"NAME":"正六特","NM":"9","NM_NE":"9","OS":"0.00","DC":null,"SORT":"9","CLO":"blue","CE":"hk67","SE":0,"ST":false,"AMT":null},"hk67_10":{"ID":27,"ID2":700,"ID3":35,"NAME":"正六特","NM":"10","NM_NE":"10","OS":"0.00","DC":null,"SORT":"10","CLO":"blue","CE":"hk67","SE":0,"ST":false,"AMT":null},"hk67_11":{"ID":27,"ID2":700,"ID3":35,"NAME":"正六特","NM":"11","NM_NE":"11","OS":"0.00","DC":null,"SORT":"11","CLO":"green","CE":"hk67","SE":0,"ST":false,"AMT":null},"hk67_12":{"ID":27,"ID2":700,"ID3":35,"NAME":"正六特","NM":"12","NM_NE":"12","OS":"0.00","DC":null,"SORT":"12","CLO":"red","CE":"hk67","SE":0,"ST":false,"AMT":null},"hk67_13":{"ID":27,"ID2":700,"ID3":35,"NAME":"正六特","NM":"13","NM_NE":"13","OS":"0.00","DC":null,"SORT":"13","CLO":"red","CE":"hk67","SE":0,"ST":false,"AMT":null},"hk67_14":{"ID":27,"ID2":700,"ID3":35,"NAME":"正六特","NM":"14","NM_NE":"14","OS":"0.00","DC":null,"SORT":"14","CLO":"blue","CE":"hk67","SE":0,"ST":false,"AMT":null},"hk67_15":{"ID":27,"ID2":700,"ID3":35,"NAME":"正六特","NM":"15","NM_NE":"15","OS":"0.00","DC":null,"SORT":"15","CLO":"blue","CE":"hk67","SE":0,"ST":false,"AMT":null},"hk67_16":{"ID":27,"ID2":700,"ID3":35,"NAME":"正六特","NM":"16","NM_NE":"16","OS":"0.00","DC":null,"SORT":"16","CLO":"green","CE":"hk67","SE":0,"ST":false,"AMT":null},"hk67_17":{"ID":27,"ID2":700,"ID3":35,"NAME":"正六特","NM":"17","NM_NE":"17","OS":"0.00","DC":null,"SORT":"17","CLO":"green","CE":"hk67","SE":0,"ST":false,"AMT":null},"hk67_18":{"ID":27,"ID2":700,"ID3":35,"NAME":"正六特","NM":"18","NM_NE":"18","OS":"0.00","DC":null,"SORT":"18","CLO":"red","CE":"hk67","SE":0,"ST":false,"AMT":null},"hk67_19":{"ID":27,"ID2":700,"ID3":35,"NAME":"正六特","NM":"19","NM_NE":"19","OS":"0.00","DC":null,"SORT":"19","CLO":"red","CE":"hk67","SE":0,"ST":false,"AMT":null},"hk67_20":{"ID":27,"ID2":700,"ID3":35,"NAME":"正六特","NM":"20","NM_NE":"20","OS":"0.00","DC":null,"SORT":"20","CLO":"blue","CE":"hk67","SE":0,"ST":false,"AMT":null},"hk67_21":{"ID":27,"ID2":700,"ID3":35,"NAME":"正六特","NM":"21","NM_NE":"21","OS":"0.00","DC":null,"SORT":"21","CLO":"green","CE":"hk67","SE":0,"ST":false,"AMT":null},"hk67_22":{"ID":27,"ID2":700,"ID3":35,"NAME":"正六特","NM":"22","NM_NE":"22","OS":"0.00","DC":null,"SORT":"22","CLO":"green","CE":"hk67","SE":0,"ST":false,"AMT":null},"hk67_23":{"ID":27,"ID2":700,"ID3":35,"NAME":"正六特","NM":"23","NM_NE":"23","OS":"0.00","DC":null,"SORT":"23","CLO":"red","CE":"hk67","SE":0,"ST":false,"AMT":null},"hk67_24":{"ID":27,"ID2":700,"ID3":35,"NAME":"正六特","NM":"24","NM_NE":"24","OS":"0.00","DC":null,"SORT":"24","CLO":"red","CE":"hk67","SE":0,"ST":false,"AMT":null},"hk67_25":{"ID":27,"ID2":700,"ID3":35,"NAME":"正六特","NM":"25","NM_NE":"25","OS":"0.00","DC":null,"SORT":"25","CLO":"blue","CE":"hk67","SE":0,"ST":false,"AMT":null},"hk67_26":{"ID":27,"ID2":700,"ID3":35,"NAME":"正六特","NM":"26","NM_NE":"26","OS":"0.00","DC":null,"SORT":"26","CLO":"blue","CE":"hk67","SE":0,"ST":false,"AMT":null},"hk67_27":{"ID":27,"ID2":700,"ID3":35,"NAME":"正六特","NM":"27","NM_NE":"27","OS":"0.00","DC":null,"SORT":"27","CLO":"green","CE":"hk67","SE":0,"ST":false,"AMT":null},"hk67_28":{"ID":27,"ID2":700,"ID3":35,"NAME":"正六特","NM":"28","NM_NE":"28","OS":"0.00","DC":null,"SORT":"28","CLO":"green","CE":"hk67","SE":0,"ST":false,"AMT":null},"hk67_29":{"ID":27,"ID2":700,"ID3":35,"NAME":"正六特","NM":"29","NM_NE":"29","OS":"0.00","DC":null,"SORT":"29","CLO":"red","CE":"hk67","SE":0,"ST":false,"AMT":null},"hk67_30":{"ID":27,"ID2":700,"ID3":35,"NAME":"正六特","NM":"30","NM_NE":"30","OS":"0.00","DC":null,"SORT":"30","CLO":"red","CE":"hk67","SE":0,"ST":false,"AMT":null},"hk67_31":{"ID":27,"ID2":700,"ID3":35,"NAME":"正六特","NM":"31","NM_NE":"31","OS":"0.00","DC":null,"SORT":"31","CLO":"blue","CE":"hk67","SE":0,"ST":false,"AMT":null},"hk67_32":{"ID":27,"ID2":700,"ID3":35,"NAME":"正六特","NM":"32","NM_NE":"32","OS":"0.00","DC":null,"SORT":"32","CLO":"green","CE":"hk67","SE":0,"ST":false,"AMT":null},"hk67_33":{"ID":27,"ID2":700,"ID3":35,"NAME":"正六特","NM":"33","NM_NE":"33","OS":"0.00","DC":null,"SORT":"33","CLO":"green","CE":"hk67","SE":0,"ST":false,"AMT":null},"hk67_34":{"ID":27,"ID2":700,"ID3":35,"NAME":"正六特","NM":"34","NM_NE":"34","OS":"0.00","DC":null,"SORT":"34","CLO":"red","CE":"hk67","SE":0,"ST":false,"AMT":null},"hk67_35":{"ID":27,"ID2":700,"ID3":35,"NAME":"正六特","NM":"35","NM_NE":"35","OS":"0.00","DC":null,"SORT":"35","CLO":"red","CE":"hk67","SE":0,"ST":false,"AMT":null},"hk67_36":{"ID":27,"ID2":700,"ID3":35,"NAME":"正六特","NM":"36","NM_NE":"36","OS":"0.00","DC":null,"SORT":"36","CLO":"blue","CE":"hk67","SE":0,"ST":false,"AMT":null},"hk67_37":{"ID":27,"ID2":700,"ID3":35,"NAME":"正六特","NM":"37","NM_NE":"37","OS":"0.00","DC":null,"SORT":"37","CLO":"blue","CE":"hk67","SE":0,"ST":false,"AMT":null},"hk67_38":{"ID":27,"ID2":700,"ID3":35,"NAME":"正六特","NM":"38","NM_NE":"38","OS":"0.00","DC":null,"SORT":"38","CLO":"green","CE":"hk67","SE":0,"ST":false,"AMT":null},"hk67_39":{"ID":27,"ID2":700,"ID3":35,"NAME":"正六特","NM":"39","NM_NE":"39","OS":"0.00","DC":null,"SORT":"39","CLO":"green","CE":"hk67","SE":0,"ST":false,"AMT":null},"hk67_40":{"ID":27,"ID2":700,"ID3":35,"NAME":"正六特","NM":"40","NM_NE":"40","OS":"0.00","DC":null,"SORT":"40","CLO":"red","CE":"hk67","SE":0,"ST":false,"AMT":null},"hk67_41":{"ID":27,"ID2":700,"ID3":35,"NAME":"正六特","NM":"41","NM_NE":"41","OS":"0.00","DC":null,"SORT":"41","CLO":"blue","CE":"hk67","SE":0,"ST":false,"AMT":null},"hk67_42":{"ID":27,"ID2":700,"ID3":35,"NAME":"正六特","NM":"42","NM_NE":"42","OS":"0.00","DC":null,"SORT":"42","CLO":"blue","CE":"hk67","SE":0,"ST":false,"AMT":null},"hk67_43":{"ID":27,"ID2":700,"ID3":35,"NAME":"正六特","NM":"43","NM_NE":"43","OS":"0.00","DC":null,"SORT":"43","CLO":"green","CE":"hk67","SE":0,"ST":false,"AMT":null},"hk67_44":{"ID":27,"ID2":700,"ID3":35,"NAME":"正六特","NM":"44","NM_NE":"44","OS":"0.00","DC":null,"SORT":"44","CLO":"green","CE":"hk67","SE":0,"ST":false,"AMT":null},"hk67_45":{"ID":27,"ID2":700,"ID3":35,"NAME":"正六特","NM":"45","NM_NE":"45","OS":"0.00","DC":null,"SORT":"45","CLO":"red","CE":"hk67","SE":0,"ST":false,"AMT":null},"hk67_46":{"ID":27,"ID2":700,"ID3":35,"NAME":"正六特","NM":"46","NM_NE":"46","OS":"0.00","DC":null,"SORT":"46","CLO":"red","CE":"hk67","SE":0,"ST":false,"AMT":null},"hk67_47":{"ID":27,"ID2":700,"ID3":35,"NAME":"正六特","NM":"47","NM_NE":"47","OS":"0.00","DC":null,"SORT":"47","CLO":"blue","CE":"hk67","SE":0,"ST":false,"AMT":null},"hk67_48":{"ID":27,"ID2":700,"ID3":35,"NAME":"正六特","NM":"48","NM_NE":"48","OS":"0.00","DC":null,"SORT":"48","CLO":"blue","CE":"hk67","SE":0,"ST":false,"AMT":null},"hk67_49":{"ID":27,"ID2":700,"ID3":35,"NAME":"正六特","NM":"49","NM_NE":"49","OS":"0.00","DC":null,"SORT":"49","CLO":"green","CE":"hk67","SE":0,"ST":false,"AMT":null},"hk67_50":{"ID":27,"ID2":700,"ID3":35,"NAME":"正六特","NM":"大","NM_NE":"大","OS":"0.00","DC":"pass_all","SORT":"50","CLO":"text","CE":"hk67","SE":0,"ST":false,"AMT":null},"hk67_51":{"ID":27,"ID2":700,"ID3":35,"NAME":"正六特","NM":"小","NM_NE":"小","OS":"0.00","DC":"pass_all","SORT":"51","CLO":"text","CE":"hk67","SE":0,"ST":false,"AMT":null},"hk67_52":{"ID":27,"ID2":700,"ID3":35,"NAME":"正六特","NM":"单","NM_NE":"单","OS":"0.00","DC":"pass_all","SORT":"52","CLO":"text","CE":"hk67","SE":0,"ST":false,"AMT":null},"hk67_53":{"ID":27,"ID2":700,"ID3":35,"NAME":"正六特","NM":"双","NM_NE":"双","OS":"0.00","DC":"pass_all","SORT":"53","CLO":"text","CE":"hk67","SE":0,"ST":false,"AMT":null},"hk67_54":{"ID":27,"ID2":700,"ID3":35,"NAME":"正六特","NM":"合大","NM_NE":"合大","OS":"0.00","DC":"pass_all","SORT":"54","CLO":"text","CE":"hk67","SE":0,"ST":false,"AMT":null},"hk67_55":{"ID":27,"ID2":700,"ID3":35,"NAME":"正六特","NM":"合小","NM_NE":"合小","OS":"0.00","DC":"pass_all","SORT":"55","CLO":"text","CE":"hk67","SE":0,"ST":false,"AMT":null},"hk67_56":{"ID":27,"ID2":700,"ID3":35,"NAME":"正六特","NM":"合单","NM_NE":"合单","OS":"0.00","DC":"pass_all","SORT":"56","CLO":"text","CE":"hk67","SE":0,"ST":false,"AMT":null},"hk67_57":{"ID":27,"ID2":700,"ID3":35,"NAME":"正六特","NM":"合双","NM_NE":"合双","OS":"0.00","DC":"pass_all","SORT":"57","CLO":"text","CE":"hk67","SE":0,"ST":false,"AMT":null},"hk67_58":{"ID":27,"ID2":700,"ID3":35,"NAME":"正六特","NM":"尾大","NM_NE":"尾大","OS":"0.00","DC":"pass_all","SORT":"58","CLO":"text","CE":"hk67","SE":0,"ST":false,"AMT":null},"hk67_59":{"ID":27,"ID2":700,"ID3":35,"NAME":"正六特","NM":"尾小","NM_NE":"尾小","OS":"0.00","DC":"pass_all","SORT":"59","CLO":"text","CE":"hk67","SE":0,"ST":false,"AMT":null},"hk67_60":{"ID":27,"ID2":700,"ID3":35,"NAME":"正六特","NM":"尾单","NM_NE":"尾单","OS":"0.00","DC":"pass_all","SORT":"60","CLO":"text","CE":"hk67","SE":0,"ST":false,"AMT":null},"hk67_61":{"ID":27,"ID2":700,"ID3":35,"NAME":"正六特","NM":"尾双","NM_NE":"尾双","OS":"0.00","DC":"pass_all","SORT":"61","CLO":"text","CE":"hk67","SE":0,"ST":false,"AMT":null},"hk67_62":{"ID":27,"ID2":700,"ID3":35,"NAME":"正六特","NM":"红波","NM_NE":"红波","OS":"0.00","DC":"pass_all","SORT":"62","CLO":"text","CE":"hk67","SE":0,"ST":false,"AMT":null},"hk67_63":{"ID":27,"ID2":700,"ID3":35,"NAME":"正六特","NM":"蓝波","NM_NE":"蓝波","OS":"0.00","DC":"pass_all","SORT":"63","CLO":"text","CE":"hk67","SE":0,"ST":false,"AMT":null},"hk67_64":{"ID":27,"ID2":700,"ID3":35,"NAME":"正六特","NM":"绿波","NM_NE":"绿波","OS":"0.00","DC":"pass_all","SORT":"64","CLO":"text","CE":"hk67","SE":0,"ST":false,"AMT":null},"hk67_65":{"ID":27,"ID2":700,"ID3":35,"NAME":"正六特","NM":"鼠","NM_NE":"鼠","OS":"0.00","DC":null,"SORT":"65","CLO":"text","CE":"hk67","SE":0,"ST":false,"AMT":null},"hk67_66":{"ID":27,"ID2":700,"ID3":35,"NAME":"正六特","NM":"牛","NM_NE":"牛","OS":"0.00","DC":null,"SORT":"66","CLO":"text","CE":"hk67","SE":0,"ST":false,"AMT":null},"hk67_67":{"ID":27,"ID2":700,"ID3":35,"NAME":"正六特","NM":"虎","NM_NE":"虎","OS":"0.00","DC":null,"SORT":"67","CLO":"text","CE":"hk67","SE":0,"ST":false,"AMT":null},"hk67_68":{"ID":27,"ID2":700,"ID3":35,"NAME":"正六特","NM":"兔","NM_NE":"兔","OS":"0.00","DC":null,"SORT":"68","CLO":"text","CE":"hk67","SE":0,"ST":false,"AMT":null},"hk67_69":{"ID":27,"ID2":700,"ID3":35,"NAME":"正六特","NM":"龙","NM_NE":"龙","OS":"0.00","DC":null,"SORT":"69","CLO":"text","CE":"hk67","SE":0,"ST":false,"AMT":null},"hk67_70":{"ID":27,"ID2":700,"ID3":35,"NAME":"正六特","NM":"蛇","NM_NE":"蛇","OS":"0.00","DC":null,"SORT":"70","CLO":"text","CE":"hk67","SE":0,"ST":false,"AMT":null},"hk67_71":{"ID":27,"ID2":700,"ID3":35,"NAME":"正六特","NM":"马","NM_NE":"马","OS":"0.00","DC":null,"SORT":"71","CLO":"text","CE":"hk67","SE":0,"ST":false,"AMT":null},"hk67_72":{"ID":27,"ID2":700,"ID3":35,"NAME":"正六特","NM":"羊","NM_NE":"羊","OS":"0.00","DC":null,"SORT":"72","CLO":"text","CE":"hk67","SE":0,"ST":false,"AMT":null},"hk67_73":{"ID":27,"ID2":700,"ID3":35,"NAME":"正六特","NM":"猴","NM_NE":"猴","OS":"0.00","DC":null,"SORT":"73","CLO":"text","CE":"hk67","SE":0,"ST":false,"AMT":null},"hk67_74":{"ID":27,"ID2":700,"ID3":35,"NAME":"正六特","NM":"鸡","NM_NE":"鸡","OS":"0.00","DC":null,"SORT":"74","CLO":"text","CE":"hk67","SE":0,"ST":false,"AMT":null},"hk67_75":{"ID":27,"ID2":700,"ID3":35,"NAME":"正六特","NM":"狗","NM_NE":"狗","OS":"0.00","DC":null,"SORT":"75","CLO":"text","CE":"hk67","SE":0,"ST":false,"AMT":null},"hk67_76":{"ID":27,"ID2":700,"ID3":35,"NAME":"正六特","NM":"猪","NM_NE":"猪","OS":"0.00","DC":null,"SORT":"76","CLO":"text","CE":"hk67","SE":0,"ST":false,"AMT":null}},"hk68":{"hk68_1":{"ID":27,"ID2":700,"ID3":708,"NAME":"过关","NM":"正一","NM_NE":"正一","OS":"0.00","DC":null,"SORT":"1","CLO":"text","CE":"hk68","SE":0,"ST":false,"AMT":null},"hk68_2":{"ID":27,"ID2":700,"ID3":708,"NAME":"过关","NM":"正二","NM_NE":"正二","OS":"0.00","DC":null,"SORT":"2","CLO":"text","CE":"hk68","SE":0,"ST":false,"AMT":null},"hk68_3":{"ID":27,"ID2":700,"ID3":708,"NAME":"过关","NM":"正三","NM_NE":"正三","OS":"0.00","DC":null,"SORT":"3","CLO":"text","CE":"hk68","SE":0,"ST":false,"AMT":null},"hk68_4":{"ID":27,"ID2":700,"ID3":708,"NAME":"过关","NM":"正四","NM_NE":"正四","OS":"0.00","DC":null,"SORT":"4","CLO":"text","CE":"hk68","SE":0,"ST":false,"AMT":null},"hk68_5":{"ID":27,"ID2":700,"ID3":708,"NAME":"过关","NM":"正五","NM_NE":"正五","OS":"0.00","DC":null,"SORT":"5","CLO":"text","CE":"hk68","SE":0,"ST":false,"AMT":null}}}