{"hk611":{"hk611_1":{"ID":27,"ID2":36,"ID3":742,"NAME":"总和","NM":"大","NM_NE":"总和大","OS":"0.00","DC":null,"SORT":"1","CLO":"text","CE":"hk611","SE":0,"ST":false,"AMT":null},"hk611_2":{"ID":27,"ID2":36,"ID3":742,"NAME":"总和","NM":"小","NM_NE":"总和小","OS":"0.00","DC":null,"SORT":"2","CLO":"text","CE":"hk611","SE":0,"ST":false,"AMT":null},"hk611_3":{"ID":27,"ID2":36,"ID3":742,"NAME":"总和","NM":"单","NM_NE":"总和单","OS":"0.00","DC":null,"SORT":"3","CLO":"text","CE":"hk611","SE":0,"ST":false,"AMT":null},"hk611_4":{"ID":27,"ID2":36,"ID3":742,"NAME":"总和","NM":"双","NM_NE":"总和双","OS":"0.00","DC":null,"SORT":"4","CLO":"text","CE":"hk611","SE":0,"ST":false,"AMT":null}}}