﻿{"hk611_1":{"SYS_GAME_LEVEL_CODE_ID":27,"SUB_LEVEL_CODE_ID":36,"SUB_LEVEL_CODE3_ID":742,"GROUP_NAME":"总和","NUM":"大","NUM_NAME":"总和大","ODDS":"--","ODDS_DESC":null,"SORT":"1","SHOWCLO":"text","CODE":"hk611","STATE":0,"ST":false,"BET_AMT":null},"hk611_2":{"SYS_GAME_LEVEL_CODE_ID":27,"SUB_LEVEL_CODE_ID":36,"SUB_LEVEL_CODE3_ID":742,"GROUP_NAME":"总和","NUM":"小","NUM_NAME":"总和小","ODDS":"--","ODDS_DESC":null,"SORT":"2","SHOWCLO":"text","CODE":"hk611","STATE":0,"ST":false,"BET_AMT":null},"hk611_3":{"SYS_GAME_LEVEL_CODE_ID":27,"SUB_LEVEL_CODE_ID":36,"SUB_LEVEL_CODE3_ID":742,"GROUP_NAME":"总和","NUM":"单","NUM_NAME":"总和单","ODDS":"--","ODDS_DESC":null,"SORT":"3","SHOWCLO":"text","CODE":"hk611","STATE":0,"ST":false,"BET_AMT":null},"hk611_4":{"SYS_GAME_LEVEL_CODE_ID":27,"SUB_LEVEL_CODE_ID":36,"SUB_LEVEL_CODE3_ID":742,"GROUP_NAME":"总和","NUM":"双","NUM_NAME":"总和双","ODDS":"--","ODDS_DESC":null,"SORT":"4","SHOWCLO":"text","CODE":"hk611","STATE":0,"ST":false,"BET_AMT":null}}