[{
    "id": "2",
    "name": "百分比",
    "list": [
      {
        "id": "12",
        "name": "真人",
        "mount": "3.00"
      },
      {
        "id": "13",
        "name": "电子",
        "mount": "2.00"
      },
      {
        "id": "14",
        "name": "体育",
        "mount": "1.00"
      },
      {
        "id": "15",
        "name": "彩票",
        "mount": "3.00"
      },
      {
        "id": "16",
        "name": "香港六合彩",
        "mount": "2.00"
      }
    ]
  }
]
