[
  {
    "id": "5",
    "name": "项目",
    "list": [
      {
        "id": "1",
        "name": "我的钱包"
      },
      {
        "id": "2",
        "name": "三生体育"
      },
      {
        "id": "3",
        "name": "AG真人额度"
      },
      {
        "id": "4",
        "name": "MG真人额度"
      },
      {
        "id": "5",
        "name": "PT游艺额度"
      },
      {
        "id": "6",
        "name": "MV游艺额度"
      },
      {
        "id": "7",
        "name": "HB游艺额度"
      },
      {
        "id": "8",
        "name": "SA游艺额度"
      },
      {
        "id": "9",
        "name": "申博-GD额度"
      }
    ]
  }
]
