[
  {
    "id": "1",
    "name": "邀请码管理",
    "list": [
      {
        "id": "1",
        "code": "126700",
        "time": "2017-08-07 12:11:10",
        "created": 1
      },
      {
        "id": "2",
        "code": "126701",
        "time": "2017-08-07 12:11:10",
        "created": 2
      },
      {
        "id": "3",
        "code": "126702",
        "time": "2017-08-07 12:11:10",
        "created": 3
      },
      {
        "id": "4",
        "code": "126703",
        "time": "2017-08-07 12:11:10",
        "created": 4
      },
      {
        "id": "4",
        "code": "126703",
        "time": "2017-08-07 12:11:10",
        "created": 4
      },
      {
        "id": "4",
        "code": "126703",
        "time": "2017-08-07 12:11:10",
        "created": 4
      },
      {
        "id": "4",
        "code": "126703",
        "time": "2017-08-07 12:11:10",
        "created": 4
      },
      {
        "id": "4",
        "code": "126703",
        "time": "2017-08-07 12:11:10",
        "created": 4
      },
      {
        "id": "4",
        "code": "126703",
        "time": "2017-08-07 12:11:10",
        "created": 4
      },
      {
        "id": "4",
        "code": "126703",
        "time": "2017-08-07 12:11:10",
        "created": 4
      },
      {
        "id": "4",
        "code": "126703",
        "time": "2017-08-07 12:11:10",
        "created": 4
      },
      {
        "id": "4",
        "code": "126703",
        "time": "2017-08-07 12:11:10",
        "created": 4
      },
      {
        "id": "4",
        "code": "126703",
        "time": "2017-08-07 12:11:10",
        "created": 4
      },
      {
        "id": "4",
        "code": "126703",
        "time": "2017-08-07 12:11:10",
        "created": 4
      },
      {
        "id": "4",
        "code": "126703",
        "time": "2017-08-07 12:11:10",
        "created": 4
      },
      {
        "id": "4",
        "code": "126703",
        "time": "2017-08-07 12:11:10",
        "created": 4
      }
    ]
  }
]

