{"ah11x50":{"ah11x50_1":{"ID":5711,"P_3ID":916,"P_1ID":915,"GROUP_NAME":"第一球","SHOWCLS":"blue","ODDS":10.80,"NUM":"1","NUM_NAME":"1","CODE":"ah11x50","SORT":1.0,"STATE":0,"ST":false,"BET_AMT":null,"ODDS_A":0.0,"ODDS_B":0.0,"ODDS_C":0.0},"ah11x50_2":{"ID":5712,"P_3ID":916,"P_1ID":915,"GROUP_NAME":"第一球","SHOWCLS":"blue","ODDS":10.80,"NUM":"2","NUM_NAME":"2","CODE":"ah11x50","SORT":2.0,"STATE":0,"ST":false,"BET_AMT":null,"ODDS_A":0.0,"ODDS_B":0.0,"ODDS_C":0.0},"ah11x50_3":{"ID":5713,"P_3ID":916,"P_1ID":915,"GROUP_NAME":"第一球","SHOWCLS":"blue","ODDS":10.80,"NUM":"3","NUM_NAME":"3","CODE":"ah11x50","SORT":3.0,"STATE":0,"ST":false,"BET_AMT":null,"ODDS_A":0.0,"ODDS_B":0.0,"ODDS_C":0.0},"ah11x50_4":{"ID":5714,"P_3ID":916,"P_1ID":915,"GROUP_NAME":"第一球","SHOWCLS":"blue","ODDS":10.80,"NUM":"4","NUM_NAME":"4","CODE":"ah11x50","SORT":4.0,"STATE":0,"ST":false,"BET_AMT":null,"ODDS_A":0.0,"ODDS_B":0.0,"ODDS_C":0.0},"ah11x50_5":{"ID":5715,"P_3ID":916,"P_1ID":915,"GROUP_NAME":"第一球","SHOWCLS":"blue","ODDS":10.80,"NUM":"5","NUM_NAME":"5","CODE":"ah11x50","SORT":5.0,"STATE":0,"ST":false,"BET_AMT":null,"ODDS_A":0.0,"ODDS_B":0.0,"ODDS_C":0.0},"ah11x50_6":{"ID":5716,"P_3ID":916,"P_1ID":915,"GROUP_NAME":"第一球","SHOWCLS":"blue","ODDS":10.80,"NUM":"6","NUM_NAME":"6","CODE":"ah11x50","SORT":6.0,"STATE":0,"ST":false,"BET_AMT":null,"ODDS_A":0.0,"ODDS_B":0.0,"ODDS_C":0.0},"ah11x50_7":{"ID":5717,"P_3ID":916,"P_1ID":915,"GROUP_NAME":"第一球","SHOWCLS":"blue","ODDS":10.80,"NUM":"7","NUM_NAME":"7","CODE":"ah11x50","SORT":7.0,"STATE":0,"ST":false,"BET_AMT":null,"ODDS_A":0.0,"ODDS_B":0.0,"ODDS_C":0.0},"ah11x50_8":{"ID":5718,"P_3ID":916,"P_1ID":915,"GROUP_NAME":"第一球","SHOWCLS":"blue","ODDS":10.80,"NUM":"8","NUM_NAME":"8","CODE":"ah11x50","SORT":8.0,"STATE":0,"ST":false,"BET_AMT":null,"ODDS_A":0.0,"ODDS_B":0.0,"ODDS_C":0.0},"ah11x50_9":{"ID":5719,"P_3ID":916,"P_1ID":915,"GROUP_NAME":"第一球","SHOWCLS":"blue","ODDS":10.80,"NUM":"9","NUM_NAME":"9","CODE":"ah11x50","SORT":9.0,"STATE":0,"ST":false,"BET_AMT":null,"ODDS_A":0.0,"ODDS_B":0.0,"ODDS_C":0.0},"ah11x50_10":{"ID":5720,"P_3ID":916,"P_1ID":915,"GROUP_NAME":"第一球","SHOWCLS":"blue","ODDS":10.80,"NUM":"10","NUM_NAME":"10","CODE":"ah11x50","SORT":10.0,"STATE":0,"ST":false,"BET_AMT":null,"ODDS_A":0.0,"ODDS_B":0.0,"ODDS_C":0.0},"ah11x50_11":{"ID":5721,"P_3ID":916,"P_1ID":915,"GROUP_NAME":"第一球","SHOWCLS":"blue","ODDS":10.80,"NUM":"11","NUM_NAME":"11","CODE":"ah11x50","SORT":11.0,"STATE":0,"ST":false,"BET_AMT":null,"ODDS_A":0.0,"ODDS_B":0.0,"ODDS_C":0.0},"ah11x50_大":{"ID":5722,"P_3ID":916,"P_1ID":915,"GROUP_NAME":"第一球","SHOWCLS":"text","ODDS":1.96,"NUM":"大","NUM_NAME":"大","CODE":"ah11x50","SORT":12.0,"STATE":0,"ST":false,"BET_AMT":null,"ODDS_A":0.0,"ODDS_B":0.0,"ODDS_C":0.0},"ah11x50_小":{"ID":5723,"P_3ID":916,"P_1ID":915,"GROUP_NAME":"第一球","SHOWCLS":"text","ODDS":1.96,"NUM":"小","NUM_NAME":"小","CODE":"ah11x50","SORT":13.0,"STATE":0,"ST":false,"BET_AMT":null,"ODDS_A":0.0,"ODDS_B":0.0,"ODDS_C":0.0},"ah11x50_单":{"ID":5724,"P_3ID":916,"P_1ID":915,"GROUP_NAME":"第一球","SHOWCLS":"text","ODDS":1.96,"NUM":"单","NUM_NAME":"单","CODE":"ah11x50","SORT":14.0,"STATE":0,"ST":false,"BET_AMT":null,"ODDS_A":0.0,"ODDS_B":0.0,"ODDS_C":0.0},"ah11x50_双":{"ID":5725,"P_3ID":916,"P_1ID":915,"GROUP_NAME":"第一球","SHOWCLS":"text","ODDS":1.96,"NUM":"双","NUM_NAME":"双","CODE":"ah11x50","SORT":15.0,"STATE":0,"ST":false,"BET_AMT":null,"ODDS_A":0.0,"ODDS_B":0.0,"ODDS_C":0.0}},"ah11x51":{"ah11x51_1":{"ID":5726,"P_3ID":917,"P_1ID":915,"GROUP_NAME":"第二球","SHOWCLS":"blue","ODDS":10.80,"NUM":"1","NUM_NAME":"1","CODE":"ah11x51","SORT":1.0,"STATE":0,"ST":false,"BET_AMT":null,"ODDS_A":0.0,"ODDS_B":0.0,"ODDS_C":0.0},"ah11x51_2":{"ID":5727,"P_3ID":917,"P_1ID":915,"GROUP_NAME":"第二球","SHOWCLS":"blue","ODDS":10.80,"NUM":"2","NUM_NAME":"2","CODE":"ah11x51","SORT":2.0,"STATE":0,"ST":false,"BET_AMT":null,"ODDS_A":0.0,"ODDS_B":0.0,"ODDS_C":0.0},"ah11x51_3":{"ID":5728,"P_3ID":917,"P_1ID":915,"GROUP_NAME":"第二球","SHOWCLS":"blue","ODDS":10.80,"NUM":"3","NUM_NAME":"3","CODE":"ah11x51","SORT":3.0,"STATE":0,"ST":false,"BET_AMT":null,"ODDS_A":0.0,"ODDS_B":0.0,"ODDS_C":0.0},"ah11x51_4":{"ID":5729,"P_3ID":917,"P_1ID":915,"GROUP_NAME":"第二球","SHOWCLS":"blue","ODDS":10.80,"NUM":"4","NUM_NAME":"4","CODE":"ah11x51","SORT":4.0,"STATE":0,"ST":false,"BET_AMT":null,"ODDS_A":0.0,"ODDS_B":0.0,"ODDS_C":0.0},"ah11x51_5":{"ID":5730,"P_3ID":917,"P_1ID":915,"GROUP_NAME":"第二球","SHOWCLS":"blue","ODDS":10.80,"NUM":"5","NUM_NAME":"5","CODE":"ah11x51","SORT":5.0,"STATE":0,"ST":false,"BET_AMT":null,"ODDS_A":0.0,"ODDS_B":0.0,"ODDS_C":0.0},"ah11x51_6":{"ID":5731,"P_3ID":917,"P_1ID":915,"GROUP_NAME":"第二球","SHOWCLS":"blue","ODDS":10.80,"NUM":"6","NUM_NAME":"6","CODE":"ah11x51","SORT":6.0,"STATE":0,"ST":false,"BET_AMT":null,"ODDS_A":0.0,"ODDS_B":0.0,"ODDS_C":0.0},"ah11x51_7":{"ID":5732,"P_3ID":917,"P_1ID":915,"GROUP_NAME":"第二球","SHOWCLS":"blue","ODDS":10.80,"NUM":"7","NUM_NAME":"7","CODE":"ah11x51","SORT":7.0,"STATE":0,"ST":false,"BET_AMT":null,"ODDS_A":0.0,"ODDS_B":0.0,"ODDS_C":0.0},"ah11x51_8":{"ID":5733,"P_3ID":917,"P_1ID":915,"GROUP_NAME":"第二球","SHOWCLS":"blue","ODDS":10.80,"NUM":"8","NUM_NAME":"8","CODE":"ah11x51","SORT":8.0,"STATE":0,"ST":false,"BET_AMT":null,"ODDS_A":0.0,"ODDS_B":0.0,"ODDS_C":0.0},"ah11x51_9":{"ID":5734,"P_3ID":917,"P_1ID":915,"GROUP_NAME":"第二球","SHOWCLS":"blue","ODDS":10.80,"NUM":"9","NUM_NAME":"9","CODE":"ah11x51","SORT":9.0,"STATE":0,"ST":false,"BET_AMT":null,"ODDS_A":0.0,"ODDS_B":0.0,"ODDS_C":0.0},"ah11x51_10":{"ID":5735,"P_3ID":917,"P_1ID":915,"GROUP_NAME":"第二球","SHOWCLS":"blue","ODDS":10.80,"NUM":"10","NUM_NAME":"10","CODE":"ah11x51","SORT":10.0,"STATE":0,"ST":false,"BET_AMT":null,"ODDS_A":0.0,"ODDS_B":0.0,"ODDS_C":0.0},"ah11x51_11":{"ID":5736,"P_3ID":917,"P_1ID":915,"GROUP_NAME":"第二球","SHOWCLS":"blue","ODDS":10.80,"NUM":"11","NUM_NAME":"11","CODE":"ah11x51","SORT":11.0,"STATE":0,"ST":false,"BET_AMT":null,"ODDS_A":0.0,"ODDS_B":0.0,"ODDS_C":0.0},"ah11x51_大":{"ID":5737,"P_3ID":917,"P_1ID":915,"GROUP_NAME":"第二球","SHOWCLS":"text","ODDS":1.96,"NUM":"大","NUM_NAME":"大","CODE":"ah11x51","SORT":12.0,"STATE":0,"ST":false,"BET_AMT":null,"ODDS_A":0.0,"ODDS_B":0.0,"ODDS_C":0.0},"ah11x51_小":{"ID":5738,"P_3ID":917,"P_1ID":915,"GROUP_NAME":"第二球","SHOWCLS":"text","ODDS":1.96,"NUM":"小","NUM_NAME":"小","CODE":"ah11x51","SORT":13.0,"STATE":0,"ST":false,"BET_AMT":null,"ODDS_A":0.0,"ODDS_B":0.0,"ODDS_C":0.0},"ah11x51_单":{"ID":5739,"P_3ID":917,"P_1ID":915,"GROUP_NAME":"第二球","SHOWCLS":"text","ODDS":1.96,"NUM":"单","NUM_NAME":"单","CODE":"ah11x51","SORT":14.0,"STATE":0,"ST":false,"BET_AMT":null,"ODDS_A":0.0,"ODDS_B":0.0,"ODDS_C":0.0},"ah11x51_双":{"ID":5740,"P_3ID":917,"P_1ID":915,"GROUP_NAME":"第二球","SHOWCLS":"text","ODDS":1.96,"NUM":"双","NUM_NAME":"双","CODE":"ah11x51","SORT":15.0,"STATE":0,"ST":false,"BET_AMT":null,"ODDS_A":0.0,"ODDS_B":0.0,"ODDS_C":0.0}},"ah11x52":{"ah11x52_1":{"ID":5741,"P_3ID":918,"P_1ID":915,"GROUP_NAME":"第三球","SHOWCLS":"blue","ODDS":10.80,"NUM":"1","NUM_NAME":"1","CODE":"ah11x52","SORT":1.0,"STATE":0,"ST":false,"BET_AMT":null,"ODDS_A":0.0,"ODDS_B":0.0,"ODDS_C":0.0},"ah11x52_2":{"ID":5742,"P_3ID":918,"P_1ID":915,"GROUP_NAME":"第三球","SHOWCLS":"blue","ODDS":10.80,"NUM":"2","NUM_NAME":"2","CODE":"ah11x52","SORT":2.0,"STATE":0,"ST":false,"BET_AMT":null,"ODDS_A":0.0,"ODDS_B":0.0,"ODDS_C":0.0},"ah11x52_3":{"ID":5743,"P_3ID":918,"P_1ID":915,"GROUP_NAME":"第三球","SHOWCLS":"blue","ODDS":10.80,"NUM":"3","NUM_NAME":"3","CODE":"ah11x52","SORT":3.0,"STATE":0,"ST":false,"BET_AMT":null,"ODDS_A":0.0,"ODDS_B":0.0,"ODDS_C":0.0},"ah11x52_4":{"ID":5744,"P_3ID":918,"P_1ID":915,"GROUP_NAME":"第三球","SHOWCLS":"blue","ODDS":10.80,"NUM":"4","NUM_NAME":"4","CODE":"ah11x52","SORT":4.0,"STATE":0,"ST":false,"BET_AMT":null,"ODDS_A":0.0,"ODDS_B":0.0,"ODDS_C":0.0},"ah11x52_5":{"ID":5745,"P_3ID":918,"P_1ID":915,"GROUP_NAME":"第三球","SHOWCLS":"blue","ODDS":10.80,"NUM":"5","NUM_NAME":"5","CODE":"ah11x52","SORT":5.0,"STATE":0,"ST":false,"BET_AMT":null,"ODDS_A":0.0,"ODDS_B":0.0,"ODDS_C":0.0},"ah11x52_6":{"ID":5746,"P_3ID":918,"P_1ID":915,"GROUP_NAME":"第三球","SHOWCLS":"blue","ODDS":10.80,"NUM":"6","NUM_NAME":"6","CODE":"ah11x52","SORT":6.0,"STATE":0,"ST":false,"BET_AMT":null,"ODDS_A":0.0,"ODDS_B":0.0,"ODDS_C":0.0},"ah11x52_7":{"ID":5747,"P_3ID":918,"P_1ID":915,"GROUP_NAME":"第三球","SHOWCLS":"blue","ODDS":10.80,"NUM":"7","NUM_NAME":"7","CODE":"ah11x52","SORT":7.0,"STATE":0,"ST":false,"BET_AMT":null,"ODDS_A":0.0,"ODDS_B":0.0,"ODDS_C":0.0},"ah11x52_8":{"ID":5748,"P_3ID":918,"P_1ID":915,"GROUP_NAME":"第三球","SHOWCLS":"blue","ODDS":10.80,"NUM":"8","NUM_NAME":"8","CODE":"ah11x52","SORT":8.0,"STATE":0,"ST":false,"BET_AMT":null,"ODDS_A":0.0,"ODDS_B":0.0,"ODDS_C":0.0},"ah11x52_9":{"ID":5749,"P_3ID":918,"P_1ID":915,"GROUP_NAME":"第三球","SHOWCLS":"blue","ODDS":10.80,"NUM":"9","NUM_NAME":"9","CODE":"ah11x52","SORT":9.0,"STATE":0,"ST":false,"BET_AMT":null,"ODDS_A":0.0,"ODDS_B":0.0,"ODDS_C":0.0},"ah11x52_10":{"ID":5750,"P_3ID":918,"P_1ID":915,"GROUP_NAME":"第三球","SHOWCLS":"blue","ODDS":10.80,"NUM":"10","NUM_NAME":"10","CODE":"ah11x52","SORT":10.0,"STATE":0,"ST":false,"BET_AMT":null,"ODDS_A":0.0,"ODDS_B":0.0,"ODDS_C":0.0},"ah11x52_11":{"ID":5751,"P_3ID":918,"P_1ID":915,"GROUP_NAME":"第三球","SHOWCLS":"blue","ODDS":10.80,"NUM":"11","NUM_NAME":"11","CODE":"ah11x52","SORT":11.0,"STATE":0,"ST":false,"BET_AMT":null,"ODDS_A":0.0,"ODDS_B":0.0,"ODDS_C":0.0},"ah11x52_大":{"ID":5752,"P_3ID":918,"P_1ID":915,"GROUP_NAME":"第三球","SHOWCLS":"text","ODDS":1.96,"NUM":"大","NUM_NAME":"大","CODE":"ah11x52","SORT":12.0,"STATE":0,"ST":false,"BET_AMT":null,"ODDS_A":0.0,"ODDS_B":0.0,"ODDS_C":0.0},"ah11x52_小":{"ID":5753,"P_3ID":918,"P_1ID":915,"GROUP_NAME":"第三球","SHOWCLS":"text","ODDS":1.96,"NUM":"小","NUM_NAME":"小","CODE":"ah11x52","SORT":13.0,"STATE":0,"ST":false,"BET_AMT":null,"ODDS_A":0.0,"ODDS_B":0.0,"ODDS_C":0.0},"ah11x52_单":{"ID":5754,"P_3ID":918,"P_1ID":915,"GROUP_NAME":"第三球","SHOWCLS":"text","ODDS":1.96,"NUM":"单","NUM_NAME":"单","CODE":"ah11x52","SORT":14.0,"STATE":0,"ST":false,"BET_AMT":null,"ODDS_A":0.0,"ODDS_B":0.0,"ODDS_C":0.0},"ah11x52_双":{"ID":5755,"P_3ID":918,"P_1ID":915,"GROUP_NAME":"第三球","SHOWCLS":"text","ODDS":1.96,"NUM":"双","NUM_NAME":"双","CODE":"ah11x52","SORT":15.0,"STATE":0,"ST":false,"BET_AMT":null,"ODDS_A":0.0,"ODDS_B":0.0,"ODDS_C":0.0}},"ah11x53":{"ah11x53_1":{"ID":5756,"P_3ID":919,"P_1ID":915,"GROUP_NAME":"第四球","SHOWCLS":"blue","ODDS":10.80,"NUM":"1","NUM_NAME":"1","CODE":"ah11x53","SORT":1.0,"STATE":0,"ST":false,"BET_AMT":null,"ODDS_A":0.0,"ODDS_B":0.0,"ODDS_C":0.0},"ah11x53_2":{"ID":5757,"P_3ID":919,"P_1ID":915,"GROUP_NAME":"第四球","SHOWCLS":"blue","ODDS":10.80,"NUM":"2","NUM_NAME":"2","CODE":"ah11x53","SORT":2.0,"STATE":0,"ST":false,"BET_AMT":null,"ODDS_A":0.0,"ODDS_B":0.0,"ODDS_C":0.0},"ah11x53_3":{"ID":5758,"P_3ID":919,"P_1ID":915,"GROUP_NAME":"第四球","SHOWCLS":"blue","ODDS":10.80,"NUM":"3","NUM_NAME":"3","CODE":"ah11x53","SORT":3.0,"STATE":0,"ST":false,"BET_AMT":null,"ODDS_A":0.0,"ODDS_B":0.0,"ODDS_C":0.0},"ah11x53_4":{"ID":5759,"P_3ID":919,"P_1ID":915,"GROUP_NAME":"第四球","SHOWCLS":"blue","ODDS":10.80,"NUM":"4","NUM_NAME":"4","CODE":"ah11x53","SORT":4.0,"STATE":0,"ST":false,"BET_AMT":null,"ODDS_A":0.0,"ODDS_B":0.0,"ODDS_C":0.0},"ah11x53_5":{"ID":5760,"P_3ID":919,"P_1ID":915,"GROUP_NAME":"第四球","SHOWCLS":"blue","ODDS":10.80,"NUM":"5","NUM_NAME":"5","CODE":"ah11x53","SORT":5.0,"STATE":0,"ST":false,"BET_AMT":null,"ODDS_A":0.0,"ODDS_B":0.0,"ODDS_C":0.0},"ah11x53_6":{"ID":5761,"P_3ID":919,"P_1ID":915,"GROUP_NAME":"第四球","SHOWCLS":"blue","ODDS":10.80,"NUM":"6","NUM_NAME":"6","CODE":"ah11x53","SORT":6.0,"STATE":0,"ST":false,"BET_AMT":null,"ODDS_A":0.0,"ODDS_B":0.0,"ODDS_C":0.0},"ah11x53_7":{"ID":5762,"P_3ID":919,"P_1ID":915,"GROUP_NAME":"第四球","SHOWCLS":"blue","ODDS":10.80,"NUM":"7","NUM_NAME":"7","CODE":"ah11x53","SORT":7.0,"STATE":0,"ST":false,"BET_AMT":null,"ODDS_A":0.0,"ODDS_B":0.0,"ODDS_C":0.0},"ah11x53_8":{"ID":5763,"P_3ID":919,"P_1ID":915,"GROUP_NAME":"第四球","SHOWCLS":"blue","ODDS":10.80,"NUM":"8","NUM_NAME":"8","CODE":"ah11x53","SORT":8.0,"STATE":0,"ST":false,"BET_AMT":null,"ODDS_A":0.0,"ODDS_B":0.0,"ODDS_C":0.0},"ah11x53_9":{"ID":5764,"P_3ID":919,"P_1ID":915,"GROUP_NAME":"第四球","SHOWCLS":"blue","ODDS":10.80,"NUM":"9","NUM_NAME":"9","CODE":"ah11x53","SORT":9.0,"STATE":0,"ST":false,"BET_AMT":null,"ODDS_A":0.0,"ODDS_B":0.0,"ODDS_C":0.0},"ah11x53_10":{"ID":5765,"P_3ID":919,"P_1ID":915,"GROUP_NAME":"第四球","SHOWCLS":"blue","ODDS":10.80,"NUM":"10","NUM_NAME":"10","CODE":"ah11x53","SORT":10.0,"STATE":0,"ST":false,"BET_AMT":null,"ODDS_A":0.0,"ODDS_B":0.0,"ODDS_C":0.0},"ah11x53_11":{"ID":5766,"P_3ID":919,"P_1ID":915,"GROUP_NAME":"第四球","SHOWCLS":"blue","ODDS":10.80,"NUM":"11","NUM_NAME":"11","CODE":"ah11x53","SORT":11.0,"STATE":0,"ST":false,"BET_AMT":null,"ODDS_A":0.0,"ODDS_B":0.0,"ODDS_C":0.0},"ah11x53_大":{"ID":5767,"P_3ID":919,"P_1ID":915,"GROUP_NAME":"第四球","SHOWCLS":"text","ODDS":1.96,"NUM":"大","NUM_NAME":"大","CODE":"ah11x53","SORT":12.0,"STATE":0,"ST":false,"BET_AMT":null,"ODDS_A":0.0,"ODDS_B":0.0,"ODDS_C":0.0},"ah11x53_小":{"ID":5768,"P_3ID":919,"P_1ID":915,"GROUP_NAME":"第四球","SHOWCLS":"text","ODDS":1.96,"NUM":"小","NUM_NAME":"小","CODE":"ah11x53","SORT":13.0,"STATE":0,"ST":false,"BET_AMT":null,"ODDS_A":0.0,"ODDS_B":0.0,"ODDS_C":0.0},"ah11x53_单":{"ID":5769,"P_3ID":919,"P_1ID":915,"GROUP_NAME":"第四球","SHOWCLS":"text","ODDS":1.96,"NUM":"单","NUM_NAME":"单","CODE":"ah11x53","SORT":14.0,"STATE":0,"ST":false,"BET_AMT":null,"ODDS_A":0.0,"ODDS_B":0.0,"ODDS_C":0.0},"ah11x53_双":{"ID":5770,"P_3ID":919,"P_1ID":915,"GROUP_NAME":"第四球","SHOWCLS":"text","ODDS":1.96,"NUM":"双","NUM_NAME":"双","CODE":"ah11x53","SORT":15.0,"STATE":0,"ST":false,"BET_AMT":null,"ODDS_A":0.0,"ODDS_B":0.0,"ODDS_C":0.0}},"ah11x54":{"ah11x54_1":{"ID":5771,"P_3ID":920,"P_1ID":915,"GROUP_NAME":"第五球","SHOWCLS":"blue","ODDS":10.80,"NUM":"1","NUM_NAME":"1","CODE":"ah11x54","SORT":1.0,"STATE":0,"ST":false,"BET_AMT":null,"ODDS_A":0.0,"ODDS_B":0.0,"ODDS_C":0.0},"ah11x54_2":{"ID":5772,"P_3ID":920,"P_1ID":915,"GROUP_NAME":"第五球","SHOWCLS":"blue","ODDS":10.80,"NUM":"2","NUM_NAME":"2","CODE":"ah11x54","SORT":2.0,"STATE":0,"ST":false,"BET_AMT":null,"ODDS_A":0.0,"ODDS_B":0.0,"ODDS_C":0.0},"ah11x54_3":{"ID":5773,"P_3ID":920,"P_1ID":915,"GROUP_NAME":"第五球","SHOWCLS":"blue","ODDS":10.80,"NUM":"3","NUM_NAME":"3","CODE":"ah11x54","SORT":3.0,"STATE":0,"ST":false,"BET_AMT":null,"ODDS_A":0.0,"ODDS_B":0.0,"ODDS_C":0.0},"ah11x54_4":{"ID":5774,"P_3ID":920,"P_1ID":915,"GROUP_NAME":"第五球","SHOWCLS":"blue","ODDS":10.80,"NUM":"4","NUM_NAME":"4","CODE":"ah11x54","SORT":4.0,"STATE":0,"ST":false,"BET_AMT":null,"ODDS_A":0.0,"ODDS_B":0.0,"ODDS_C":0.0},"ah11x54_5":{"ID":5775,"P_3ID":920,"P_1ID":915,"GROUP_NAME":"第五球","SHOWCLS":"blue","ODDS":10.80,"NUM":"5","NUM_NAME":"5","CODE":"ah11x54","SORT":5.0,"STATE":0,"ST":false,"BET_AMT":null,"ODDS_A":0.0,"ODDS_B":0.0,"ODDS_C":0.0},"ah11x54_6":{"ID":5776,"P_3ID":920,"P_1ID":915,"GROUP_NAME":"第五球","SHOWCLS":"blue","ODDS":10.80,"NUM":"6","NUM_NAME":"6","CODE":"ah11x54","SORT":6.0,"STATE":0,"ST":false,"BET_AMT":null,"ODDS_A":0.0,"ODDS_B":0.0,"ODDS_C":0.0},"ah11x54_7":{"ID":5777,"P_3ID":920,"P_1ID":915,"GROUP_NAME":"第五球","SHOWCLS":"blue","ODDS":10.80,"NUM":"7","NUM_NAME":"7","CODE":"ah11x54","SORT":7.0,"STATE":0,"ST":false,"BET_AMT":null,"ODDS_A":0.0,"ODDS_B":0.0,"ODDS_C":0.0},"ah11x54_8":{"ID":5778,"P_3ID":920,"P_1ID":915,"GROUP_NAME":"第五球","SHOWCLS":"blue","ODDS":10.80,"NUM":"8","NUM_NAME":"8","CODE":"ah11x54","SORT":8.0,"STATE":0,"ST":false,"BET_AMT":null,"ODDS_A":0.0,"ODDS_B":0.0,"ODDS_C":0.0},"ah11x54_9":{"ID":5779,"P_3ID":920,"P_1ID":915,"GROUP_NAME":"第五球","SHOWCLS":"blue","ODDS":10.80,"NUM":"9","NUM_NAME":"9","CODE":"ah11x54","SORT":9.0,"STATE":0,"ST":false,"BET_AMT":null,"ODDS_A":0.0,"ODDS_B":0.0,"ODDS_C":0.0},"ah11x54_10":{"ID":5780,"P_3ID":920,"P_1ID":915,"GROUP_NAME":"第五球","SHOWCLS":"blue","ODDS":10.80,"NUM":"10","NUM_NAME":"10","CODE":"ah11x54","SORT":10.0,"STATE":0,"ST":false,"BET_AMT":null,"ODDS_A":0.0,"ODDS_B":0.0,"ODDS_C":0.0},"ah11x54_11":{"ID":5781,"P_3ID":920,"P_1ID":915,"GROUP_NAME":"第五球","SHOWCLS":"blue","ODDS":10.80,"NUM":"11","NUM_NAME":"11","CODE":"ah11x54","SORT":11.0,"STATE":0,"ST":false,"BET_AMT":null,"ODDS_A":0.0,"ODDS_B":0.0,"ODDS_C":0.0},"ah11x54_大":{"ID":5782,"P_3ID":920,"P_1ID":915,"GROUP_NAME":"第五球","SHOWCLS":"text","ODDS":1.96,"NUM":"大","NUM_NAME":"大","CODE":"ah11x54","SORT":12.0,"STATE":0,"ST":false,"BET_AMT":null,"ODDS_A":0.0,"ODDS_B":0.0,"ODDS_C":0.0},"ah11x54_小":{"ID":5783,"P_3ID":920,"P_1ID":915,"GROUP_NAME":"第五球","SHOWCLS":"text","ODDS":1.96,"NUM":"小","NUM_NAME":"小","CODE":"ah11x54","SORT":13.0,"STATE":0,"ST":false,"BET_AMT":null,"ODDS_A":0.0,"ODDS_B":0.0,"ODDS_C":0.0},"ah11x54_单":{"ID":5784,"P_3ID":920,"P_1ID":915,"GROUP_NAME":"第五球","SHOWCLS":"text","ODDS":1.96,"NUM":"单","NUM_NAME":"单","CODE":"ah11x54","SORT":14.0,"STATE":0,"ST":false,"BET_AMT":null,"ODDS_A":0.0,"ODDS_B":0.0,"ODDS_C":0.0},"ah11x54_双":{"ID":5785,"P_3ID":920,"P_1ID":915,"GROUP_NAME":"第五球","SHOWCLS":"text","ODDS":1.96,"NUM":"双","NUM_NAME":"双","CODE":"ah11x54","SORT":15.0,"STATE":0,"ST":false,"BET_AMT":null,"ODDS_A":0.0,"ODDS_B":0.0,"ODDS_C":0.0}},"ah11x55":{"ah11x55_前二":{"ID":5826,"P_3ID":1042,"P_1ID":915,"GROUP_NAME":"直选","SHOWCLS":"text","ODDS":100.0,"NUM":"前二","NUM_NAME":"前二","CODE":"ah11x55","SORT":2.0,"STATE":0,"ST":false,"BET_AMT":null,"ODDS_A":0.0,"ODDS_B":0.0,"ODDS_C":0.0},"ah11x55_前三":{"ID":5827,"P_3ID":1042,"P_1ID":915,"GROUP_NAME":"直选","SHOWCLS":"text","ODDS":900.0,"NUM":"前三","NUM_NAME":"前三","CODE":"ah11x55","SORT":3.0,"STATE":0,"ST":false,"BET_AMT":null,"ODDS_A":0.0,"ODDS_B":0.0,"ODDS_C":0.0}},"ah11x56":{"ah11x56_前二":{"ID":5824,"P_3ID":1041,"P_1ID":915,"GROUP_NAME":"组选","SHOWCLS":"text","ODDS":50.0,"NUM":"前二","NUM_NAME":"前二","CODE":"ah11x56","SORT":2.0,"STATE":0,"ST":false,"BET_AMT":null,"ODDS_A":0.0,"ODDS_B":0.0,"ODDS_C":0.0},"ah11x56_前三":{"ID":5825,"P_3ID":1041,"P_1ID":915,"GROUP_NAME":"组选","SHOWCLS":"text","ODDS":150.0,"NUM":"前三","NUM_NAME":"前三","CODE":"ah11x56","SORT":3.0,"STATE":0,"ST":false,"BET_AMT":null,"ODDS_A":0.0,"ODDS_B":0.0,"ODDS_C":0.0}},"ah11x57":{"ah11x57_一中一":{"ID":5816,"P_3ID":1040,"P_1ID":915,"GROUP_NAME":"任选","SHOWCLS":"text","ODDS":1.90,"NUM":"一中一","NUM_NAME":"一中一","CODE":"ah11x57","SORT":1.0,"STATE":0,"ST":false,"BET_AMT":null,"ODDS_A":0.0,"ODDS_B":0.0,"ODDS_C":0.0},"ah11x57_二中二":{"ID":5817,"P_3ID":1040,"P_1ID":915,"GROUP_NAME":"任选","SHOWCLS":"text","ODDS":5.10,"NUM":"二中二","NUM_NAME":"二中二","CODE":"ah11x57","SORT":2.0,"STATE":0,"ST":false,"BET_AMT":null,"ODDS_A":0.0,"ODDS_B":0.0,"ODDS_C":0.0},"ah11x57_三中三":{"ID":5818,"P_3ID":1040,"P_1ID":915,"GROUP_NAME":"任选","SHOWCLS":"text","ODDS":15.0,"NUM":"三中三","NUM_NAME":"三中三","CODE":"ah11x57","SORT":3.0,"STATE":0,"ST":false,"BET_AMT":null,"ODDS_A":0.0,"ODDS_B":0.0,"ODDS_C":0.0},"ah11x57_四中四":{"ID":5819,"P_3ID":1040,"P_1ID":915,"GROUP_NAME":"任选","SHOWCLS":"text","ODDS":60.0,"NUM":"四中四","NUM_NAME":"四中四","CODE":"ah11x57","SORT":4.0,"STATE":0,"ST":false,"BET_AMT":null,"ODDS_A":0.0,"ODDS_B":0.0,"ODDS_C":0.0},"ah11x57_五中五":{"ID":5820,"P_3ID":1040,"P_1ID":915,"GROUP_NAME":"任选","SHOWCLS":"text","ODDS":420.0,"NUM":"五中五","NUM_NAME":"五中五","CODE":"ah11x57","SORT":5.0,"STATE":0,"ST":false,"BET_AMT":null,"ODDS_A":0.0,"ODDS_B":0.0,"ODDS_C":0.0},"ah11x57_六中五":{"ID":5821,"P_3ID":1040,"P_1ID":915,"GROUP_NAME":"任选","SHOWCLS":"text","ODDS":70.0,"NUM":"六中五","NUM_NAME":"六中五","CODE":"ah11x57","SORT":6.0,"STATE":0,"ST":false,"BET_AMT":null,"ODDS_A":0.0,"ODDS_B":0.0,"ODDS_C":0.0},"ah11x57_七中五":{"ID":5822,"P_3ID":1040,"P_1ID":915,"GROUP_NAME":"任选","SHOWCLS":"text","ODDS":20.0,"NUM":"七中五","NUM_NAME":"七中五","CODE":"ah11x57","SORT":7.0,"STATE":0,"ST":false,"BET_AMT":null,"ODDS_A":0.0,"ODDS_B":0.0,"ODDS_C":0.0},"ah11x57_八中五":{"ID":5823,"P_3ID":1040,"P_1ID":915,"GROUP_NAME":"任选","SHOWCLS":"text","ODDS":7.50,"NUM":"八中五","NUM_NAME":"八中五","CODE":"ah11x57","SORT":8.0,"STATE":0,"ST":false,"BET_AMT":null,"ODDS_A":0.0,"ODDS_B":0.0,"ODDS_C":0.0}},"ah11x58":{"ah11x58_总和大":{"ID":5786,"P_3ID":929,"P_1ID":915,"GROUP_NAME":"总和-龙虎","SHOWCLS":"text","ODDS":1.96,"NUM":"总和大","NUM_NAME":"总和大","CODE":"ah11x58","SORT":1.0,"STATE":0,"ST":false,"BET_AMT":null,"ODDS_A":0.0,"ODDS_B":0.0,"ODDS_C":0.0},"ah11x58_总和小":{"ID":5787,"P_3ID":929,"P_1ID":915,"GROUP_NAME":"总和-龙虎","SHOWCLS":"text","ODDS":1.96,"NUM":"总和小","NUM_NAME":"总和小","CODE":"ah11x58","SORT":2.0,"STATE":0,"ST":false,"BET_AMT":null,"ODDS_A":0.0,"ODDS_B":0.0,"ODDS_C":0.0},"ah11x58_总和单":{"ID":5788,"P_3ID":929,"P_1ID":915,"GROUP_NAME":"总和-龙虎","SHOWCLS":"text","ODDS":1.96,"NUM":"总和单","NUM_NAME":"总和单","CODE":"ah11x58","SORT":3.0,"STATE":0,"ST":false,"BET_AMT":null,"ODDS_A":0.0,"ODDS_B":0.0,"ODDS_C":0.0},"ah11x58_总和双":{"ID":5789,"P_3ID":929,"P_1ID":915,"GROUP_NAME":"总和-龙虎","SHOWCLS":"text","ODDS":1.96,"NUM":"总和双","NUM_NAME":"总和双","CODE":"ah11x58","SORT":4.0,"STATE":0,"ST":false,"BET_AMT":null,"ODDS_A":0.0,"ODDS_B":0.0,"ODDS_C":0.0},"ah11x58_尾大":{"ID":5790,"P_3ID":929,"P_1ID":915,"GROUP_NAME":"总和-龙虎","SHOWCLS":"text","ODDS":1.96,"NUM":"尾大","NUM_NAME":"总尾大","CODE":"ah11x58","SORT":5.0,"STATE":0,"ST":false,"BET_AMT":null,"ODDS_A":0.0,"ODDS_B":0.0,"ODDS_C":0.0},"ah11x58_尾小":{"ID":5791,"P_3ID":929,"P_1ID":915,"GROUP_NAME":"总和-龙虎","SHOWCLS":"text","ODDS":1.96,"NUM":"尾小","NUM_NAME":"总尾小","CODE":"ah11x58","SORT":6.0,"STATE":0,"ST":false,"BET_AMT":null,"ODDS_A":0.0,"ODDS_B":0.0,"ODDS_C":0.0},"ah11x58_尾单":{"ID":5792,"P_3ID":929,"P_1ID":915,"GROUP_NAME":"总和-龙虎","SHOWCLS":"text","ODDS":1.96,"NUM":"尾单","NUM_NAME":"总尾单","CODE":"ah11x58","SORT":7.0,"STATE":0,"ST":false,"BET_AMT":null,"ODDS_A":0.0,"ODDS_B":0.0,"ODDS_C":0.0},"ah11x58_尾双":{"ID":5793,"P_3ID":929,"P_1ID":915,"GROUP_NAME":"总和-龙虎","SHOWCLS":"text","ODDS":1.96,"NUM":"尾双","NUM_NAME":"总尾双","CODE":"ah11x58","SORT":8.0,"STATE":0,"ST":false,"BET_AMT":null,"ODDS_A":0.0,"ODDS_B":0.0,"ODDS_C":0.0},"ah11x58_龙":{"ID":5794,"P_3ID":929,"P_1ID":915,"GROUP_NAME":"总和-龙虎","SHOWCLS":"text","ODDS":1.96,"NUM":"龙","NUM_NAME":"龙","CODE":"ah11x58","SORT":9.0,"STATE":0,"ST":false,"BET_AMT":null,"ODDS_A":0.0,"ODDS_B":0.0,"ODDS_C":0.0},"ah11x58_虎":{"ID":5795,"P_3ID":929,"P_1ID":915,"GROUP_NAME":"总和-龙虎","SHOWCLS":"text","ODDS":1.96,"NUM":"虎","NUM_NAME":"虎","CODE":"ah11x58","SORT":10.0,"STATE":0,"ST":false,"BET_AMT":null,"ODDS_A":0.0,"ODDS_B":0.0,"ODDS_C":0.0}}}
