{"bj11x50":{"bj11x50_1":{"ID":6140,"P_3ID":1115,"P_1ID":1114,"GROUP_NAME":"第一球","SHOWCLS":"blue","ODDS":10.80,"NUM":"1","NUM_NAME":"1","CODE":"bj11x50","SORT":1.0,"STATE":0,"ST":false,"BET_AMT":null,"ODDS_A":0.0,"ODDS_B":0.0,"ODDS_C":0.0},"bj11x50_2":{"ID":6141,"P_3ID":1115,"P_1ID":1114,"GROUP_NAME":"第一球","SHOWCLS":"blue","ODDS":10.80,"NUM":"2","NUM_NAME":"2","CODE":"bj11x50","SORT":2.0,"STATE":0,"ST":false,"BET_AMT":null,"ODDS_A":0.0,"ODDS_B":0.0,"ODDS_C":0.0},"bj11x50_3":{"ID":6142,"P_3ID":1115,"P_1ID":1114,"GROUP_NAME":"第一球","SHOWCLS":"blue","ODDS":10.80,"NUM":"3","NUM_NAME":"3","CODE":"bj11x50","SORT":3.0,"STATE":0,"ST":false,"BET_AMT":null,"ODDS_A":0.0,"ODDS_B":0.0,"ODDS_C":0.0},"bj11x50_4":{"ID":6143,"P_3ID":1115,"P_1ID":1114,"GROUP_NAME":"第一球","SHOWCLS":"blue","ODDS":10.80,"NUM":"4","NUM_NAME":"4","CODE":"bj11x50","SORT":4.0,"STATE":0,"ST":false,"BET_AMT":null,"ODDS_A":0.0,"ODDS_B":0.0,"ODDS_C":0.0},"bj11x50_5":{"ID":6144,"P_3ID":1115,"P_1ID":1114,"GROUP_NAME":"第一球","SHOWCLS":"blue","ODDS":10.80,"NUM":"5","NUM_NAME":"5","CODE":"bj11x50","SORT":5.0,"STATE":0,"ST":false,"BET_AMT":null,"ODDS_A":0.0,"ODDS_B":0.0,"ODDS_C":0.0},"bj11x50_6":{"ID":6145,"P_3ID":1115,"P_1ID":1114,"GROUP_NAME":"第一球","SHOWCLS":"blue","ODDS":10.80,"NUM":"6","NUM_NAME":"6","CODE":"bj11x50","SORT":6.0,"STATE":0,"ST":false,"BET_AMT":null,"ODDS_A":0.0,"ODDS_B":0.0,"ODDS_C":0.0},"bj11x50_7":{"ID":6146,"P_3ID":1115,"P_1ID":1114,"GROUP_NAME":"第一球","SHOWCLS":"blue","ODDS":10.80,"NUM":"7","NUM_NAME":"7","CODE":"bj11x50","SORT":7.0,"STATE":0,"ST":false,"BET_AMT":null,"ODDS_A":0.0,"ODDS_B":0.0,"ODDS_C":0.0},"bj11x50_8":{"ID":6147,"P_3ID":1115,"P_1ID":1114,"GROUP_NAME":"第一球","SHOWCLS":"blue","ODDS":10.80,"NUM":"8","NUM_NAME":"8","CODE":"bj11x50","SORT":8.0,"STATE":0,"ST":false,"BET_AMT":null,"ODDS_A":0.0,"ODDS_B":0.0,"ODDS_C":0.0},"bj11x50_9":{"ID":6148,"P_3ID":1115,"P_1ID":1114,"GROUP_NAME":"第一球","SHOWCLS":"blue","ODDS":10.80,"NUM":"9","NUM_NAME":"9","CODE":"bj11x50","SORT":9.0,"STATE":0,"ST":false,"BET_AMT":null,"ODDS_A":0.0,"ODDS_B":0.0,"ODDS_C":0.0},"bj11x50_10":{"ID":6149,"P_3ID":1115,"P_1ID":1114,"GROUP_NAME":"第一球","SHOWCLS":"blue","ODDS":10.80,"NUM":"10","NUM_NAME":"10","CODE":"bj11x50","SORT":10.0,"STATE":0,"ST":false,"BET_AMT":null,"ODDS_A":0.0,"ODDS_B":0.0,"ODDS_C":0.0},"bj11x50_11":{"ID":6150,"P_3ID":1115,"P_1ID":1114,"GROUP_NAME":"第一球","SHOWCLS":"blue","ODDS":10.80,"NUM":"11","NUM_NAME":"11","CODE":"bj11x50","SORT":11.0,"STATE":0,"ST":false,"BET_AMT":null,"ODDS_A":0.0,"ODDS_B":0.0,"ODDS_C":0.0},"bj11x50_大":{"ID":6151,"P_3ID":1115,"P_1ID":1114,"GROUP_NAME":"第一球","SHOWCLS":"text","ODDS":1.96,"NUM":"大","NUM_NAME":"大","CODE":"bj11x50","SORT":12.0,"STATE":0,"ST":false,"BET_AMT":null,"ODDS_A":0.0,"ODDS_B":0.0,"ODDS_C":0.0},"bj11x50_小":{"ID":6152,"P_3ID":1115,"P_1ID":1114,"GROUP_NAME":"第一球","SHOWCLS":"text","ODDS":1.96,"NUM":"小","NUM_NAME":"小","CODE":"bj11x50","SORT":13.0,"STATE":0,"ST":false,"BET_AMT":null,"ODDS_A":0.0,"ODDS_B":0.0,"ODDS_C":0.0},"bj11x50_单":{"ID":6153,"P_3ID":1115,"P_1ID":1114,"GROUP_NAME":"第一球","SHOWCLS":"text","ODDS":1.96,"NUM":"单","NUM_NAME":"单","CODE":"bj11x50","SORT":14.0,"STATE":0,"ST":false,"BET_AMT":null,"ODDS_A":0.0,"ODDS_B":0.0,"ODDS_C":0.0},"bj11x50_双":{"ID":6154,"P_3ID":1115,"P_1ID":1114,"GROUP_NAME":"第一球","SHOWCLS":"text","ODDS":1.96,"NUM":"双","NUM_NAME":"双","CODE":"bj11x50","SORT":15.0,"STATE":0,"ST":false,"BET_AMT":null,"ODDS_A":0.0,"ODDS_B":0.0,"ODDS_C":0.0}},"bj11x51":{"bj11x51_1":{"ID":6155,"P_3ID":1116,"P_1ID":1114,"GROUP_NAME":"第二球","SHOWCLS":"blue","ODDS":10.80,"NUM":"1","NUM_NAME":"1","CODE":"bj11x51","SORT":1.0,"STATE":0,"ST":false,"BET_AMT":null,"ODDS_A":0.0,"ODDS_B":0.0,"ODDS_C":0.0},"bj11x51_2":{"ID":6156,"P_3ID":1116,"P_1ID":1114,"GROUP_NAME":"第二球","SHOWCLS":"blue","ODDS":10.80,"NUM":"2","NUM_NAME":"2","CODE":"bj11x51","SORT":2.0,"STATE":0,"ST":false,"BET_AMT":null,"ODDS_A":0.0,"ODDS_B":0.0,"ODDS_C":0.0},"bj11x51_3":{"ID":6157,"P_3ID":1116,"P_1ID":1114,"GROUP_NAME":"第二球","SHOWCLS":"blue","ODDS":10.80,"NUM":"3","NUM_NAME":"3","CODE":"bj11x51","SORT":3.0,"STATE":0,"ST":false,"BET_AMT":null,"ODDS_A":0.0,"ODDS_B":0.0,"ODDS_C":0.0},"bj11x51_4":{"ID":6158,"P_3ID":1116,"P_1ID":1114,"GROUP_NAME":"第二球","SHOWCLS":"blue","ODDS":10.80,"NUM":"4","NUM_NAME":"4","CODE":"bj11x51","SORT":4.0,"STATE":0,"ST":false,"BET_AMT":null,"ODDS_A":0.0,"ODDS_B":0.0,"ODDS_C":0.0},"bj11x51_5":{"ID":6159,"P_3ID":1116,"P_1ID":1114,"GROUP_NAME":"第二球","SHOWCLS":"blue","ODDS":10.80,"NUM":"5","NUM_NAME":"5","CODE":"bj11x51","SORT":5.0,"STATE":0,"ST":false,"BET_AMT":null,"ODDS_A":0.0,"ODDS_B":0.0,"ODDS_C":0.0},"bj11x51_6":{"ID":6160,"P_3ID":1116,"P_1ID":1114,"GROUP_NAME":"第二球","SHOWCLS":"blue","ODDS":10.80,"NUM":"6","NUM_NAME":"6","CODE":"bj11x51","SORT":6.0,"STATE":0,"ST":false,"BET_AMT":null,"ODDS_A":0.0,"ODDS_B":0.0,"ODDS_C":0.0},"bj11x51_7":{"ID":6161,"P_3ID":1116,"P_1ID":1114,"GROUP_NAME":"第二球","SHOWCLS":"blue","ODDS":10.80,"NUM":"7","NUM_NAME":"7","CODE":"bj11x51","SORT":7.0,"STATE":0,"ST":false,"BET_AMT":null,"ODDS_A":0.0,"ODDS_B":0.0,"ODDS_C":0.0},"bj11x51_8":{"ID":6162,"P_3ID":1116,"P_1ID":1114,"GROUP_NAME":"第二球","SHOWCLS":"blue","ODDS":10.80,"NUM":"8","NUM_NAME":"8","CODE":"bj11x51","SORT":8.0,"STATE":0,"ST":false,"BET_AMT":null,"ODDS_A":0.0,"ODDS_B":0.0,"ODDS_C":0.0},"bj11x51_9":{"ID":6163,"P_3ID":1116,"P_1ID":1114,"GROUP_NAME":"第二球","SHOWCLS":"blue","ODDS":10.80,"NUM":"9","NUM_NAME":"9","CODE":"bj11x51","SORT":9.0,"STATE":0,"ST":false,"BET_AMT":null,"ODDS_A":0.0,"ODDS_B":0.0,"ODDS_C":0.0},"bj11x51_10":{"ID":6164,"P_3ID":1116,"P_1ID":1114,"GROUP_NAME":"第二球","SHOWCLS":"blue","ODDS":10.80,"NUM":"10","NUM_NAME":"10","CODE":"bj11x51","SORT":10.0,"STATE":0,"ST":false,"BET_AMT":null,"ODDS_A":0.0,"ODDS_B":0.0,"ODDS_C":0.0},"bj11x51_11":{"ID":6165,"P_3ID":1116,"P_1ID":1114,"GROUP_NAME":"第二球","SHOWCLS":"blue","ODDS":10.80,"NUM":"11","NUM_NAME":"11","CODE":"bj11x51","SORT":11.0,"STATE":0,"ST":false,"BET_AMT":null,"ODDS_A":0.0,"ODDS_B":0.0,"ODDS_C":0.0},"bj11x51_大":{"ID":6166,"P_3ID":1116,"P_1ID":1114,"GROUP_NAME":"第二球","SHOWCLS":"text","ODDS":1.96,"NUM":"大","NUM_NAME":"大","CODE":"bj11x51","SORT":12.0,"STATE":0,"ST":false,"BET_AMT":null,"ODDS_A":0.0,"ODDS_B":0.0,"ODDS_C":0.0},"bj11x51_小":{"ID":6167,"P_3ID":1116,"P_1ID":1114,"GROUP_NAME":"第二球","SHOWCLS":"text","ODDS":1.96,"NUM":"小","NUM_NAME":"小","CODE":"bj11x51","SORT":13.0,"STATE":0,"ST":false,"BET_AMT":null,"ODDS_A":0.0,"ODDS_B":0.0,"ODDS_C":0.0},"bj11x51_单":{"ID":6168,"P_3ID":1116,"P_1ID":1114,"GROUP_NAME":"第二球","SHOWCLS":"text","ODDS":1.96,"NUM":"单","NUM_NAME":"单","CODE":"bj11x51","SORT":14.0,"STATE":0,"ST":false,"BET_AMT":null,"ODDS_A":0.0,"ODDS_B":0.0,"ODDS_C":0.0},"bj11x51_双":{"ID":6169,"P_3ID":1116,"P_1ID":1114,"GROUP_NAME":"第二球","SHOWCLS":"text","ODDS":1.96,"NUM":"双","NUM_NAME":"双","CODE":"bj11x51","SORT":15.0,"STATE":0,"ST":false,"BET_AMT":null,"ODDS_A":0.0,"ODDS_B":0.0,"ODDS_C":0.0}},"bj11x52":{"bj11x52_1":{"ID":6170,"P_3ID":1117,"P_1ID":1114,"GROUP_NAME":"第三球","SHOWCLS":"blue","ODDS":10.80,"NUM":"1","NUM_NAME":"1","CODE":"bj11x52","SORT":1.0,"STATE":0,"ST":false,"BET_AMT":null,"ODDS_A":0.0,"ODDS_B":0.0,"ODDS_C":0.0},"bj11x52_2":{"ID":6171,"P_3ID":1117,"P_1ID":1114,"GROUP_NAME":"第三球","SHOWCLS":"blue","ODDS":10.80,"NUM":"2","NUM_NAME":"2","CODE":"bj11x52","SORT":2.0,"STATE":0,"ST":false,"BET_AMT":null,"ODDS_A":0.0,"ODDS_B":0.0,"ODDS_C":0.0},"bj11x52_3":{"ID":6172,"P_3ID":1117,"P_1ID":1114,"GROUP_NAME":"第三球","SHOWCLS":"blue","ODDS":10.80,"NUM":"3","NUM_NAME":"3","CODE":"bj11x52","SORT":3.0,"STATE":0,"ST":false,"BET_AMT":null,"ODDS_A":0.0,"ODDS_B":0.0,"ODDS_C":0.0},"bj11x52_4":{"ID":6173,"P_3ID":1117,"P_1ID":1114,"GROUP_NAME":"第三球","SHOWCLS":"blue","ODDS":10.80,"NUM":"4","NUM_NAME":"4","CODE":"bj11x52","SORT":4.0,"STATE":0,"ST":false,"BET_AMT":null,"ODDS_A":0.0,"ODDS_B":0.0,"ODDS_C":0.0},"bj11x52_5":{"ID":6174,"P_3ID":1117,"P_1ID":1114,"GROUP_NAME":"第三球","SHOWCLS":"blue","ODDS":10.80,"NUM":"5","NUM_NAME":"5","CODE":"bj11x52","SORT":5.0,"STATE":0,"ST":false,"BET_AMT":null,"ODDS_A":0.0,"ODDS_B":0.0,"ODDS_C":0.0},"bj11x52_6":{"ID":6175,"P_3ID":1117,"P_1ID":1114,"GROUP_NAME":"第三球","SHOWCLS":"blue","ODDS":10.80,"NUM":"6","NUM_NAME":"6","CODE":"bj11x52","SORT":6.0,"STATE":0,"ST":false,"BET_AMT":null,"ODDS_A":0.0,"ODDS_B":0.0,"ODDS_C":0.0},"bj11x52_7":{"ID":6176,"P_3ID":1117,"P_1ID":1114,"GROUP_NAME":"第三球","SHOWCLS":"blue","ODDS":10.80,"NUM":"7","NUM_NAME":"7","CODE":"bj11x52","SORT":7.0,"STATE":0,"ST":false,"BET_AMT":null,"ODDS_A":0.0,"ODDS_B":0.0,"ODDS_C":0.0},"bj11x52_8":{"ID":6177,"P_3ID":1117,"P_1ID":1114,"GROUP_NAME":"第三球","SHOWCLS":"blue","ODDS":10.80,"NUM":"8","NUM_NAME":"8","CODE":"bj11x52","SORT":8.0,"STATE":0,"ST":false,"BET_AMT":null,"ODDS_A":0.0,"ODDS_B":0.0,"ODDS_C":0.0},"bj11x52_9":{"ID":6178,"P_3ID":1117,"P_1ID":1114,"GROUP_NAME":"第三球","SHOWCLS":"blue","ODDS":10.80,"NUM":"9","NUM_NAME":"9","CODE":"bj11x52","SORT":9.0,"STATE":0,"ST":false,"BET_AMT":null,"ODDS_A":0.0,"ODDS_B":0.0,"ODDS_C":0.0},"bj11x52_10":{"ID":6179,"P_3ID":1117,"P_1ID":1114,"GROUP_NAME":"第三球","SHOWCLS":"blue","ODDS":10.80,"NUM":"10","NUM_NAME":"10","CODE":"bj11x52","SORT":10.0,"STATE":0,"ST":false,"BET_AMT":null,"ODDS_A":0.0,"ODDS_B":0.0,"ODDS_C":0.0},"bj11x52_11":{"ID":6180,"P_3ID":1117,"P_1ID":1114,"GROUP_NAME":"第三球","SHOWCLS":"blue","ODDS":10.80,"NUM":"11","NUM_NAME":"11","CODE":"bj11x52","SORT":11.0,"STATE":0,"ST":false,"BET_AMT":null,"ODDS_A":0.0,"ODDS_B":0.0,"ODDS_C":0.0},"bj11x52_大":{"ID":6181,"P_3ID":1117,"P_1ID":1114,"GROUP_NAME":"第三球","SHOWCLS":"text","ODDS":1.96,"NUM":"大","NUM_NAME":"大","CODE":"bj11x52","SORT":12.0,"STATE":0,"ST":false,"BET_AMT":null,"ODDS_A":0.0,"ODDS_B":0.0,"ODDS_C":0.0},"bj11x52_小":{"ID":6182,"P_3ID":1117,"P_1ID":1114,"GROUP_NAME":"第三球","SHOWCLS":"text","ODDS":1.96,"NUM":"小","NUM_NAME":"小","CODE":"bj11x52","SORT":13.0,"STATE":0,"ST":false,"BET_AMT":null,"ODDS_A":0.0,"ODDS_B":0.0,"ODDS_C":0.0},"bj11x52_单":{"ID":6183,"P_3ID":1117,"P_1ID":1114,"GROUP_NAME":"第三球","SHOWCLS":"text","ODDS":1.96,"NUM":"单","NUM_NAME":"单","CODE":"bj11x52","SORT":14.0,"STATE":0,"ST":false,"BET_AMT":null,"ODDS_A":0.0,"ODDS_B":0.0,"ODDS_C":0.0},"bj11x52_双":{"ID":6184,"P_3ID":1117,"P_1ID":1114,"GROUP_NAME":"第三球","SHOWCLS":"text","ODDS":1.96,"NUM":"双","NUM_NAME":"双","CODE":"bj11x52","SORT":15.0,"STATE":0,"ST":false,"BET_AMT":null,"ODDS_A":0.0,"ODDS_B":0.0,"ODDS_C":0.0}},"bj11x53":{"bj11x53_1":{"ID":6185,"P_3ID":1118,"P_1ID":1114,"GROUP_NAME":"第四球","SHOWCLS":"blue","ODDS":10.80,"NUM":"1","NUM_NAME":"1","CODE":"bj11x53","SORT":1.0,"STATE":0,"ST":false,"BET_AMT":null,"ODDS_A":0.0,"ODDS_B":0.0,"ODDS_C":0.0},"bj11x53_2":{"ID":6186,"P_3ID":1118,"P_1ID":1114,"GROUP_NAME":"第四球","SHOWCLS":"blue","ODDS":10.80,"NUM":"2","NUM_NAME":"2","CODE":"bj11x53","SORT":2.0,"STATE":0,"ST":false,"BET_AMT":null,"ODDS_A":0.0,"ODDS_B":0.0,"ODDS_C":0.0},"bj11x53_3":{"ID":6187,"P_3ID":1118,"P_1ID":1114,"GROUP_NAME":"第四球","SHOWCLS":"blue","ODDS":10.80,"NUM":"3","NUM_NAME":"3","CODE":"bj11x53","SORT":3.0,"STATE":0,"ST":false,"BET_AMT":null,"ODDS_A":0.0,"ODDS_B":0.0,"ODDS_C":0.0},"bj11x53_4":{"ID":6188,"P_3ID":1118,"P_1ID":1114,"GROUP_NAME":"第四球","SHOWCLS":"blue","ODDS":10.80,"NUM":"4","NUM_NAME":"4","CODE":"bj11x53","SORT":4.0,"STATE":0,"ST":false,"BET_AMT":null,"ODDS_A":0.0,"ODDS_B":0.0,"ODDS_C":0.0},"bj11x53_5":{"ID":6189,"P_3ID":1118,"P_1ID":1114,"GROUP_NAME":"第四球","SHOWCLS":"blue","ODDS":10.80,"NUM":"5","NUM_NAME":"5","CODE":"bj11x53","SORT":5.0,"STATE":0,"ST":false,"BET_AMT":null,"ODDS_A":0.0,"ODDS_B":0.0,"ODDS_C":0.0},"bj11x53_6":{"ID":6190,"P_3ID":1118,"P_1ID":1114,"GROUP_NAME":"第四球","SHOWCLS":"blue","ODDS":10.80,"NUM":"6","NUM_NAME":"6","CODE":"bj11x53","SORT":6.0,"STATE":0,"ST":false,"BET_AMT":null,"ODDS_A":0.0,"ODDS_B":0.0,"ODDS_C":0.0},"bj11x53_7":{"ID":6191,"P_3ID":1118,"P_1ID":1114,"GROUP_NAME":"第四球","SHOWCLS":"blue","ODDS":10.80,"NUM":"7","NUM_NAME":"7","CODE":"bj11x53","SORT":7.0,"STATE":0,"ST":false,"BET_AMT":null,"ODDS_A":0.0,"ODDS_B":0.0,"ODDS_C":0.0},"bj11x53_8":{"ID":6192,"P_3ID":1118,"P_1ID":1114,"GROUP_NAME":"第四球","SHOWCLS":"blue","ODDS":10.80,"NUM":"8","NUM_NAME":"8","CODE":"bj11x53","SORT":8.0,"STATE":0,"ST":false,"BET_AMT":null,"ODDS_A":0.0,"ODDS_B":0.0,"ODDS_C":0.0},"bj11x53_9":{"ID":6193,"P_3ID":1118,"P_1ID":1114,"GROUP_NAME":"第四球","SHOWCLS":"blue","ODDS":10.80,"NUM":"9","NUM_NAME":"9","CODE":"bj11x53","SORT":9.0,"STATE":0,"ST":false,"BET_AMT":null,"ODDS_A":0.0,"ODDS_B":0.0,"ODDS_C":0.0},"bj11x53_10":{"ID":6194,"P_3ID":1118,"P_1ID":1114,"GROUP_NAME":"第四球","SHOWCLS":"blue","ODDS":10.80,"NUM":"10","NUM_NAME":"10","CODE":"bj11x53","SORT":10.0,"STATE":0,"ST":false,"BET_AMT":null,"ODDS_A":0.0,"ODDS_B":0.0,"ODDS_C":0.0},"bj11x53_11":{"ID":6195,"P_3ID":1118,"P_1ID":1114,"GROUP_NAME":"第四球","SHOWCLS":"blue","ODDS":10.80,"NUM":"11","NUM_NAME":"11","CODE":"bj11x53","SORT":11.0,"STATE":0,"ST":false,"BET_AMT":null,"ODDS_A":0.0,"ODDS_B":0.0,"ODDS_C":0.0},"bj11x53_大":{"ID":6196,"P_3ID":1118,"P_1ID":1114,"GROUP_NAME":"第四球","SHOWCLS":"text","ODDS":1.96,"NUM":"大","NUM_NAME":"大","CODE":"bj11x53","SORT":12.0,"STATE":0,"ST":false,"BET_AMT":null,"ODDS_A":0.0,"ODDS_B":0.0,"ODDS_C":0.0},"bj11x53_小":{"ID":6197,"P_3ID":1118,"P_1ID":1114,"GROUP_NAME":"第四球","SHOWCLS":"text","ODDS":1.96,"NUM":"小","NUM_NAME":"小","CODE":"bj11x53","SORT":13.0,"STATE":0,"ST":false,"BET_AMT":null,"ODDS_A":0.0,"ODDS_B":0.0,"ODDS_C":0.0},"bj11x53_单":{"ID":6198,"P_3ID":1118,"P_1ID":1114,"GROUP_NAME":"第四球","SHOWCLS":"text","ODDS":1.96,"NUM":"单","NUM_NAME":"单","CODE":"bj11x53","SORT":14.0,"STATE":0,"ST":false,"BET_AMT":null,"ODDS_A":0.0,"ODDS_B":0.0,"ODDS_C":0.0},"bj11x53_双":{"ID":6199,"P_3ID":1118,"P_1ID":1114,"GROUP_NAME":"第四球","SHOWCLS":"text","ODDS":1.96,"NUM":"双","NUM_NAME":"双","CODE":"bj11x53","SORT":15.0,"STATE":0,"ST":false,"BET_AMT":null,"ODDS_A":0.0,"ODDS_B":0.0,"ODDS_C":0.0}},"bj11x54":{"bj11x54_1":{"ID":6200,"P_3ID":1119,"P_1ID":1114,"GROUP_NAME":"第五球","SHOWCLS":"blue","ODDS":10.80,"NUM":"1","NUM_NAME":"1","CODE":"bj11x54","SORT":1.0,"STATE":0,"ST":false,"BET_AMT":null,"ODDS_A":0.0,"ODDS_B":0.0,"ODDS_C":0.0},"bj11x54_2":{"ID":6201,"P_3ID":1119,"P_1ID":1114,"GROUP_NAME":"第五球","SHOWCLS":"blue","ODDS":10.80,"NUM":"2","NUM_NAME":"2","CODE":"bj11x54","SORT":2.0,"STATE":0,"ST":false,"BET_AMT":null,"ODDS_A":0.0,"ODDS_B":0.0,"ODDS_C":0.0},"bj11x54_3":{"ID":6202,"P_3ID":1119,"P_1ID":1114,"GROUP_NAME":"第五球","SHOWCLS":"blue","ODDS":10.80,"NUM":"3","NUM_NAME":"3","CODE":"bj11x54","SORT":3.0,"STATE":0,"ST":false,"BET_AMT":null,"ODDS_A":0.0,"ODDS_B":0.0,"ODDS_C":0.0},"bj11x54_4":{"ID":6203,"P_3ID":1119,"P_1ID":1114,"GROUP_NAME":"第五球","SHOWCLS":"blue","ODDS":10.80,"NUM":"4","NUM_NAME":"4","CODE":"bj11x54","SORT":4.0,"STATE":0,"ST":false,"BET_AMT":null,"ODDS_A":0.0,"ODDS_B":0.0,"ODDS_C":0.0},"bj11x54_5":{"ID":6204,"P_3ID":1119,"P_1ID":1114,"GROUP_NAME":"第五球","SHOWCLS":"blue","ODDS":10.80,"NUM":"5","NUM_NAME":"5","CODE":"bj11x54","SORT":5.0,"STATE":0,"ST":false,"BET_AMT":null,"ODDS_A":0.0,"ODDS_B":0.0,"ODDS_C":0.0},"bj11x54_6":{"ID":6205,"P_3ID":1119,"P_1ID":1114,"GROUP_NAME":"第五球","SHOWCLS":"blue","ODDS":10.80,"NUM":"6","NUM_NAME":"6","CODE":"bj11x54","SORT":6.0,"STATE":0,"ST":false,"BET_AMT":null,"ODDS_A":0.0,"ODDS_B":0.0,"ODDS_C":0.0},"bj11x54_7":{"ID":6206,"P_3ID":1119,"P_1ID":1114,"GROUP_NAME":"第五球","SHOWCLS":"blue","ODDS":10.80,"NUM":"7","NUM_NAME":"7","CODE":"bj11x54","SORT":7.0,"STATE":0,"ST":false,"BET_AMT":null,"ODDS_A":0.0,"ODDS_B":0.0,"ODDS_C":0.0},"bj11x54_8":{"ID":6207,"P_3ID":1119,"P_1ID":1114,"GROUP_NAME":"第五球","SHOWCLS":"blue","ODDS":10.80,"NUM":"8","NUM_NAME":"8","CODE":"bj11x54","SORT":8.0,"STATE":0,"ST":false,"BET_AMT":null,"ODDS_A":0.0,"ODDS_B":0.0,"ODDS_C":0.0},"bj11x54_9":{"ID":6208,"P_3ID":1119,"P_1ID":1114,"GROUP_NAME":"第五球","SHOWCLS":"blue","ODDS":10.80,"NUM":"9","NUM_NAME":"9","CODE":"bj11x54","SORT":9.0,"STATE":0,"ST":false,"BET_AMT":null,"ODDS_A":0.0,"ODDS_B":0.0,"ODDS_C":0.0},"bj11x54_10":{"ID":6209,"P_3ID":1119,"P_1ID":1114,"GROUP_NAME":"第五球","SHOWCLS":"blue","ODDS":10.80,"NUM":"10","NUM_NAME":"10","CODE":"bj11x54","SORT":10.0,"STATE":0,"ST":false,"BET_AMT":null,"ODDS_A":0.0,"ODDS_B":0.0,"ODDS_C":0.0},"bj11x54_11":{"ID":6210,"P_3ID":1119,"P_1ID":1114,"GROUP_NAME":"第五球","SHOWCLS":"blue","ODDS":10.80,"NUM":"11","NUM_NAME":"11","CODE":"bj11x54","SORT":11.0,"STATE":0,"ST":false,"BET_AMT":null,"ODDS_A":0.0,"ODDS_B":0.0,"ODDS_C":0.0},"bj11x54_大":{"ID":6211,"P_3ID":1119,"P_1ID":1114,"GROUP_NAME":"第五球","SHOWCLS":"text","ODDS":1.96,"NUM":"大","NUM_NAME":"大","CODE":"bj11x54","SORT":12.0,"STATE":0,"ST":false,"BET_AMT":null,"ODDS_A":0.0,"ODDS_B":0.0,"ODDS_C":0.0},"bj11x54_小":{"ID":6212,"P_3ID":1119,"P_1ID":1114,"GROUP_NAME":"第五球","SHOWCLS":"text","ODDS":1.96,"NUM":"小","NUM_NAME":"小","CODE":"bj11x54","SORT":13.0,"STATE":0,"ST":false,"BET_AMT":null,"ODDS_A":0.0,"ODDS_B":0.0,"ODDS_C":0.0},"bj11x54_单":{"ID":6213,"P_3ID":1119,"P_1ID":1114,"GROUP_NAME":"第五球","SHOWCLS":"text","ODDS":1.96,"NUM":"单","NUM_NAME":"单","CODE":"bj11x54","SORT":14.0,"STATE":0,"ST":false,"BET_AMT":null,"ODDS_A":0.0,"ODDS_B":0.0,"ODDS_C":0.0},"bj11x54_双":{"ID":6214,"P_3ID":1119,"P_1ID":1114,"GROUP_NAME":"第五球","SHOWCLS":"text","ODDS":1.96,"NUM":"双","NUM_NAME":"双","CODE":"bj11x54","SORT":15.0,"STATE":0,"ST":false,"BET_AMT":null,"ODDS_A":0.0,"ODDS_B":0.0,"ODDS_C":0.0}},"bj11x55":{"bj11x55_前二":{"ID":6215,"P_3ID":1120,"P_1ID":1114,"GROUP_NAME":"直选","SHOWCLS":"text","ODDS":100.0,"NUM":"前二","NUM_NAME":"前二","CODE":"bj11x55","SORT":2.0,"STATE":0,"ST":false,"BET_AMT":null,"ODDS_A":0.0,"ODDS_B":0.0,"ODDS_C":0.0},"bj11x55_前三":{"ID":6216,"P_3ID":1120,"P_1ID":1114,"GROUP_NAME":"直选","SHOWCLS":"text","ODDS":900.0,"NUM":"前三","NUM_NAME":"前三","CODE":"bj11x55","SORT":3.0,"STATE":0,"ST":false,"BET_AMT":null,"ODDS_A":0.0,"ODDS_B":0.0,"ODDS_C":0.0}},"bj11x56":{"bj11x56_前二":{"ID":6217,"P_3ID":1121,"P_1ID":1114,"GROUP_NAME":"组选","SHOWCLS":"text","ODDS":50.0,"NUM":"前二","NUM_NAME":"前二","CODE":"bj11x56","SORT":2.0,"STATE":0,"ST":false,"BET_AMT":null,"ODDS_A":0.0,"ODDS_B":0.0,"ODDS_C":0.0},"bj11x56_前三":{"ID":6218,"P_3ID":1121,"P_1ID":1114,"GROUP_NAME":"组选","SHOWCLS":"text","ODDS":150.0,"NUM":"前三","NUM_NAME":"前三","CODE":"bj11x56","SORT":3.0,"STATE":0,"ST":false,"BET_AMT":null,"ODDS_A":0.0,"ODDS_B":0.0,"ODDS_C":0.0}},"bj11x57":{"bj11x57_一中一":{"ID":6219,"P_3ID":1122,"P_1ID":1114,"GROUP_NAME":"任选","SHOWCLS":"text","ODDS":1.90,"NUM":"一中一","NUM_NAME":"一中一","CODE":"bj11x57","SORT":1.0,"STATE":0,"ST":false,"BET_AMT":null,"ODDS_A":0.0,"ODDS_B":0.0,"ODDS_C":0.0},"bj11x57_二中二":{"ID":6220,"P_3ID":1122,"P_1ID":1114,"GROUP_NAME":"任选","SHOWCLS":"text","ODDS":5.10,"NUM":"二中二","NUM_NAME":"二中二","CODE":"bj11x57","SORT":2.0,"STATE":0,"ST":false,"BET_AMT":null,"ODDS_A":0.0,"ODDS_B":0.0,"ODDS_C":0.0},"bj11x57_三中三":{"ID":6221,"P_3ID":1122,"P_1ID":1114,"GROUP_NAME":"任选","SHOWCLS":"text","ODDS":15.0,"NUM":"三中三","NUM_NAME":"三中三","CODE":"bj11x57","SORT":3.0,"STATE":0,"ST":false,"BET_AMT":null,"ODDS_A":0.0,"ODDS_B":0.0,"ODDS_C":0.0},"bj11x57_四中四":{"ID":6222,"P_3ID":1122,"P_1ID":1114,"GROUP_NAME":"任选","SHOWCLS":"text","ODDS":60.0,"NUM":"四中四","NUM_NAME":"四中四","CODE":"bj11x57","SORT":4.0,"STATE":0,"ST":false,"BET_AMT":null,"ODDS_A":0.0,"ODDS_B":0.0,"ODDS_C":0.0},"bj11x57_五中五":{"ID":6223,"P_3ID":1122,"P_1ID":1114,"GROUP_NAME":"任选","SHOWCLS":"text","ODDS":420.0,"NUM":"五中五","NUM_NAME":"五中五","CODE":"bj11x57","SORT":5.0,"STATE":0,"ST":false,"BET_AMT":null,"ODDS_A":0.0,"ODDS_B":0.0,"ODDS_C":0.0},"bj11x57_六中五":{"ID":6224,"P_3ID":1122,"P_1ID":1114,"GROUP_NAME":"任选","SHOWCLS":"text","ODDS":70.0,"NUM":"六中五","NUM_NAME":"六中五","CODE":"bj11x57","SORT":6.0,"STATE":0,"ST":false,"BET_AMT":null,"ODDS_A":0.0,"ODDS_B":0.0,"ODDS_C":0.0},"bj11x57_七中五":{"ID":6225,"P_3ID":1122,"P_1ID":1114,"GROUP_NAME":"任选","SHOWCLS":"text","ODDS":20.0,"NUM":"七中五","NUM_NAME":"七中五","CODE":"bj11x57","SORT":7.0,"STATE":0,"ST":false,"BET_AMT":null,"ODDS_A":0.0,"ODDS_B":0.0,"ODDS_C":0.0},"bj11x57_八中五":{"ID":6226,"P_3ID":1122,"P_1ID":1114,"GROUP_NAME":"任选","SHOWCLS":"text","ODDS":7.50,"NUM":"八中五","NUM_NAME":"八中五","CODE":"bj11x57","SORT":8.0,"STATE":0,"ST":false,"BET_AMT":null,"ODDS_A":0.0,"ODDS_B":0.0,"ODDS_C":0.0}},"bj11x58":{"bj11x58_总和大":{"ID":6227,"P_3ID":1123,"P_1ID":1114,"GROUP_NAME":"总和-龙虎","SHOWCLS":"text","ODDS":1.96,"NUM":"总和大","NUM_NAME":"总和大","CODE":"bj11x58","SORT":1.0,"STATE":0,"ST":false,"BET_AMT":null,"ODDS_A":0.0,"ODDS_B":0.0,"ODDS_C":0.0},"bj11x58_总和小":{"ID":6228,"P_3ID":1123,"P_1ID":1114,"GROUP_NAME":"总和-龙虎","SHOWCLS":"text","ODDS":1.96,"NUM":"总和小","NUM_NAME":"总和小","CODE":"bj11x58","SORT":2.0,"STATE":0,"ST":false,"BET_AMT":null,"ODDS_A":0.0,"ODDS_B":0.0,"ODDS_C":0.0},"bj11x58_总和单":{"ID":6229,"P_3ID":1123,"P_1ID":1114,"GROUP_NAME":"总和-龙虎","SHOWCLS":"text","ODDS":1.96,"NUM":"总和单","NUM_NAME":"总和单","CODE":"bj11x58","SORT":3.0,"STATE":0,"ST":false,"BET_AMT":null,"ODDS_A":0.0,"ODDS_B":0.0,"ODDS_C":0.0},"bj11x58_总和双":{"ID":6230,"P_3ID":1123,"P_1ID":1114,"GROUP_NAME":"总和-龙虎","SHOWCLS":"text","ODDS":1.96,"NUM":"总和双","NUM_NAME":"总和双","CODE":"bj11x58","SORT":4.0,"STATE":0,"ST":false,"BET_AMT":null,"ODDS_A":0.0,"ODDS_B":0.0,"ODDS_C":0.0},"bj11x58_尾大":{"ID":6231,"P_3ID":1123,"P_1ID":1114,"GROUP_NAME":"总和-龙虎","SHOWCLS":"text","ODDS":1.96,"NUM":"尾大","NUM_NAME":"总尾大","CODE":"bj11x58","SORT":5.0,"STATE":0,"ST":false,"BET_AMT":null,"ODDS_A":0.0,"ODDS_B":0.0,"ODDS_C":0.0},"bj11x58_尾小":{"ID":6232,"P_3ID":1123,"P_1ID":1114,"GROUP_NAME":"总和-龙虎","SHOWCLS":"text","ODDS":1.96,"NUM":"尾小","NUM_NAME":"总尾小","CODE":"bj11x58","SORT":6.0,"STATE":0,"ST":false,"BET_AMT":null,"ODDS_A":0.0,"ODDS_B":0.0,"ODDS_C":0.0},"bj11x58_尾单":{"ID":6233,"P_3ID":1123,"P_1ID":1114,"GROUP_NAME":"总和-龙虎","SHOWCLS":"text","ODDS":1.96,"NUM":"尾单","NUM_NAME":"总尾单","CODE":"bj11x58","SORT":7.0,"STATE":0,"ST":false,"BET_AMT":null,"ODDS_A":0.0,"ODDS_B":0.0,"ODDS_C":0.0},"bj11x58_尾双":{"ID":6234,"P_3ID":1123,"P_1ID":1114,"GROUP_NAME":"总和-龙虎","SHOWCLS":"text","ODDS":1.96,"NUM":"尾双","NUM_NAME":"总尾双","CODE":"bj11x58","SORT":8.0,"STATE":0,"ST":false,"BET_AMT":null,"ODDS_A":0.0,"ODDS_B":0.0,"ODDS_C":0.0},"bj11x58_龙":{"ID":6235,"P_3ID":1123,"P_1ID":1114,"GROUP_NAME":"总和-龙虎","SHOWCLS":"text","ODDS":1.96,"NUM":"龙","NUM_NAME":"龙","CODE":"bj11x58","SORT":9.0,"STATE":0,"ST":false,"BET_AMT":null,"ODDS_A":0.0,"ODDS_B":0.0,"ODDS_C":0.0},"bj11x58_虎":{"ID":6236,"P_3ID":1123,"P_1ID":1114,"GROUP_NAME":"总和-龙虎","SHOWCLS":"text","ODDS":1.96,"NUM":"虎","NUM_NAME":"虎","CODE":"bj11x58","SORT":10.0,"STATE":0,"ST":false,"BET_AMT":null,"ODDS_A":0.0,"ODDS_B":0.0,"ODDS_C":0.0}}}
