{"bjpk100":{"bjpk100_3":{"ID":569,"P_3ID":65,"P_1ID":18,"GROUP_NAME":"冠亚和","SHOWCLS":"blue","ODDS":42.0,"NUM":"3","NUM_NAME":"3","CODE":"bjpk100","SORT":1.0,"STATE":0,"ST":false,"BET_AMT":null,"ODDS_A":42.0,"ODDS_B":42.0,"ODDS_C":42.0},"bjpk100_4":{"ID":570,"P_3ID":65,"P_1ID":18,"GROUP_NAME":"冠亚和","SHOWCLS":"blue","ODDS":42.0,"NUM":"4","NUM_NAME":"4","CODE":"bjpk100","SORT":2.0,"STATE":0,"ST":false,"BET_AMT":null,"ODDS_A":42.0,"ODDS_B":42.0,"ODDS_C":42.0},"bjpk100_5":{"ID":571,"P_3ID":65,"P_1ID":18,"GROUP_NAME":"冠亚和","SHOWCLS":"blue","ODDS":20.0,"NUM":"5","NUM_NAME":"5","CODE":"bjpk100","SORT":3.0,"STATE":0,"ST":false,"BET_AMT":null,"ODDS_A":20.0,"ODDS_B":20.0,"ODDS_C":20.0},"bjpk100_6":{"ID":572,"P_3ID":65,"P_1ID":18,"GROUP_NAME":"冠亚和","SHOWCLS":"blue","ODDS":20.0,"NUM":"6","NUM_NAME":"6","CODE":"bjpk100","SORT":4.0,"STATE":0,"ST":false,"BET_AMT":null,"ODDS_A":20.0,"ODDS_B":20.0,"ODDS_C":20.0},"bjpk100_7":{"ID":573,"P_3ID":65,"P_1ID":18,"GROUP_NAME":"冠亚和","SHOWCLS":"blue","ODDS":13.0,"NUM":"7","NUM_NAME":"7","CODE":"bjpk100","SORT":5.0,"STATE":0,"ST":false,"BET_AMT":null,"ODDS_A":13.0,"ODDS_B":13.0,"ODDS_C":13.0},"bjpk100_8":{"ID":574,"P_3ID":65,"P_1ID":18,"GROUP_NAME":"冠亚和","SHOWCLS":"blue","ODDS":13.0,"NUM":"8","NUM_NAME":"8","CODE":"bjpk100","SORT":6.0,"STATE":0,"ST":false,"BET_AMT":null,"ODDS_A":13.0,"ODDS_B":13.0,"ODDS_C":13.0},"bjpk100_9":{"ID":575,"P_3ID":65,"P_1ID":18,"GROUP_NAME":"冠亚和","SHOWCLS":"blue","ODDS":10.0,"NUM":"9","NUM_NAME":"9","CODE":"bjpk100","SORT":7.0,"STATE":0,"ST":false,"BET_AMT":null,"ODDS_A":10.0,"ODDS_B":10.0,"ODDS_C":10.0},"bjpk100_10":{"ID":576,"P_3ID":65,"P_1ID":18,"GROUP_NAME":"冠亚和","SHOWCLS":"blue","ODDS":10.0,"NUM":"10","NUM_NAME":"10","CODE":"bjpk100","SORT":8.0,"STATE":0,"ST":false,"BET_AMT":null,"ODDS_A":10.0,"ODDS_B":10.0,"ODDS_C":10.0},"bjpk100_11":{"ID":577,"P_3ID":65,"P_1ID":18,"GROUP_NAME":"冠亚和","SHOWCLS":"blue","ODDS":8.0,"NUM":"11","NUM_NAME":"11","CODE":"bjpk100","SORT":9.0,"STATE":0,"ST":false,"BET_AMT":null,"ODDS_A":8.0,"ODDS_B":8.0,"ODDS_C":8.0},"bjpk100_12":{"ID":578,"P_3ID":65,"P_1ID":18,"GROUP_NAME":"冠亚和","SHOWCLS":"blue","ODDS":10.0,"NUM":"12","NUM_NAME":"12","CODE":"bjpk100","SORT":10.0,"STATE":0,"ST":false,"BET_AMT":null,"ODDS_A":10.0,"ODDS_B":10.0,"ODDS_C":10.0},"bjpk100_13":{"ID":579,"P_3ID":65,"P_1ID":18,"GROUP_NAME":"冠亚和","SHOWCLS":"blue","ODDS":10.0,"NUM":"13","NUM_NAME":"13","CODE":"bjpk100","SORT":11.0,"STATE":0,"ST":false,"BET_AMT":null,"ODDS_A":10.0,"ODDS_B":10.0,"ODDS_C":10.0},"bjpk100_14":{"ID":580,"P_3ID":65,"P_1ID":18,"GROUP_NAME":"冠亚和","SHOWCLS":"blue","ODDS":13.0,"NUM":"14","NUM_NAME":"14","CODE":"bjpk100","SORT":12.0,"STATE":0,"ST":false,"BET_AMT":null,"ODDS_A":13.0,"ODDS_B":13.0,"ODDS_C":13.0},"bjpk100_15":{"ID":581,"P_3ID":65,"P_1ID":18,"GROUP_NAME":"冠亚和","SHOWCLS":"blue","ODDS":13.0,"NUM":"15","NUM_NAME":"15","CODE":"bjpk100","SORT":13.0,"STATE":0,"ST":false,"BET_AMT":null,"ODDS_A":13.0,"ODDS_B":13.0,"ODDS_C":13.0},"bjpk100_16":{"ID":582,"P_3ID":65,"P_1ID":18,"GROUP_NAME":"冠亚和","SHOWCLS":"blue","ODDS":20.0,"NUM":"16","NUM_NAME":"16","CODE":"bjpk100","SORT":14.0,"STATE":0,"ST":false,"BET_AMT":null,"ODDS_A":20.0,"ODDS_B":20.0,"ODDS_C":20.0},"bjpk100_17":{"ID":583,"P_3ID":65,"P_1ID":18,"GROUP_NAME":"冠亚和","SHOWCLS":"blue","ODDS":20.0,"NUM":"17","NUM_NAME":"17","CODE":"bjpk100","SORT":15.0,"STATE":0,"ST":false,"BET_AMT":null,"ODDS_A":20.0,"ODDS_B":20.0,"ODDS_C":20.0},"bjpk100_18":{"ID":584,"P_3ID":65,"P_1ID":18,"GROUP_NAME":"冠亚和","SHOWCLS":"blue","ODDS":42.0,"NUM":"18","NUM_NAME":"18","CODE":"bjpk100","SORT":16.0,"STATE":0,"ST":false,"BET_AMT":null,"ODDS_A":42.0,"ODDS_B":42.0,"ODDS_C":42.0},"bjpk100_19":{"ID":585,"P_3ID":65,"P_1ID":18,"GROUP_NAME":"冠亚和","SHOWCLS":"blue","ODDS":42.0,"NUM":"19","NUM_NAME":"19","CODE":"bjpk100","SORT":17.0,"STATE":0,"ST":false,"BET_AMT":null,"ODDS_A":42.0,"ODDS_B":42.0,"ODDS_C":42.0},"bjpk100_大":{"ID":586,"P_3ID":65,"P_1ID":18,"GROUP_NAME":"冠亚和","SHOWCLS":"text","ODDS":2.0,"NUM":"大","NUM_NAME":"冠亚大","CODE":"bjpk100","SORT":18.0,"STATE":0,"ST":false,"BET_AMT":null,"ODDS_A":2.0,"ODDS_B":2.0,"ODDS_C":2.0},"bjpk100_小":{"ID":587,"P_3ID":65,"P_1ID":18,"GROUP_NAME":"冠亚和","SHOWCLS":"text","ODDS":1.70,"NUM":"小","NUM_NAME":"冠亚小","CODE":"bjpk100","SORT":19.0,"STATE":0,"ST":false,"BET_AMT":null,"ODDS_A":1.70,"ODDS_B":1.70,"ODDS_C":1.70},"bjpk100_单":{"ID":588,"P_3ID":65,"P_1ID":18,"GROUP_NAME":"冠亚和","SHOWCLS":"text","ODDS":1.70,"NUM":"单","NUM_NAME":"冠亚单","CODE":"bjpk100","SORT":20.0,"STATE":0,"ST":false,"BET_AMT":null,"ODDS_A":1.70,"ODDS_B":1.70,"ODDS_C":1.70},"bjpk100_双":{"ID":589,"P_3ID":65,"P_1ID":18,"GROUP_NAME":"冠亚和","SHOWCLS":"text","ODDS":2.0,"NUM":"双","NUM_NAME":"冠亚双","CODE":"bjpk100","SORT":21.0,"STATE":0,"ST":false,"BET_AMT":null,"ODDS_A":2.0,"ODDS_B":2.0,"ODDS_C":2.0}},"bjpk101":{"bjpk101_6":{"ID":682,"P_3ID":66,"P_1ID":18,"GROUP_NAME":"冠亚季和","SHOWCLS":"blue","ODDS":42.0,"NUM":"6","NUM_NAME":"6","CODE":"bjpk101","SORT":1.0,"STATE":0,"ST":false,"BET_AMT":null,"ODDS_A":42.0,"ODDS_B":42.0,"ODDS_C":42.0},"bjpk101_7":{"ID":683,"P_3ID":66,"P_1ID":18,"GROUP_NAME":"冠亚季和","SHOWCLS":"blue","ODDS":39.0,"NUM":"7","NUM_NAME":"7","CODE":"bjpk101","SORT":2.0,"STATE":0,"ST":false,"BET_AMT":null,"ODDS_A":39.0,"ODDS_B":39.0,"ODDS_C":39.0},"bjpk101_8":{"ID":684,"P_3ID":66,"P_1ID":18,"GROUP_NAME":"冠亚季和","SHOWCLS":"blue","ODDS":20.0,"NUM":"8","NUM_NAME":"8","CODE":"bjpk101","SORT":3.0,"STATE":0,"ST":false,"BET_AMT":null,"ODDS_A":20.0,"ODDS_B":20.0,"ODDS_C":20.0},"bjpk101_9":{"ID":685,"P_3ID":66,"P_1ID":18,"GROUP_NAME":"冠亚季和","SHOWCLS":"blue","ODDS":20.0,"NUM":"9","NUM_NAME":"9","CODE":"bjpk101","SORT":4.0,"STATE":0,"ST":false,"BET_AMT":null,"ODDS_A":20.0,"ODDS_B":20.0,"ODDS_C":20.0},"bjpk101_10":{"ID":686,"P_3ID":66,"P_1ID":18,"GROUP_NAME":"冠亚季和","SHOWCLS":"blue","ODDS":13.0,"NUM":"10","NUM_NAME":"10","CODE":"bjpk101","SORT":5.0,"STATE":0,"ST":false,"BET_AMT":null,"ODDS_A":13.0,"ODDS_B":13.0,"ODDS_C":13.0},"bjpk101_11":{"ID":687,"P_3ID":66,"P_1ID":18,"GROUP_NAME":"冠亚季和","SHOWCLS":"blue","ODDS":13.0,"NUM":"11","NUM_NAME":"11","CODE":"bjpk101","SORT":6.0,"STATE":0,"ST":false,"BET_AMT":null,"ODDS_A":13.0,"ODDS_B":13.0,"ODDS_C":13.0},"bjpk101_12":{"ID":688,"P_3ID":66,"P_1ID":18,"GROUP_NAME":"冠亚季和","SHOWCLS":"blue","ODDS":10.0,"NUM":"12","NUM_NAME":"12","CODE":"bjpk101","SORT":7.0,"STATE":0,"ST":false,"BET_AMT":null,"ODDS_A":10.0,"ODDS_B":10.0,"ODDS_C":10.0},"bjpk101_13":{"ID":689,"P_3ID":66,"P_1ID":18,"GROUP_NAME":"冠亚季和","SHOWCLS":"blue","ODDS":10.0,"NUM":"13","NUM_NAME":"13","CODE":"bjpk101","SORT":8.0,"STATE":0,"ST":false,"BET_AMT":null,"ODDS_A":10.0,"ODDS_B":10.0,"ODDS_C":10.0},"bjpk101_14":{"ID":690,"P_3ID":66,"P_1ID":18,"GROUP_NAME":"冠亚季和","SHOWCLS":"blue","ODDS":8.0,"NUM":"14","NUM_NAME":"14","CODE":"bjpk101","SORT":9.0,"STATE":0,"ST":false,"BET_AMT":null,"ODDS_A":8.0,"ODDS_B":8.0,"ODDS_C":8.0},"bjpk101_15":{"ID":691,"P_3ID":66,"P_1ID":18,"GROUP_NAME":"冠亚季和","SHOWCLS":"blue","ODDS":8.0,"NUM":"15","NUM_NAME":"15","CODE":"bjpk101","SORT":10.0,"STATE":0,"ST":false,"BET_AMT":null,"ODDS_A":8.0,"ODDS_B":8.0,"ODDS_C":8.0},"bjpk101_16":{"ID":692,"P_3ID":66,"P_1ID":18,"GROUP_NAME":"冠亚季和","SHOWCLS":"blue","ODDS":5.0,"NUM":"16","NUM_NAME":"16","CODE":"bjpk101","SORT":11.0,"STATE":0,"ST":false,"BET_AMT":null,"ODDS_A":5.0,"ODDS_B":5.0,"ODDS_C":5.0},"bjpk101_17":{"ID":693,"P_3ID":66,"P_1ID":18,"GROUP_NAME":"冠亚季和","SHOWCLS":"blue","ODDS":5.0,"NUM":"17","NUM_NAME":"17","CODE":"bjpk101","SORT":12.0,"STATE":0,"ST":false,"BET_AMT":null,"ODDS_A":5.0,"ODDS_B":5.0,"ODDS_C":5.0},"bjpk101_18":{"ID":694,"P_3ID":66,"P_1ID":18,"GROUP_NAME":"冠亚季和","SHOWCLS":"blue","ODDS":8.0,"NUM":"18","NUM_NAME":"18","CODE":"bjpk101","SORT":13.0,"STATE":0,"ST":false,"BET_AMT":null,"ODDS_A":8.0,"ODDS_B":8.0,"ODDS_C":8.0},"bjpk101_19":{"ID":695,"P_3ID":66,"P_1ID":18,"GROUP_NAME":"冠亚季和","SHOWCLS":"blue","ODDS":8.0,"NUM":"19","NUM_NAME":"19","CODE":"bjpk101","SORT":14.0,"STATE":0,"ST":false,"BET_AMT":null,"ODDS_A":8.0,"ODDS_B":8.0,"ODDS_C":8.0},"bjpk101_20":{"ID":696,"P_3ID":66,"P_1ID":18,"GROUP_NAME":"冠亚季和","SHOWCLS":"blue","ODDS":10.0,"NUM":"20","NUM_NAME":"20","CODE":"bjpk101","SORT":15.0,"STATE":0,"ST":false,"BET_AMT":null,"ODDS_A":10.0,"ODDS_B":10.0,"ODDS_C":10.0},"bjpk101_21":{"ID":697,"P_3ID":66,"P_1ID":18,"GROUP_NAME":"冠亚季和","SHOWCLS":"blue","ODDS":10.0,"NUM":"21","NUM_NAME":"21","CODE":"bjpk101","SORT":16.0,"STATE":0,"ST":false,"BET_AMT":null,"ODDS_A":10.0,"ODDS_B":10.0,"ODDS_C":10.0},"bjpk101_22":{"ID":698,"P_3ID":66,"P_1ID":18,"GROUP_NAME":"冠亚季和","SHOWCLS":"blue","ODDS":13.0,"NUM":"22","NUM_NAME":"22","CODE":"bjpk101","SORT":17.0,"STATE":0,"ST":false,"BET_AMT":null,"ODDS_A":13.0,"ODDS_B":13.0,"ODDS_C":13.0},"bjpk101_23":{"ID":699,"P_3ID":66,"P_1ID":18,"GROUP_NAME":"冠亚季和","SHOWCLS":"blue","ODDS":13.0,"NUM":"23","NUM_NAME":"23","CODE":"bjpk101","SORT":18.0,"STATE":0,"ST":false,"BET_AMT":null,"ODDS_A":13.0,"ODDS_B":13.0,"ODDS_C":13.0},"bjpk101_24":{"ID":700,"P_3ID":66,"P_1ID":18,"GROUP_NAME":"冠亚季和","SHOWCLS":"blue","ODDS":20.0,"NUM":"24","NUM_NAME":"24","CODE":"bjpk101","SORT":19.0,"STATE":0,"ST":false,"BET_AMT":null,"ODDS_A":20.0,"ODDS_B":20.0,"ODDS_C":20.0},"bjpk101_25":{"ID":701,"P_3ID":66,"P_1ID":18,"GROUP_NAME":"冠亚季和","SHOWCLS":"blue","ODDS":20.0,"NUM":"25","NUM_NAME":"25","CODE":"bjpk101","SORT":20.0,"STATE":0,"ST":false,"BET_AMT":null,"ODDS_A":20.0,"ODDS_B":20.0,"ODDS_C":20.0},"bjpk101_26":{"ID":702,"P_3ID":66,"P_1ID":18,"GROUP_NAME":"冠亚季和","SHOWCLS":"blue","ODDS":39.0,"NUM":"26","NUM_NAME":"26","CODE":"bjpk101","SORT":21.0,"STATE":0,"ST":false,"BET_AMT":null,"ODDS_A":39.0,"ODDS_B":39.0,"ODDS_C":39.0},"bjpk101_27":{"ID":703,"P_3ID":66,"P_1ID":18,"GROUP_NAME":"冠亚季和","SHOWCLS":"blue","ODDS":42.0,"NUM":"27","NUM_NAME":"27","CODE":"bjpk101","SORT":22.0,"STATE":0,"ST":false,"BET_AMT":null,"ODDS_A":42.0,"ODDS_B":42.0,"ODDS_C":42.0},"bjpk101_大":{"ID":704,"P_3ID":66,"P_1ID":18,"GROUP_NAME":"冠亚季和","SHOWCLS":"text","ODDS":2.0,"NUM":"大","NUM_NAME":"大","CODE":"bjpk101","SORT":23.0,"STATE":0,"ST":false,"BET_AMT":null,"ODDS_A":2.0,"ODDS_B":2.0,"ODDS_C":2.0},"bjpk101_小":{"ID":705,"P_3ID":66,"P_1ID":18,"GROUP_NAME":"冠亚季和","SHOWCLS":"text","ODDS":1.70,"NUM":"小","NUM_NAME":"小","CODE":"bjpk101","SORT":24.0,"STATE":0,"ST":false,"BET_AMT":null,"ODDS_A":1.70,"ODDS_B":1.70,"ODDS_C":1.70},"bjpk101_单":{"ID":706,"P_3ID":66,"P_1ID":18,"GROUP_NAME":"冠亚季和","SHOWCLS":"text","ODDS":1.70,"NUM":"单","NUM_NAME":"单","CODE":"bjpk101","SORT":25.0,"STATE":0,"ST":false,"BET_AMT":null,"ODDS_A":1.70,"ODDS_B":1.70,"ODDS_C":1.70},"bjpk101_双":{"ID":707,"P_3ID":66,"P_1ID":18,"GROUP_NAME":"冠亚季和","SHOWCLS":"text","ODDS":2.0,"NUM":"双","NUM_NAME":"双","CODE":"bjpk101","SORT":26.0,"STATE":0,"ST":false,"BET_AMT":null,"ODDS_A":2.0,"ODDS_B":2.0,"ODDS_C":2.0}},"bjpk1010":{"bjpk1010_1":{"ID":820,"P_3ID":75,"P_1ID":18,"GROUP_NAME":"第九名","SHOWCLS":"blue","ODDS":9.86,"NUM":"1","NUM_NAME":"1","CODE":"bjpk1010","SORT":1.0,"STATE":0,"ST":false,"BET_AMT":null,"ODDS_A":9.86,"ODDS_B":9.80,"ODDS_C":9.80},"bjpk1010_2":{"ID":821,"P_3ID":75,"P_1ID":18,"GROUP_NAME":"第九名","SHOWCLS":"blue","ODDS":9.86,"NUM":"2","NUM_NAME":"2","CODE":"bjpk1010","SORT":2.0,"STATE":0,"ST":false,"BET_AMT":null,"ODDS_A":9.86,"ODDS_B":9.80,"ODDS_C":9.80},"bjpk1010_3":{"ID":822,"P_3ID":75,"P_1ID":18,"GROUP_NAME":"第九名","SHOWCLS":"blue","ODDS":9.86,"NUM":"3","NUM_NAME":"3","CODE":"bjpk1010","SORT":3.0,"STATE":0,"ST":false,"BET_AMT":null,"ODDS_A":9.86,"ODDS_B":9.80,"ODDS_C":9.80},"bjpk1010_4":{"ID":823,"P_3ID":75,"P_1ID":18,"GROUP_NAME":"第九名","SHOWCLS":"blue","ODDS":9.86,"NUM":"4","NUM_NAME":"4","CODE":"bjpk1010","SORT":4.0,"STATE":0,"ST":false,"BET_AMT":null,"ODDS_A":9.86,"ODDS_B":9.80,"ODDS_C":9.80},"bjpk1010_5":{"ID":824,"P_3ID":75,"P_1ID":18,"GROUP_NAME":"第九名","SHOWCLS":"blue","ODDS":9.86,"NUM":"5","NUM_NAME":"5","CODE":"bjpk1010","SORT":5.0,"STATE":0,"ST":false,"BET_AMT":null,"ODDS_A":9.86,"ODDS_B":9.80,"ODDS_C":9.80},"bjpk1010_6":{"ID":825,"P_3ID":75,"P_1ID":18,"GROUP_NAME":"第九名","SHOWCLS":"blue","ODDS":9.86,"NUM":"6","NUM_NAME":"6","CODE":"bjpk1010","SORT":6.0,"STATE":0,"ST":false,"BET_AMT":null,"ODDS_A":9.86,"ODDS_B":9.80,"ODDS_C":9.80},"bjpk1010_7":{"ID":826,"P_3ID":75,"P_1ID":18,"GROUP_NAME":"第九名","SHOWCLS":"blue","ODDS":9.86,"NUM":"7","NUM_NAME":"7","CODE":"bjpk1010","SORT":7.0,"STATE":0,"ST":false,"BET_AMT":null,"ODDS_A":9.86,"ODDS_B":9.80,"ODDS_C":9.80},"bjpk1010_8":{"ID":827,"P_3ID":75,"P_1ID":18,"GROUP_NAME":"第九名","SHOWCLS":"blue","ODDS":9.86,"NUM":"8","NUM_NAME":"8","CODE":"bjpk1010","SORT":8.0,"STATE":0,"ST":false,"BET_AMT":null,"ODDS_A":9.86,"ODDS_B":9.80,"ODDS_C":9.80},"bjpk1010_9":{"ID":828,"P_3ID":75,"P_1ID":18,"GROUP_NAME":"第九名","SHOWCLS":"blue","ODDS":9.86,"NUM":"9","NUM_NAME":"9","CODE":"bjpk1010","SORT":9.0,"STATE":0,"ST":false,"BET_AMT":null,"ODDS_A":9.86,"ODDS_B":9.80,"ODDS_C":9.80},"bjpk1010_10":{"ID":829,"P_3ID":75,"P_1ID":18,"GROUP_NAME":"第九名","SHOWCLS":"blue","ODDS":9.86,"NUM":"10","NUM_NAME":"10","CODE":"bjpk1010","SORT":10.0,"STATE":0,"ST":false,"BET_AMT":null,"ODDS_A":9.86,"ODDS_B":9.80,"ODDS_C":9.80},"bjpk1010_大":{"ID":830,"P_3ID":75,"P_1ID":18,"GROUP_NAME":"第九名","SHOWCLS":"red","ODDS":1.96,"NUM":"大","NUM_NAME":"大","CODE":"bjpk1010","SORT":11.0,"STATE":0,"ST":false,"BET_AMT":null,"ODDS_A":1.96,"ODDS_B":1.98,"ODDS_C":1.98},"bjpk1010_小":{"ID":831,"P_3ID":75,"P_1ID":18,"GROUP_NAME":"第九名","SHOWCLS":"green","ODDS":1.96,"NUM":"小","NUM_NAME":"小","CODE":"bjpk1010","SORT":12.0,"STATE":0,"ST":false,"BET_AMT":null,"ODDS_A":1.96,"ODDS_B":1.98,"ODDS_C":1.98},"bjpk1010_单":{"ID":832,"P_3ID":75,"P_1ID":18,"GROUP_NAME":"第九名","SHOWCLS":"red","ODDS":1.96,"NUM":"单","NUM_NAME":"单","CODE":"bjpk1010","SORT":13.0,"STATE":0,"ST":false,"BET_AMT":null,"ODDS_A":1.96,"ODDS_B":1.98,"ODDS_C":1.98},"bjpk1010_双":{"ID":833,"P_3ID":75,"P_1ID":18,"GROUP_NAME":"第九名","SHOWCLS":"green","ODDS":1.96,"NUM":"双","NUM_NAME":"双","CODE":"bjpk1010","SORT":14.0,"STATE":0,"ST":false,"BET_AMT":null,"ODDS_A":1.96,"ODDS_B":1.98,"ODDS_C":1.98}},"bjpk1011":{"bjpk1011_1":{"ID":834,"P_3ID":76,"P_1ID":18,"GROUP_NAME":"第十名","SHOWCLS":"blue","ODDS":9.86,"NUM":"1","NUM_NAME":"1","CODE":"bjpk1011","SORT":1.0,"STATE":0,"ST":false,"BET_AMT":null,"ODDS_A":9.86,"ODDS_B":9.80,"ODDS_C":9.80},"bjpk1011_2":{"ID":835,"P_3ID":76,"P_1ID":18,"GROUP_NAME":"第十名","SHOWCLS":"blue","ODDS":9.86,"NUM":"2","NUM_NAME":"2","CODE":"bjpk1011","SORT":2.0,"STATE":0,"ST":false,"BET_AMT":null,"ODDS_A":9.86,"ODDS_B":9.80,"ODDS_C":9.80},"bjpk1011_3":{"ID":836,"P_3ID":76,"P_1ID":18,"GROUP_NAME":"第十名","SHOWCLS":"blue","ODDS":9.86,"NUM":"3","NUM_NAME":"3","CODE":"bjpk1011","SORT":3.0,"STATE":0,"ST":false,"BET_AMT":null,"ODDS_A":9.86,"ODDS_B":9.80,"ODDS_C":9.80},"bjpk1011_4":{"ID":837,"P_3ID":76,"P_1ID":18,"GROUP_NAME":"第十名","SHOWCLS":"blue","ODDS":9.86,"NUM":"4","NUM_NAME":"4","CODE":"bjpk1011","SORT":4.0,"STATE":0,"ST":false,"BET_AMT":null,"ODDS_A":9.86,"ODDS_B":9.80,"ODDS_C":9.80},"bjpk1011_5":{"ID":838,"P_3ID":76,"P_1ID":18,"GROUP_NAME":"第十名","SHOWCLS":"blue","ODDS":9.86,"NUM":"5","NUM_NAME":"5","CODE":"bjpk1011","SORT":5.0,"STATE":0,"ST":false,"BET_AMT":null,"ODDS_A":9.86,"ODDS_B":9.80,"ODDS_C":9.80},"bjpk1011_6":{"ID":839,"P_3ID":76,"P_1ID":18,"GROUP_NAME":"第十名","SHOWCLS":"blue","ODDS":9.86,"NUM":"6","NUM_NAME":"6","CODE":"bjpk1011","SORT":6.0,"STATE":0,"ST":false,"BET_AMT":null,"ODDS_A":9.86,"ODDS_B":9.80,"ODDS_C":9.80},"bjpk1011_7":{"ID":840,"P_3ID":76,"P_1ID":18,"GROUP_NAME":"第十名","SHOWCLS":"blue","ODDS":9.86,"NUM":"7","NUM_NAME":"7","CODE":"bjpk1011","SORT":7.0,"STATE":0,"ST":false,"BET_AMT":null,"ODDS_A":9.86,"ODDS_B":9.80,"ODDS_C":9.80},"bjpk1011_8":{"ID":841,"P_3ID":76,"P_1ID":18,"GROUP_NAME":"第十名","SHOWCLS":"blue","ODDS":9.86,"NUM":"8","NUM_NAME":"8","CODE":"bjpk1011","SORT":8.0,"STATE":0,"ST":false,"BET_AMT":null,"ODDS_A":9.86,"ODDS_B":9.80,"ODDS_C":9.80},"bjpk1011_9":{"ID":842,"P_3ID":76,"P_1ID":18,"GROUP_NAME":"第十名","SHOWCLS":"blue","ODDS":9.86,"NUM":"9","NUM_NAME":"9","CODE":"bjpk1011","SORT":9.0,"STATE":0,"ST":false,"BET_AMT":null,"ODDS_A":9.86,"ODDS_B":9.80,"ODDS_C":9.80},"bjpk1011_10":{"ID":843,"P_3ID":76,"P_1ID":18,"GROUP_NAME":"第十名","SHOWCLS":"blue","ODDS":9.86,"NUM":"10","NUM_NAME":"10","CODE":"bjpk1011","SORT":10.0,"STATE":0,"ST":false,"BET_AMT":null,"ODDS_A":9.86,"ODDS_B":9.80,"ODDS_C":9.80},"bjpk1011_大":{"ID":844,"P_3ID":76,"P_1ID":18,"GROUP_NAME":"第十名","SHOWCLS":"red","ODDS":1.96,"NUM":"大","NUM_NAME":"大","CODE":"bjpk1011","SORT":11.0,"STATE":0,"ST":false,"BET_AMT":null,"ODDS_A":1.96,"ODDS_B":1.98,"ODDS_C":1.98},"bjpk1011_小":{"ID":845,"P_3ID":76,"P_1ID":18,"GROUP_NAME":"第十名","SHOWCLS":"green","ODDS":1.96,"NUM":"小","NUM_NAME":"小","CODE":"bjpk1011","SORT":12.0,"STATE":0,"ST":false,"BET_AMT":null,"ODDS_A":1.96,"ODDS_B":1.98,"ODDS_C":1.98},"bjpk1011_单":{"ID":846,"P_3ID":76,"P_1ID":18,"GROUP_NAME":"第十名","SHOWCLS":"red","ODDS":1.96,"NUM":"单","NUM_NAME":"单","CODE":"bjpk1011","SORT":13.0,"STATE":0,"ST":false,"BET_AMT":null,"ODDS_A":1.96,"ODDS_B":1.98,"ODDS_C":1.98},"bjpk1011_双":{"ID":847,"P_3ID":76,"P_1ID":18,"GROUP_NAME":"第十名","SHOWCLS":"green","ODDS":1.96,"NUM":"双","NUM_NAME":"双","CODE":"bjpk1011","SORT":14.0,"STATE":0,"ST":false,"BET_AMT":null,"ODDS_A":1.96,"ODDS_B":1.98,"ODDS_C":1.98}},"bjpk1012":{"bjpk1012_1v10龙":{"ID":1513,"P_3ID":659,"P_1ID":18,"GROUP_NAME":"龙虎","SHOWCLS":"text","ODDS":1.96,"NUM":"1v10龙","NUM_NAME":"龙","CODE":"bjpk1012","SORT":1.0,"STATE":0,"ST":false,"BET_AMT":null,"ODDS_A":1.96,"ODDS_B":1.98,"ODDS_C":1.98},"bjpk1012_1v10虎":{"ID":1514,"P_3ID":659,"P_1ID":18,"GROUP_NAME":"龙虎","SHOWCLS":"text","ODDS":1.96,"NUM":"1v10虎","NUM_NAME":"虎","CODE":"bjpk1012","SORT":2.0,"STATE":0,"ST":false,"BET_AMT":null,"ODDS_A":1.96,"ODDS_B":1.98,"ODDS_C":1.98},"bjpk1012_2v9龙":{"ID":1515,"P_3ID":659,"P_1ID":18,"GROUP_NAME":"龙虎","SHOWCLS":"text","ODDS":1.96,"NUM":"2v9龙","NUM_NAME":"龙","CODE":"bjpk1012","SORT":3.0,"STATE":0,"ST":false,"BET_AMT":null,"ODDS_A":1.96,"ODDS_B":1.98,"ODDS_C":1.98},"bjpk1012_2v9虎":{"ID":1516,"P_3ID":659,"P_1ID":18,"GROUP_NAME":"龙虎","SHOWCLS":"text","ODDS":1.96,"NUM":"2v9虎","NUM_NAME":"虎","CODE":"bjpk1012","SORT":4.0,"STATE":0,"ST":false,"BET_AMT":null,"ODDS_A":1.96,"ODDS_B":1.98,"ODDS_C":1.98},"bjpk1012_3v8龙":{"ID":1517,"P_3ID":659,"P_1ID":18,"GROUP_NAME":"龙虎","SHOWCLS":"text","ODDS":1.96,"NUM":"3v8龙","NUM_NAME":"龙","CODE":"bjpk1012","SORT":5.0,"STATE":0,"ST":false,"BET_AMT":null,"ODDS_A":1.96,"ODDS_B":1.98,"ODDS_C":1.98},"bjpk1012_3v8虎":{"ID":1518,"P_3ID":659,"P_1ID":18,"GROUP_NAME":"龙虎","SHOWCLS":"text","ODDS":1.96,"NUM":"3v8虎","NUM_NAME":"虎","CODE":"bjpk1012","SORT":6.0,"STATE":0,"ST":false,"BET_AMT":null,"ODDS_A":1.96,"ODDS_B":1.98,"ODDS_C":1.98},"bjpk1012_4v7龙":{"ID":1519,"P_3ID":659,"P_1ID":18,"GROUP_NAME":"龙虎","SHOWCLS":"text","ODDS":1.96,"NUM":"4v7龙","NUM_NAME":"龙","CODE":"bjpk1012","SORT":7.0,"STATE":0,"ST":false,"BET_AMT":null,"ODDS_A":1.96,"ODDS_B":1.98,"ODDS_C":1.98},"bjpk1012_4v7虎":{"ID":1520,"P_3ID":659,"P_1ID":18,"GROUP_NAME":"龙虎","SHOWCLS":"text","ODDS":1.96,"NUM":"4v7虎","NUM_NAME":"虎","CODE":"bjpk1012","SORT":8.0,"STATE":0,"ST":false,"BET_AMT":null,"ODDS_A":1.96,"ODDS_B":1.98,"ODDS_C":1.98},"bjpk1012_5v6龙":{"ID":1521,"P_3ID":659,"P_1ID":18,"GROUP_NAME":"龙虎","SHOWCLS":"text","ODDS":1.96,"NUM":"5v6龙","NUM_NAME":"龙","CODE":"bjpk1012","SORT":9.0,"STATE":0,"ST":false,"BET_AMT":null,"ODDS_A":1.96,"ODDS_B":1.98,"ODDS_C":1.98},"bjpk1012_5v6虎":{"ID":1522,"P_3ID":659,"P_1ID":18,"GROUP_NAME":"龙虎","SHOWCLS":"text","ODDS":1.96,"NUM":"5v6虎","NUM_NAME":"虎","CODE":"bjpk1012","SORT":10.0,"STATE":0,"ST":false,"BET_AMT":null,"ODDS_A":1.96,"ODDS_B":1.98,"ODDS_C":1.98}},"bjpk102":{"bjpk102_1":{"ID":708,"P_3ID":67,"P_1ID":18,"GROUP_NAME":"冠军","SHOWCLS":"blue","ODDS":9.86,"NUM":"1","NUM_NAME":"1","CODE":"bjpk102","SORT":1.0,"STATE":0,"ST":false,"BET_AMT":null,"ODDS_A":9.86,"ODDS_B":9.80,"ODDS_C":9.80},"bjpk102_2":{"ID":709,"P_3ID":67,"P_1ID":18,"GROUP_NAME":"冠军","SHOWCLS":"blue","ODDS":9.86,"NUM":"2","NUM_NAME":"2","CODE":"bjpk102","SORT":2.0,"STATE":0,"ST":false,"BET_AMT":null,"ODDS_A":9.86,"ODDS_B":9.80,"ODDS_C":9.80},"bjpk102_3":{"ID":710,"P_3ID":67,"P_1ID":18,"GROUP_NAME":"冠军","SHOWCLS":"blue","ODDS":9.86,"NUM":"3","NUM_NAME":"3","CODE":"bjpk102","SORT":3.0,"STATE":0,"ST":false,"BET_AMT":null,"ODDS_A":9.86,"ODDS_B":9.80,"ODDS_C":9.80},"bjpk102_4":{"ID":711,"P_3ID":67,"P_1ID":18,"GROUP_NAME":"冠军","SHOWCLS":"blue","ODDS":9.86,"NUM":"4","NUM_NAME":"4","CODE":"bjpk102","SORT":4.0,"STATE":0,"ST":false,"BET_AMT":null,"ODDS_A":9.86,"ODDS_B":9.80,"ODDS_C":9.80},"bjpk102_5":{"ID":712,"P_3ID":67,"P_1ID":18,"GROUP_NAME":"冠军","SHOWCLS":"blue","ODDS":9.86,"NUM":"5","NUM_NAME":"5","CODE":"bjpk102","SORT":5.0,"STATE":0,"ST":false,"BET_AMT":null,"ODDS_A":9.86,"ODDS_B":9.80,"ODDS_C":9.80},"bjpk102_6":{"ID":713,"P_3ID":67,"P_1ID":18,"GROUP_NAME":"冠军","SHOWCLS":"blue","ODDS":9.86,"NUM":"6","NUM_NAME":"6","CODE":"bjpk102","SORT":6.0,"STATE":0,"ST":false,"BET_AMT":null,"ODDS_A":9.86,"ODDS_B":9.80,"ODDS_C":9.80},"bjpk102_7":{"ID":714,"P_3ID":67,"P_1ID":18,"GROUP_NAME":"冠军","SHOWCLS":"blue","ODDS":9.86,"NUM":"7","NUM_NAME":"7","CODE":"bjpk102","SORT":7.0,"STATE":0,"ST":false,"BET_AMT":null,"ODDS_A":9.86,"ODDS_B":9.80,"ODDS_C":9.80},"bjpk102_8":{"ID":715,"P_3ID":67,"P_1ID":18,"GROUP_NAME":"冠军","SHOWCLS":"blue","ODDS":9.86,"NUM":"8","NUM_NAME":"8","CODE":"bjpk102","SORT":8.0,"STATE":0,"ST":false,"BET_AMT":null,"ODDS_A":9.86,"ODDS_B":9.80,"ODDS_C":9.80},"bjpk102_9":{"ID":716,"P_3ID":67,"P_1ID":18,"GROUP_NAME":"冠军","SHOWCLS":"blue","ODDS":9.86,"NUM":"9","NUM_NAME":"9","CODE":"bjpk102","SORT":9.0,"STATE":0,"ST":false,"BET_AMT":null,"ODDS_A":9.86,"ODDS_B":9.80,"ODDS_C":9.80},"bjpk102_10":{"ID":717,"P_3ID":67,"P_1ID":18,"GROUP_NAME":"冠军","SHOWCLS":"blue","ODDS":9.86,"NUM":"10","NUM_NAME":"10","CODE":"bjpk102","SORT":10.0,"STATE":0,"ST":false,"BET_AMT":null,"ODDS_A":9.86,"ODDS_B":9.80,"ODDS_C":9.80},"bjpk102_大":{"ID":718,"P_3ID":67,"P_1ID":18,"GROUP_NAME":"冠军","SHOWCLS":"red","ODDS":1.96,"NUM":"大","NUM_NAME":"大","CODE":"bjpk102","SORT":11.0,"STATE":0,"ST":false,"BET_AMT":null,"ODDS_A":1.96,"ODDS_B":1.98,"ODDS_C":1.98},"bjpk102_小":{"ID":719,"P_3ID":67,"P_1ID":18,"GROUP_NAME":"冠军","SHOWCLS":"green","ODDS":1.96,"NUM":"小","NUM_NAME":"小","CODE":"bjpk102","SORT":12.0,"STATE":0,"ST":false,"BET_AMT":null,"ODDS_A":1.96,"ODDS_B":1.98,"ODDS_C":1.98},"bjpk102_单":{"ID":720,"P_3ID":67,"P_1ID":18,"GROUP_NAME":"冠军","SHOWCLS":"red","ODDS":1.96,"NUM":"单","NUM_NAME":"单","CODE":"bjpk102","SORT":13.0,"STATE":0,"ST":false,"BET_AMT":null,"ODDS_A":1.96,"ODDS_B":1.98,"ODDS_C":1.98},"bjpk102_双":{"ID":721,"P_3ID":67,"P_1ID":18,"GROUP_NAME":"冠军","SHOWCLS":"green","ODDS":1.96,"NUM":"双","NUM_NAME":"双","CODE":"bjpk102","SORT":14.0,"STATE":0,"ST":false,"BET_AMT":null,"ODDS_A":1.96,"ODDS_B":1.98,"ODDS_C":1.98}},"bjpk103":{"bjpk103_1":{"ID":722,"P_3ID":68,"P_1ID":18,"GROUP_NAME":"亚军","SHOWCLS":"blue","ODDS":9.86,"NUM":"1","NUM_NAME":"1","CODE":"bjpk103","SORT":1.0,"STATE":0,"ST":false,"BET_AMT":null,"ODDS_A":9.86,"ODDS_B":9.80,"ODDS_C":9.80},"bjpk103_2":{"ID":723,"P_3ID":68,"P_1ID":18,"GROUP_NAME":"亚军","SHOWCLS":"blue","ODDS":9.86,"NUM":"2","NUM_NAME":"2","CODE":"bjpk103","SORT":2.0,"STATE":0,"ST":false,"BET_AMT":null,"ODDS_A":9.86,"ODDS_B":9.80,"ODDS_C":9.80},"bjpk103_3":{"ID":724,"P_3ID":68,"P_1ID":18,"GROUP_NAME":"亚军","SHOWCLS":"blue","ODDS":9.86,"NUM":"3","NUM_NAME":"3","CODE":"bjpk103","SORT":3.0,"STATE":0,"ST":false,"BET_AMT":null,"ODDS_A":9.86,"ODDS_B":9.80,"ODDS_C":9.80},"bjpk103_4":{"ID":725,"P_3ID":68,"P_1ID":18,"GROUP_NAME":"亚军","SHOWCLS":"blue","ODDS":9.86,"NUM":"4","NUM_NAME":"4","CODE":"bjpk103","SORT":4.0,"STATE":0,"ST":false,"BET_AMT":null,"ODDS_A":9.86,"ODDS_B":9.80,"ODDS_C":9.80},"bjpk103_5":{"ID":726,"P_3ID":68,"P_1ID":18,"GROUP_NAME":"亚军","SHOWCLS":"blue","ODDS":9.86,"NUM":"5","NUM_NAME":"5","CODE":"bjpk103","SORT":5.0,"STATE":0,"ST":false,"BET_AMT":null,"ODDS_A":9.86,"ODDS_B":9.80,"ODDS_C":9.80},"bjpk103_6":{"ID":727,"P_3ID":68,"P_1ID":18,"GROUP_NAME":"亚军","SHOWCLS":"blue","ODDS":9.86,"NUM":"6","NUM_NAME":"6","CODE":"bjpk103","SORT":6.0,"STATE":0,"ST":false,"BET_AMT":null,"ODDS_A":9.86,"ODDS_B":9.80,"ODDS_C":9.80},"bjpk103_7":{"ID":728,"P_3ID":68,"P_1ID":18,"GROUP_NAME":"亚军","SHOWCLS":"blue","ODDS":9.86,"NUM":"7","NUM_NAME":"7","CODE":"bjpk103","SORT":7.0,"STATE":0,"ST":false,"BET_AMT":null,"ODDS_A":9.86,"ODDS_B":9.80,"ODDS_C":9.80},"bjpk103_8":{"ID":729,"P_3ID":68,"P_1ID":18,"GROUP_NAME":"亚军","SHOWCLS":"blue","ODDS":9.86,"NUM":"8","NUM_NAME":"8","CODE":"bjpk103","SORT":8.0,"STATE":0,"ST":false,"BET_AMT":null,"ODDS_A":9.86,"ODDS_B":9.80,"ODDS_C":9.80},"bjpk103_9":{"ID":730,"P_3ID":68,"P_1ID":18,"GROUP_NAME":"亚军","SHOWCLS":"blue","ODDS":9.86,"NUM":"9","NUM_NAME":"9","CODE":"bjpk103","SORT":9.0,"STATE":0,"ST":false,"BET_AMT":null,"ODDS_A":9.86,"ODDS_B":9.80,"ODDS_C":9.80},"bjpk103_10":{"ID":731,"P_3ID":68,"P_1ID":18,"GROUP_NAME":"亚军","SHOWCLS":"blue","ODDS":9.86,"NUM":"10","NUM_NAME":"10","CODE":"bjpk103","SORT":10.0,"STATE":0,"ST":false,"BET_AMT":null,"ODDS_A":9.86,"ODDS_B":9.80,"ODDS_C":9.80},"bjpk103_大":{"ID":732,"P_3ID":68,"P_1ID":18,"GROUP_NAME":"亚军","SHOWCLS":"red","ODDS":1.96,"NUM":"大","NUM_NAME":"大","CODE":"bjpk103","SORT":11.0,"STATE":0,"ST":false,"BET_AMT":null,"ODDS_A":1.96,"ODDS_B":1.98,"ODDS_C":1.98},"bjpk103_小":{"ID":733,"P_3ID":68,"P_1ID":18,"GROUP_NAME":"亚军","SHOWCLS":"green","ODDS":1.96,"NUM":"小","NUM_NAME":"小","CODE":"bjpk103","SORT":12.0,"STATE":0,"ST":false,"BET_AMT":null,"ODDS_A":1.96,"ODDS_B":1.98,"ODDS_C":1.98},"bjpk103_单":{"ID":734,"P_3ID":68,"P_1ID":18,"GROUP_NAME":"亚军","SHOWCLS":"red","ODDS":1.96,"NUM":"单","NUM_NAME":"单","CODE":"bjpk103","SORT":13.0,"STATE":0,"ST":false,"BET_AMT":null,"ODDS_A":1.96,"ODDS_B":1.98,"ODDS_C":1.98},"bjpk103_双":{"ID":735,"P_3ID":68,"P_1ID":18,"GROUP_NAME":"亚军","SHOWCLS":"green","ODDS":1.96,"NUM":"双","NUM_NAME":"双","CODE":"bjpk103","SORT":14.0,"STATE":0,"ST":false,"BET_AMT":null,"ODDS_A":1.96,"ODDS_B":1.98,"ODDS_C":1.98}},"bjpk104":{"bjpk104_1":{"ID":736,"P_3ID":69,"P_1ID":18,"GROUP_NAME":"第三名","SHOWCLS":"blue","ODDS":9.86,"NUM":"1","NUM_NAME":"1","CODE":"bjpk104","SORT":1.0,"STATE":0,"ST":false,"BET_AMT":null,"ODDS_A":9.86,"ODDS_B":9.80,"ODDS_C":9.80},"bjpk104_2":{"ID":737,"P_3ID":69,"P_1ID":18,"GROUP_NAME":"第三名","SHOWCLS":"blue","ODDS":9.86,"NUM":"2","NUM_NAME":"2","CODE":"bjpk104","SORT":2.0,"STATE":0,"ST":false,"BET_AMT":null,"ODDS_A":9.86,"ODDS_B":9.80,"ODDS_C":9.80},"bjpk104_3":{"ID":738,"P_3ID":69,"P_1ID":18,"GROUP_NAME":"第三名","SHOWCLS":"blue","ODDS":9.86,"NUM":"3","NUM_NAME":"3","CODE":"bjpk104","SORT":3.0,"STATE":0,"ST":false,"BET_AMT":null,"ODDS_A":9.86,"ODDS_B":9.80,"ODDS_C":9.80},"bjpk104_4":{"ID":739,"P_3ID":69,"P_1ID":18,"GROUP_NAME":"第三名","SHOWCLS":"blue","ODDS":9.86,"NUM":"4","NUM_NAME":"4","CODE":"bjpk104","SORT":4.0,"STATE":0,"ST":false,"BET_AMT":null,"ODDS_A":9.86,"ODDS_B":9.80,"ODDS_C":9.80},"bjpk104_5":{"ID":740,"P_3ID":69,"P_1ID":18,"GROUP_NAME":"第三名","SHOWCLS":"blue","ODDS":9.86,"NUM":"5","NUM_NAME":"5","CODE":"bjpk104","SORT":5.0,"STATE":0,"ST":false,"BET_AMT":null,"ODDS_A":9.86,"ODDS_B":9.80,"ODDS_C":9.80},"bjpk104_6":{"ID":741,"P_3ID":69,"P_1ID":18,"GROUP_NAME":"第三名","SHOWCLS":"blue","ODDS":9.86,"NUM":"6","NUM_NAME":"6","CODE":"bjpk104","SORT":6.0,"STATE":0,"ST":false,"BET_AMT":null,"ODDS_A":9.86,"ODDS_B":9.80,"ODDS_C":9.80},"bjpk104_7":{"ID":742,"P_3ID":69,"P_1ID":18,"GROUP_NAME":"第三名","SHOWCLS":"blue","ODDS":9.86,"NUM":"7","NUM_NAME":"7","CODE":"bjpk104","SORT":7.0,"STATE":0,"ST":false,"BET_AMT":null,"ODDS_A":9.86,"ODDS_B":9.80,"ODDS_C":9.80},"bjpk104_8":{"ID":743,"P_3ID":69,"P_1ID":18,"GROUP_NAME":"第三名","SHOWCLS":"blue","ODDS":9.86,"NUM":"8","NUM_NAME":"8","CODE":"bjpk104","SORT":8.0,"STATE":0,"ST":false,"BET_AMT":null,"ODDS_A":9.86,"ODDS_B":9.80,"ODDS_C":9.80},"bjpk104_9":{"ID":744,"P_3ID":69,"P_1ID":18,"GROUP_NAME":"第三名","SHOWCLS":"blue","ODDS":9.86,"NUM":"9","NUM_NAME":"9","CODE":"bjpk104","SORT":9.0,"STATE":0,"ST":false,"BET_AMT":null,"ODDS_A":9.86,"ODDS_B":9.80,"ODDS_C":9.80},"bjpk104_10":{"ID":745,"P_3ID":69,"P_1ID":18,"GROUP_NAME":"第三名","SHOWCLS":"blue","ODDS":9.86,"NUM":"10","NUM_NAME":"10","CODE":"bjpk104","SORT":10.0,"STATE":0,"ST":false,"BET_AMT":null,"ODDS_A":9.86,"ODDS_B":9.80,"ODDS_C":9.80},"bjpk104_大":{"ID":746,"P_3ID":69,"P_1ID":18,"GROUP_NAME":"第三名","SHOWCLS":"red","ODDS":1.96,"NUM":"大","NUM_NAME":"大","CODE":"bjpk104","SORT":11.0,"STATE":0,"ST":false,"BET_AMT":null,"ODDS_A":1.96,"ODDS_B":1.98,"ODDS_C":1.98},"bjpk104_小":{"ID":747,"P_3ID":69,"P_1ID":18,"GROUP_NAME":"第三名","SHOWCLS":"green","ODDS":1.96,"NUM":"小","NUM_NAME":"小","CODE":"bjpk104","SORT":12.0,"STATE":0,"ST":false,"BET_AMT":null,"ODDS_A":1.96,"ODDS_B":1.98,"ODDS_C":1.98},"bjpk104_单":{"ID":748,"P_3ID":69,"P_1ID":18,"GROUP_NAME":"第三名","SHOWCLS":"red","ODDS":1.96,"NUM":"单","NUM_NAME":"单","CODE":"bjpk104","SORT":13.0,"STATE":0,"ST":false,"BET_AMT":null,"ODDS_A":1.96,"ODDS_B":1.98,"ODDS_C":1.98},"bjpk104_双":{"ID":749,"P_3ID":69,"P_1ID":18,"GROUP_NAME":"第三名","SHOWCLS":"green","ODDS":1.96,"NUM":"双","NUM_NAME":"双","CODE":"bjpk104","SORT":14.0,"STATE":0,"ST":false,"BET_AMT":null,"ODDS_A":1.96,"ODDS_B":1.98,"ODDS_C":1.98}},"bjpk105":{"bjpk105_1":{"ID":750,"P_3ID":70,"P_1ID":18,"GROUP_NAME":"第四名","SHOWCLS":"blue","ODDS":9.86,"NUM":"1","NUM_NAME":"1","CODE":"bjpk105","SORT":1.0,"STATE":0,"ST":false,"BET_AMT":null,"ODDS_A":9.86,"ODDS_B":9.80,"ODDS_C":9.80},"bjpk105_2":{"ID":751,"P_3ID":70,"P_1ID":18,"GROUP_NAME":"第四名","SHOWCLS":"blue","ODDS":9.86,"NUM":"2","NUM_NAME":"2","CODE":"bjpk105","SORT":2.0,"STATE":0,"ST":false,"BET_AMT":null,"ODDS_A":9.86,"ODDS_B":9.80,"ODDS_C":9.80},"bjpk105_3":{"ID":752,"P_3ID":70,"P_1ID":18,"GROUP_NAME":"第四名","SHOWCLS":"blue","ODDS":9.86,"NUM":"3","NUM_NAME":"3","CODE":"bjpk105","SORT":3.0,"STATE":0,"ST":false,"BET_AMT":null,"ODDS_A":9.86,"ODDS_B":9.80,"ODDS_C":9.80},"bjpk105_4":{"ID":753,"P_3ID":70,"P_1ID":18,"GROUP_NAME":"第四名","SHOWCLS":"blue","ODDS":9.86,"NUM":"4","NUM_NAME":"4","CODE":"bjpk105","SORT":4.0,"STATE":0,"ST":false,"BET_AMT":null,"ODDS_A":9.86,"ODDS_B":9.80,"ODDS_C":9.80},"bjpk105_5":{"ID":754,"P_3ID":70,"P_1ID":18,"GROUP_NAME":"第四名","SHOWCLS":"blue","ODDS":9.86,"NUM":"5","NUM_NAME":"5","CODE":"bjpk105","SORT":5.0,"STATE":0,"ST":false,"BET_AMT":null,"ODDS_A":9.86,"ODDS_B":9.80,"ODDS_C":9.80},"bjpk105_6":{"ID":755,"P_3ID":70,"P_1ID":18,"GROUP_NAME":"第四名","SHOWCLS":"blue","ODDS":9.86,"NUM":"6","NUM_NAME":"6","CODE":"bjpk105","SORT":6.0,"STATE":0,"ST":false,"BET_AMT":null,"ODDS_A":9.86,"ODDS_B":9.80,"ODDS_C":9.80},"bjpk105_7":{"ID":756,"P_3ID":70,"P_1ID":18,"GROUP_NAME":"第四名","SHOWCLS":"blue","ODDS":9.86,"NUM":"7","NUM_NAME":"7","CODE":"bjpk105","SORT":7.0,"STATE":0,"ST":false,"BET_AMT":null,"ODDS_A":9.86,"ODDS_B":9.80,"ODDS_C":9.80},"bjpk105_8":{"ID":757,"P_3ID":70,"P_1ID":18,"GROUP_NAME":"第四名","SHOWCLS":"blue","ODDS":9.86,"NUM":"8","NUM_NAME":"8","CODE":"bjpk105","SORT":8.0,"STATE":0,"ST":false,"BET_AMT":null,"ODDS_A":9.86,"ODDS_B":9.80,"ODDS_C":9.80},"bjpk105_9":{"ID":758,"P_3ID":70,"P_1ID":18,"GROUP_NAME":"第四名","SHOWCLS":"blue","ODDS":9.86,"NUM":"9","NUM_NAME":"9","CODE":"bjpk105","SORT":9.0,"STATE":0,"ST":false,"BET_AMT":null,"ODDS_A":9.86,"ODDS_B":9.80,"ODDS_C":9.80},"bjpk105_10":{"ID":759,"P_3ID":70,"P_1ID":18,"GROUP_NAME":"第四名","SHOWCLS":"blue","ODDS":9.86,"NUM":"10","NUM_NAME":"10","CODE":"bjpk105","SORT":10.0,"STATE":0,"ST":false,"BET_AMT":null,"ODDS_A":9.86,"ODDS_B":9.80,"ODDS_C":9.80},"bjpk105_大":{"ID":760,"P_3ID":70,"P_1ID":18,"GROUP_NAME":"第四名","SHOWCLS":"red","ODDS":1.96,"NUM":"大","NUM_NAME":"大","CODE":"bjpk105","SORT":11.0,"STATE":0,"ST":false,"BET_AMT":null,"ODDS_A":1.96,"ODDS_B":1.98,"ODDS_C":1.98},"bjpk105_小":{"ID":761,"P_3ID":70,"P_1ID":18,"GROUP_NAME":"第四名","SHOWCLS":"green","ODDS":1.96,"NUM":"小","NUM_NAME":"小","CODE":"bjpk105","SORT":12.0,"STATE":0,"ST":false,"BET_AMT":null,"ODDS_A":1.96,"ODDS_B":1.98,"ODDS_C":1.98},"bjpk105_单":{"ID":762,"P_3ID":70,"P_1ID":18,"GROUP_NAME":"第四名","SHOWCLS":"red","ODDS":1.96,"NUM":"单","NUM_NAME":"单","CODE":"bjpk105","SORT":13.0,"STATE":0,"ST":false,"BET_AMT":null,"ODDS_A":1.96,"ODDS_B":1.98,"ODDS_C":1.98},"bjpk105_双":{"ID":763,"P_3ID":70,"P_1ID":18,"GROUP_NAME":"第四名","SHOWCLS":"green","ODDS":1.96,"NUM":"双","NUM_NAME":"双","CODE":"bjpk105","SORT":14.0,"STATE":0,"ST":false,"BET_AMT":null,"ODDS_A":1.96,"ODDS_B":1.98,"ODDS_C":1.98}},"bjpk106":{"bjpk106_1":{"ID":764,"P_3ID":71,"P_1ID":18,"GROUP_NAME":"第五名","SHOWCLS":"blue","ODDS":9.86,"NUM":"1","NUM_NAME":"1","CODE":"bjpk106","SORT":1.0,"STATE":0,"ST":false,"BET_AMT":null,"ODDS_A":9.86,"ODDS_B":9.80,"ODDS_C":9.80},"bjpk106_2":{"ID":765,"P_3ID":71,"P_1ID":18,"GROUP_NAME":"第五名","SHOWCLS":"blue","ODDS":9.86,"NUM":"2","NUM_NAME":"2","CODE":"bjpk106","SORT":2.0,"STATE":0,"ST":false,"BET_AMT":null,"ODDS_A":9.86,"ODDS_B":9.80,"ODDS_C":9.80},"bjpk106_3":{"ID":766,"P_3ID":71,"P_1ID":18,"GROUP_NAME":"第五名","SHOWCLS":"blue","ODDS":9.86,"NUM":"3","NUM_NAME":"3","CODE":"bjpk106","SORT":3.0,"STATE":0,"ST":false,"BET_AMT":null,"ODDS_A":9.86,"ODDS_B":9.80,"ODDS_C":9.80},"bjpk106_4":{"ID":767,"P_3ID":71,"P_1ID":18,"GROUP_NAME":"第五名","SHOWCLS":"blue","ODDS":9.86,"NUM":"4","NUM_NAME":"4","CODE":"bjpk106","SORT":4.0,"STATE":0,"ST":false,"BET_AMT":null,"ODDS_A":9.86,"ODDS_B":9.80,"ODDS_C":9.80},"bjpk106_5":{"ID":768,"P_3ID":71,"P_1ID":18,"GROUP_NAME":"第五名","SHOWCLS":"blue","ODDS":9.86,"NUM":"5","NUM_NAME":"5","CODE":"bjpk106","SORT":5.0,"STATE":0,"ST":false,"BET_AMT":null,"ODDS_A":9.86,"ODDS_B":9.80,"ODDS_C":9.80},"bjpk106_6":{"ID":769,"P_3ID":71,"P_1ID":18,"GROUP_NAME":"第五名","SHOWCLS":"blue","ODDS":9.86,"NUM":"6","NUM_NAME":"6","CODE":"bjpk106","SORT":6.0,"STATE":0,"ST":false,"BET_AMT":null,"ODDS_A":9.86,"ODDS_B":9.80,"ODDS_C":9.80},"bjpk106_7":{"ID":770,"P_3ID":71,"P_1ID":18,"GROUP_NAME":"第五名","SHOWCLS":"blue","ODDS":9.86,"NUM":"7","NUM_NAME":"7","CODE":"bjpk106","SORT":7.0,"STATE":0,"ST":false,"BET_AMT":null,"ODDS_A":9.86,"ODDS_B":9.80,"ODDS_C":9.80},"bjpk106_8":{"ID":771,"P_3ID":71,"P_1ID":18,"GROUP_NAME":"第五名","SHOWCLS":"blue","ODDS":9.86,"NUM":"8","NUM_NAME":"8","CODE":"bjpk106","SORT":8.0,"STATE":0,"ST":false,"BET_AMT":null,"ODDS_A":9.86,"ODDS_B":9.80,"ODDS_C":9.80},"bjpk106_9":{"ID":772,"P_3ID":71,"P_1ID":18,"GROUP_NAME":"第五名","SHOWCLS":"blue","ODDS":9.86,"NUM":"9","NUM_NAME":"9","CODE":"bjpk106","SORT":9.0,"STATE":0,"ST":false,"BET_AMT":null,"ODDS_A":9.86,"ODDS_B":9.80,"ODDS_C":9.80},"bjpk106_10":{"ID":773,"P_3ID":71,"P_1ID":18,"GROUP_NAME":"第五名","SHOWCLS":"blue","ODDS":9.86,"NUM":"10","NUM_NAME":"10","CODE":"bjpk106","SORT":10.0,"STATE":0,"ST":false,"BET_AMT":null,"ODDS_A":9.86,"ODDS_B":9.80,"ODDS_C":9.80},"bjpk106_大":{"ID":774,"P_3ID":71,"P_1ID":18,"GROUP_NAME":"第五名","SHOWCLS":"red","ODDS":1.96,"NUM":"大","NUM_NAME":"大","CODE":"bjpk106","SORT":11.0,"STATE":0,"ST":false,"BET_AMT":null,"ODDS_A":1.96,"ODDS_B":1.98,"ODDS_C":1.98},"bjpk106_小":{"ID":775,"P_3ID":71,"P_1ID":18,"GROUP_NAME":"第五名","SHOWCLS":"green","ODDS":1.96,"NUM":"小","NUM_NAME":"小","CODE":"bjpk106","SORT":12.0,"STATE":0,"ST":false,"BET_AMT":null,"ODDS_A":1.96,"ODDS_B":1.98,"ODDS_C":1.98},"bjpk106_单":{"ID":776,"P_3ID":71,"P_1ID":18,"GROUP_NAME":"第五名","SHOWCLS":"red","ODDS":1.96,"NUM":"单","NUM_NAME":"单","CODE":"bjpk106","SORT":13.0,"STATE":0,"ST":false,"BET_AMT":null,"ODDS_A":1.96,"ODDS_B":1.98,"ODDS_C":1.98},"bjpk106_双":{"ID":777,"P_3ID":71,"P_1ID":18,"GROUP_NAME":"第五名","SHOWCLS":"green","ODDS":1.96,"NUM":"双","NUM_NAME":"双","CODE":"bjpk106","SORT":14.0,"STATE":0,"ST":false,"BET_AMT":null,"ODDS_A":1.96,"ODDS_B":1.98,"ODDS_C":1.98}},"bjpk107":{"bjpk107_1":{"ID":778,"P_3ID":72,"P_1ID":18,"GROUP_NAME":"第六名","SHOWCLS":"blue","ODDS":9.86,"NUM":"1","NUM_NAME":"1","CODE":"bjpk107","SORT":1.0,"STATE":0,"ST":false,"BET_AMT":null,"ODDS_A":9.86,"ODDS_B":9.80,"ODDS_C":9.80},"bjpk107_2":{"ID":779,"P_3ID":72,"P_1ID":18,"GROUP_NAME":"第六名","SHOWCLS":"blue","ODDS":9.86,"NUM":"2","NUM_NAME":"2","CODE":"bjpk107","SORT":2.0,"STATE":0,"ST":false,"BET_AMT":null,"ODDS_A":9.86,"ODDS_B":9.80,"ODDS_C":9.80},"bjpk107_3":{"ID":780,"P_3ID":72,"P_1ID":18,"GROUP_NAME":"第六名","SHOWCLS":"blue","ODDS":9.86,"NUM":"3","NUM_NAME":"3","CODE":"bjpk107","SORT":3.0,"STATE":0,"ST":false,"BET_AMT":null,"ODDS_A":9.86,"ODDS_B":9.80,"ODDS_C":9.80},"bjpk107_4":{"ID":781,"P_3ID":72,"P_1ID":18,"GROUP_NAME":"第六名","SHOWCLS":"blue","ODDS":9.86,"NUM":"4","NUM_NAME":"4","CODE":"bjpk107","SORT":4.0,"STATE":0,"ST":false,"BET_AMT":null,"ODDS_A":9.86,"ODDS_B":9.80,"ODDS_C":9.80},"bjpk107_5":{"ID":782,"P_3ID":72,"P_1ID":18,"GROUP_NAME":"第六名","SHOWCLS":"blue","ODDS":9.86,"NUM":"5","NUM_NAME":"5","CODE":"bjpk107","SORT":5.0,"STATE":0,"ST":false,"BET_AMT":null,"ODDS_A":9.86,"ODDS_B":9.80,"ODDS_C":9.80},"bjpk107_6":{"ID":783,"P_3ID":72,"P_1ID":18,"GROUP_NAME":"第六名","SHOWCLS":"blue","ODDS":9.86,"NUM":"6","NUM_NAME":"6","CODE":"bjpk107","SORT":6.0,"STATE":0,"ST":false,"BET_AMT":null,"ODDS_A":9.86,"ODDS_B":9.80,"ODDS_C":9.80},"bjpk107_7":{"ID":784,"P_3ID":72,"P_1ID":18,"GROUP_NAME":"第六名","SHOWCLS":"blue","ODDS":9.86,"NUM":"7","NUM_NAME":"7","CODE":"bjpk107","SORT":7.0,"STATE":0,"ST":false,"BET_AMT":null,"ODDS_A":9.86,"ODDS_B":9.80,"ODDS_C":9.80},"bjpk107_8":{"ID":785,"P_3ID":72,"P_1ID":18,"GROUP_NAME":"第六名","SHOWCLS":"blue","ODDS":9.86,"NUM":"8","NUM_NAME":"8","CODE":"bjpk107","SORT":8.0,"STATE":0,"ST":false,"BET_AMT":null,"ODDS_A":9.86,"ODDS_B":9.80,"ODDS_C":9.80},"bjpk107_9":{"ID":786,"P_3ID":72,"P_1ID":18,"GROUP_NAME":"第六名","SHOWCLS":"blue","ODDS":9.86,"NUM":"9","NUM_NAME":"9","CODE":"bjpk107","SORT":9.0,"STATE":0,"ST":false,"BET_AMT":null,"ODDS_A":9.86,"ODDS_B":9.80,"ODDS_C":9.80},"bjpk107_10":{"ID":787,"P_3ID":72,"P_1ID":18,"GROUP_NAME":"第六名","SHOWCLS":"blue","ODDS":9.86,"NUM":"10","NUM_NAME":"10","CODE":"bjpk107","SORT":10.0,"STATE":0,"ST":false,"BET_AMT":null,"ODDS_A":9.86,"ODDS_B":9.80,"ODDS_C":9.80},"bjpk107_大":{"ID":788,"P_3ID":72,"P_1ID":18,"GROUP_NAME":"第六名","SHOWCLS":"red","ODDS":1.96,"NUM":"大","NUM_NAME":"大","CODE":"bjpk107","SORT":11.0,"STATE":0,"ST":false,"BET_AMT":null,"ODDS_A":1.96,"ODDS_B":1.98,"ODDS_C":1.98},"bjpk107_小":{"ID":789,"P_3ID":72,"P_1ID":18,"GROUP_NAME":"第六名","SHOWCLS":"green","ODDS":1.96,"NUM":"小","NUM_NAME":"小","CODE":"bjpk107","SORT":12.0,"STATE":0,"ST":false,"BET_AMT":null,"ODDS_A":1.96,"ODDS_B":1.98,"ODDS_C":1.98},"bjpk107_单":{"ID":790,"P_3ID":72,"P_1ID":18,"GROUP_NAME":"第六名","SHOWCLS":"red","ODDS":1.96,"NUM":"单","NUM_NAME":"单","CODE":"bjpk107","SORT":13.0,"STATE":0,"ST":false,"BET_AMT":null,"ODDS_A":1.96,"ODDS_B":1.98,"ODDS_C":1.98},"bjpk107_双":{"ID":791,"P_3ID":72,"P_1ID":18,"GROUP_NAME":"第六名","SHOWCLS":"green","ODDS":1.96,"NUM":"双","NUM_NAME":"双","CODE":"bjpk107","SORT":14.0,"STATE":0,"ST":false,"BET_AMT":null,"ODDS_A":1.96,"ODDS_B":1.98,"ODDS_C":1.98}},"bjpk108":{"bjpk108_1":{"ID":792,"P_3ID":73,"P_1ID":18,"GROUP_NAME":"第七名","SHOWCLS":"blue","ODDS":9.86,"NUM":"1","NUM_NAME":"1","CODE":"bjpk108","SORT":1.0,"STATE":0,"ST":false,"BET_AMT":null,"ODDS_A":9.86,"ODDS_B":9.80,"ODDS_C":9.80},"bjpk108_2":{"ID":793,"P_3ID":73,"P_1ID":18,"GROUP_NAME":"第七名","SHOWCLS":"blue","ODDS":9.86,"NUM":"2","NUM_NAME":"2","CODE":"bjpk108","SORT":2.0,"STATE":0,"ST":false,"BET_AMT":null,"ODDS_A":9.86,"ODDS_B":9.80,"ODDS_C":9.80},"bjpk108_3":{"ID":794,"P_3ID":73,"P_1ID":18,"GROUP_NAME":"第七名","SHOWCLS":"blue","ODDS":9.86,"NUM":"3","NUM_NAME":"3","CODE":"bjpk108","SORT":3.0,"STATE":0,"ST":false,"BET_AMT":null,"ODDS_A":9.86,"ODDS_B":9.80,"ODDS_C":9.80},"bjpk108_4":{"ID":795,"P_3ID":73,"P_1ID":18,"GROUP_NAME":"第七名","SHOWCLS":"blue","ODDS":9.86,"NUM":"4","NUM_NAME":"4","CODE":"bjpk108","SORT":4.0,"STATE":0,"ST":false,"BET_AMT":null,"ODDS_A":9.86,"ODDS_B":9.80,"ODDS_C":9.80},"bjpk108_5":{"ID":796,"P_3ID":73,"P_1ID":18,"GROUP_NAME":"第七名","SHOWCLS":"blue","ODDS":9.86,"NUM":"5","NUM_NAME":"5","CODE":"bjpk108","SORT":5.0,"STATE":0,"ST":false,"BET_AMT":null,"ODDS_A":9.86,"ODDS_B":9.80,"ODDS_C":9.80},"bjpk108_6":{"ID":797,"P_3ID":73,"P_1ID":18,"GROUP_NAME":"第七名","SHOWCLS":"blue","ODDS":9.86,"NUM":"6","NUM_NAME":"6","CODE":"bjpk108","SORT":6.0,"STATE":0,"ST":false,"BET_AMT":null,"ODDS_A":9.86,"ODDS_B":9.80,"ODDS_C":9.80},"bjpk108_7":{"ID":798,"P_3ID":73,"P_1ID":18,"GROUP_NAME":"第七名","SHOWCLS":"blue","ODDS":9.86,"NUM":"7","NUM_NAME":"7","CODE":"bjpk108","SORT":7.0,"STATE":0,"ST":false,"BET_AMT":null,"ODDS_A":9.86,"ODDS_B":9.80,"ODDS_C":9.80},"bjpk108_8":{"ID":799,"P_3ID":73,"P_1ID":18,"GROUP_NAME":"第七名","SHOWCLS":"blue","ODDS":9.86,"NUM":"8","NUM_NAME":"8","CODE":"bjpk108","SORT":8.0,"STATE":0,"ST":false,"BET_AMT":null,"ODDS_A":9.86,"ODDS_B":9.80,"ODDS_C":9.80},"bjpk108_9":{"ID":800,"P_3ID":73,"P_1ID":18,"GROUP_NAME":"第七名","SHOWCLS":"blue","ODDS":9.86,"NUM":"9","NUM_NAME":"9","CODE":"bjpk108","SORT":9.0,"STATE":0,"ST":false,"BET_AMT":null,"ODDS_A":9.86,"ODDS_B":9.80,"ODDS_C":9.80},"bjpk108_10":{"ID":801,"P_3ID":73,"P_1ID":18,"GROUP_NAME":"第七名","SHOWCLS":"blue","ODDS":9.86,"NUM":"10","NUM_NAME":"10","CODE":"bjpk108","SORT":10.0,"STATE":0,"ST":false,"BET_AMT":null,"ODDS_A":9.86,"ODDS_B":9.80,"ODDS_C":9.80},"bjpk108_大":{"ID":802,"P_3ID":73,"P_1ID":18,"GROUP_NAME":"第七名","SHOWCLS":"red","ODDS":1.96,"NUM":"大","NUM_NAME":"大","CODE":"bjpk108","SORT":11.0,"STATE":0,"ST":false,"BET_AMT":null,"ODDS_A":1.96,"ODDS_B":1.98,"ODDS_C":1.98},"bjpk108_小":{"ID":803,"P_3ID":73,"P_1ID":18,"GROUP_NAME":"第七名","SHOWCLS":"green","ODDS":1.96,"NUM":"小","NUM_NAME":"小","CODE":"bjpk108","SORT":12.0,"STATE":0,"ST":false,"BET_AMT":null,"ODDS_A":1.96,"ODDS_B":1.98,"ODDS_C":1.98},"bjpk108_单":{"ID":804,"P_3ID":73,"P_1ID":18,"GROUP_NAME":"第七名","SHOWCLS":"red","ODDS":1.96,"NUM":"单","NUM_NAME":"单","CODE":"bjpk108","SORT":13.0,"STATE":0,"ST":false,"BET_AMT":null,"ODDS_A":1.96,"ODDS_B":1.98,"ODDS_C":1.98},"bjpk108_双":{"ID":805,"P_3ID":73,"P_1ID":18,"GROUP_NAME":"第七名","SHOWCLS":"green","ODDS":1.96,"NUM":"双","NUM_NAME":"双","CODE":"bjpk108","SORT":14.0,"STATE":0,"ST":false,"BET_AMT":null,"ODDS_A":1.96,"ODDS_B":1.98,"ODDS_C":1.98}},"bjpk109":{"bjpk109_1":{"ID":806,"P_3ID":74,"P_1ID":18,"GROUP_NAME":"第八名","SHOWCLS":"blue","ODDS":9.86,"NUM":"1","NUM_NAME":"1","CODE":"bjpk109","SORT":1.0,"STATE":0,"ST":false,"BET_AMT":null,"ODDS_A":9.86,"ODDS_B":9.80,"ODDS_C":9.80},"bjpk109_2":{"ID":807,"P_3ID":74,"P_1ID":18,"GROUP_NAME":"第八名","SHOWCLS":"blue","ODDS":9.86,"NUM":"2","NUM_NAME":"2","CODE":"bjpk109","SORT":2.0,"STATE":0,"ST":false,"BET_AMT":null,"ODDS_A":9.86,"ODDS_B":9.80,"ODDS_C":9.80},"bjpk109_3":{"ID":808,"P_3ID":74,"P_1ID":18,"GROUP_NAME":"第八名","SHOWCLS":"blue","ODDS":9.86,"NUM":"3","NUM_NAME":"3","CODE":"bjpk109","SORT":3.0,"STATE":0,"ST":false,"BET_AMT":null,"ODDS_A":9.86,"ODDS_B":9.80,"ODDS_C":9.80},"bjpk109_4":{"ID":809,"P_3ID":74,"P_1ID":18,"GROUP_NAME":"第八名","SHOWCLS":"blue","ODDS":9.86,"NUM":"4","NUM_NAME":"4","CODE":"bjpk109","SORT":4.0,"STATE":0,"ST":false,"BET_AMT":null,"ODDS_A":9.86,"ODDS_B":9.80,"ODDS_C":9.80},"bjpk109_5":{"ID":810,"P_3ID":74,"P_1ID":18,"GROUP_NAME":"第八名","SHOWCLS":"blue","ODDS":9.86,"NUM":"5","NUM_NAME":"5","CODE":"bjpk109","SORT":5.0,"STATE":0,"ST":false,"BET_AMT":null,"ODDS_A":9.86,"ODDS_B":9.80,"ODDS_C":9.80},"bjpk109_6":{"ID":811,"P_3ID":74,"P_1ID":18,"GROUP_NAME":"第八名","SHOWCLS":"blue","ODDS":9.86,"NUM":"6","NUM_NAME":"6","CODE":"bjpk109","SORT":6.0,"STATE":0,"ST":false,"BET_AMT":null,"ODDS_A":9.86,"ODDS_B":9.80,"ODDS_C":9.80},"bjpk109_7":{"ID":812,"P_3ID":74,"P_1ID":18,"GROUP_NAME":"第八名","SHOWCLS":"blue","ODDS":9.86,"NUM":"7","NUM_NAME":"7","CODE":"bjpk109","SORT":7.0,"STATE":0,"ST":false,"BET_AMT":null,"ODDS_A":9.86,"ODDS_B":9.80,"ODDS_C":9.80},"bjpk109_8":{"ID":813,"P_3ID":74,"P_1ID":18,"GROUP_NAME":"第八名","SHOWCLS":"blue","ODDS":9.86,"NUM":"8","NUM_NAME":"8","CODE":"bjpk109","SORT":8.0,"STATE":0,"ST":false,"BET_AMT":null,"ODDS_A":9.86,"ODDS_B":9.80,"ODDS_C":9.80},"bjpk109_9":{"ID":814,"P_3ID":74,"P_1ID":18,"GROUP_NAME":"第八名","SHOWCLS":"blue","ODDS":9.86,"NUM":"9","NUM_NAME":"9","CODE":"bjpk109","SORT":9.0,"STATE":0,"ST":false,"BET_AMT":null,"ODDS_A":9.86,"ODDS_B":9.80,"ODDS_C":9.80},"bjpk109_10":{"ID":815,"P_3ID":74,"P_1ID":18,"GROUP_NAME":"第八名","SHOWCLS":"blue","ODDS":9.86,"NUM":"10","NUM_NAME":"10","CODE":"bjpk109","SORT":10.0,"STATE":0,"ST":false,"BET_AMT":null,"ODDS_A":9.86,"ODDS_B":9.80,"ODDS_C":9.80},"bjpk109_大":{"ID":816,"P_3ID":74,"P_1ID":18,"GROUP_NAME":"第八名","SHOWCLS":"red","ODDS":1.96,"NUM":"大","NUM_NAME":"大","CODE":"bjpk109","SORT":11.0,"STATE":0,"ST":false,"BET_AMT":null,"ODDS_A":1.96,"ODDS_B":1.98,"ODDS_C":1.98},"bjpk109_小":{"ID":817,"P_3ID":74,"P_1ID":18,"GROUP_NAME":"第八名","SHOWCLS":"green","ODDS":1.96,"NUM":"小","NUM_NAME":"小","CODE":"bjpk109","SORT":12.0,"STATE":0,"ST":false,"BET_AMT":null,"ODDS_A":1.96,"ODDS_B":1.98,"ODDS_C":1.98},"bjpk109_单":{"ID":818,"P_3ID":74,"P_1ID":18,"GROUP_NAME":"第八名","SHOWCLS":"red","ODDS":1.96,"NUM":"单","NUM_NAME":"单","CODE":"bjpk109","SORT":13.0,"STATE":0,"ST":false,"BET_AMT":null,"ODDS_A":1.96,"ODDS_B":1.98,"ODDS_C":1.98},"bjpk109_双":{"ID":819,"P_3ID":74,"P_1ID":18,"GROUP_NAME":"第八名","SHOWCLS":"green","ODDS":1.96,"NUM":"双","NUM_NAME":"双","CODE":"bjpk109","SORT":14.0,"STATE":0,"ST":false,"BET_AMT":null,"ODDS_A":1.96,"ODDS_B":1.98,"ODDS_C":1.98}}}
