{"cqklsf0":{"cqklsf0_1":{"ID":4733,"P_3ID":99,"P_1ID":20,"GROUP_NAME":"第一球","SHOWCLS":"blue","ODDS":19.80,"NUM":"1","NUM_NAME":"1","CODE":"cqklsf0","SORT":0.0,"STATE":0,"ST":false,"BET_AMT":null,"ODDS_A":19.80,"ODDS_B":19.80,"ODDS_C":19.80},"cqklsf0_2":{"ID":4734,"P_3ID":99,"P_1ID":20,"GROUP_NAME":"第一球","SHOWCLS":"blue","ODDS":19.80,"NUM":"2","NUM_NAME":"2","CODE":"cqklsf0","SORT":1.0,"STATE":0,"ST":false,"BET_AMT":null,"ODDS_A":19.80,"ODDS_B":19.80,"ODDS_C":19.80},"cqklsf0_3":{"ID":4765,"P_3ID":99,"P_1ID":20,"GROUP_NAME":"第一球","SHOWCLS":"blue","ODDS":19.80,"NUM":"3","NUM_NAME":"3","CODE":"cqklsf0","SORT":2.0,"STATE":0,"ST":false,"BET_AMT":null,"ODDS_A":19.80,"ODDS_B":19.80,"ODDS_C":19.80},"cqklsf0_4":{"ID":4735,"P_3ID":99,"P_1ID":20,"GROUP_NAME":"第一球","SHOWCLS":"blue","ODDS":19.80,"NUM":"4","NUM_NAME":"4","CODE":"cqklsf0","SORT":3.0,"STATE":0,"ST":false,"BET_AMT":null,"ODDS_A":19.80,"ODDS_B":19.80,"ODDS_C":19.80},"cqklsf0_5":{"ID":4736,"P_3ID":99,"P_1ID":20,"GROUP_NAME":"第一球","SHOWCLS":"blue","ODDS":19.80,"NUM":"5","NUM_NAME":"5","CODE":"cqklsf0","SORT":4.0,"STATE":0,"ST":false,"BET_AMT":null,"ODDS_A":19.80,"ODDS_B":19.80,"ODDS_C":19.80},"cqklsf0_6":{"ID":4737,"P_3ID":99,"P_1ID":20,"GROUP_NAME":"第一球","SHOWCLS":"blue","ODDS":19.80,"NUM":"6","NUM_NAME":"6","CODE":"cqklsf0","SORT":5.0,"STATE":0,"ST":false,"BET_AMT":null,"ODDS_A":19.80,"ODDS_B":19.80,"ODDS_C":19.80},"cqklsf0_7":{"ID":4738,"P_3ID":99,"P_1ID":20,"GROUP_NAME":"第一球","SHOWCLS":"blue","ODDS":19.80,"NUM":"7","NUM_NAME":"7","CODE":"cqklsf0","SORT":6.0,"STATE":0,"ST":false,"BET_AMT":null,"ODDS_A":19.80,"ODDS_B":19.80,"ODDS_C":19.80},"cqklsf0_8":{"ID":4739,"P_3ID":99,"P_1ID":20,"GROUP_NAME":"第一球","SHOWCLS":"blue","ODDS":19.80,"NUM":"8","NUM_NAME":"8","CODE":"cqklsf0","SORT":7.0,"STATE":0,"ST":false,"BET_AMT":null,"ODDS_A":19.80,"ODDS_B":19.80,"ODDS_C":19.80},"cqklsf0_9":{"ID":4740,"P_3ID":99,"P_1ID":20,"GROUP_NAME":"第一球","SHOWCLS":"blue","ODDS":19.80,"NUM":"9","NUM_NAME":"9","CODE":"cqklsf0","SORT":8.0,"STATE":0,"ST":false,"BET_AMT":null,"ODDS_A":19.80,"ODDS_B":19.80,"ODDS_C":19.80},"cqklsf0_10":{"ID":4741,"P_3ID":99,"P_1ID":20,"GROUP_NAME":"第一球","SHOWCLS":"blue","ODDS":19.80,"NUM":"10","NUM_NAME":"10","CODE":"cqklsf0","SORT":9.0,"STATE":0,"ST":false,"BET_AMT":null,"ODDS_A":19.80,"ODDS_B":19.80,"ODDS_C":19.80},"cqklsf0_11":{"ID":4742,"P_3ID":99,"P_1ID":20,"GROUP_NAME":"第一球","SHOWCLS":"blue","ODDS":19.80,"NUM":"11","NUM_NAME":"11","CODE":"cqklsf0","SORT":10.0,"STATE":0,"ST":false,"BET_AMT":null,"ODDS_A":19.80,"ODDS_B":19.80,"ODDS_C":19.80},"cqklsf0_12":{"ID":4743,"P_3ID":99,"P_1ID":20,"GROUP_NAME":"第一球","SHOWCLS":"blue","ODDS":19.80,"NUM":"12","NUM_NAME":"12","CODE":"cqklsf0","SORT":11.0,"STATE":0,"ST":false,"BET_AMT":null,"ODDS_A":19.80,"ODDS_B":19.80,"ODDS_C":19.80},"cqklsf0_13":{"ID":4744,"P_3ID":99,"P_1ID":20,"GROUP_NAME":"第一球","SHOWCLS":"blue","ODDS":19.80,"NUM":"13","NUM_NAME":"13","CODE":"cqklsf0","SORT":12.0,"STATE":0,"ST":false,"BET_AMT":null,"ODDS_A":19.80,"ODDS_B":19.80,"ODDS_C":19.80},"cqklsf0_14":{"ID":4745,"P_3ID":99,"P_1ID":20,"GROUP_NAME":"第一球","SHOWCLS":"blue","ODDS":19.80,"NUM":"14","NUM_NAME":"14","CODE":"cqklsf0","SORT":13.0,"STATE":0,"ST":false,"BET_AMT":null,"ODDS_A":19.80,"ODDS_B":19.80,"ODDS_C":19.80},"cqklsf0_15":{"ID":4746,"P_3ID":99,"P_1ID":20,"GROUP_NAME":"第一球","SHOWCLS":"blue","ODDS":19.80,"NUM":"15","NUM_NAME":"15","CODE":"cqklsf0","SORT":14.0,"STATE":0,"ST":false,"BET_AMT":null,"ODDS_A":19.80,"ODDS_B":19.80,"ODDS_C":19.80},"cqklsf0_16":{"ID":4747,"P_3ID":99,"P_1ID":20,"GROUP_NAME":"第一球","SHOWCLS":"blue","ODDS":19.80,"NUM":"16","NUM_NAME":"16","CODE":"cqklsf0","SORT":15.0,"STATE":0,"ST":false,"BET_AMT":null,"ODDS_A":19.80,"ODDS_B":19.80,"ODDS_C":19.80},"cqklsf0_17":{"ID":4748,"P_3ID":99,"P_1ID":20,"GROUP_NAME":"第一球","SHOWCLS":"blue","ODDS":19.80,"NUM":"17","NUM_NAME":"17","CODE":"cqklsf0","SORT":16.0,"STATE":0,"ST":false,"BET_AMT":null,"ODDS_A":19.80,"ODDS_B":19.80,"ODDS_C":19.80},"cqklsf0_18":{"ID":4749,"P_3ID":99,"P_1ID":20,"GROUP_NAME":"第一球","SHOWCLS":"blue","ODDS":19.80,"NUM":"18","NUM_NAME":"18","CODE":"cqklsf0","SORT":17.0,"STATE":0,"ST":false,"BET_AMT":null,"ODDS_A":19.80,"ODDS_B":19.80,"ODDS_C":19.80},"cqklsf0_19":{"ID":4750,"P_3ID":99,"P_1ID":20,"GROUP_NAME":"第一球","SHOWCLS":"blue","ODDS":19.80,"NUM":"19","NUM_NAME":"19","CODE":"cqklsf0","SORT":18.0,"STATE":0,"ST":false,"BET_AMT":null,"ODDS_A":19.80,"ODDS_B":19.80,"ODDS_C":19.80},"cqklsf0_20":{"ID":4751,"P_3ID":99,"P_1ID":20,"GROUP_NAME":"第一球","SHOWCLS":"blue","ODDS":19.80,"NUM":"20","NUM_NAME":"20","CODE":"cqklsf0","SORT":19.0,"STATE":0,"ST":false,"BET_AMT":null,"ODDS_A":19.80,"ODDS_B":19.80,"ODDS_C":19.80},"cqklsf0_大":{"ID":4752,"P_3ID":99,"P_1ID":20,"GROUP_NAME":"第一球","SHOWCLS":"red","ODDS":1.96,"NUM":"大","NUM_NAME":"大","CODE":"cqklsf0","SORT":20.0,"STATE":0,"ST":false,"BET_AMT":null,"ODDS_A":1.96,"ODDS_B":1.98,"ODDS_C":1.98},"cqklsf0_小":{"ID":4753,"P_3ID":99,"P_1ID":20,"GROUP_NAME":"第一球","SHOWCLS":"green","ODDS":1.96,"NUM":"小","NUM_NAME":"小","CODE":"cqklsf0","SORT":21.0,"STATE":0,"ST":false,"BET_AMT":null,"ODDS_A":1.96,"ODDS_B":1.98,"ODDS_C":1.98},"cqklsf0_单":{"ID":4754,"P_3ID":99,"P_1ID":20,"GROUP_NAME":"第一球","SHOWCLS":"red","ODDS":1.96,"NUM":"单","NUM_NAME":"单","CODE":"cqklsf0","SORT":22.0,"STATE":0,"ST":false,"BET_AMT":null,"ODDS_A":1.96,"ODDS_B":1.98,"ODDS_C":1.98},"cqklsf0_双":{"ID":4755,"P_3ID":99,"P_1ID":20,"GROUP_NAME":"第一球","SHOWCLS":"green","ODDS":1.96,"NUM":"双","NUM_NAME":"双","CODE":"cqklsf0","SORT":23.0,"STATE":0,"ST":false,"BET_AMT":null,"ODDS_A":1.96,"ODDS_B":1.98,"ODDS_C":1.98},"cqklsf0_尾大":{"ID":4756,"P_3ID":99,"P_1ID":20,"GROUP_NAME":"第一球","SHOWCLS":"text","ODDS":1.96,"NUM":"尾大","NUM_NAME":"尾大","CODE":"cqklsf0","SORT":24.0,"STATE":0,"ST":false,"BET_AMT":null,"ODDS_A":1.96,"ODDS_B":1.98,"ODDS_C":1.98},"cqklsf0_尾小":{"ID":4757,"P_3ID":99,"P_1ID":20,"GROUP_NAME":"第一球","SHOWCLS":"text","ODDS":1.96,"NUM":"尾小","NUM_NAME":"尾小","CODE":"cqklsf0","SORT":25.0,"STATE":0,"ST":false,"BET_AMT":null,"ODDS_A":1.96,"ODDS_B":1.98,"ODDS_C":1.98},"cqklsf0_合单":{"ID":4758,"P_3ID":99,"P_1ID":20,"GROUP_NAME":"第一球","SHOWCLS":"text","ODDS":1.96,"NUM":"合单","NUM_NAME":"合单","CODE":"cqklsf0","SORT":26.0,"STATE":0,"ST":false,"BET_AMT":null,"ODDS_A":1.96,"ODDS_B":1.98,"ODDS_C":1.98},"cqklsf0_合双":{"ID":4759,"P_3ID":99,"P_1ID":20,"GROUP_NAME":"第一球","SHOWCLS":"text","ODDS":1.96,"NUM":"合双","NUM_NAME":"合双","CODE":"cqklsf0","SORT":27.0,"STATE":0,"ST":false,"BET_AMT":null,"ODDS_A":1.96,"ODDS_B":1.98,"ODDS_C":1.98},"cqklsf0_东":{"ID":4760,"P_3ID":99,"P_1ID":20,"GROUP_NAME":"第一球","SHOWCLS":"text","ODDS":3.61,"NUM":"东","NUM_NAME":"东","CODE":"cqklsf0","SORT":28.0,"STATE":0,"ST":false,"BET_AMT":null,"ODDS_A":3.76,"ODDS_B":3.76,"ODDS_C":3.76},"cqklsf0_南":{"ID":4761,"P_3ID":99,"P_1ID":20,"GROUP_NAME":"第一球","SHOWCLS":"text","ODDS":3.61,"NUM":"南","NUM_NAME":"南","CODE":"cqklsf0","SORT":29.0,"STATE":0,"ST":false,"BET_AMT":null,"ODDS_A":3.76,"ODDS_B":3.76,"ODDS_C":3.76},"cqklsf0_西":{"ID":4762,"P_3ID":99,"P_1ID":20,"GROUP_NAME":"第一球","SHOWCLS":"text","ODDS":3.61,"NUM":"西","NUM_NAME":"西","CODE":"cqklsf0","SORT":30.0,"STATE":0,"ST":false,"BET_AMT":null,"ODDS_A":3.76,"ODDS_B":3.76,"ODDS_C":3.76},"cqklsf0_北":{"ID":4763,"P_3ID":99,"P_1ID":20,"GROUP_NAME":"第一球","SHOWCLS":"text","ODDS":3.61,"NUM":"北","NUM_NAME":"北","CODE":"cqklsf0","SORT":31.0,"STATE":0,"ST":false,"BET_AMT":null,"ODDS_A":3.76,"ODDS_B":3.76,"ODDS_C":3.76},"cqklsf0_中":{"ID":4766,"P_3ID":99,"P_1ID":20,"GROUP_NAME":"第一球","SHOWCLS":"text","ODDS":2.55,"NUM":"中","NUM_NAME":"中","CODE":"cqklsf0","SORT":32.0,"STATE":0,"ST":false,"BET_AMT":null,"ODDS_A":2.70,"ODDS_B":2.70,"ODDS_C":2.70},"cqklsf0_发":{"ID":4767,"P_3ID":99,"P_1ID":20,"GROUP_NAME":"第一球","SHOWCLS":"text","ODDS":2.55,"NUM":"发","NUM_NAME":"发","CODE":"cqklsf0","SORT":33.0,"STATE":0,"ST":false,"BET_AMT":null,"ODDS_A":2.70,"ODDS_B":2.70,"ODDS_C":2.70},"cqklsf0_白":{"ID":4764,"P_3ID":99,"P_1ID":20,"GROUP_NAME":"第一球","SHOWCLS":"text","ODDS":2.70,"NUM":"白","NUM_NAME":"白","CODE":"cqklsf0","SORT":34.0,"STATE":0,"ST":false,"BET_AMT":null,"ODDS_A":2.85,"ODDS_B":2.85,"ODDS_C":2.85}},"cqklsf1":{"cqklsf1_1":{"ID":4770,"P_3ID":100,"P_1ID":20,"GROUP_NAME":"第二球","SHOWCLS":"blue","ODDS":19.80,"NUM":"1","NUM_NAME":"1","CODE":"cqklsf1","SORT":0.0,"STATE":0,"ST":false,"BET_AMT":null,"ODDS_A":19.80,"ODDS_B":19.80,"ODDS_C":19.80},"cqklsf1_2":{"ID":4771,"P_3ID":100,"P_1ID":20,"GROUP_NAME":"第二球","SHOWCLS":"blue","ODDS":19.80,"NUM":"2","NUM_NAME":"2","CODE":"cqklsf1","SORT":1.0,"STATE":0,"ST":false,"BET_AMT":null,"ODDS_A":19.80,"ODDS_B":19.80,"ODDS_C":19.80},"cqklsf1_3":{"ID":4772,"P_3ID":100,"P_1ID":20,"GROUP_NAME":"第二球","SHOWCLS":"blue","ODDS":19.80,"NUM":"3","NUM_NAME":"3","CODE":"cqklsf1","SORT":2.0,"STATE":0,"ST":false,"BET_AMT":null,"ODDS_A":19.80,"ODDS_B":19.80,"ODDS_C":19.80},"cqklsf1_4":{"ID":4773,"P_3ID":100,"P_1ID":20,"GROUP_NAME":"第二球","SHOWCLS":"blue","ODDS":19.80,"NUM":"4","NUM_NAME":"4","CODE":"cqklsf1","SORT":3.0,"STATE":0,"ST":false,"BET_AMT":null,"ODDS_A":19.80,"ODDS_B":19.80,"ODDS_C":19.80},"cqklsf1_5":{"ID":4774,"P_3ID":100,"P_1ID":20,"GROUP_NAME":"第二球","SHOWCLS":"blue","ODDS":19.80,"NUM":"5","NUM_NAME":"5","CODE":"cqklsf1","SORT":4.0,"STATE":0,"ST":false,"BET_AMT":null,"ODDS_A":19.80,"ODDS_B":19.80,"ODDS_C":19.80},"cqklsf1_6":{"ID":4796,"P_3ID":100,"P_1ID":20,"GROUP_NAME":"第二球","SHOWCLS":"blue","ODDS":19.80,"NUM":"6","NUM_NAME":"6","CODE":"cqklsf1","SORT":5.0,"STATE":0,"ST":false,"BET_AMT":null,"ODDS_A":19.80,"ODDS_B":19.80,"ODDS_C":19.80},"cqklsf1_7":{"ID":4775,"P_3ID":100,"P_1ID":20,"GROUP_NAME":"第二球","SHOWCLS":"blue","ODDS":19.80,"NUM":"7","NUM_NAME":"7","CODE":"cqklsf1","SORT":6.0,"STATE":0,"ST":false,"BET_AMT":null,"ODDS_A":19.80,"ODDS_B":19.80,"ODDS_C":19.80},"cqklsf1_8":{"ID":4776,"P_3ID":100,"P_1ID":20,"GROUP_NAME":"第二球","SHOWCLS":"blue","ODDS":19.80,"NUM":"8","NUM_NAME":"8","CODE":"cqklsf1","SORT":7.0,"STATE":0,"ST":false,"BET_AMT":null,"ODDS_A":19.80,"ODDS_B":19.80,"ODDS_C":19.80},"cqklsf1_9":{"ID":4777,"P_3ID":100,"P_1ID":20,"GROUP_NAME":"第二球","SHOWCLS":"blue","ODDS":19.80,"NUM":"9","NUM_NAME":"9","CODE":"cqklsf1","SORT":8.0,"STATE":0,"ST":false,"BET_AMT":null,"ODDS_A":19.80,"ODDS_B":19.80,"ODDS_C":19.80},"cqklsf1_10":{"ID":4778,"P_3ID":100,"P_1ID":20,"GROUP_NAME":"第二球","SHOWCLS":"blue","ODDS":19.80,"NUM":"10","NUM_NAME":"10","CODE":"cqklsf1","SORT":9.0,"STATE":0,"ST":false,"BET_AMT":null,"ODDS_A":19.80,"ODDS_B":19.80,"ODDS_C":19.80},"cqklsf1_11":{"ID":4779,"P_3ID":100,"P_1ID":20,"GROUP_NAME":"第二球","SHOWCLS":"blue","ODDS":19.80,"NUM":"11","NUM_NAME":"11","CODE":"cqklsf1","SORT":10.0,"STATE":0,"ST":false,"BET_AMT":null,"ODDS_A":19.80,"ODDS_B":19.80,"ODDS_C":19.80},"cqklsf1_12":{"ID":4780,"P_3ID":100,"P_1ID":20,"GROUP_NAME":"第二球","SHOWCLS":"blue","ODDS":19.80,"NUM":"12","NUM_NAME":"12","CODE":"cqklsf1","SORT":11.0,"STATE":0,"ST":false,"BET_AMT":null,"ODDS_A":19.80,"ODDS_B":19.80,"ODDS_C":19.80},"cqklsf1_13":{"ID":4797,"P_3ID":100,"P_1ID":20,"GROUP_NAME":"第二球","SHOWCLS":"blue","ODDS":19.80,"NUM":"13","NUM_NAME":"13","CODE":"cqklsf1","SORT":12.0,"STATE":0,"ST":false,"BET_AMT":null,"ODDS_A":19.80,"ODDS_B":19.80,"ODDS_C":19.80},"cqklsf1_14":{"ID":4781,"P_3ID":100,"P_1ID":20,"GROUP_NAME":"第二球","SHOWCLS":"blue","ODDS":19.80,"NUM":"14","NUM_NAME":"14","CODE":"cqklsf1","SORT":13.0,"STATE":0,"ST":false,"BET_AMT":null,"ODDS_A":19.80,"ODDS_B":19.80,"ODDS_C":19.80},"cqklsf1_15":{"ID":4782,"P_3ID":100,"P_1ID":20,"GROUP_NAME":"第二球","SHOWCLS":"blue","ODDS":19.80,"NUM":"15","NUM_NAME":"15","CODE":"cqklsf1","SORT":14.0,"STATE":0,"ST":false,"BET_AMT":null,"ODDS_A":19.80,"ODDS_B":19.80,"ODDS_C":19.80},"cqklsf1_16":{"ID":4783,"P_3ID":100,"P_1ID":20,"GROUP_NAME":"第二球","SHOWCLS":"blue","ODDS":19.80,"NUM":"16","NUM_NAME":"16","CODE":"cqklsf1","SORT":15.0,"STATE":0,"ST":false,"BET_AMT":null,"ODDS_A":19.80,"ODDS_B":19.80,"ODDS_C":19.80},"cqklsf1_17":{"ID":4784,"P_3ID":100,"P_1ID":20,"GROUP_NAME":"第二球","SHOWCLS":"blue","ODDS":19.80,"NUM":"17","NUM_NAME":"17","CODE":"cqklsf1","SORT":16.0,"STATE":0,"ST":false,"BET_AMT":null,"ODDS_A":19.80,"ODDS_B":19.80,"ODDS_C":19.80},"cqklsf1_18":{"ID":4785,"P_3ID":100,"P_1ID":20,"GROUP_NAME":"第二球","SHOWCLS":"blue","ODDS":19.80,"NUM":"18","NUM_NAME":"18","CODE":"cqklsf1","SORT":17.0,"STATE":0,"ST":false,"BET_AMT":null,"ODDS_A":19.80,"ODDS_B":19.80,"ODDS_C":19.80},"cqklsf1_19":{"ID":4786,"P_3ID":100,"P_1ID":20,"GROUP_NAME":"第二球","SHOWCLS":"blue","ODDS":19.80,"NUM":"19","NUM_NAME":"19","CODE":"cqklsf1","SORT":18.0,"STATE":0,"ST":false,"BET_AMT":null,"ODDS_A":19.80,"ODDS_B":19.80,"ODDS_C":19.80},"cqklsf1_20":{"ID":4798,"P_3ID":100,"P_1ID":20,"GROUP_NAME":"第二球","SHOWCLS":"blue","ODDS":19.80,"NUM":"20","NUM_NAME":"20","CODE":"cqklsf1","SORT":19.0,"STATE":0,"ST":false,"BET_AMT":null,"ODDS_A":19.80,"ODDS_B":19.80,"ODDS_C":19.80},"cqklsf1_大":{"ID":4787,"P_3ID":100,"P_1ID":20,"GROUP_NAME":"第二球","SHOWCLS":"red","ODDS":1.96,"NUM":"大","NUM_NAME":"大","CODE":"cqklsf1","SORT":20.0,"STATE":0,"ST":false,"BET_AMT":null,"ODDS_A":1.96,"ODDS_B":1.98,"ODDS_C":1.98},"cqklsf1_小":{"ID":4788,"P_3ID":100,"P_1ID":20,"GROUP_NAME":"第二球","SHOWCLS":"green","ODDS":1.96,"NUM":"小","NUM_NAME":"小","CODE":"cqklsf1","SORT":21.0,"STATE":0,"ST":false,"BET_AMT":null,"ODDS_A":1.96,"ODDS_B":1.98,"ODDS_C":1.98},"cqklsf1_单":{"ID":4789,"P_3ID":100,"P_1ID":20,"GROUP_NAME":"第二球","SHOWCLS":"red","ODDS":1.96,"NUM":"单","NUM_NAME":"单","CODE":"cqklsf1","SORT":22.0,"STATE":0,"ST":false,"BET_AMT":null,"ODDS_A":1.96,"ODDS_B":1.98,"ODDS_C":1.98},"cqklsf1_双":{"ID":4790,"P_3ID":100,"P_1ID":20,"GROUP_NAME":"第二球","SHOWCLS":"green","ODDS":1.96,"NUM":"双","NUM_NAME":"双","CODE":"cqklsf1","SORT":23.0,"STATE":0,"ST":false,"BET_AMT":null,"ODDS_A":1.96,"ODDS_B":1.98,"ODDS_C":1.98},"cqklsf1_尾大":{"ID":4791,"P_3ID":100,"P_1ID":20,"GROUP_NAME":"第二球","SHOWCLS":"text","ODDS":1.96,"NUM":"尾大","NUM_NAME":"尾大","CODE":"cqklsf1","SORT":24.0,"STATE":0,"ST":false,"BET_AMT":null,"ODDS_A":1.96,"ODDS_B":1.98,"ODDS_C":1.98},"cqklsf1_尾小":{"ID":4792,"P_3ID":100,"P_1ID":20,"GROUP_NAME":"第二球","SHOWCLS":"text","ODDS":1.96,"NUM":"尾小","NUM_NAME":"尾小","CODE":"cqklsf1","SORT":25.0,"STATE":0,"ST":false,"BET_AMT":null,"ODDS_A":1.96,"ODDS_B":1.98,"ODDS_C":1.98},"cqklsf1_合单":{"ID":4793,"P_3ID":100,"P_1ID":20,"GROUP_NAME":"第二球","SHOWCLS":"text","ODDS":1.96,"NUM":"合单","NUM_NAME":"合单","CODE":"cqklsf1","SORT":26.0,"STATE":0,"ST":false,"BET_AMT":null,"ODDS_A":1.96,"ODDS_B":1.98,"ODDS_C":1.98},"cqklsf1_合双":{"ID":4794,"P_3ID":100,"P_1ID":20,"GROUP_NAME":"第二球","SHOWCLS":"text","ODDS":1.96,"NUM":"合双","NUM_NAME":"合双","CODE":"cqklsf1","SORT":27.0,"STATE":0,"ST":false,"BET_AMT":null,"ODDS_A":1.96,"ODDS_B":1.98,"ODDS_C":1.98},"cqklsf1_东":{"ID":4795,"P_3ID":100,"P_1ID":20,"GROUP_NAME":"第二球","SHOWCLS":"text","ODDS":3.61,"NUM":"东","NUM_NAME":"东","CODE":"cqklsf1","SORT":28.0,"STATE":0,"ST":false,"BET_AMT":null,"ODDS_A":3.76,"ODDS_B":3.76,"ODDS_C":3.76},"cqklsf1_南":{"ID":4769,"P_3ID":100,"P_1ID":20,"GROUP_NAME":"第二球","SHOWCLS":"text","ODDS":3.61,"NUM":"南","NUM_NAME":"南","CODE":"cqklsf1","SORT":29.0,"STATE":0,"ST":false,"BET_AMT":null,"ODDS_A":3.76,"ODDS_B":3.76,"ODDS_C":3.76},"cqklsf1_西":{"ID":4799,"P_3ID":100,"P_1ID":20,"GROUP_NAME":"第二球","SHOWCLS":"text","ODDS":3.61,"NUM":"西","NUM_NAME":"西","CODE":"cqklsf1","SORT":30.0,"STATE":0,"ST":false,"BET_AMT":null,"ODDS_A":3.76,"ODDS_B":3.76,"ODDS_C":3.76},"cqklsf1_北":{"ID":4800,"P_3ID":100,"P_1ID":20,"GROUP_NAME":"第二球","SHOWCLS":"text","ODDS":3.61,"NUM":"北","NUM_NAME":"北","CODE":"cqklsf1","SORT":31.0,"STATE":0,"ST":false,"BET_AMT":null,"ODDS_A":3.76,"ODDS_B":3.76,"ODDS_C":3.76},"cqklsf1_中":{"ID":4801,"P_3ID":100,"P_1ID":20,"GROUP_NAME":"第二球","SHOWCLS":"text","ODDS":2.55,"NUM":"中","NUM_NAME":"中","CODE":"cqklsf1","SORT":32.0,"STATE":0,"ST":false,"BET_AMT":null,"ODDS_A":2.70,"ODDS_B":2.70,"ODDS_C":2.70},"cqklsf1_发":{"ID":4802,"P_3ID":100,"P_1ID":20,"GROUP_NAME":"第二球","SHOWCLS":"text","ODDS":2.55,"NUM":"发","NUM_NAME":"发","CODE":"cqklsf1","SORT":33.0,"STATE":0,"ST":false,"BET_AMT":null,"ODDS_A":2.70,"ODDS_B":2.70,"ODDS_C":2.70},"cqklsf1_白":{"ID":4768,"P_3ID":100,"P_1ID":20,"GROUP_NAME":"第二球","SHOWCLS":"text","ODDS":2.70,"NUM":"白","NUM_NAME":"白","CODE":"cqklsf1","SORT":34.0,"STATE":0,"ST":false,"BET_AMT":null,"ODDS_A":2.85,"ODDS_B":2.85,"ODDS_C":2.85}},"cqklsf2":{"cqklsf2_1":{"ID":4803,"P_3ID":101,"P_1ID":20,"GROUP_NAME":"第三球","SHOWCLS":"blue","ODDS":19.80,"NUM":"1","NUM_NAME":"1","CODE":"cqklsf2","SORT":0.0,"STATE":0,"ST":false,"BET_AMT":null,"ODDS_A":19.80,"ODDS_B":19.80,"ODDS_C":19.80},"cqklsf2_2":{"ID":4804,"P_3ID":101,"P_1ID":20,"GROUP_NAME":"第三球","SHOWCLS":"blue","ODDS":19.80,"NUM":"2","NUM_NAME":"2","CODE":"cqklsf2","SORT":1.0,"STATE":0,"ST":false,"BET_AMT":null,"ODDS_A":19.80,"ODDS_B":19.80,"ODDS_C":19.80},"cqklsf2_3":{"ID":4805,"P_3ID":101,"P_1ID":20,"GROUP_NAME":"第三球","SHOWCLS":"blue","ODDS":19.80,"NUM":"3","NUM_NAME":"3","CODE":"cqklsf2","SORT":2.0,"STATE":0,"ST":false,"BET_AMT":null,"ODDS_A":19.80,"ODDS_B":19.80,"ODDS_C":19.80},"cqklsf2_4":{"ID":4806,"P_3ID":101,"P_1ID":20,"GROUP_NAME":"第三球","SHOWCLS":"blue","ODDS":19.80,"NUM":"4","NUM_NAME":"4","CODE":"cqklsf2","SORT":3.0,"STATE":0,"ST":false,"BET_AMT":null,"ODDS_A":19.80,"ODDS_B":19.80,"ODDS_C":19.80},"cqklsf2_5":{"ID":4807,"P_3ID":101,"P_1ID":20,"GROUP_NAME":"第三球","SHOWCLS":"blue","ODDS":19.80,"NUM":"5","NUM_NAME":"5","CODE":"cqklsf2","SORT":4.0,"STATE":0,"ST":false,"BET_AMT":null,"ODDS_A":19.80,"ODDS_B":19.80,"ODDS_C":19.80},"cqklsf2_6":{"ID":4808,"P_3ID":101,"P_1ID":20,"GROUP_NAME":"第三球","SHOWCLS":"blue","ODDS":19.80,"NUM":"6","NUM_NAME":"6","CODE":"cqklsf2","SORT":5.0,"STATE":0,"ST":false,"BET_AMT":null,"ODDS_A":19.80,"ODDS_B":19.80,"ODDS_C":19.80},"cqklsf2_7":{"ID":4809,"P_3ID":101,"P_1ID":20,"GROUP_NAME":"第三球","SHOWCLS":"blue","ODDS":19.80,"NUM":"7","NUM_NAME":"7","CODE":"cqklsf2","SORT":6.0,"STATE":0,"ST":false,"BET_AMT":null,"ODDS_A":19.80,"ODDS_B":19.80,"ODDS_C":19.80},"cqklsf2_8":{"ID":4810,"P_3ID":101,"P_1ID":20,"GROUP_NAME":"第三球","SHOWCLS":"blue","ODDS":19.80,"NUM":"8","NUM_NAME":"8","CODE":"cqklsf2","SORT":7.0,"STATE":0,"ST":false,"BET_AMT":null,"ODDS_A":19.80,"ODDS_B":19.80,"ODDS_C":19.80},"cqklsf2_9":{"ID":4811,"P_3ID":101,"P_1ID":20,"GROUP_NAME":"第三球","SHOWCLS":"blue","ODDS":19.80,"NUM":"9","NUM_NAME":"9","CODE":"cqklsf2","SORT":8.0,"STATE":0,"ST":false,"BET_AMT":null,"ODDS_A":19.80,"ODDS_B":19.80,"ODDS_C":19.80},"cqklsf2_10":{"ID":4812,"P_3ID":101,"P_1ID":20,"GROUP_NAME":"第三球","SHOWCLS":"blue","ODDS":19.80,"NUM":"10","NUM_NAME":"10","CODE":"cqklsf2","SORT":9.0,"STATE":0,"ST":false,"BET_AMT":null,"ODDS_A":19.80,"ODDS_B":19.80,"ODDS_C":19.80},"cqklsf2_11":{"ID":4813,"P_3ID":101,"P_1ID":20,"GROUP_NAME":"第三球","SHOWCLS":"blue","ODDS":19.80,"NUM":"11","NUM_NAME":"11","CODE":"cqklsf2","SORT":10.0,"STATE":0,"ST":false,"BET_AMT":null,"ODDS_A":19.80,"ODDS_B":19.80,"ODDS_C":19.80},"cqklsf2_12":{"ID":4814,"P_3ID":101,"P_1ID":20,"GROUP_NAME":"第三球","SHOWCLS":"blue","ODDS":19.80,"NUM":"12","NUM_NAME":"12","CODE":"cqklsf2","SORT":11.0,"STATE":0,"ST":false,"BET_AMT":null,"ODDS_A":19.80,"ODDS_B":19.80,"ODDS_C":19.80},"cqklsf2_13":{"ID":4815,"P_3ID":101,"P_1ID":20,"GROUP_NAME":"第三球","SHOWCLS":"blue","ODDS":19.80,"NUM":"13","NUM_NAME":"13","CODE":"cqklsf2","SORT":12.0,"STATE":0,"ST":false,"BET_AMT":null,"ODDS_A":19.80,"ODDS_B":19.80,"ODDS_C":19.80},"cqklsf2_14":{"ID":4816,"P_3ID":101,"P_1ID":20,"GROUP_NAME":"第三球","SHOWCLS":"blue","ODDS":19.80,"NUM":"14","NUM_NAME":"14","CODE":"cqklsf2","SORT":13.0,"STATE":0,"ST":false,"BET_AMT":null,"ODDS_A":19.80,"ODDS_B":19.80,"ODDS_C":19.80},"cqklsf2_15":{"ID":4817,"P_3ID":101,"P_1ID":20,"GROUP_NAME":"第三球","SHOWCLS":"blue","ODDS":19.80,"NUM":"15","NUM_NAME":"15","CODE":"cqklsf2","SORT":14.0,"STATE":0,"ST":false,"BET_AMT":null,"ODDS_A":19.80,"ODDS_B":19.80,"ODDS_C":19.80},"cqklsf2_16":{"ID":4818,"P_3ID":101,"P_1ID":20,"GROUP_NAME":"第三球","SHOWCLS":"blue","ODDS":19.80,"NUM":"16","NUM_NAME":"16","CODE":"cqklsf2","SORT":15.0,"STATE":0,"ST":false,"BET_AMT":null,"ODDS_A":19.80,"ODDS_B":19.80,"ODDS_C":19.80},"cqklsf2_17":{"ID":4819,"P_3ID":101,"P_1ID":20,"GROUP_NAME":"第三球","SHOWCLS":"blue","ODDS":19.80,"NUM":"17","NUM_NAME":"17","CODE":"cqklsf2","SORT":16.0,"STATE":0,"ST":false,"BET_AMT":null,"ODDS_A":19.80,"ODDS_B":19.80,"ODDS_C":19.80},"cqklsf2_18":{"ID":4820,"P_3ID":101,"P_1ID":20,"GROUP_NAME":"第三球","SHOWCLS":"blue","ODDS":19.80,"NUM":"18","NUM_NAME":"18","CODE":"cqklsf2","SORT":17.0,"STATE":0,"ST":false,"BET_AMT":null,"ODDS_A":19.80,"ODDS_B":19.80,"ODDS_C":19.80},"cqklsf2_19":{"ID":4821,"P_3ID":101,"P_1ID":20,"GROUP_NAME":"第三球","SHOWCLS":"blue","ODDS":19.80,"NUM":"19","NUM_NAME":"19","CODE":"cqklsf2","SORT":18.0,"STATE":0,"ST":false,"BET_AMT":null,"ODDS_A":19.80,"ODDS_B":19.80,"ODDS_C":19.80},"cqklsf2_20":{"ID":4822,"P_3ID":101,"P_1ID":20,"GROUP_NAME":"第三球","SHOWCLS":"blue","ODDS":19.80,"NUM":"20","NUM_NAME":"20","CODE":"cqklsf2","SORT":19.0,"STATE":0,"ST":false,"BET_AMT":null,"ODDS_A":19.80,"ODDS_B":19.80,"ODDS_C":19.80},"cqklsf2_大":{"ID":4823,"P_3ID":101,"P_1ID":20,"GROUP_NAME":"第三球","SHOWCLS":"red","ODDS":1.96,"NUM":"大","NUM_NAME":"大","CODE":"cqklsf2","SORT":20.0,"STATE":0,"ST":false,"BET_AMT":null,"ODDS_A":1.96,"ODDS_B":1.98,"ODDS_C":1.98},"cqklsf2_小":{"ID":4824,"P_3ID":101,"P_1ID":20,"GROUP_NAME":"第三球","SHOWCLS":"green","ODDS":1.96,"NUM":"小","NUM_NAME":"小","CODE":"cqklsf2","SORT":21.0,"STATE":0,"ST":false,"BET_AMT":null,"ODDS_A":1.96,"ODDS_B":1.98,"ODDS_C":1.98},"cqklsf2_单":{"ID":4825,"P_3ID":101,"P_1ID":20,"GROUP_NAME":"第三球","SHOWCLS":"red","ODDS":1.96,"NUM":"单","NUM_NAME":"单","CODE":"cqklsf2","SORT":22.0,"STATE":0,"ST":false,"BET_AMT":null,"ODDS_A":1.96,"ODDS_B":1.98,"ODDS_C":1.98},"cqklsf2_双":{"ID":4826,"P_3ID":101,"P_1ID":20,"GROUP_NAME":"第三球","SHOWCLS":"green","ODDS":1.96,"NUM":"双","NUM_NAME":"双","CODE":"cqklsf2","SORT":23.0,"STATE":0,"ST":false,"BET_AMT":null,"ODDS_A":1.96,"ODDS_B":1.98,"ODDS_C":1.98},"cqklsf2_尾大":{"ID":4827,"P_3ID":101,"P_1ID":20,"GROUP_NAME":"第三球","SHOWCLS":"text","ODDS":1.96,"NUM":"尾大","NUM_NAME":"尾大","CODE":"cqklsf2","SORT":24.0,"STATE":0,"ST":false,"BET_AMT":null,"ODDS_A":1.96,"ODDS_B":1.98,"ODDS_C":1.98},"cqklsf2_尾小":{"ID":4828,"P_3ID":101,"P_1ID":20,"GROUP_NAME":"第三球","SHOWCLS":"text","ODDS":1.96,"NUM":"尾小","NUM_NAME":"尾小","CODE":"cqklsf2","SORT":25.0,"STATE":0,"ST":false,"BET_AMT":null,"ODDS_A":1.96,"ODDS_B":1.98,"ODDS_C":1.98},"cqklsf2_合单":{"ID":4829,"P_3ID":101,"P_1ID":20,"GROUP_NAME":"第三球","SHOWCLS":"text","ODDS":1.96,"NUM":"合单","NUM_NAME":"合单","CODE":"cqklsf2","SORT":26.0,"STATE":0,"ST":false,"BET_AMT":null,"ODDS_A":1.96,"ODDS_B":1.98,"ODDS_C":1.98},"cqklsf2_合双":{"ID":4830,"P_3ID":101,"P_1ID":20,"GROUP_NAME":"第三球","SHOWCLS":"text","ODDS":1.96,"NUM":"合双","NUM_NAME":"合双","CODE":"cqklsf2","SORT":27.0,"STATE":0,"ST":false,"BET_AMT":null,"ODDS_A":1.96,"ODDS_B":1.98,"ODDS_C":1.98},"cqklsf2_东":{"ID":4831,"P_3ID":101,"P_1ID":20,"GROUP_NAME":"第三球","SHOWCLS":"text","ODDS":3.61,"NUM":"东","NUM_NAME":"东","CODE":"cqklsf2","SORT":28.0,"STATE":0,"ST":false,"BET_AMT":null,"ODDS_A":3.76,"ODDS_B":3.76,"ODDS_C":3.76},"cqklsf2_南":{"ID":4832,"P_3ID":101,"P_1ID":20,"GROUP_NAME":"第三球","SHOWCLS":"text","ODDS":3.61,"NUM":"南","NUM_NAME":"南","CODE":"cqklsf2","SORT":29.0,"STATE":0,"ST":false,"BET_AMT":null,"ODDS_A":3.76,"ODDS_B":3.76,"ODDS_C":3.76},"cqklsf2_西":{"ID":4833,"P_3ID":101,"P_1ID":20,"GROUP_NAME":"第三球","SHOWCLS":"text","ODDS":3.61,"NUM":"西","NUM_NAME":"西","CODE":"cqklsf2","SORT":30.0,"STATE":0,"ST":false,"BET_AMT":null,"ODDS_A":3.76,"ODDS_B":3.76,"ODDS_C":3.76},"cqklsf2_北":{"ID":4834,"P_3ID":101,"P_1ID":20,"GROUP_NAME":"第三球","SHOWCLS":"text","ODDS":3.61,"NUM":"北","NUM_NAME":"北","CODE":"cqklsf2","SORT":31.0,"STATE":0,"ST":false,"BET_AMT":null,"ODDS_A":3.76,"ODDS_B":3.76,"ODDS_C":3.76},"cqklsf2_中":{"ID":4835,"P_3ID":101,"P_1ID":20,"GROUP_NAME":"第三球","SHOWCLS":"text","ODDS":2.55,"NUM":"中","NUM_NAME":"中","CODE":"cqklsf2","SORT":32.0,"STATE":0,"ST":false,"BET_AMT":null,"ODDS_A":2.70,"ODDS_B":2.70,"ODDS_C":2.70},"cqklsf2_发":{"ID":4836,"P_3ID":101,"P_1ID":20,"GROUP_NAME":"第三球","SHOWCLS":"text","ODDS":2.55,"NUM":"发","NUM_NAME":"发","CODE":"cqklsf2","SORT":33.0,"STATE":0,"ST":false,"BET_AMT":null,"ODDS_A":2.70,"ODDS_B":2.70,"ODDS_C":2.70},"cqklsf2_白":{"ID":4837,"P_3ID":101,"P_1ID":20,"GROUP_NAME":"第三球","SHOWCLS":"text","ODDS":2.70,"NUM":"白","NUM_NAME":"白","CODE":"cqklsf2","SORT":34.0,"STATE":0,"ST":false,"BET_AMT":null,"ODDS_A":2.85,"ODDS_B":2.85,"ODDS_C":2.85}},"cqklsf3":{"cqklsf3_1":{"ID":4843,"P_3ID":102,"P_1ID":20,"GROUP_NAME":"第四球","SHOWCLS":"blue","ODDS":19.80,"NUM":"1","NUM_NAME":"1","CODE":"cqklsf3","SORT":0.0,"STATE":0,"ST":false,"BET_AMT":null,"ODDS_A":19.80,"ODDS_B":19.80,"ODDS_C":19.80},"cqklsf3_2":{"ID":4844,"P_3ID":102,"P_1ID":20,"GROUP_NAME":"第四球","SHOWCLS":"blue","ODDS":19.80,"NUM":"2","NUM_NAME":"2","CODE":"cqklsf3","SORT":1.0,"STATE":0,"ST":false,"BET_AMT":null,"ODDS_A":19.80,"ODDS_B":19.80,"ODDS_C":19.80},"cqklsf3_3":{"ID":4845,"P_3ID":102,"P_1ID":20,"GROUP_NAME":"第四球","SHOWCLS":"blue","ODDS":19.80,"NUM":"3","NUM_NAME":"3","CODE":"cqklsf3","SORT":2.0,"STATE":0,"ST":false,"BET_AMT":null,"ODDS_A":19.80,"ODDS_B":19.80,"ODDS_C":19.80},"cqklsf3_4":{"ID":4846,"P_3ID":102,"P_1ID":20,"GROUP_NAME":"第四球","SHOWCLS":"blue","ODDS":19.80,"NUM":"4","NUM_NAME":"4","CODE":"cqklsf3","SORT":3.0,"STATE":0,"ST":false,"BET_AMT":null,"ODDS_A":19.80,"ODDS_B":19.80,"ODDS_C":19.80},"cqklsf3_5":{"ID":4847,"P_3ID":102,"P_1ID":20,"GROUP_NAME":"第四球","SHOWCLS":"blue","ODDS":19.80,"NUM":"5","NUM_NAME":"5","CODE":"cqklsf3","SORT":4.0,"STATE":0,"ST":false,"BET_AMT":null,"ODDS_A":19.80,"ODDS_B":19.80,"ODDS_C":19.80},"cqklsf3_6":{"ID":4848,"P_3ID":102,"P_1ID":20,"GROUP_NAME":"第四球","SHOWCLS":"blue","ODDS":19.80,"NUM":"6","NUM_NAME":"6","CODE":"cqklsf3","SORT":5.0,"STATE":0,"ST":false,"BET_AMT":null,"ODDS_A":19.80,"ODDS_B":19.80,"ODDS_C":19.80},"cqklsf3_7":{"ID":4849,"P_3ID":102,"P_1ID":20,"GROUP_NAME":"第四球","SHOWCLS":"blue","ODDS":19.80,"NUM":"7","NUM_NAME":"7","CODE":"cqklsf3","SORT":6.0,"STATE":0,"ST":false,"BET_AMT":null,"ODDS_A":19.80,"ODDS_B":19.80,"ODDS_C":19.80},"cqklsf3_8":{"ID":4850,"P_3ID":102,"P_1ID":20,"GROUP_NAME":"第四球","SHOWCLS":"blue","ODDS":19.80,"NUM":"8","NUM_NAME":"8","CODE":"cqklsf3","SORT":7.0,"STATE":0,"ST":false,"BET_AMT":null,"ODDS_A":19.80,"ODDS_B":19.80,"ODDS_C":19.80},"cqklsf3_9":{"ID":4851,"P_3ID":102,"P_1ID":20,"GROUP_NAME":"第四球","SHOWCLS":"blue","ODDS":19.80,"NUM":"9","NUM_NAME":"9","CODE":"cqklsf3","SORT":8.0,"STATE":0,"ST":false,"BET_AMT":null,"ODDS_A":19.80,"ODDS_B":19.80,"ODDS_C":19.80},"cqklsf3_10":{"ID":4852,"P_3ID":102,"P_1ID":20,"GROUP_NAME":"第四球","SHOWCLS":"blue","ODDS":19.80,"NUM":"10","NUM_NAME":"10","CODE":"cqklsf3","SORT":9.0,"STATE":0,"ST":false,"BET_AMT":null,"ODDS_A":19.80,"ODDS_B":19.80,"ODDS_C":19.80},"cqklsf3_11":{"ID":4853,"P_3ID":102,"P_1ID":20,"GROUP_NAME":"第四球","SHOWCLS":"blue","ODDS":19.80,"NUM":"11","NUM_NAME":"11","CODE":"cqklsf3","SORT":10.0,"STATE":0,"ST":false,"BET_AMT":null,"ODDS_A":19.80,"ODDS_B":19.80,"ODDS_C":19.80},"cqklsf3_12":{"ID":4854,"P_3ID":102,"P_1ID":20,"GROUP_NAME":"第四球","SHOWCLS":"blue","ODDS":19.80,"NUM":"12","NUM_NAME":"12","CODE":"cqklsf3","SORT":11.0,"STATE":0,"ST":false,"BET_AMT":null,"ODDS_A":19.80,"ODDS_B":19.80,"ODDS_C":19.80},"cqklsf3_13":{"ID":4855,"P_3ID":102,"P_1ID":20,"GROUP_NAME":"第四球","SHOWCLS":"blue","ODDS":19.80,"NUM":"13","NUM_NAME":"13","CODE":"cqklsf3","SORT":12.0,"STATE":0,"ST":false,"BET_AMT":null,"ODDS_A":19.80,"ODDS_B":19.80,"ODDS_C":19.80},"cqklsf3_14":{"ID":4856,"P_3ID":102,"P_1ID":20,"GROUP_NAME":"第四球","SHOWCLS":"blue","ODDS":19.80,"NUM":"14","NUM_NAME":"14","CODE":"cqklsf3","SORT":13.0,"STATE":0,"ST":false,"BET_AMT":null,"ODDS_A":19.80,"ODDS_B":19.80,"ODDS_C":19.80},"cqklsf3_15":{"ID":4857,"P_3ID":102,"P_1ID":20,"GROUP_NAME":"第四球","SHOWCLS":"blue","ODDS":19.80,"NUM":"15","NUM_NAME":"15","CODE":"cqklsf3","SORT":14.0,"STATE":0,"ST":false,"BET_AMT":null,"ODDS_A":19.80,"ODDS_B":19.80,"ODDS_C":19.80},"cqklsf3_16":{"ID":4858,"P_3ID":102,"P_1ID":20,"GROUP_NAME":"第四球","SHOWCLS":"blue","ODDS":19.80,"NUM":"16","NUM_NAME":"16","CODE":"cqklsf3","SORT":15.0,"STATE":0,"ST":false,"BET_AMT":null,"ODDS_A":19.80,"ODDS_B":19.80,"ODDS_C":19.80},"cqklsf3_17":{"ID":4859,"P_3ID":102,"P_1ID":20,"GROUP_NAME":"第四球","SHOWCLS":"blue","ODDS":19.80,"NUM":"17","NUM_NAME":"17","CODE":"cqklsf3","SORT":16.0,"STATE":0,"ST":false,"BET_AMT":null,"ODDS_A":19.80,"ODDS_B":19.80,"ODDS_C":19.80},"cqklsf3_18":{"ID":4860,"P_3ID":102,"P_1ID":20,"GROUP_NAME":"第四球","SHOWCLS":"blue","ODDS":19.80,"NUM":"18","NUM_NAME":"18","CODE":"cqklsf3","SORT":17.0,"STATE":0,"ST":false,"BET_AMT":null,"ODDS_A":19.80,"ODDS_B":19.80,"ODDS_C":19.80},"cqklsf3_19":{"ID":4838,"P_3ID":102,"P_1ID":20,"GROUP_NAME":"第四球","SHOWCLS":"blue","ODDS":19.80,"NUM":"19","NUM_NAME":"19","CODE":"cqklsf3","SORT":18.0,"STATE":0,"ST":false,"BET_AMT":null,"ODDS_A":19.80,"ODDS_B":19.80,"ODDS_C":19.80},"cqklsf3_20":{"ID":4861,"P_3ID":102,"P_1ID":20,"GROUP_NAME":"第四球","SHOWCLS":"blue","ODDS":19.80,"NUM":"20","NUM_NAME":"20","CODE":"cqklsf3","SORT":19.0,"STATE":0,"ST":false,"BET_AMT":null,"ODDS_A":19.80,"ODDS_B":19.80,"ODDS_C":19.80},"cqklsf3_大":{"ID":4862,"P_3ID":102,"P_1ID":20,"GROUP_NAME":"第四球","SHOWCLS":"red","ODDS":1.96,"NUM":"大","NUM_NAME":"大","CODE":"cqklsf3","SORT":20.0,"STATE":0,"ST":false,"BET_AMT":null,"ODDS_A":1.96,"ODDS_B":1.98,"ODDS_C":1.98},"cqklsf3_小":{"ID":4863,"P_3ID":102,"P_1ID":20,"GROUP_NAME":"第四球","SHOWCLS":"green","ODDS":1.96,"NUM":"小","NUM_NAME":"小","CODE":"cqklsf3","SORT":21.0,"STATE":0,"ST":false,"BET_AMT":null,"ODDS_A":1.96,"ODDS_B":1.98,"ODDS_C":1.98},"cqklsf3_单":{"ID":4864,"P_3ID":102,"P_1ID":20,"GROUP_NAME":"第四球","SHOWCLS":"red","ODDS":1.96,"NUM":"单","NUM_NAME":"单","CODE":"cqklsf3","SORT":22.0,"STATE":0,"ST":false,"BET_AMT":null,"ODDS_A":1.96,"ODDS_B":1.98,"ODDS_C":1.98},"cqklsf3_双":{"ID":4842,"P_3ID":102,"P_1ID":20,"GROUP_NAME":"第四球","SHOWCLS":"green","ODDS":1.96,"NUM":"双","NUM_NAME":"双","CODE":"cqklsf3","SORT":23.0,"STATE":0,"ST":false,"BET_AMT":null,"ODDS_A":1.96,"ODDS_B":1.98,"ODDS_C":1.98},"cqklsf3_尾大":{"ID":4865,"P_3ID":102,"P_1ID":20,"GROUP_NAME":"第四球","SHOWCLS":"text","ODDS":1.96,"NUM":"尾大","NUM_NAME":"尾大","CODE":"cqklsf3","SORT":24.0,"STATE":0,"ST":false,"BET_AMT":null,"ODDS_A":1.96,"ODDS_B":1.98,"ODDS_C":1.98},"cqklsf3_尾小":{"ID":4866,"P_3ID":102,"P_1ID":20,"GROUP_NAME":"第四球","SHOWCLS":"text","ODDS":1.96,"NUM":"尾小","NUM_NAME":"尾小","CODE":"cqklsf3","SORT":25.0,"STATE":0,"ST":false,"BET_AMT":null,"ODDS_A":1.96,"ODDS_B":1.98,"ODDS_C":1.98},"cqklsf3_合单":{"ID":4867,"P_3ID":102,"P_1ID":20,"GROUP_NAME":"第四球","SHOWCLS":"text","ODDS":1.96,"NUM":"合单","NUM_NAME":"合单","CODE":"cqklsf3","SORT":26.0,"STATE":0,"ST":false,"BET_AMT":null,"ODDS_A":1.96,"ODDS_B":1.98,"ODDS_C":1.98},"cqklsf3_合双":{"ID":4868,"P_3ID":102,"P_1ID":20,"GROUP_NAME":"第四球","SHOWCLS":"text","ODDS":1.96,"NUM":"合双","NUM_NAME":"合双","CODE":"cqklsf3","SORT":27.0,"STATE":0,"ST":false,"BET_AMT":null,"ODDS_A":1.96,"ODDS_B":1.98,"ODDS_C":1.98},"cqklsf3_东":{"ID":4869,"P_3ID":102,"P_1ID":20,"GROUP_NAME":"第四球","SHOWCLS":"text","ODDS":3.61,"NUM":"东","NUM_NAME":"东","CODE":"cqklsf3","SORT":28.0,"STATE":0,"ST":false,"BET_AMT":null,"ODDS_A":3.76,"ODDS_B":3.76,"ODDS_C":3.76},"cqklsf3_南":{"ID":4870,"P_3ID":102,"P_1ID":20,"GROUP_NAME":"第四球","SHOWCLS":"text","ODDS":3.61,"NUM":"南","NUM_NAME":"南","CODE":"cqklsf3","SORT":29.0,"STATE":0,"ST":false,"BET_AMT":null,"ODDS_A":3.76,"ODDS_B":3.76,"ODDS_C":3.76},"cqklsf3_西":{"ID":4840,"P_3ID":102,"P_1ID":20,"GROUP_NAME":"第四球","SHOWCLS":"text","ODDS":3.61,"NUM":"西","NUM_NAME":"西","CODE":"cqklsf3","SORT":30.0,"STATE":0,"ST":false,"BET_AMT":null,"ODDS_A":3.76,"ODDS_B":3.76,"ODDS_C":3.76},"cqklsf3_北":{"ID":4871,"P_3ID":102,"P_1ID":20,"GROUP_NAME":"第四球","SHOWCLS":"text","ODDS":3.61,"NUM":"北","NUM_NAME":"北","CODE":"cqklsf3","SORT":31.0,"STATE":0,"ST":false,"BET_AMT":null,"ODDS_A":3.76,"ODDS_B":3.76,"ODDS_C":3.76},"cqklsf3_中":{"ID":4872,"P_3ID":102,"P_1ID":20,"GROUP_NAME":"第四球","SHOWCLS":"text","ODDS":2.55,"NUM":"中","NUM_NAME":"中","CODE":"cqklsf3","SORT":32.0,"STATE":0,"ST":false,"BET_AMT":null,"ODDS_A":2.70,"ODDS_B":2.70,"ODDS_C":2.70},"cqklsf3_发":{"ID":4841,"P_3ID":102,"P_1ID":20,"GROUP_NAME":"第四球","SHOWCLS":"text","ODDS":2.55,"NUM":"发","NUM_NAME":"发","CODE":"cqklsf3","SORT":33.0,"STATE":0,"ST":false,"BET_AMT":null,"ODDS_A":2.70,"ODDS_B":2.70,"ODDS_C":2.70},"cqklsf3_白":{"ID":4839,"P_3ID":102,"P_1ID":20,"GROUP_NAME":"第四球","SHOWCLS":"text","ODDS":2.70,"NUM":"白","NUM_NAME":"白","CODE":"cqklsf3","SORT":34.0,"STATE":0,"ST":false,"BET_AMT":null,"ODDS_A":2.85,"ODDS_B":2.85,"ODDS_C":2.85}},"cqklsf4":{"cqklsf4_1":{"ID":4877,"P_3ID":103,"P_1ID":20,"GROUP_NAME":"第五球","SHOWCLS":"blue","ODDS":19.80,"NUM":"1","NUM_NAME":"1","CODE":"cqklsf4","SORT":0.0,"STATE":0,"ST":false,"BET_AMT":null,"ODDS_A":19.80,"ODDS_B":19.80,"ODDS_C":19.80},"cqklsf4_2":{"ID":4878,"P_3ID":103,"P_1ID":20,"GROUP_NAME":"第五球","SHOWCLS":"blue","ODDS":19.80,"NUM":"2","NUM_NAME":"2","CODE":"cqklsf4","SORT":1.0,"STATE":0,"ST":false,"BET_AMT":null,"ODDS_A":19.80,"ODDS_B":19.80,"ODDS_C":19.80},"cqklsf4_3":{"ID":4879,"P_3ID":103,"P_1ID":20,"GROUP_NAME":"第五球","SHOWCLS":"blue","ODDS":19.80,"NUM":"3","NUM_NAME":"3","CODE":"cqklsf4","SORT":2.0,"STATE":0,"ST":false,"BET_AMT":null,"ODDS_A":19.80,"ODDS_B":19.80,"ODDS_C":19.80},"cqklsf4_4":{"ID":4880,"P_3ID":103,"P_1ID":20,"GROUP_NAME":"第五球","SHOWCLS":"blue","ODDS":19.80,"NUM":"4","NUM_NAME":"4","CODE":"cqklsf4","SORT":3.0,"STATE":0,"ST":false,"BET_AMT":null,"ODDS_A":19.80,"ODDS_B":19.80,"ODDS_C":19.80},"cqklsf4_5":{"ID":4881,"P_3ID":103,"P_1ID":20,"GROUP_NAME":"第五球","SHOWCLS":"blue","ODDS":19.80,"NUM":"5","NUM_NAME":"5","CODE":"cqklsf4","SORT":4.0,"STATE":0,"ST":false,"BET_AMT":null,"ODDS_A":19.80,"ODDS_B":19.80,"ODDS_C":19.80},"cqklsf4_6":{"ID":4882,"P_3ID":103,"P_1ID":20,"GROUP_NAME":"第五球","SHOWCLS":"blue","ODDS":19.80,"NUM":"6","NUM_NAME":"6","CODE":"cqklsf4","SORT":5.0,"STATE":0,"ST":false,"BET_AMT":null,"ODDS_A":19.80,"ODDS_B":19.80,"ODDS_C":19.80},"cqklsf4_7":{"ID":4883,"P_3ID":103,"P_1ID":20,"GROUP_NAME":"第五球","SHOWCLS":"blue","ODDS":19.80,"NUM":"7","NUM_NAME":"7","CODE":"cqklsf4","SORT":6.0,"STATE":0,"ST":false,"BET_AMT":null,"ODDS_A":19.80,"ODDS_B":19.80,"ODDS_C":19.80},"cqklsf4_8":{"ID":4884,"P_3ID":103,"P_1ID":20,"GROUP_NAME":"第五球","SHOWCLS":"blue","ODDS":19.80,"NUM":"8","NUM_NAME":"8","CODE":"cqklsf4","SORT":7.0,"STATE":0,"ST":false,"BET_AMT":null,"ODDS_A":19.80,"ODDS_B":19.80,"ODDS_C":19.80},"cqklsf4_9":{"ID":4885,"P_3ID":103,"P_1ID":20,"GROUP_NAME":"第五球","SHOWCLS":"blue","ODDS":19.80,"NUM":"9","NUM_NAME":"9","CODE":"cqklsf4","SORT":8.0,"STATE":0,"ST":false,"BET_AMT":null,"ODDS_A":19.80,"ODDS_B":19.80,"ODDS_C":19.80},"cqklsf4_10":{"ID":4886,"P_3ID":103,"P_1ID":20,"GROUP_NAME":"第五球","SHOWCLS":"blue","ODDS":19.80,"NUM":"10","NUM_NAME":"10","CODE":"cqklsf4","SORT":9.0,"STATE":0,"ST":false,"BET_AMT":null,"ODDS_A":19.80,"ODDS_B":19.80,"ODDS_C":19.80},"cqklsf4_11":{"ID":4887,"P_3ID":103,"P_1ID":20,"GROUP_NAME":"第五球","SHOWCLS":"blue","ODDS":19.80,"NUM":"11","NUM_NAME":"11","CODE":"cqklsf4","SORT":10.0,"STATE":0,"ST":false,"BET_AMT":null,"ODDS_A":19.80,"ODDS_B":19.80,"ODDS_C":19.80},"cqklsf4_12":{"ID":4888,"P_3ID":103,"P_1ID":20,"GROUP_NAME":"第五球","SHOWCLS":"blue","ODDS":19.80,"NUM":"12","NUM_NAME":"12","CODE":"cqklsf4","SORT":11.0,"STATE":0,"ST":false,"BET_AMT":null,"ODDS_A":19.80,"ODDS_B":19.80,"ODDS_C":19.80},"cqklsf4_13":{"ID":4889,"P_3ID":103,"P_1ID":20,"GROUP_NAME":"第五球","SHOWCLS":"blue","ODDS":19.80,"NUM":"13","NUM_NAME":"13","CODE":"cqklsf4","SORT":12.0,"STATE":0,"ST":false,"BET_AMT":null,"ODDS_A":19.80,"ODDS_B":19.80,"ODDS_C":19.80},"cqklsf4_14":{"ID":4890,"P_3ID":103,"P_1ID":20,"GROUP_NAME":"第五球","SHOWCLS":"blue","ODDS":19.80,"NUM":"14","NUM_NAME":"14","CODE":"cqklsf4","SORT":13.0,"STATE":0,"ST":false,"BET_AMT":null,"ODDS_A":19.80,"ODDS_B":19.80,"ODDS_C":19.80},"cqklsf4_15":{"ID":4891,"P_3ID":103,"P_1ID":20,"GROUP_NAME":"第五球","SHOWCLS":"blue","ODDS":19.80,"NUM":"15","NUM_NAME":"15","CODE":"cqklsf4","SORT":14.0,"STATE":0,"ST":false,"BET_AMT":null,"ODDS_A":19.80,"ODDS_B":19.80,"ODDS_C":19.80},"cqklsf4_16":{"ID":4892,"P_3ID":103,"P_1ID":20,"GROUP_NAME":"第五球","SHOWCLS":"blue","ODDS":19.80,"NUM":"16","NUM_NAME":"16","CODE":"cqklsf4","SORT":15.0,"STATE":0,"ST":false,"BET_AMT":null,"ODDS_A":19.80,"ODDS_B":19.80,"ODDS_C":19.80},"cqklsf4_17":{"ID":4893,"P_3ID":103,"P_1ID":20,"GROUP_NAME":"第五球","SHOWCLS":"blue","ODDS":19.80,"NUM":"17","NUM_NAME":"17","CODE":"cqklsf4","SORT":16.0,"STATE":0,"ST":false,"BET_AMT":null,"ODDS_A":19.80,"ODDS_B":19.80,"ODDS_C":19.80},"cqklsf4_18":{"ID":4894,"P_3ID":103,"P_1ID":20,"GROUP_NAME":"第五球","SHOWCLS":"blue","ODDS":19.80,"NUM":"18","NUM_NAME":"18","CODE":"cqklsf4","SORT":17.0,"STATE":0,"ST":false,"BET_AMT":null,"ODDS_A":19.80,"ODDS_B":19.80,"ODDS_C":19.80},"cqklsf4_19":{"ID":4895,"P_3ID":103,"P_1ID":20,"GROUP_NAME":"第五球","SHOWCLS":"blue","ODDS":19.80,"NUM":"19","NUM_NAME":"19","CODE":"cqklsf4","SORT":18.0,"STATE":0,"ST":false,"BET_AMT":null,"ODDS_A":19.80,"ODDS_B":19.80,"ODDS_C":19.80},"cqklsf4_20":{"ID":4896,"P_3ID":103,"P_1ID":20,"GROUP_NAME":"第五球","SHOWCLS":"blue","ODDS":19.80,"NUM":"20","NUM_NAME":"20","CODE":"cqklsf4","SORT":19.0,"STATE":0,"ST":false,"BET_AMT":null,"ODDS_A":19.80,"ODDS_B":19.80,"ODDS_C":19.80},"cqklsf4_大":{"ID":4897,"P_3ID":103,"P_1ID":20,"GROUP_NAME":"第五球","SHOWCLS":"red","ODDS":1.96,"NUM":"大","NUM_NAME":"大","CODE":"cqklsf4","SORT":20.0,"STATE":0,"ST":false,"BET_AMT":null,"ODDS_A":1.96,"ODDS_B":1.98,"ODDS_C":1.98},"cqklsf4_小":{"ID":4873,"P_3ID":103,"P_1ID":20,"GROUP_NAME":"第五球","SHOWCLS":"green","ODDS":1.96,"NUM":"小","NUM_NAME":"小","CODE":"cqklsf4","SORT":21.0,"STATE":0,"ST":false,"BET_AMT":null,"ODDS_A":1.96,"ODDS_B":1.98,"ODDS_C":1.98},"cqklsf4_单":{"ID":4898,"P_3ID":103,"P_1ID":20,"GROUP_NAME":"第五球","SHOWCLS":"red","ODDS":1.96,"NUM":"单","NUM_NAME":"单","CODE":"cqklsf4","SORT":22.0,"STATE":0,"ST":false,"BET_AMT":null,"ODDS_A":1.96,"ODDS_B":1.98,"ODDS_C":1.98},"cqklsf4_双":{"ID":4899,"P_3ID":103,"P_1ID":20,"GROUP_NAME":"第五球","SHOWCLS":"green","ODDS":1.96,"NUM":"双","NUM_NAME":"双","CODE":"cqklsf4","SORT":23.0,"STATE":0,"ST":false,"BET_AMT":null,"ODDS_A":1.96,"ODDS_B":1.98,"ODDS_C":1.98},"cqklsf4_尾大":{"ID":4900,"P_3ID":103,"P_1ID":20,"GROUP_NAME":"第五球","SHOWCLS":"text","ODDS":1.96,"NUM":"尾大","NUM_NAME":"尾大","CODE":"cqklsf4","SORT":24.0,"STATE":0,"ST":false,"BET_AMT":null,"ODDS_A":1.96,"ODDS_B":1.98,"ODDS_C":1.98},"cqklsf4_尾小":{"ID":4901,"P_3ID":103,"P_1ID":20,"GROUP_NAME":"第五球","SHOWCLS":"text","ODDS":1.96,"NUM":"尾小","NUM_NAME":"尾小","CODE":"cqklsf4","SORT":25.0,"STATE":0,"ST":false,"BET_AMT":null,"ODDS_A":1.96,"ODDS_B":1.98,"ODDS_C":1.98},"cqklsf4_合单":{"ID":4902,"P_3ID":103,"P_1ID":20,"GROUP_NAME":"第五球","SHOWCLS":"text","ODDS":1.96,"NUM":"合单","NUM_NAME":"合单","CODE":"cqklsf4","SORT":26.0,"STATE":0,"ST":false,"BET_AMT":null,"ODDS_A":1.96,"ODDS_B":1.98,"ODDS_C":1.98},"cqklsf4_合双":{"ID":4903,"P_3ID":103,"P_1ID":20,"GROUP_NAME":"第五球","SHOWCLS":"text","ODDS":1.96,"NUM":"合双","NUM_NAME":"合双","CODE":"cqklsf4","SORT":27.0,"STATE":0,"ST":false,"BET_AMT":null,"ODDS_A":1.96,"ODDS_B":1.98,"ODDS_C":1.98},"cqklsf4_东":{"ID":4875,"P_3ID":103,"P_1ID":20,"GROUP_NAME":"第五球","SHOWCLS":"text","ODDS":3.61,"NUM":"东","NUM_NAME":"东","CODE":"cqklsf4","SORT":28.0,"STATE":0,"ST":false,"BET_AMT":null,"ODDS_A":3.76,"ODDS_B":3.76,"ODDS_C":3.76},"cqklsf4_南":{"ID":4904,"P_3ID":103,"P_1ID":20,"GROUP_NAME":"第五球","SHOWCLS":"text","ODDS":3.61,"NUM":"南","NUM_NAME":"南","CODE":"cqklsf4","SORT":29.0,"STATE":0,"ST":false,"BET_AMT":null,"ODDS_A":3.76,"ODDS_B":3.76,"ODDS_C":3.76},"cqklsf4_西":{"ID":4905,"P_3ID":103,"P_1ID":20,"GROUP_NAME":"第五球","SHOWCLS":"text","ODDS":3.61,"NUM":"西","NUM_NAME":"西","CODE":"cqklsf4","SORT":30.0,"STATE":0,"ST":false,"BET_AMT":null,"ODDS_A":3.76,"ODDS_B":3.76,"ODDS_C":3.76},"cqklsf4_北":{"ID":4876,"P_3ID":103,"P_1ID":20,"GROUP_NAME":"第五球","SHOWCLS":"text","ODDS":3.61,"NUM":"北","NUM_NAME":"北","CODE":"cqklsf4","SORT":31.0,"STATE":0,"ST":false,"BET_AMT":null,"ODDS_A":3.76,"ODDS_B":3.76,"ODDS_C":3.76},"cqklsf4_中":{"ID":4874,"P_3ID":103,"P_1ID":20,"GROUP_NAME":"第五球","SHOWCLS":"text","ODDS":2.55,"NUM":"中","NUM_NAME":"中","CODE":"cqklsf4","SORT":32.0,"STATE":0,"ST":false,"BET_AMT":null,"ODDS_A":2.70,"ODDS_B":2.70,"ODDS_C":2.70},"cqklsf4_发":{"ID":4906,"P_3ID":103,"P_1ID":20,"GROUP_NAME":"第五球","SHOWCLS":"text","ODDS":2.55,"NUM":"发","NUM_NAME":"发","CODE":"cqklsf4","SORT":33.0,"STATE":0,"ST":false,"BET_AMT":null,"ODDS_A":2.70,"ODDS_B":2.70,"ODDS_C":2.70},"cqklsf4_白":{"ID":4907,"P_3ID":103,"P_1ID":20,"GROUP_NAME":"第五球","SHOWCLS":"text","ODDS":2.70,"NUM":"白","NUM_NAME":"白","CODE":"cqklsf4","SORT":34.0,"STATE":0,"ST":false,"BET_AMT":null,"ODDS_A":2.85,"ODDS_B":2.85,"ODDS_C":2.85}},"cqklsf5":{"cqklsf5_1":{"ID":4908,"P_3ID":104,"P_1ID":20,"GROUP_NAME":"第六球","SHOWCLS":"blue","ODDS":19.80,"NUM":"1","NUM_NAME":"1","CODE":"cqklsf5","SORT":0.0,"STATE":0,"ST":false,"BET_AMT":null,"ODDS_A":19.80,"ODDS_B":19.80,"ODDS_C":19.80},"cqklsf5_2":{"ID":4918,"P_3ID":104,"P_1ID":20,"GROUP_NAME":"第六球","SHOWCLS":"blue","ODDS":19.80,"NUM":"2","NUM_NAME":"2","CODE":"cqklsf5","SORT":1.0,"STATE":0,"ST":false,"BET_AMT":null,"ODDS_A":19.80,"ODDS_B":19.80,"ODDS_C":19.80},"cqklsf5_3":{"ID":4919,"P_3ID":104,"P_1ID":20,"GROUP_NAME":"第六球","SHOWCLS":"blue","ODDS":19.80,"NUM":"3","NUM_NAME":"3","CODE":"cqklsf5","SORT":2.0,"STATE":0,"ST":false,"BET_AMT":null,"ODDS_A":19.80,"ODDS_B":19.80,"ODDS_C":19.80},"cqklsf5_4":{"ID":4909,"P_3ID":104,"P_1ID":20,"GROUP_NAME":"第六球","SHOWCLS":"blue","ODDS":19.80,"NUM":"4","NUM_NAME":"4","CODE":"cqklsf5","SORT":3.0,"STATE":0,"ST":false,"BET_AMT":null,"ODDS_A":19.80,"ODDS_B":19.80,"ODDS_C":19.80},"cqklsf5_5":{"ID":4920,"P_3ID":104,"P_1ID":20,"GROUP_NAME":"第六球","SHOWCLS":"blue","ODDS":19.80,"NUM":"5","NUM_NAME":"5","CODE":"cqklsf5","SORT":4.0,"STATE":0,"ST":false,"BET_AMT":null,"ODDS_A":19.80,"ODDS_B":19.80,"ODDS_C":19.80},"cqklsf5_6":{"ID":4921,"P_3ID":104,"P_1ID":20,"GROUP_NAME":"第六球","SHOWCLS":"blue","ODDS":19.80,"NUM":"6","NUM_NAME":"6","CODE":"cqklsf5","SORT":5.0,"STATE":0,"ST":false,"BET_AMT":null,"ODDS_A":19.80,"ODDS_B":19.80,"ODDS_C":19.80},"cqklsf5_7":{"ID":4922,"P_3ID":104,"P_1ID":20,"GROUP_NAME":"第六球","SHOWCLS":"blue","ODDS":19.80,"NUM":"7","NUM_NAME":"7","CODE":"cqklsf5","SORT":6.0,"STATE":0,"ST":false,"BET_AMT":null,"ODDS_A":19.80,"ODDS_B":19.80,"ODDS_C":19.80},"cqklsf5_8":{"ID":4910,"P_3ID":104,"P_1ID":20,"GROUP_NAME":"第六球","SHOWCLS":"blue","ODDS":19.80,"NUM":"8","NUM_NAME":"8","CODE":"cqklsf5","SORT":7.0,"STATE":0,"ST":false,"BET_AMT":null,"ODDS_A":19.80,"ODDS_B":19.80,"ODDS_C":19.80},"cqklsf5_9":{"ID":4923,"P_3ID":104,"P_1ID":20,"GROUP_NAME":"第六球","SHOWCLS":"blue","ODDS":19.80,"NUM":"9","NUM_NAME":"9","CODE":"cqklsf5","SORT":8.0,"STATE":0,"ST":false,"BET_AMT":null,"ODDS_A":19.80,"ODDS_B":19.80,"ODDS_C":19.80},"cqklsf5_10":{"ID":4924,"P_3ID":104,"P_1ID":20,"GROUP_NAME":"第六球","SHOWCLS":"blue","ODDS":19.80,"NUM":"10","NUM_NAME":"10","CODE":"cqklsf5","SORT":9.0,"STATE":0,"ST":false,"BET_AMT":null,"ODDS_A":19.80,"ODDS_B":19.80,"ODDS_C":19.80},"cqklsf5_11":{"ID":4911,"P_3ID":104,"P_1ID":20,"GROUP_NAME":"第六球","SHOWCLS":"blue","ODDS":19.80,"NUM":"11","NUM_NAME":"11","CODE":"cqklsf5","SORT":10.0,"STATE":0,"ST":false,"BET_AMT":null,"ODDS_A":19.80,"ODDS_B":19.80,"ODDS_C":19.80},"cqklsf5_12":{"ID":4925,"P_3ID":104,"P_1ID":20,"GROUP_NAME":"第六球","SHOWCLS":"blue","ODDS":19.80,"NUM":"12","NUM_NAME":"12","CODE":"cqklsf5","SORT":11.0,"STATE":0,"ST":false,"BET_AMT":null,"ODDS_A":19.80,"ODDS_B":19.80,"ODDS_C":19.80},"cqklsf5_13":{"ID":4926,"P_3ID":104,"P_1ID":20,"GROUP_NAME":"第六球","SHOWCLS":"blue","ODDS":19.80,"NUM":"13","NUM_NAME":"13","CODE":"cqklsf5","SORT":12.0,"STATE":0,"ST":false,"BET_AMT":null,"ODDS_A":19.80,"ODDS_B":19.80,"ODDS_C":19.80},"cqklsf5_14":{"ID":4912,"P_3ID":104,"P_1ID":20,"GROUP_NAME":"第六球","SHOWCLS":"blue","ODDS":19.80,"NUM":"14","NUM_NAME":"14","CODE":"cqklsf5","SORT":13.0,"STATE":0,"ST":false,"BET_AMT":null,"ODDS_A":19.80,"ODDS_B":19.80,"ODDS_C":19.80},"cqklsf5_15":{"ID":4927,"P_3ID":104,"P_1ID":20,"GROUP_NAME":"第六球","SHOWCLS":"blue","ODDS":19.80,"NUM":"15","NUM_NAME":"15","CODE":"cqklsf5","SORT":14.0,"STATE":0,"ST":false,"BET_AMT":null,"ODDS_A":19.80,"ODDS_B":19.80,"ODDS_C":19.80},"cqklsf5_16":{"ID":4928,"P_3ID":104,"P_1ID":20,"GROUP_NAME":"第六球","SHOWCLS":"blue","ODDS":19.80,"NUM":"16","NUM_NAME":"16","CODE":"cqklsf5","SORT":15.0,"STATE":0,"ST":false,"BET_AMT":null,"ODDS_A":19.80,"ODDS_B":19.80,"ODDS_C":19.80},"cqklsf5_17":{"ID":4929,"P_3ID":104,"P_1ID":20,"GROUP_NAME":"第六球","SHOWCLS":"blue","ODDS":19.80,"NUM":"17","NUM_NAME":"17","CODE":"cqklsf5","SORT":16.0,"STATE":0,"ST":false,"BET_AMT":null,"ODDS_A":19.80,"ODDS_B":19.80,"ODDS_C":19.80},"cqklsf5_18":{"ID":4913,"P_3ID":104,"P_1ID":20,"GROUP_NAME":"第六球","SHOWCLS":"blue","ODDS":19.80,"NUM":"18","NUM_NAME":"18","CODE":"cqklsf5","SORT":17.0,"STATE":0,"ST":false,"BET_AMT":null,"ODDS_A":19.80,"ODDS_B":19.80,"ODDS_C":19.80},"cqklsf5_19":{"ID":4930,"P_3ID":104,"P_1ID":20,"GROUP_NAME":"第六球","SHOWCLS":"blue","ODDS":19.80,"NUM":"19","NUM_NAME":"19","CODE":"cqklsf5","SORT":18.0,"STATE":0,"ST":false,"BET_AMT":null,"ODDS_A":19.80,"ODDS_B":19.80,"ODDS_C":19.80},"cqklsf5_20":{"ID":4931,"P_3ID":104,"P_1ID":20,"GROUP_NAME":"第六球","SHOWCLS":"blue","ODDS":19.80,"NUM":"20","NUM_NAME":"20","CODE":"cqklsf5","SORT":19.0,"STATE":0,"ST":false,"BET_AMT":null,"ODDS_A":19.80,"ODDS_B":19.80,"ODDS_C":19.80},"cqklsf5_大":{"ID":4916,"P_3ID":104,"P_1ID":20,"GROUP_NAME":"第六球","SHOWCLS":"red","ODDS":1.96,"NUM":"大","NUM_NAME":"大","CODE":"cqklsf5","SORT":20.0,"STATE":0,"ST":false,"BET_AMT":null,"ODDS_A":1.96,"ODDS_B":1.98,"ODDS_C":1.98},"cqklsf5_小":{"ID":4932,"P_3ID":104,"P_1ID":20,"GROUP_NAME":"第六球","SHOWCLS":"green","ODDS":1.96,"NUM":"小","NUM_NAME":"小","CODE":"cqklsf5","SORT":21.0,"STATE":0,"ST":false,"BET_AMT":null,"ODDS_A":1.96,"ODDS_B":1.98,"ODDS_C":1.98},"cqklsf5_单":{"ID":4914,"P_3ID":104,"P_1ID":20,"GROUP_NAME":"第六球","SHOWCLS":"red","ODDS":1.96,"NUM":"单","NUM_NAME":"单","CODE":"cqklsf5","SORT":22.0,"STATE":0,"ST":false,"BET_AMT":null,"ODDS_A":1.96,"ODDS_B":1.98,"ODDS_C":1.98},"cqklsf5_双":{"ID":4933,"P_3ID":104,"P_1ID":20,"GROUP_NAME":"第六球","SHOWCLS":"green","ODDS":1.96,"NUM":"双","NUM_NAME":"双","CODE":"cqklsf5","SORT":23.0,"STATE":0,"ST":false,"BET_AMT":null,"ODDS_A":1.96,"ODDS_B":1.98,"ODDS_C":1.98},"cqklsf5_尾大":{"ID":4934,"P_3ID":104,"P_1ID":20,"GROUP_NAME":"第六球","SHOWCLS":"text","ODDS":1.96,"NUM":"尾大","NUM_NAME":"尾大","CODE":"cqklsf5","SORT":24.0,"STATE":0,"ST":false,"BET_AMT":null,"ODDS_A":1.96,"ODDS_B":1.98,"ODDS_C":1.98},"cqklsf5_尾小":{"ID":4935,"P_3ID":104,"P_1ID":20,"GROUP_NAME":"第六球","SHOWCLS":"text","ODDS":1.96,"NUM":"尾小","NUM_NAME":"尾小","CODE":"cqklsf5","SORT":25.0,"STATE":0,"ST":false,"BET_AMT":null,"ODDS_A":1.96,"ODDS_B":1.98,"ODDS_C":1.98},"cqklsf5_合单":{"ID":4936,"P_3ID":104,"P_1ID":20,"GROUP_NAME":"第六球","SHOWCLS":"text","ODDS":1.96,"NUM":"合单","NUM_NAME":"合单","CODE":"cqklsf5","SORT":26.0,"STATE":0,"ST":false,"BET_AMT":null,"ODDS_A":1.96,"ODDS_B":1.98,"ODDS_C":1.98},"cqklsf5_合双":{"ID":4937,"P_3ID":104,"P_1ID":20,"GROUP_NAME":"第六球","SHOWCLS":"text","ODDS":1.96,"NUM":"合双","NUM_NAME":"合双","CODE":"cqklsf5","SORT":27.0,"STATE":0,"ST":false,"BET_AMT":null,"ODDS_A":1.96,"ODDS_B":1.98,"ODDS_C":1.98},"cqklsf5_东":{"ID":4938,"P_3ID":104,"P_1ID":20,"GROUP_NAME":"第六球","SHOWCLS":"text","ODDS":3.61,"NUM":"东","NUM_NAME":"东","CODE":"cqklsf5","SORT":28.0,"STATE":0,"ST":false,"BET_AMT":null,"ODDS_A":3.76,"ODDS_B":3.76,"ODDS_C":3.76},"cqklsf5_南":{"ID":4939,"P_3ID":104,"P_1ID":20,"GROUP_NAME":"第六球","SHOWCLS":"text","ODDS":3.61,"NUM":"南","NUM_NAME":"南","CODE":"cqklsf5","SORT":29.0,"STATE":0,"ST":false,"BET_AMT":null,"ODDS_A":3.76,"ODDS_B":3.76,"ODDS_C":3.76},"cqklsf5_西":{"ID":4917,"P_3ID":104,"P_1ID":20,"GROUP_NAME":"第六球","SHOWCLS":"text","ODDS":3.61,"NUM":"西","NUM_NAME":"西","CODE":"cqklsf5","SORT":30.0,"STATE":0,"ST":false,"BET_AMT":null,"ODDS_A":3.76,"ODDS_B":3.76,"ODDS_C":3.76},"cqklsf5_北":{"ID":4940,"P_3ID":104,"P_1ID":20,"GROUP_NAME":"第六球","SHOWCLS":"text","ODDS":3.61,"NUM":"北","NUM_NAME":"北","CODE":"cqklsf5","SORT":31.0,"STATE":0,"ST":false,"BET_AMT":null,"ODDS_A":3.76,"ODDS_B":3.76,"ODDS_C":3.76},"cqklsf5_中":{"ID":4941,"P_3ID":104,"P_1ID":20,"GROUP_NAME":"第六球","SHOWCLS":"text","ODDS":2.55,"NUM":"中","NUM_NAME":"中","CODE":"cqklsf5","SORT":32.0,"STATE":0,"ST":false,"BET_AMT":null,"ODDS_A":2.70,"ODDS_B":2.70,"ODDS_C":2.70},"cqklsf5_发":{"ID":4915,"P_3ID":104,"P_1ID":20,"GROUP_NAME":"第六球","SHOWCLS":"text","ODDS":2.55,"NUM":"发","NUM_NAME":"发","CODE":"cqklsf5","SORT":33.0,"STATE":0,"ST":false,"BET_AMT":null,"ODDS_A":2.70,"ODDS_B":2.70,"ODDS_C":2.70},"cqklsf5_白":{"ID":4942,"P_3ID":104,"P_1ID":20,"GROUP_NAME":"第六球","SHOWCLS":"text","ODDS":2.70,"NUM":"白","NUM_NAME":"白","CODE":"cqklsf5","SORT":34.0,"STATE":0,"ST":false,"BET_AMT":null,"ODDS_A":2.85,"ODDS_B":2.85,"ODDS_C":2.85}},"cqklsf6":{"cqklsf6_1":{"ID":4943,"P_3ID":105,"P_1ID":20,"GROUP_NAME":"第七球","SHOWCLS":"blue","ODDS":19.80,"NUM":"1","NUM_NAME":"1","CODE":"cqklsf6","SORT":0.0,"STATE":0,"ST":false,"BET_AMT":null,"ODDS_A":19.80,"ODDS_B":19.80,"ODDS_C":19.80},"cqklsf6_2":{"ID":4946,"P_3ID":105,"P_1ID":20,"GROUP_NAME":"第七球","SHOWCLS":"blue","ODDS":19.80,"NUM":"2","NUM_NAME":"2","CODE":"cqklsf6","SORT":1.0,"STATE":0,"ST":false,"BET_AMT":null,"ODDS_A":19.80,"ODDS_B":19.80,"ODDS_C":19.80},"cqklsf6_3":{"ID":4947,"P_3ID":105,"P_1ID":20,"GROUP_NAME":"第七球","SHOWCLS":"blue","ODDS":19.80,"NUM":"3","NUM_NAME":"3","CODE":"cqklsf6","SORT":2.0,"STATE":0,"ST":false,"BET_AMT":null,"ODDS_A":19.80,"ODDS_B":19.80,"ODDS_C":19.80},"cqklsf6_4":{"ID":4948,"P_3ID":105,"P_1ID":20,"GROUP_NAME":"第七球","SHOWCLS":"blue","ODDS":19.80,"NUM":"4","NUM_NAME":"4","CODE":"cqklsf6","SORT":3.0,"STATE":0,"ST":false,"BET_AMT":null,"ODDS_A":19.80,"ODDS_B":19.80,"ODDS_C":19.80},"cqklsf6_5":{"ID":4944,"P_3ID":105,"P_1ID":20,"GROUP_NAME":"第七球","SHOWCLS":"blue","ODDS":19.80,"NUM":"5","NUM_NAME":"5","CODE":"cqklsf6","SORT":4.0,"STATE":0,"ST":false,"BET_AMT":null,"ODDS_A":19.80,"ODDS_B":19.80,"ODDS_C":19.80},"cqklsf6_6":{"ID":4949,"P_3ID":105,"P_1ID":20,"GROUP_NAME":"第七球","SHOWCLS":"blue","ODDS":19.80,"NUM":"6","NUM_NAME":"6","CODE":"cqklsf6","SORT":5.0,"STATE":0,"ST":false,"BET_AMT":null,"ODDS_A":19.80,"ODDS_B":19.80,"ODDS_C":19.80},"cqklsf6_7":{"ID":4950,"P_3ID":105,"P_1ID":20,"GROUP_NAME":"第七球","SHOWCLS":"blue","ODDS":19.80,"NUM":"7","NUM_NAME":"7","CODE":"cqklsf6","SORT":6.0,"STATE":0,"ST":false,"BET_AMT":null,"ODDS_A":19.80,"ODDS_B":19.80,"ODDS_C":19.80},"cqklsf6_8":{"ID":4945,"P_3ID":105,"P_1ID":20,"GROUP_NAME":"第七球","SHOWCLS":"blue","ODDS":19.80,"NUM":"8","NUM_NAME":"8","CODE":"cqklsf6","SORT":7.0,"STATE":0,"ST":false,"BET_AMT":null,"ODDS_A":19.80,"ODDS_B":19.80,"ODDS_C":19.80},"cqklsf6_9":{"ID":4951,"P_3ID":105,"P_1ID":20,"GROUP_NAME":"第七球","SHOWCLS":"blue","ODDS":19.80,"NUM":"9","NUM_NAME":"9","CODE":"cqklsf6","SORT":8.0,"STATE":0,"ST":false,"BET_AMT":null,"ODDS_A":19.80,"ODDS_B":19.80,"ODDS_C":19.80},"cqklsf6_10":{"ID":4952,"P_3ID":105,"P_1ID":20,"GROUP_NAME":"第七球","SHOWCLS":"blue","ODDS":19.80,"NUM":"10","NUM_NAME":"10","CODE":"cqklsf6","SORT":9.0,"STATE":0,"ST":false,"BET_AMT":null,"ODDS_A":19.80,"ODDS_B":19.80,"ODDS_C":19.80},"cqklsf6_11":{"ID":4953,"P_3ID":105,"P_1ID":20,"GROUP_NAME":"第七球","SHOWCLS":"blue","ODDS":19.80,"NUM":"11","NUM_NAME":"11","CODE":"cqklsf6","SORT":10.0,"STATE":0,"ST":false,"BET_AMT":null,"ODDS_A":19.80,"ODDS_B":19.80,"ODDS_C":19.80},"cqklsf6_12":{"ID":4954,"P_3ID":105,"P_1ID":20,"GROUP_NAME":"第七球","SHOWCLS":"blue","ODDS":19.80,"NUM":"12","NUM_NAME":"12","CODE":"cqklsf6","SORT":11.0,"STATE":0,"ST":false,"BET_AMT":null,"ODDS_A":19.80,"ODDS_B":19.80,"ODDS_C":19.80},"cqklsf6_13":{"ID":4955,"P_3ID":105,"P_1ID":20,"GROUP_NAME":"第七球","SHOWCLS":"blue","ODDS":19.80,"NUM":"13","NUM_NAME":"13","CODE":"cqklsf6","SORT":12.0,"STATE":0,"ST":false,"BET_AMT":null,"ODDS_A":19.80,"ODDS_B":19.80,"ODDS_C":19.80},"cqklsf6_14":{"ID":4956,"P_3ID":105,"P_1ID":20,"GROUP_NAME":"第七球","SHOWCLS":"blue","ODDS":19.80,"NUM":"14","NUM_NAME":"14","CODE":"cqklsf6","SORT":13.0,"STATE":0,"ST":false,"BET_AMT":null,"ODDS_A":19.80,"ODDS_B":19.80,"ODDS_C":19.80},"cqklsf6_15":{"ID":4957,"P_3ID":105,"P_1ID":20,"GROUP_NAME":"第七球","SHOWCLS":"blue","ODDS":19.80,"NUM":"15","NUM_NAME":"15","CODE":"cqklsf6","SORT":14.0,"STATE":0,"ST":false,"BET_AMT":null,"ODDS_A":19.80,"ODDS_B":19.80,"ODDS_C":19.80},"cqklsf6_16":{"ID":4958,"P_3ID":105,"P_1ID":20,"GROUP_NAME":"第七球","SHOWCLS":"blue","ODDS":19.80,"NUM":"16","NUM_NAME":"16","CODE":"cqklsf6","SORT":15.0,"STATE":0,"ST":false,"BET_AMT":null,"ODDS_A":19.80,"ODDS_B":19.80,"ODDS_C":19.80},"cqklsf6_17":{"ID":4959,"P_3ID":105,"P_1ID":20,"GROUP_NAME":"第七球","SHOWCLS":"blue","ODDS":19.80,"NUM":"17","NUM_NAME":"17","CODE":"cqklsf6","SORT":16.0,"STATE":0,"ST":false,"BET_AMT":null,"ODDS_A":19.80,"ODDS_B":19.80,"ODDS_C":19.80},"cqklsf6_18":{"ID":4960,"P_3ID":105,"P_1ID":20,"GROUP_NAME":"第七球","SHOWCLS":"blue","ODDS":19.80,"NUM":"18","NUM_NAME":"18","CODE":"cqklsf6","SORT":17.0,"STATE":0,"ST":false,"BET_AMT":null,"ODDS_A":19.80,"ODDS_B":19.80,"ODDS_C":19.80},"cqklsf6_19":{"ID":4961,"P_3ID":105,"P_1ID":20,"GROUP_NAME":"第七球","SHOWCLS":"blue","ODDS":19.80,"NUM":"19","NUM_NAME":"19","CODE":"cqklsf6","SORT":18.0,"STATE":0,"ST":false,"BET_AMT":null,"ODDS_A":19.80,"ODDS_B":19.80,"ODDS_C":19.80},"cqklsf6_20":{"ID":4962,"P_3ID":105,"P_1ID":20,"GROUP_NAME":"第七球","SHOWCLS":"blue","ODDS":19.80,"NUM":"20","NUM_NAME":"20","CODE":"cqklsf6","SORT":19.0,"STATE":0,"ST":false,"BET_AMT":null,"ODDS_A":19.80,"ODDS_B":19.80,"ODDS_C":19.80},"cqklsf6_大":{"ID":4963,"P_3ID":105,"P_1ID":20,"GROUP_NAME":"第七球","SHOWCLS":"red","ODDS":1.96,"NUM":"大","NUM_NAME":"大","CODE":"cqklsf6","SORT":20.0,"STATE":0,"ST":false,"BET_AMT":null,"ODDS_A":1.96,"ODDS_B":1.98,"ODDS_C":1.98},"cqklsf6_小":{"ID":4964,"P_3ID":105,"P_1ID":20,"GROUP_NAME":"第七球","SHOWCLS":"green","ODDS":1.96,"NUM":"小","NUM_NAME":"小","CODE":"cqklsf6","SORT":21.0,"STATE":0,"ST":false,"BET_AMT":null,"ODDS_A":1.96,"ODDS_B":1.98,"ODDS_C":1.98},"cqklsf6_单":{"ID":4965,"P_3ID":105,"P_1ID":20,"GROUP_NAME":"第七球","SHOWCLS":"red","ODDS":1.96,"NUM":"单","NUM_NAME":"单","CODE":"cqklsf6","SORT":22.0,"STATE":0,"ST":false,"BET_AMT":null,"ODDS_A":1.96,"ODDS_B":1.98,"ODDS_C":1.98},"cqklsf6_双":{"ID":4966,"P_3ID":105,"P_1ID":20,"GROUP_NAME":"第七球","SHOWCLS":"green","ODDS":1.96,"NUM":"双","NUM_NAME":"双","CODE":"cqklsf6","SORT":23.0,"STATE":0,"ST":false,"BET_AMT":null,"ODDS_A":1.96,"ODDS_B":1.98,"ODDS_C":1.98},"cqklsf6_尾大":{"ID":4967,"P_3ID":105,"P_1ID":20,"GROUP_NAME":"第七球","SHOWCLS":"text","ODDS":1.96,"NUM":"尾大","NUM_NAME":"尾大","CODE":"cqklsf6","SORT":24.0,"STATE":0,"ST":false,"BET_AMT":null,"ODDS_A":1.96,"ODDS_B":1.98,"ODDS_C":1.98},"cqklsf6_尾小":{"ID":4968,"P_3ID":105,"P_1ID":20,"GROUP_NAME":"第七球","SHOWCLS":"text","ODDS":1.96,"NUM":"尾小","NUM_NAME":"尾小","CODE":"cqklsf6","SORT":25.0,"STATE":0,"ST":false,"BET_AMT":null,"ODDS_A":1.96,"ODDS_B":1.98,"ODDS_C":1.98},"cqklsf6_合单":{"ID":4969,"P_3ID":105,"P_1ID":20,"GROUP_NAME":"第七球","SHOWCLS":"text","ODDS":1.96,"NUM":"合单","NUM_NAME":"合单","CODE":"cqklsf6","SORT":26.0,"STATE":0,"ST":false,"BET_AMT":null,"ODDS_A":1.96,"ODDS_B":1.98,"ODDS_C":1.98},"cqklsf6_合双":{"ID":4970,"P_3ID":105,"P_1ID":20,"GROUP_NAME":"第七球","SHOWCLS":"text","ODDS":1.96,"NUM":"合双","NUM_NAME":"合双","CODE":"cqklsf6","SORT":27.0,"STATE":0,"ST":false,"BET_AMT":null,"ODDS_A":1.96,"ODDS_B":1.98,"ODDS_C":1.98},"cqklsf6_东":{"ID":4971,"P_3ID":105,"P_1ID":20,"GROUP_NAME":"第七球","SHOWCLS":"text","ODDS":3.61,"NUM":"东","NUM_NAME":"东","CODE":"cqklsf6","SORT":28.0,"STATE":0,"ST":false,"BET_AMT":null,"ODDS_A":3.76,"ODDS_B":3.76,"ODDS_C":3.76},"cqklsf6_南":{"ID":4972,"P_3ID":105,"P_1ID":20,"GROUP_NAME":"第七球","SHOWCLS":"text","ODDS":3.61,"NUM":"南","NUM_NAME":"南","CODE":"cqklsf6","SORT":29.0,"STATE":0,"ST":false,"BET_AMT":null,"ODDS_A":3.76,"ODDS_B":3.76,"ODDS_C":3.76},"cqklsf6_西":{"ID":4973,"P_3ID":105,"P_1ID":20,"GROUP_NAME":"第七球","SHOWCLS":"text","ODDS":3.61,"NUM":"西","NUM_NAME":"西","CODE":"cqklsf6","SORT":30.0,"STATE":0,"ST":false,"BET_AMT":null,"ODDS_A":3.76,"ODDS_B":3.76,"ODDS_C":3.76},"cqklsf6_北":{"ID":4974,"P_3ID":105,"P_1ID":20,"GROUP_NAME":"第七球","SHOWCLS":"text","ODDS":3.61,"NUM":"北","NUM_NAME":"北","CODE":"cqklsf6","SORT":31.0,"STATE":0,"ST":false,"BET_AMT":null,"ODDS_A":3.76,"ODDS_B":3.76,"ODDS_C":3.76},"cqklsf6_中":{"ID":4975,"P_3ID":105,"P_1ID":20,"GROUP_NAME":"第七球","SHOWCLS":"text","ODDS":2.55,"NUM":"中","NUM_NAME":"中","CODE":"cqklsf6","SORT":32.0,"STATE":0,"ST":false,"BET_AMT":null,"ODDS_A":2.70,"ODDS_B":2.70,"ODDS_C":2.70},"cqklsf6_发":{"ID":4976,"P_3ID":105,"P_1ID":20,"GROUP_NAME":"第七球","SHOWCLS":"text","ODDS":2.55,"NUM":"发","NUM_NAME":"发","CODE":"cqklsf6","SORT":33.0,"STATE":0,"ST":false,"BET_AMT":null,"ODDS_A":2.70,"ODDS_B":2.70,"ODDS_C":2.70},"cqklsf6_白":{"ID":4977,"P_3ID":105,"P_1ID":20,"GROUP_NAME":"第七球","SHOWCLS":"text","ODDS":2.70,"NUM":"白","NUM_NAME":"白","CODE":"cqklsf6","SORT":34.0,"STATE":0,"ST":false,"BET_AMT":null,"ODDS_A":2.85,"ODDS_B":2.85,"ODDS_C":2.85}},"cqklsf7":{"cqklsf7_1":{"ID":4982,"P_3ID":106,"P_1ID":20,"GROUP_NAME":"第八球","SHOWCLS":"blue","ODDS":19.80,"NUM":"1","NUM_NAME":"1","CODE":"cqklsf7","SORT":0.0,"STATE":0,"ST":false,"BET_AMT":null,"ODDS_A":19.80,"ODDS_B":19.80,"ODDS_C":19.80},"cqklsf7_2":{"ID":4983,"P_3ID":106,"P_1ID":20,"GROUP_NAME":"第八球","SHOWCLS":"blue","ODDS":19.80,"NUM":"2","NUM_NAME":"2","CODE":"cqklsf7","SORT":1.0,"STATE":0,"ST":false,"BET_AMT":null,"ODDS_A":19.80,"ODDS_B":19.80,"ODDS_C":19.80},"cqklsf7_3":{"ID":4984,"P_3ID":106,"P_1ID":20,"GROUP_NAME":"第八球","SHOWCLS":"blue","ODDS":19.80,"NUM":"3","NUM_NAME":"3","CODE":"cqklsf7","SORT":2.0,"STATE":0,"ST":false,"BET_AMT":null,"ODDS_A":19.80,"ODDS_B":19.80,"ODDS_C":19.80},"cqklsf7_4":{"ID":4985,"P_3ID":106,"P_1ID":20,"GROUP_NAME":"第八球","SHOWCLS":"blue","ODDS":19.80,"NUM":"4","NUM_NAME":"4","CODE":"cqklsf7","SORT":3.0,"STATE":0,"ST":false,"BET_AMT":null,"ODDS_A":19.80,"ODDS_B":19.80,"ODDS_C":19.80},"cqklsf7_5":{"ID":4986,"P_3ID":106,"P_1ID":20,"GROUP_NAME":"第八球","SHOWCLS":"blue","ODDS":19.80,"NUM":"5","NUM_NAME":"5","CODE":"cqklsf7","SORT":4.0,"STATE":0,"ST":false,"BET_AMT":null,"ODDS_A":19.80,"ODDS_B":19.80,"ODDS_C":19.80},"cqklsf7_6":{"ID":4987,"P_3ID":106,"P_1ID":20,"GROUP_NAME":"第八球","SHOWCLS":"blue","ODDS":19.80,"NUM":"6","NUM_NAME":"6","CODE":"cqklsf7","SORT":5.0,"STATE":0,"ST":false,"BET_AMT":null,"ODDS_A":19.80,"ODDS_B":19.80,"ODDS_C":19.80},"cqklsf7_7":{"ID":4988,"P_3ID":106,"P_1ID":20,"GROUP_NAME":"第八球","SHOWCLS":"blue","ODDS":19.80,"NUM":"7","NUM_NAME":"7","CODE":"cqklsf7","SORT":6.0,"STATE":0,"ST":false,"BET_AMT":null,"ODDS_A":19.80,"ODDS_B":19.80,"ODDS_C":19.80},"cqklsf7_8":{"ID":4989,"P_3ID":106,"P_1ID":20,"GROUP_NAME":"第八球","SHOWCLS":"blue","ODDS":19.80,"NUM":"8","NUM_NAME":"8","CODE":"cqklsf7","SORT":7.0,"STATE":0,"ST":false,"BET_AMT":null,"ODDS_A":19.80,"ODDS_B":19.80,"ODDS_C":19.80},"cqklsf7_9":{"ID":4978,"P_3ID":106,"P_1ID":20,"GROUP_NAME":"第八球","SHOWCLS":"blue","ODDS":19.80,"NUM":"9","NUM_NAME":"9","CODE":"cqklsf7","SORT":8.0,"STATE":0,"ST":false,"BET_AMT":null,"ODDS_A":19.80,"ODDS_B":19.80,"ODDS_C":19.80},"cqklsf7_10":{"ID":4990,"P_3ID":106,"P_1ID":20,"GROUP_NAME":"第八球","SHOWCLS":"blue","ODDS":19.80,"NUM":"10","NUM_NAME":"10","CODE":"cqklsf7","SORT":9.0,"STATE":0,"ST":false,"BET_AMT":null,"ODDS_A":19.80,"ODDS_B":19.80,"ODDS_C":19.80},"cqklsf7_11":{"ID":4991,"P_3ID":106,"P_1ID":20,"GROUP_NAME":"第八球","SHOWCLS":"blue","ODDS":19.80,"NUM":"11","NUM_NAME":"11","CODE":"cqklsf7","SORT":10.0,"STATE":0,"ST":false,"BET_AMT":null,"ODDS_A":19.80,"ODDS_B":19.80,"ODDS_C":19.80},"cqklsf7_12":{"ID":4979,"P_3ID":106,"P_1ID":20,"GROUP_NAME":"第八球","SHOWCLS":"blue","ODDS":19.80,"NUM":"12","NUM_NAME":"12","CODE":"cqklsf7","SORT":11.0,"STATE":0,"ST":false,"BET_AMT":null,"ODDS_A":19.80,"ODDS_B":19.80,"ODDS_C":19.80},"cqklsf7_13":{"ID":4992,"P_3ID":106,"P_1ID":20,"GROUP_NAME":"第八球","SHOWCLS":"blue","ODDS":19.80,"NUM":"13","NUM_NAME":"13","CODE":"cqklsf7","SORT":12.0,"STATE":0,"ST":false,"BET_AMT":null,"ODDS_A":19.80,"ODDS_B":19.80,"ODDS_C":19.80},"cqklsf7_14":{"ID":4993,"P_3ID":106,"P_1ID":20,"GROUP_NAME":"第八球","SHOWCLS":"blue","ODDS":19.80,"NUM":"14","NUM_NAME":"14","CODE":"cqklsf7","SORT":13.0,"STATE":0,"ST":false,"BET_AMT":null,"ODDS_A":19.80,"ODDS_B":19.80,"ODDS_C":19.80},"cqklsf7_15":{"ID":4980,"P_3ID":106,"P_1ID":20,"GROUP_NAME":"第八球","SHOWCLS":"blue","ODDS":19.80,"NUM":"15","NUM_NAME":"15","CODE":"cqklsf7","SORT":14.0,"STATE":0,"ST":false,"BET_AMT":null,"ODDS_A":19.80,"ODDS_B":19.80,"ODDS_C":19.80},"cqklsf7_16":{"ID":4994,"P_3ID":106,"P_1ID":20,"GROUP_NAME":"第八球","SHOWCLS":"blue","ODDS":19.80,"NUM":"16","NUM_NAME":"16","CODE":"cqklsf7","SORT":15.0,"STATE":0,"ST":false,"BET_AMT":null,"ODDS_A":19.80,"ODDS_B":19.80,"ODDS_C":19.80},"cqklsf7_17":{"ID":4995,"P_3ID":106,"P_1ID":20,"GROUP_NAME":"第八球","SHOWCLS":"blue","ODDS":19.80,"NUM":"17","NUM_NAME":"17","CODE":"cqklsf7","SORT":16.0,"STATE":0,"ST":false,"BET_AMT":null,"ODDS_A":19.80,"ODDS_B":19.80,"ODDS_C":19.80},"cqklsf7_18":{"ID":4996,"P_3ID":106,"P_1ID":20,"GROUP_NAME":"第八球","SHOWCLS":"blue","ODDS":19.80,"NUM":"18","NUM_NAME":"18","CODE":"cqklsf7","SORT":17.0,"STATE":0,"ST":false,"BET_AMT":null,"ODDS_A":19.80,"ODDS_B":19.80,"ODDS_C":19.80},"cqklsf7_19":{"ID":4981,"P_3ID":106,"P_1ID":20,"GROUP_NAME":"第八球","SHOWCLS":"blue","ODDS":19.80,"NUM":"19","NUM_NAME":"19","CODE":"cqklsf7","SORT":18.0,"STATE":0,"ST":false,"BET_AMT":null,"ODDS_A":19.80,"ODDS_B":19.80,"ODDS_C":19.80},"cqklsf7_20":{"ID":4997,"P_3ID":106,"P_1ID":20,"GROUP_NAME":"第八球","SHOWCLS":"blue","ODDS":19.80,"NUM":"20","NUM_NAME":"20","CODE":"cqklsf7","SORT":19.0,"STATE":0,"ST":false,"BET_AMT":null,"ODDS_A":19.80,"ODDS_B":19.80,"ODDS_C":19.80},"cqklsf7_大":{"ID":4998,"P_3ID":106,"P_1ID":20,"GROUP_NAME":"第八球","SHOWCLS":"red","ODDS":1.96,"NUM":"大","NUM_NAME":"大","CODE":"cqklsf7","SORT":20.0,"STATE":0,"ST":false,"BET_AMT":null,"ODDS_A":1.96,"ODDS_B":1.98,"ODDS_C":1.98},"cqklsf7_小":{"ID":4999,"P_3ID":106,"P_1ID":20,"GROUP_NAME":"第八球","SHOWCLS":"green","ODDS":1.96,"NUM":"小","NUM_NAME":"小","CODE":"cqklsf7","SORT":21.0,"STATE":0,"ST":false,"BET_AMT":null,"ODDS_A":1.96,"ODDS_B":1.98,"ODDS_C":1.98},"cqklsf7_单":{"ID":5000,"P_3ID":106,"P_1ID":20,"GROUP_NAME":"第八球","SHOWCLS":"red","ODDS":1.96,"NUM":"单","NUM_NAME":"单","CODE":"cqklsf7","SORT":22.0,"STATE":0,"ST":false,"BET_AMT":null,"ODDS_A":1.96,"ODDS_B":1.98,"ODDS_C":1.98},"cqklsf7_双":{"ID":5001,"P_3ID":106,"P_1ID":20,"GROUP_NAME":"第八球","SHOWCLS":"green","ODDS":1.96,"NUM":"双","NUM_NAME":"双","CODE":"cqklsf7","SORT":23.0,"STATE":0,"ST":false,"BET_AMT":null,"ODDS_A":1.96,"ODDS_B":1.98,"ODDS_C":1.98},"cqklsf7_尾大":{"ID":5002,"P_3ID":106,"P_1ID":20,"GROUP_NAME":"第八球","SHOWCLS":"text","ODDS":1.96,"NUM":"尾大","NUM_NAME":"尾大","CODE":"cqklsf7","SORT":24.0,"STATE":0,"ST":false,"BET_AMT":null,"ODDS_A":1.96,"ODDS_B":1.98,"ODDS_C":1.98},"cqklsf7_尾小":{"ID":5003,"P_3ID":106,"P_1ID":20,"GROUP_NAME":"第八球","SHOWCLS":"text","ODDS":1.96,"NUM":"尾小","NUM_NAME":"尾小","CODE":"cqklsf7","SORT":25.0,"STATE":0,"ST":false,"BET_AMT":null,"ODDS_A":1.96,"ODDS_B":1.98,"ODDS_C":1.98},"cqklsf7_合单":{"ID":5004,"P_3ID":106,"P_1ID":20,"GROUP_NAME":"第八球","SHOWCLS":"text","ODDS":1.96,"NUM":"合单","NUM_NAME":"合单","CODE":"cqklsf7","SORT":26.0,"STATE":0,"ST":false,"BET_AMT":null,"ODDS_A":1.96,"ODDS_B":1.98,"ODDS_C":1.98},"cqklsf7_合双":{"ID":5005,"P_3ID":106,"P_1ID":20,"GROUP_NAME":"第八球","SHOWCLS":"text","ODDS":1.96,"NUM":"合双","NUM_NAME":"合双","CODE":"cqklsf7","SORT":27.0,"STATE":0,"ST":false,"BET_AMT":null,"ODDS_A":1.96,"ODDS_B":1.98,"ODDS_C":1.98},"cqklsf7_东":{"ID":5006,"P_3ID":106,"P_1ID":20,"GROUP_NAME":"第八球","SHOWCLS":"text","ODDS":3.61,"NUM":"东","NUM_NAME":"东","CODE":"cqklsf7","SORT":28.0,"STATE":0,"ST":false,"BET_AMT":null,"ODDS_A":3.76,"ODDS_B":3.76,"ODDS_C":3.76},"cqklsf7_南":{"ID":5007,"P_3ID":106,"P_1ID":20,"GROUP_NAME":"第八球","SHOWCLS":"text","ODDS":3.61,"NUM":"南","NUM_NAME":"南","CODE":"cqklsf7","SORT":29.0,"STATE":0,"ST":false,"BET_AMT":null,"ODDS_A":3.76,"ODDS_B":3.76,"ODDS_C":3.76},"cqklsf7_西":{"ID":5008,"P_3ID":106,"P_1ID":20,"GROUP_NAME":"第八球","SHOWCLS":"text","ODDS":3.61,"NUM":"西","NUM_NAME":"西","CODE":"cqklsf7","SORT":30.0,"STATE":0,"ST":false,"BET_AMT":null,"ODDS_A":3.76,"ODDS_B":3.76,"ODDS_C":3.76},"cqklsf7_北":{"ID":5009,"P_3ID":106,"P_1ID":20,"GROUP_NAME":"第八球","SHOWCLS":"text","ODDS":3.61,"NUM":"北","NUM_NAME":"北","CODE":"cqklsf7","SORT":31.0,"STATE":0,"ST":false,"BET_AMT":null,"ODDS_A":3.76,"ODDS_B":3.76,"ODDS_C":3.76},"cqklsf7_中":{"ID":5010,"P_3ID":106,"P_1ID":20,"GROUP_NAME":"第八球","SHOWCLS":"text","ODDS":2.55,"NUM":"中","NUM_NAME":"中","CODE":"cqklsf7","SORT":32.0,"STATE":0,"ST":false,"BET_AMT":null,"ODDS_A":2.70,"ODDS_B":2.70,"ODDS_C":2.70},"cqklsf7_发":{"ID":5011,"P_3ID":106,"P_1ID":20,"GROUP_NAME":"第八球","SHOWCLS":"text","ODDS":2.55,"NUM":"发","NUM_NAME":"发","CODE":"cqklsf7","SORT":33.0,"STATE":0,"ST":false,"BET_AMT":null,"ODDS_A":2.70,"ODDS_B":2.70,"ODDS_C":2.70},"cqklsf7_白":{"ID":5012,"P_3ID":106,"P_1ID":20,"GROUP_NAME":"第八球","SHOWCLS":"text","ODDS":2.70,"NUM":"白","NUM_NAME":"白","CODE":"cqklsf7","SORT":34.0,"STATE":0,"ST":false,"BET_AMT":null,"ODDS_A":2.85,"ODDS_B":2.85,"ODDS_C":2.85}},"cqklsf8":{"cqklsf8_总和大":{"ID":5013,"P_3ID":107,"P_1ID":20,"GROUP_NAME":"总和-龙虎","SHOWCLS":"text","ODDS":1.96,"NUM":"总和大","NUM_NAME":"总和大","CODE":"cqklsf8","SORT":1.0,"STATE":0,"ST":false,"BET_AMT":null,"ODDS_A":1.96,"ODDS_B":1.98,"ODDS_C":1.98},"cqklsf8_总和小":{"ID":5014,"P_3ID":107,"P_1ID":20,"GROUP_NAME":"总和-龙虎","SHOWCLS":"text","ODDS":1.96,"NUM":"总和小","NUM_NAME":"总和小","CODE":"cqklsf8","SORT":2.0,"STATE":0,"ST":false,"BET_AMT":null,"ODDS_A":1.96,"ODDS_B":1.98,"ODDS_C":1.98},"cqklsf8_单":{"ID":5015,"P_3ID":107,"P_1ID":20,"GROUP_NAME":"总和-龙虎","SHOWCLS":"text","ODDS":1.96,"NUM":"单","NUM_NAME":"总和单","CODE":"cqklsf8","SORT":3.0,"STATE":0,"ST":false,"BET_AMT":null,"ODDS_A":1.96,"ODDS_B":1.98,"ODDS_C":1.98},"cqklsf8_双":{"ID":5016,"P_3ID":107,"P_1ID":20,"GROUP_NAME":"总和-龙虎","SHOWCLS":"text","ODDS":1.96,"NUM":"双","NUM_NAME":"总和双","CODE":"cqklsf8","SORT":4.0,"STATE":0,"ST":false,"BET_AMT":null,"ODDS_A":1.96,"ODDS_B":1.98,"ODDS_C":1.98},"cqklsf8_尾大":{"ID":5017,"P_3ID":107,"P_1ID":20,"GROUP_NAME":"总和-龙虎","SHOWCLS":"text","ODDS":1.96,"NUM":"尾大","NUM_NAME":"总和尾大","CODE":"cqklsf8","SORT":5.0,"STATE":0,"ST":false,"BET_AMT":null,"ODDS_A":1.96,"ODDS_B":1.98,"ODDS_C":1.98},"cqklsf8_尾小":{"ID":5018,"P_3ID":107,"P_1ID":20,"GROUP_NAME":"总和-龙虎","SHOWCLS":"text","ODDS":1.96,"NUM":"尾小","NUM_NAME":"总和尾小","CODE":"cqklsf8","SORT":6.0,"STATE":0,"ST":false,"BET_AMT":null,"ODDS_A":1.96,"ODDS_B":1.98,"ODDS_C":1.98},"cqklsf8_龙":{"ID":5019,"P_3ID":107,"P_1ID":20,"GROUP_NAME":"总和-龙虎","SHOWCLS":"text","ODDS":1.96,"NUM":"龙","NUM_NAME":"龙","CODE":"cqklsf8","SORT":7.0,"STATE":0,"ST":false,"BET_AMT":null,"ODDS_A":1.96,"ODDS_B":1.98,"ODDS_C":1.98},"cqklsf8_虎":{"ID":5020,"P_3ID":107,"P_1ID":20,"GROUP_NAME":"总和-龙虎","SHOWCLS":"text","ODDS":1.96,"NUM":"虎","NUM_NAME":"虎","CODE":"cqklsf8","SORT":8.0,"STATE":0,"ST":false,"BET_AMT":null,"ODDS_A":1.96,"ODDS_B":1.98,"ODDS_C":1.98}}}
