{"cqssc0":{"cqssc0_0":{"ID":354,"P_3ID":43,"P_1ID":16,"GROUP_NAME":"第一球","SHOWCLS":"blue","ODDS":9.855,"NUM":"0","NUM_NAME":"0","CODE":"cqssc0","SORT":1,"STATE":0,"ST":false,"BET_AMT":null,"RETURN_RATE":0},"cqssc0_1":{"ID":356,"P_3ID":43,"P_1ID":16,"GROUP_NAME":"第一球","SHOWCLS":"blue","ODDS":9.855,"NUM":"1","NUM_NAME":"1","CODE":"cqssc0","SORT":2,"STATE":0,"ST":false,"BET_AMT":null,"RETURN_RATE":0},"cqssc0_2":{"ID":358,"P_3ID":43,"P_1ID":16,"GROUP_NAME":"第一球","SHOWCLS":"blue","ODDS":9.855,"NUM":"2","NUM_NAME":"2","CODE":"cqssc0","SORT":3,"STATE":0,"ST":false,"BET_AMT":null,"RETURN_RATE":0},"cqssc0_3":{"ID":364,"P_3ID":43,"P_1ID":16,"GROUP_NAME":"第一球","SHOWCLS":"blue","ODDS":9.855,"NUM":"3","NUM_NAME":"3","CODE":"cqssc0","SORT":4,"STATE":0,"ST":false,"BET_AMT":null,"RETURN_RATE":0},"cqssc0_4":{"ID":365,"P_3ID":43,"P_1ID":16,"GROUP_NAME":"第一球","SHOWCLS":"blue","ODDS":9.855,"NUM":"4","NUM_NAME":"4","CODE":"cqssc0","SORT":5,"STATE":0,"ST":false,"BET_AMT":null,"RETURN_RATE":0},"cqssc0_5":{"ID":366,"P_3ID":43,"P_1ID":16,"GROUP_NAME":"第一球","SHOWCLS":"blue","ODDS":9.855,"NUM":"5","NUM_NAME":"5","CODE":"cqssc0","SORT":6,"STATE":0,"ST":false,"BET_AMT":null,"RETURN_RATE":0},"cqssc0_6":{"ID":367,"P_3ID":43,"P_1ID":16,"GROUP_NAME":"第一球","SHOWCLS":"blue","ODDS":9.855,"NUM":"6","NUM_NAME":"6","CODE":"cqssc0","SORT":7,"STATE":0,"ST":false,"BET_AMT":null,"RETURN_RATE":0},"cqssc0_7":{"ID":368,"P_3ID":43,"P_1ID":16,"GROUP_NAME":"第一球","SHOWCLS":"blue","ODDS":9.855,"NUM":"7","NUM_NAME":"7","CODE":"cqssc0","SORT":8,"STATE":0,"ST":false,"BET_AMT":null,"RETURN_RATE":0},"cqssc0_8":{"ID":369,"P_3ID":43,"P_1ID":16,"GROUP_NAME":"第一球","SHOWCLS":"blue","ODDS":9.855,"NUM":"8","NUM_NAME":"8","CODE":"cqssc0","SORT":9,"STATE":0,"ST":false,"BET_AMT":null,"RETURN_RATE":0},"cqssc0_9":{"ID":370,"P_3ID":43,"P_1ID":16,"GROUP_NAME":"第一球","SHOWCLS":"blue","ODDS":9.855,"NUM":"9","NUM_NAME":"9","CODE":"cqssc0","SORT":10,"STATE":0,"ST":false,"BET_AMT":null,"RETURN_RATE":0},"cqssc0_大":{"ID":371,"P_3ID":43,"P_1ID":16,"GROUP_NAME":"第一球","SHOWCLS":"text","ODDS":1.969,"NUM":"大","NUM_NAME":"大","CODE":"cqssc0","SORT":11,"STATE":0,"ST":false,"BET_AMT":null,"RETURN_RATE":0},"cqssc0_小":{"ID":372,"P_3ID":43,"P_1ID":16,"GROUP_NAME":"第一球","SHOWCLS":"text","ODDS":1.969,"NUM":"小","NUM_NAME":"小","CODE":"cqssc0","SORT":12,"STATE":0,"ST":false,"BET_AMT":null,"RETURN_RATE":0},"cqssc0_单":{"ID":373,"P_3ID":43,"P_1ID":16,"GROUP_NAME":"第一球","SHOWCLS":"text","ODDS":1.969,"NUM":"单","NUM_NAME":"单","CODE":"cqssc0","SORT":13,"STATE":0,"ST":false,"BET_AMT":null,"RETURN_RATE":0},"cqssc0_双":{"ID":374,"P_3ID":43,"P_1ID":16,"GROUP_NAME":"第一球","SHOWCLS":"text","ODDS":1.969,"NUM":"双","NUM_NAME":"双","CODE":"cqssc0","SORT":14,"STATE":0,"ST":false,"BET_AMT":null,"RETURN_RATE":0}},"cqssc1":{"cqssc1_0":{"ID":340,"P_3ID":44,"P_1ID":16,"GROUP_NAME":"第二球","SHOWCLS":"blue","ODDS":9.855,"NUM":"0","NUM_NAME":"0","CODE":"cqssc1","SORT":1,"STATE":0,"ST":false,"BET_AMT":null,"RETURN_RATE":0},"cqssc1_1":{"ID":341,"P_3ID":44,"P_1ID":16,"GROUP_NAME":"第二球","SHOWCLS":"blue","ODDS":9.855,"NUM":"1","NUM_NAME":"1","CODE":"cqssc1","SORT":2,"STATE":0,"ST":false,"BET_AMT":null,"RETURN_RATE":0},"cqssc1_2":{"ID":342,"P_3ID":44,"P_1ID":16,"GROUP_NAME":"第二球","SHOWCLS":"blue","ODDS":9.855,"NUM":"2","NUM_NAME":"2","CODE":"cqssc1","SORT":3,"STATE":0,"ST":false,"BET_AMT":null,"RETURN_RATE":0},"cqssc1_3":{"ID":343,"P_3ID":44,"P_1ID":16,"GROUP_NAME":"第二球","SHOWCLS":"blue","ODDS":9.855,"NUM":"3","NUM_NAME":"3","CODE":"cqssc1","SORT":4,"STATE":0,"ST":false,"BET_AMT":null,"RETURN_RATE":0},"cqssc1_4":{"ID":344,"P_3ID":44,"P_1ID":16,"GROUP_NAME":"第二球","SHOWCLS":"blue","ODDS":9.855,"NUM":"4","NUM_NAME":"4","CODE":"cqssc1","SORT":5,"STATE":0,"ST":false,"BET_AMT":null,"RETURN_RATE":0},"cqssc1_5":{"ID":345,"P_3ID":44,"P_1ID":16,"GROUP_NAME":"第二球","SHOWCLS":"blue","ODDS":9.855,"NUM":"5","NUM_NAME":"5","CODE":"cqssc1","SORT":6,"STATE":0,"ST":false,"BET_AMT":null,"RETURN_RATE":0},"cqssc1_6":{"ID":346,"P_3ID":44,"P_1ID":16,"GROUP_NAME":"第二球","SHOWCLS":"blue","ODDS":9.855,"NUM":"6","NUM_NAME":"6","CODE":"cqssc1","SORT":7,"STATE":0,"ST":false,"BET_AMT":null,"RETURN_RATE":0},"cqssc1_7":{"ID":347,"P_3ID":44,"P_1ID":16,"GROUP_NAME":"第二球","SHOWCLS":"blue","ODDS":9.855,"NUM":"7","NUM_NAME":"7","CODE":"cqssc1","SORT":8,"STATE":0,"ST":false,"BET_AMT":null,"RETURN_RATE":0},"cqssc1_8":{"ID":348,"P_3ID":44,"P_1ID":16,"GROUP_NAME":"第二球","SHOWCLS":"blue","ODDS":9.855,"NUM":"8","NUM_NAME":"8","CODE":"cqssc1","SORT":9,"STATE":0,"ST":false,"BET_AMT":null,"RETURN_RATE":0},"cqssc1_9":{"ID":349,"P_3ID":44,"P_1ID":16,"GROUP_NAME":"第二球","SHOWCLS":"blue","ODDS":9.855,"NUM":"9","NUM_NAME":"9","CODE":"cqssc1","SORT":10,"STATE":0,"ST":false,"BET_AMT":null,"RETURN_RATE":0},"cqssc1_大":{"ID":350,"P_3ID":44,"P_1ID":16,"GROUP_NAME":"第二球","SHOWCLS":"text","ODDS":1.969,"NUM":"大","NUM_NAME":"大","CODE":"cqssc1","SORT":11,"STATE":0,"ST":false,"BET_AMT":null,"RETURN_RATE":0},"cqssc1_小":{"ID":351,"P_3ID":44,"P_1ID":16,"GROUP_NAME":"第二球","SHOWCLS":"text","ODDS":1.969,"NUM":"小","NUM_NAME":"小","CODE":"cqssc1","SORT":12,"STATE":0,"ST":false,"BET_AMT":null,"RETURN_RATE":0},"cqssc1_单":{"ID":352,"P_3ID":44,"P_1ID":16,"GROUP_NAME":"第二球","SHOWCLS":"text","ODDS":1.969,"NUM":"单","NUM_NAME":"单","CODE":"cqssc1","SORT":13,"STATE":0,"ST":false,"BET_AMT":null,"RETURN_RATE":0},"cqssc1_双":{"ID":353,"P_3ID":44,"P_1ID":16,"GROUP_NAME":"第二球","SHOWCLS":"text","ODDS":1.969,"NUM":"双","NUM_NAME":"双","CODE":"cqssc1","SORT":14,"STATE":0,"ST":false,"BET_AMT":null,"RETURN_RATE":0}},"cqssc10":{"cqssc10_五条":{"ID":952,"P_3ID":53,"P_1ID":16,"GROUP_NAME":"梭哈","SHOWCLS":"text","ODDS":108.845,"NUM":"五条","NUM_NAME":"五条","CODE":"cqssc10","SORT":1,"STATE":0,"ST":false,"BET_AMT":null,"RETURN_RATE":0},"cqssc10_四条":{"ID":953,"P_3ID":53,"P_1ID":16,"GROUP_NAME":"梭哈","SHOWCLS":"text","ODDS":97.812,"NUM":"四条","NUM_NAME":"四条","CODE":"cqssc10","SORT":2,"STATE":0,"ST":false,"BET_AMT":null,"RETURN_RATE":0},"cqssc10_葫芦":{"ID":954,"P_3ID":53,"P_1ID":16,"GROUP_NAME":"梭哈","SHOWCLS":"text","ODDS":69.116,"NUM":"葫芦","NUM_NAME":"葫芦","CODE":"cqssc10","SORT":3,"STATE":0,"ST":false,"BET_AMT":null,"RETURN_RATE":0},"cqssc10_顺子":{"ID":955,"P_3ID":53,"P_1ID":16,"GROUP_NAME":"梭哈","SHOWCLS":"text","ODDS":59.221,"NUM":"顺子","NUM_NAME":"顺子","CODE":"cqssc10","SORT":4,"STATE":0,"ST":false,"BET_AMT":null,"RETURN_RATE":0},"cqssc10_三条":{"ID":956,"P_3ID":53,"P_1ID":16,"GROUP_NAME":"梭哈","SHOWCLS":"text","ODDS":10.637,"NUM":"三条","NUM_NAME":"三条","CODE":"cqssc10","SORT":5,"STATE":0,"ST":false,"BET_AMT":null,"RETURN_RATE":0},"cqssc10_两对":{"ID":957,"P_3ID":53,"P_1ID":16,"GROUP_NAME":"梭哈","SHOWCLS":"text","ODDS":7.074,"NUM":"两对","NUM_NAME":"两对","CODE":"cqssc10","SORT":6,"STATE":0,"ST":false,"BET_AMT":null,"RETURN_RATE":0},"cqssc10_一对":{"ID":958,"P_3ID":53,"P_1ID":16,"GROUP_NAME":"梭哈","SHOWCLS":"text","ODDS":1.692,"NUM":"一对","NUM_NAME":"一对","CODE":"cqssc10","SORT":7,"STATE":0,"ST":false,"BET_AMT":null,"RETURN_RATE":0},"cqssc10_散号":{"ID":959,"P_3ID":53,"P_1ID":16,"GROUP_NAME":"梭哈","SHOWCLS":"text","ODDS":2.681,"NUM":"散号","NUM_NAME":"散号","CODE":"cqssc10","SORT":8,"STATE":0,"ST":false,"BET_AMT":null,"RETURN_RATE":0}},"cqssc2":{"cqssc2_0":{"ID":375,"P_3ID":45,"P_1ID":16,"GROUP_NAME":"第三球","SHOWCLS":"blue","ODDS":9.855,"NUM":"0","NUM_NAME":"0","CODE":"cqssc2","SORT":1,"STATE":0,"ST":false,"BET_AMT":null,"RETURN_RATE":0},"cqssc2_1":{"ID":376,"P_3ID":45,"P_1ID":16,"GROUP_NAME":"第三球","SHOWCLS":"blue","ODDS":9.855,"NUM":"1","NUM_NAME":"1","CODE":"cqssc2","SORT":2,"STATE":0,"ST":false,"BET_AMT":null,"RETURN_RATE":0},"cqssc2_2":{"ID":377,"P_3ID":45,"P_1ID":16,"GROUP_NAME":"第三球","SHOWCLS":"blue","ODDS":9.855,"NUM":"2","NUM_NAME":"2","CODE":"cqssc2","SORT":3,"STATE":0,"ST":false,"BET_AMT":null,"RETURN_RATE":0},"cqssc2_3":{"ID":378,"P_3ID":45,"P_1ID":16,"GROUP_NAME":"第三球","SHOWCLS":"blue","ODDS":9.855,"NUM":"3","NUM_NAME":"3","CODE":"cqssc2","SORT":4,"STATE":0,"ST":false,"BET_AMT":null,"RETURN_RATE":0},"cqssc2_4":{"ID":379,"P_3ID":45,"P_1ID":16,"GROUP_NAME":"第三球","SHOWCLS":"blue","ODDS":9.855,"NUM":"4","NUM_NAME":"4","CODE":"cqssc2","SORT":5,"STATE":0,"ST":false,"BET_AMT":null,"RETURN_RATE":0},"cqssc2_5":{"ID":380,"P_3ID":45,"P_1ID":16,"GROUP_NAME":"第三球","SHOWCLS":"blue","ODDS":9.855,"NUM":"5","NUM_NAME":"5","CODE":"cqssc2","SORT":6,"STATE":0,"ST":false,"BET_AMT":null,"RETURN_RATE":0},"cqssc2_6":{"ID":381,"P_3ID":45,"P_1ID":16,"GROUP_NAME":"第三球","SHOWCLS":"blue","ODDS":9.855,"NUM":"6","NUM_NAME":"6","CODE":"cqssc2","SORT":7,"STATE":0,"ST":false,"BET_AMT":null,"RETURN_RATE":0},"cqssc2_7":{"ID":382,"P_3ID":45,"P_1ID":16,"GROUP_NAME":"第三球","SHOWCLS":"blue","ODDS":9.855,"NUM":"7","NUM_NAME":"7","CODE":"cqssc2","SORT":8,"STATE":0,"ST":false,"BET_AMT":null,"RETURN_RATE":0},"cqssc2_8":{"ID":383,"P_3ID":45,"P_1ID":16,"GROUP_NAME":"第三球","SHOWCLS":"blue","ODDS":9.855,"NUM":"8","NUM_NAME":"8","CODE":"cqssc2","SORT":9,"STATE":0,"ST":false,"BET_AMT":null,"RETURN_RATE":0},"cqssc2_9":{"ID":384,"P_3ID":45,"P_1ID":16,"GROUP_NAME":"第三球","SHOWCLS":"blue","ODDS":9.855,"NUM":"9","NUM_NAME":"9","CODE":"cqssc2","SORT":10,"STATE":0,"ST":false,"BET_AMT":null,"RETURN_RATE":0},"cqssc2_大":{"ID":385,"P_3ID":45,"P_1ID":16,"GROUP_NAME":"第三球","SHOWCLS":"text","ODDS":1.969,"NUM":"大","NUM_NAME":"大","CODE":"cqssc2","SORT":11,"STATE":0,"ST":false,"BET_AMT":null,"RETURN_RATE":0},"cqssc2_小":{"ID":386,"P_3ID":45,"P_1ID":16,"GROUP_NAME":"第三球","SHOWCLS":"text","ODDS":1.969,"NUM":"小","NUM_NAME":"小","CODE":"cqssc2","SORT":12,"STATE":0,"ST":false,"BET_AMT":null,"RETURN_RATE":0},"cqssc2_单":{"ID":387,"P_3ID":45,"P_1ID":16,"GROUP_NAME":"第三球","SHOWCLS":"text","ODDS":1.969,"NUM":"单","NUM_NAME":"单","CODE":"cqssc2","SORT":13,"STATE":0,"ST":false,"BET_AMT":null,"RETURN_RATE":0},"cqssc2_双":{"ID":388,"P_3ID":45,"P_1ID":16,"GROUP_NAME":"第三球","SHOWCLS":"text","ODDS":1.969,"NUM":"双","NUM_NAME":"双","CODE":"cqssc2","SORT":14,"STATE":0,"ST":false,"BET_AMT":null,"RETURN_RATE":0}},"cqssc3":{"cqssc3_0":{"ID":389,"P_3ID":46,"P_1ID":16,"GROUP_NAME":"第四球","SHOWCLS":"blue","ODDS":9.855,"NUM":"0","NUM_NAME":"0","CODE":"cqssc3","SORT":1,"STATE":0,"ST":false,"BET_AMT":null,"RETURN_RATE":0},"cqssc3_1":{"ID":390,"P_3ID":46,"P_1ID":16,"GROUP_NAME":"第四球","SHOWCLS":"blue","ODDS":9.855,"NUM":"1","NUM_NAME":"1","CODE":"cqssc3","SORT":2,"STATE":0,"ST":false,"BET_AMT":null,"RETURN_RATE":0},"cqssc3_2":{"ID":391,"P_3ID":46,"P_1ID":16,"GROUP_NAME":"第四球","SHOWCLS":"blue","ODDS":9.855,"NUM":"2","NUM_NAME":"2","CODE":"cqssc3","SORT":3,"STATE":0,"ST":false,"BET_AMT":null,"RETURN_RATE":0},"cqssc3_3":{"ID":392,"P_3ID":46,"P_1ID":16,"GROUP_NAME":"第四球","SHOWCLS":"blue","ODDS":9.855,"NUM":"3","NUM_NAME":"3","CODE":"cqssc3","SORT":4,"STATE":0,"ST":false,"BET_AMT":null,"RETURN_RATE":0},"cqssc3_4":{"ID":393,"P_3ID":46,"P_1ID":16,"GROUP_NAME":"第四球","SHOWCLS":"blue","ODDS":9.855,"NUM":"4","NUM_NAME":"4","CODE":"cqssc3","SORT":5,"STATE":0,"ST":false,"BET_AMT":null,"RETURN_RATE":0},"cqssc3_5":{"ID":394,"P_3ID":46,"P_1ID":16,"GROUP_NAME":"第四球","SHOWCLS":"blue","ODDS":9.855,"NUM":"5","NUM_NAME":"5","CODE":"cqssc3","SORT":6,"STATE":0,"ST":false,"BET_AMT":null,"RETURN_RATE":0},"cqssc3_6":{"ID":395,"P_3ID":46,"P_1ID":16,"GROUP_NAME":"第四球","SHOWCLS":"blue","ODDS":9.855,"NUM":"6","NUM_NAME":"6","CODE":"cqssc3","SORT":7,"STATE":0,"ST":false,"BET_AMT":null,"RETURN_RATE":0},"cqssc3_7":{"ID":396,"P_3ID":46,"P_1ID":16,"GROUP_NAME":"第四球","SHOWCLS":"blue","ODDS":9.855,"NUM":"7","NUM_NAME":"7","CODE":"cqssc3","SORT":8,"STATE":0,"ST":false,"BET_AMT":null,"RETURN_RATE":0},"cqssc3_8":{"ID":397,"P_3ID":46,"P_1ID":16,"GROUP_NAME":"第四球","SHOWCLS":"blue","ODDS":9.855,"NUM":"8","NUM_NAME":"8","CODE":"cqssc3","SORT":9,"STATE":0,"ST":false,"BET_AMT":null,"RETURN_RATE":0},"cqssc3_9":{"ID":398,"P_3ID":46,"P_1ID":16,"GROUP_NAME":"第四球","SHOWCLS":"blue","ODDS":9.855,"NUM":"9","NUM_NAME":"9","CODE":"cqssc3","SORT":10,"STATE":0,"ST":false,"BET_AMT":null,"RETURN_RATE":0},"cqssc3_大":{"ID":399,"P_3ID":46,"P_1ID":16,"GROUP_NAME":"第四球","SHOWCLS":"text","ODDS":1.969,"NUM":"大","NUM_NAME":"大","CODE":"cqssc3","SORT":11,"STATE":0,"ST":false,"BET_AMT":null,"RETURN_RATE":0},"cqssc3_小":{"ID":400,"P_3ID":46,"P_1ID":16,"GROUP_NAME":"第四球","SHOWCLS":"text","ODDS":1.969,"NUM":"小","NUM_NAME":"小","CODE":"cqssc3","SORT":12,"STATE":0,"ST":false,"BET_AMT":null,"RETURN_RATE":0},"cqssc3_单":{"ID":401,"P_3ID":46,"P_1ID":16,"GROUP_NAME":"第四球","SHOWCLS":"text","ODDS":1.969,"NUM":"单","NUM_NAME":"单","CODE":"cqssc3","SORT":13,"STATE":0,"ST":false,"BET_AMT":null,"RETURN_RATE":0},"cqssc3_双":{"ID":402,"P_3ID":46,"P_1ID":16,"GROUP_NAME":"第四球","SHOWCLS":"text","ODDS":1.969,"NUM":"双","NUM_NAME":"双","CODE":"cqssc3","SORT":14,"STATE":0,"ST":false,"BET_AMT":null,"RETURN_RATE":0}},"cqssc4":{"cqssc4_0":{"ID":403,"P_3ID":47,"P_1ID":16,"GROUP_NAME":"第五球","SHOWCLS":"blue","ODDS":9.855,"NUM":"0","NUM_NAME":"0","CODE":"cqssc4","SORT":1,"STATE":0,"ST":false,"BET_AMT":null,"RETURN_RATE":0},"cqssc4_1":{"ID":404,"P_3ID":47,"P_1ID":16,"GROUP_NAME":"第五球","SHOWCLS":"blue","ODDS":9.855,"NUM":"1","NUM_NAME":"1","CODE":"cqssc4","SORT":2,"STATE":0,"ST":false,"BET_AMT":null,"RETURN_RATE":0},"cqssc4_2":{"ID":405,"P_3ID":47,"P_1ID":16,"GROUP_NAME":"第五球","SHOWCLS":"blue","ODDS":9.855,"NUM":"2","NUM_NAME":"2","CODE":"cqssc4","SORT":3,"STATE":0,"ST":false,"BET_AMT":null,"RETURN_RATE":0},"cqssc4_3":{"ID":406,"P_3ID":47,"P_1ID":16,"GROUP_NAME":"第五球","SHOWCLS":"blue","ODDS":9.855,"NUM":"3","NUM_NAME":"3","CODE":"cqssc4","SORT":4,"STATE":0,"ST":false,"BET_AMT":null,"RETURN_RATE":0},"cqssc4_4":{"ID":407,"P_3ID":47,"P_1ID":16,"GROUP_NAME":"第五球","SHOWCLS":"blue","ODDS":9.855,"NUM":"4","NUM_NAME":"4","CODE":"cqssc4","SORT":5,"STATE":0,"ST":false,"BET_AMT":null,"RETURN_RATE":0},"cqssc4_5":{"ID":408,"P_3ID":47,"P_1ID":16,"GROUP_NAME":"第五球","SHOWCLS":"blue","ODDS":9.855,"NUM":"5","NUM_NAME":"5","CODE":"cqssc4","SORT":6,"STATE":0,"ST":false,"BET_AMT":null,"RETURN_RATE":0},"cqssc4_6":{"ID":409,"P_3ID":47,"P_1ID":16,"GROUP_NAME":"第五球","SHOWCLS":"blue","ODDS":9.855,"NUM":"6","NUM_NAME":"6","CODE":"cqssc4","SORT":7,"STATE":0,"ST":false,"BET_AMT":null,"RETURN_RATE":0},"cqssc4_7":{"ID":410,"P_3ID":47,"P_1ID":16,"GROUP_NAME":"第五球","SHOWCLS":"blue","ODDS":9.855,"NUM":"7","NUM_NAME":"7","CODE":"cqssc4","SORT":8,"STATE":0,"ST":false,"BET_AMT":null,"RETURN_RATE":0},"cqssc4_8":{"ID":411,"P_3ID":47,"P_1ID":16,"GROUP_NAME":"第五球","SHOWCLS":"blue","ODDS":9.855,"NUM":"8","NUM_NAME":"8","CODE":"cqssc4","SORT":9,"STATE":0,"ST":false,"BET_AMT":null,"RETURN_RATE":0},"cqssc4_9":{"ID":412,"P_3ID":47,"P_1ID":16,"GROUP_NAME":"第五球","SHOWCLS":"blue","ODDS":9.855,"NUM":"9","NUM_NAME":"9","CODE":"cqssc4","SORT":10,"STATE":0,"ST":false,"BET_AMT":null,"RETURN_RATE":0},"cqssc4_大":{"ID":413,"P_3ID":47,"P_1ID":16,"GROUP_NAME":"第五球","SHOWCLS":"text","ODDS":1.969,"NUM":"大","NUM_NAME":"大","CODE":"cqssc4","SORT":11,"STATE":0,"ST":false,"BET_AMT":null,"RETURN_RATE":0},"cqssc4_小":{"ID":414,"P_3ID":47,"P_1ID":16,"GROUP_NAME":"第五球","SHOWCLS":"text","ODDS":1.969,"NUM":"小","NUM_NAME":"小","CODE":"cqssc4","SORT":12,"STATE":0,"ST":false,"BET_AMT":null,"RETURN_RATE":0},"cqssc4_单":{"ID":415,"P_3ID":47,"P_1ID":16,"GROUP_NAME":"第五球","SHOWCLS":"text","ODDS":1.969,"NUM":"单","NUM_NAME":"单","CODE":"cqssc4","SORT":13,"STATE":0,"ST":false,"BET_AMT":null,"RETURN_RATE":0},"cqssc4_双":{"ID":416,"P_3ID":47,"P_1ID":16,"GROUP_NAME":"第五球","SHOWCLS":"text","ODDS":1.969,"NUM":"双","NUM_NAME":"双","CODE":"cqssc4","SORT":14,"STATE":0,"ST":false,"BET_AMT":null,"RETURN_RATE":0}},"cqssc5":{"cqssc5_大":{"ID":417,"P_3ID":48,"P_1ID":16,"GROUP_NAME":"总和-龙虎","SHOWCLS":"text","ODDS":1.969,"NUM":"大","NUM_NAME":"总和大","CODE":"cqssc5","SORT":1,"STATE":0,"ST":false,"BET_AMT":null,"RETURN_RATE":0},"cqssc5_小":{"ID":418,"P_3ID":48,"P_1ID":16,"GROUP_NAME":"总和-龙虎","SHOWCLS":"text","ODDS":1.969,"NUM":"小","NUM_NAME":"总和小","CODE":"cqssc5","SORT":2,"STATE":0,"ST":false,"BET_AMT":null,"RETURN_RATE":0},"cqssc5_单":{"ID":419,"P_3ID":48,"P_1ID":16,"GROUP_NAME":"总和-龙虎","SHOWCLS":"text","ODDS":1.969,"NUM":"单","NUM_NAME":"总和单","CODE":"cqssc5","SORT":3,"STATE":0,"ST":false,"BET_AMT":null,"RETURN_RATE":0},"cqssc5_双":{"ID":420,"P_3ID":48,"P_1ID":16,"GROUP_NAME":"总和-龙虎","SHOWCLS":"text","ODDS":1.969,"NUM":"双","NUM_NAME":"总和双","CODE":"cqssc5","SORT":4,"STATE":0,"ST":false,"BET_AMT":null,"RETURN_RATE":0},"cqssc5_龙":{"ID":421,"P_3ID":48,"P_1ID":16,"GROUP_NAME":"总和-龙虎","SHOWCLS":"text","ODDS":1.969,"NUM":"龙","NUM_NAME":"龙","CODE":"cqssc5","SORT":5,"STATE":0,"ST":false,"BET_AMT":null,"RETURN_RATE":0},"cqssc5_虎":{"ID":422,"P_3ID":48,"P_1ID":16,"GROUP_NAME":"总和-龙虎","SHOWCLS":"text","ODDS":1.969,"NUM":"虎","NUM_NAME":"虎","CODE":"cqssc5","SORT":6,"STATE":0,"ST":false,"BET_AMT":null,"RETURN_RATE":0},"cqssc5_和":{"ID":423,"P_3ID":48,"P_1ID":16,"GROUP_NAME":"总和-龙虎","SHOWCLS":"text","ODDS":9.4,"NUM":"和","NUM_NAME":"和","CODE":"cqssc5","SORT":7,"STATE":0,"ST":false,"BET_AMT":null,"RETURN_RATE":0}},"cqssc6":{"cqssc6_豹子":{"ID":424,"P_3ID":49,"P_1ID":16,"GROUP_NAME":"前三球","SHOWCLS":"text","ODDS":84.107,"NUM":"豹子","NUM_NAME":"豹子","CODE":"cqssc6","SORT":1,"STATE":0,"ST":false,"BET_AMT":null,"RETURN_RATE":0},"cqssc6_顺子":{"ID":425,"P_3ID":49,"P_1ID":16,"GROUP_NAME":"前三球","SHOWCLS":"text","ODDS":15.832,"NUM":"顺子","NUM_NAME":"顺子","CODE":"cqssc6","SORT":2,"STATE":0,"ST":false,"BET_AMT":null,"RETURN_RATE":0},"cqssc6_对子":{"ID":426,"P_3ID":49,"P_1ID":16,"GROUP_NAME":"前三球","SHOWCLS":"text","ODDS":3.562,"NUM":"对子","NUM_NAME":"对子","CODE":"cqssc6","SORT":3,"STATE":0,"ST":false,"BET_AMT":null,"RETURN_RATE":0},"cqssc6_半顺":{"ID":427,"P_3ID":49,"P_1ID":16,"GROUP_NAME":"前三球","SHOWCLS":"text","ODDS":2.671,"NUM":"半顺","NUM_NAME":"半顺","CODE":"cqssc6","SORT":4,"STATE":0,"ST":false,"BET_AMT":null,"RETURN_RATE":0},"cqssc6_杂六":{"ID":428,"P_3ID":49,"P_1ID":16,"GROUP_NAME":"前三球","SHOWCLS":"text","ODDS":3.166,"NUM":"杂六","NUM_NAME":"杂六","CODE":"cqssc6","SORT":5,"STATE":0,"ST":false,"BET_AMT":null,"RETURN_RATE":0}},"cqssc7":{"cqssc7_豹子":{"ID":429,"P_3ID":50,"P_1ID":16,"GROUP_NAME":"中三球","SHOWCLS":"text","ODDS":84.107,"NUM":"豹子","NUM_NAME":"豹子","CODE":"cqssc7","SORT":1,"STATE":0,"ST":false,"BET_AMT":null,"RETURN_RATE":0},"cqssc7_顺子":{"ID":430,"P_3ID":50,"P_1ID":16,"GROUP_NAME":"中三球","SHOWCLS":"text","ODDS":15.832,"NUM":"顺子","NUM_NAME":"顺子","CODE":"cqssc7","SORT":2,"STATE":0,"ST":false,"BET_AMT":null,"RETURN_RATE":0},"cqssc7_对子":{"ID":431,"P_3ID":50,"P_1ID":16,"GROUP_NAME":"中三球","SHOWCLS":"text","ODDS":3.562,"NUM":"对子","NUM_NAME":"对子","CODE":"cqssc7","SORT":3,"STATE":0,"ST":false,"BET_AMT":null,"RETURN_RATE":0},"cqssc7_半顺":{"ID":432,"P_3ID":50,"P_1ID":16,"GROUP_NAME":"中三球","SHOWCLS":"text","ODDS":2.671,"NUM":"半顺","NUM_NAME":"半顺","CODE":"cqssc7","SORT":4,"STATE":0,"ST":false,"BET_AMT":null,"RETURN_RATE":0},"cqssc7_杂六":{"ID":433,"P_3ID":50,"P_1ID":16,"GROUP_NAME":"中三球","SHOWCLS":"text","ODDS":3.166,"NUM":"杂六","NUM_NAME":"杂六","CODE":"cqssc7","SORT":5,"STATE":0,"ST":false,"BET_AMT":null,"RETURN_RATE":0}},"cqssc8":{"cqssc8_豹子":{"ID":434,"P_3ID":51,"P_1ID":16,"GROUP_NAME":"后三球","SHOWCLS":"text","ODDS":84.107,"NUM":"豹子","NUM_NAME":"豹子","CODE":"cqssc8","SORT":1,"STATE":0,"ST":false,"BET_AMT":null,"RETURN_RATE":0},"cqssc8_顺子":{"ID":435,"P_3ID":51,"P_1ID":16,"GROUP_NAME":"后三球","SHOWCLS":"text","ODDS":15.832,"NUM":"顺子","NUM_NAME":"顺子","CODE":"cqssc8","SORT":2,"STATE":0,"ST":false,"BET_AMT":null,"RETURN_RATE":0},"cqssc8_对子":{"ID":436,"P_3ID":51,"P_1ID":16,"GROUP_NAME":"后三球","SHOWCLS":"text","ODDS":3.562,"NUM":"对子","NUM_NAME":"对子","CODE":"cqssc8","SORT":3,"STATE":0,"ST":false,"BET_AMT":null,"RETURN_RATE":0},"cqssc8_半顺":{"ID":437,"P_3ID":51,"P_1ID":16,"GROUP_NAME":"后三球","SHOWCLS":"text","ODDS":2.671,"NUM":"半顺","NUM_NAME":"半顺","CODE":"cqssc8","SORT":4,"STATE":0,"ST":false,"BET_AMT":null,"RETURN_RATE":0},"cqssc8_杂六":{"ID":438,"P_3ID":51,"P_1ID":16,"GROUP_NAME":"后三球","SHOWCLS":"text","ODDS":3.166,"NUM":"杂六","NUM_NAME":"杂六","CODE":"cqssc8","SORT":5,"STATE":0,"ST":false,"BET_AMT":null,"RETURN_RATE":0}},"cqssc9":{"cqssc9_没牛":{"ID":439,"P_3ID":52,"P_1ID":16,"GROUP_NAME":"斗牛","SHOWCLS":"text","ODDS":1.929,"NUM":"没牛","NUM_NAME":"没牛","CODE":"cqssc9","SORT":1,"STATE":0,"ST":false,"BET_AMT":null,"RETURN_RATE":0},"cqssc9_牛1":{"ID":440,"P_3ID":52,"P_1ID":16,"GROUP_NAME":"斗牛","SHOWCLS":"text","ODDS":8.974,"NUM":"牛1","NUM_NAME":"牛1","CODE":"cqssc9","SORT":2,"STATE":0,"ST":false,"BET_AMT":null,"RETURN_RATE":0},"cqssc9_牛2":{"ID":441,"P_3ID":52,"P_1ID":16,"GROUP_NAME":"斗牛","SHOWCLS":"text","ODDS":8.974,"NUM":"牛2","NUM_NAME":"牛2","CODE":"cqssc9","SORT":3,"STATE":0,"ST":false,"BET_AMT":null,"RETURN_RATE":0},"cqssc9_牛3":{"ID":442,"P_3ID":52,"P_1ID":16,"GROUP_NAME":"斗牛","SHOWCLS":"text","ODDS":8.974,"NUM":"牛3","NUM_NAME":"牛3","CODE":"cqssc9","SORT":4,"STATE":0,"ST":false,"BET_AMT":null,"RETURN_RATE":0},"cqssc9_牛4":{"ID":443,"P_3ID":52,"P_1ID":16,"GROUP_NAME":"斗牛","SHOWCLS":"text","ODDS":8.974,"NUM":"牛4","NUM_NAME":"牛4","CODE":"cqssc9","SORT":5,"STATE":0,"ST":false,"BET_AMT":null,"RETURN_RATE":0},"cqssc9_牛5":{"ID":444,"P_3ID":52,"P_1ID":16,"GROUP_NAME":"斗牛","SHOWCLS":"text","ODDS":8.974,"NUM":"牛5","NUM_NAME":"牛5","CODE":"cqssc9","SORT":6,"STATE":0,"ST":false,"BET_AMT":null,"RETURN_RATE":0},"cqssc9_牛6":{"ID":445,"P_3ID":52,"P_1ID":16,"GROUP_NAME":"斗牛","SHOWCLS":"text","ODDS":8.974,"NUM":"牛6","NUM_NAME":"牛6","CODE":"cqssc9","SORT":7,"STATE":0,"ST":false,"BET_AMT":null,"RETURN_RATE":0},"cqssc9_牛7":{"ID":446,"P_3ID":52,"P_1ID":16,"GROUP_NAME":"斗牛","SHOWCLS":"text","ODDS":8.974,"NUM":"牛7","NUM_NAME":"牛7","CODE":"cqssc9","SORT":8,"STATE":0,"ST":false,"BET_AMT":null,"RETURN_RATE":0},"cqssc9_牛8":{"ID":447,"P_3ID":52,"P_1ID":16,"GROUP_NAME":"斗牛","SHOWCLS":"text","ODDS":8.974,"NUM":"牛8","NUM_NAME":"牛8","CODE":"cqssc9","SORT":9,"STATE":0,"ST":false,"BET_AMT":null,"RETURN_RATE":0},"cqssc9_牛9":{"ID":448,"P_3ID":52,"P_1ID":16,"GROUP_NAME":"斗牛","SHOWCLS":"text","ODDS":8.974,"NUM":"牛9","NUM_NAME":"牛9","CODE":"cqssc9","SORT":10,"STATE":0,"ST":false,"BET_AMT":null,"RETURN_RATE":0},"cqssc9_牛牛":{"ID":449,"P_3ID":52,"P_1ID":16,"GROUP_NAME":"斗牛","SHOWCLS":"text","ODDS":8.974,"NUM":"牛牛","NUM_NAME":"牛牛","CODE":"cqssc9","SORT":11,"STATE":0,"ST":false,"BET_AMT":null,"RETURN_RATE":0},"cqssc9_牛大":{"ID":450,"P_3ID":52,"P_1ID":16,"GROUP_NAME":"斗牛","SHOWCLS":"text","ODDS":1.969,"NUM":"牛大","NUM_NAME":"牛大","CODE":"cqssc9","SORT":12,"STATE":0,"ST":false,"BET_AMT":null,"RETURN_RATE":0},"cqssc9_牛小":{"ID":451,"P_3ID":52,"P_1ID":16,"GROUP_NAME":"斗牛","SHOWCLS":"text","ODDS":1.969,"NUM":"牛小","NUM_NAME":"牛小","CODE":"cqssc9","SORT":13,"STATE":0,"ST":false,"BET_AMT":null,"RETURN_RATE":0},"cqssc9_牛单":{"ID":452,"P_3ID":52,"P_1ID":16,"GROUP_NAME":"斗牛","SHOWCLS":"text","ODDS":1.969,"NUM":"牛单","NUM_NAME":"牛单","CODE":"cqssc9","SORT":14,"STATE":0,"ST":false,"BET_AMT":null,"RETURN_RATE":0},"cqssc9_牛双":{"ID":453,"P_3ID":52,"P_1ID":16,"GROUP_NAME":"斗牛","SHOWCLS":"text","ODDS":1.969,"NUM":"牛双","NUM_NAME":"牛双","CODE":"cqssc9","SORT":15,"STATE":0,"ST":false,"BET_AMT":null,"RETURN_RATE":0}}}