{
	"gd11x50": {
		"gd11x50_1": {
			"ID": 6334,
			"P_3ID": 1147,
			"P_1ID": 1146,
			"GROUP_NAME": "第一球",
			"SHOWCLS": "blue",
			"ODDS": 10.80,
			"NUM": "1",
			"NUM_NAME": "1",
			"CODE": "gd11x50",
			"SORT": 1.0,
			"STATE": 0,
			"ST": false,
			"BET_AMT": null,
			"ODDS_A": 0.0,
			"ODDS_B": 0.0,
			"ODDS_C": 0.0
		},
		"gd11x50_2": {
			"ID": 6335,
			"P_3ID": 1147,
			"P_1ID": 1146,
			"GROUP_NAME": "第一球",
			"SHOWCLS": "blue",
			"ODDS": 10.80,
			"NUM": "2",
			"NUM_NAME": "2",
			"CODE": "gd11x50",
			"SORT": 2.0,
			"STATE": 0,
			"ST": false,
			"BET_AMT": null,
			"ODDS_A": 0.0,
			"ODDS_B": 0.0,
			"ODDS_C": 0.0
		},
		"gd11x50_3": {
			"ID": 6336,
			"P_3ID": 1147,
			"P_1ID": 1146,
			"GROUP_NAME": "第一球",
			"SHOWCLS": "blue",
			"ODDS": 10.80,
			"NUM": "3",
			"NUM_NAME": "3",
			"CODE": "gd11x50",
			"SORT": 3.0,
			"STATE": 0,
			"ST": false,
			"BET_AMT": null,
			"ODDS_A": 0.0,
			"ODDS_B": 0.0,
			"ODDS_C": 0.0
		},
		"gd11x50_4": {
			"ID": 6337,
			"P_3ID": 1147,
			"P_1ID": 1146,
			"GROUP_NAME": "第一球",
			"SHOWCLS": "blue",
			"ODDS": 10.80,
			"NUM": "4",
			"NUM_NAME": "4",
			"CODE": "gd11x50",
			"SORT": 4.0,
			"STATE": 0,
			"ST": false,
			"BET_AMT": null,
			"ODDS_A": 0.0,
			"ODDS_B": 0.0,
			"ODDS_C": 0.0
		},
		"gd11x50_5": {
			"ID": 6338,
			"P_3ID": 1147,
			"P_1ID": 1146,
			"GROUP_NAME": "第一球",
			"SHOWCLS": "blue",
			"ODDS": 10.80,
			"NUM": "5",
			"NUM_NAME": "5",
			"CODE": "gd11x50",
			"SORT": 5.0,
			"STATE": 0,
			"ST": false,
			"BET_AMT": null,
			"ODDS_A": 0.0,
			"ODDS_B": 0.0,
			"ODDS_C": 0.0
		},
		"gd11x50_6": {
			"ID": 6339,
			"P_3ID": 1147,
			"P_1ID": 1146,
			"GROUP_NAME": "第一球",
			"SHOWCLS": "blue",
			"ODDS": 10.80,
			"NUM": "6",
			"NUM_NAME": "6",
			"CODE": "gd11x50",
			"SORT": 6.0,
			"STATE": 0,
			"ST": false,
			"BET_AMT": null,
			"ODDS_A": 0.0,
			"ODDS_B": 0.0,
			"ODDS_C": 0.0
		},
		"gd11x50_7": {
			"ID": 6340,
			"P_3ID": 1147,
			"P_1ID": 1146,
			"GROUP_NAME": "第一球",
			"SHOWCLS": "blue",
			"ODDS": 10.80,
			"NUM": "7",
			"NUM_NAME": "7",
			"CODE": "gd11x50",
			"SORT": 7.0,
			"STATE": 0,
			"ST": false,
			"BET_AMT": null,
			"ODDS_A": 0.0,
			"ODDS_B": 0.0,
			"ODDS_C": 0.0
		},
		"gd11x50_8": {
			"ID": 6341,
			"P_3ID": 1147,
			"P_1ID": 1146,
			"GROUP_NAME": "第一球",
			"SHOWCLS": "blue",
			"ODDS": 10.80,
			"NUM": "8",
			"NUM_NAME": "8",
			"CODE": "gd11x50",
			"SORT": 8.0,
			"STATE": 0,
			"ST": false,
			"BET_AMT": null,
			"ODDS_A": 0.0,
			"ODDS_B": 0.0,
			"ODDS_C": 0.0
		},
		"gd11x50_9": {
			"ID": 6342,
			"P_3ID": 1147,
			"P_1ID": 1146,
			"GROUP_NAME": "第一球",
			"SHOWCLS": "blue",
			"ODDS": 10.80,
			"NUM": "9",
			"NUM_NAME": "9",
			"CODE": "gd11x50",
			"SORT": 9.0,
			"STATE": 0,
			"ST": false,
			"BET_AMT": null,
			"ODDS_A": 0.0,
			"ODDS_B": 0.0,
			"ODDS_C": 0.0
		},
		"gd11x50_10": {
			"ID": 6343,
			"P_3ID": 1147,
			"P_1ID": 1146,
			"GROUP_NAME": "第一球",
			"SHOWCLS": "blue",
			"ODDS": 10.80,
			"NUM": "10",
			"NUM_NAME": "10",
			"CODE": "gd11x50",
			"SORT": 10.0,
			"STATE": 0,
			"ST": false,
			"BET_AMT": null,
			"ODDS_A": 0.0,
			"ODDS_B": 0.0,
			"ODDS_C": 0.0
		},
		"gd11x50_11": {
			"ID": 6344,
			"P_3ID": 1147,
			"P_1ID": 1146,
			"GROUP_NAME": "第一球",
			"SHOWCLS": "blue",
			"ODDS": 10.80,
			"NUM": "11",
			"NUM_NAME": "11",
			"CODE": "gd11x50",
			"SORT": 11.0,
			"STATE": 0,
			"ST": false,
			"BET_AMT": null,
			"ODDS_A": 0.0,
			"ODDS_B": 0.0,
			"ODDS_C": 0.0
		},
		"gd11x50_大": {
			"ID": 6345,
			"P_3ID": 1147,
			"P_1ID": 1146,
			"GROUP_NAME": "第一球",
			"SHOWCLS": "text",
			"ODDS": 1.96,
			"NUM": "大",
			"NUM_NAME": "大",
			"CODE": "gd11x50",
			"SORT": 12.0,
			"STATE": 0,
			"ST": false,
			"BET_AMT": null,
			"ODDS_A": 0.0,
			"ODDS_B": 0.0,
			"ODDS_C": 0.0
		},
		"gd11x50_小": {
			"ID": 6346,
			"P_3ID": 1147,
			"P_1ID": 1146,
			"GROUP_NAME": "第一球",
			"SHOWCLS": "text",
			"ODDS": 1.96,
			"NUM": "小",
			"NUM_NAME": "小",
			"CODE": "gd11x50",
			"SORT": 13.0,
			"STATE": 0,
			"ST": false,
			"BET_AMT": null,
			"ODDS_A": 0.0,
			"ODDS_B": 0.0,
			"ODDS_C": 0.0
		},
		"gd11x50_单": {
			"ID": 6347,
			"P_3ID": 1147,
			"P_1ID": 1146,
			"GROUP_NAME": "第一球",
			"SHOWCLS": "text",
			"ODDS": 1.96,
			"NUM": "单",
			"NUM_NAME": "单",
			"CODE": "gd11x50",
			"SORT": 14.0,
			"STATE": 0,
			"ST": false,
			"BET_AMT": null,
			"ODDS_A": 0.0,
			"ODDS_B": 0.0,
			"ODDS_C": 0.0
		},
		"gd11x50_双": {
			"ID": 6348,
			"P_3ID": 1147,
			"P_1ID": 1146,
			"GROUP_NAME": "第一球",
			"SHOWCLS": "text",
			"ODDS": 1.96,
			"NUM": "双",
			"NUM_NAME": "双",
			"CODE": "gd11x50",
			"SORT": 15.0,
			"STATE": 0,
			"ST": false,
			"BET_AMT": null,
			"ODDS_A": 0.0,
			"ODDS_B": 0.0,
			"ODDS_C": 0.0
		}
	},
	"gd11x51": {
		"gd11x51_1": {
			"ID": 6349,
			"P_3ID": 1148,
			"P_1ID": 1146,
			"GROUP_NAME": "第二球",
			"SHOWCLS": "blue",
			"ODDS": 10.80,
			"NUM": "1",
			"NUM_NAME": "1",
			"CODE": "gd11x51",
			"SORT": 1.0,
			"STATE": 0,
			"ST": false,
			"BET_AMT": null,
			"ODDS_A": 0.0,
			"ODDS_B": 0.0,
			"ODDS_C": 0.0
		},
		"gd11x51_2": {
			"ID": 6350,
			"P_3ID": 1148,
			"P_1ID": 1146,
			"GROUP_NAME": "第二球",
			"SHOWCLS": "blue",
			"ODDS": 10.80,
			"NUM": "2",
			"NUM_NAME": "2",
			"CODE": "gd11x51",
			"SORT": 2.0,
			"STATE": 0,
			"ST": false,
			"BET_AMT": null,
			"ODDS_A": 0.0,
			"ODDS_B": 0.0,
			"ODDS_C": 0.0
		},
		"gd11x51_3": {
			"ID": 6351,
			"P_3ID": 1148,
			"P_1ID": 1146,
			"GROUP_NAME": "第二球",
			"SHOWCLS": "blue",
			"ODDS": 10.80,
			"NUM": "3",
			"NUM_NAME": "3",
			"CODE": "gd11x51",
			"SORT": 3.0,
			"STATE": 0,
			"ST": false,
			"BET_AMT": null,
			"ODDS_A": 0.0,
			"ODDS_B": 0.0,
			"ODDS_C": 0.0
		},
		"gd11x51_4": {
			"ID": 6352,
			"P_3ID": 1148,
			"P_1ID": 1146,
			"GROUP_NAME": "第二球",
			"SHOWCLS": "blue",
			"ODDS": 10.80,
			"NUM": "4",
			"NUM_NAME": "4",
			"CODE": "gd11x51",
			"SORT": 4.0,
			"STATE": 0,
			"ST": false,
			"BET_AMT": null,
			"ODDS_A": 0.0,
			"ODDS_B": 0.0,
			"ODDS_C": 0.0
		},
		"gd11x51_5": {
			"ID": 6353,
			"P_3ID": 1148,
			"P_1ID": 1146,
			"GROUP_NAME": "第二球",
			"SHOWCLS": "blue",
			"ODDS": 10.80,
			"NUM": "5",
			"NUM_NAME": "5",
			"CODE": "gd11x51",
			"SORT": 5.0,
			"STATE": 0,
			"ST": false,
			"BET_AMT": null,
			"ODDS_A": 0.0,
			"ODDS_B": 0.0,
			"ODDS_C": 0.0
		},
		"gd11x51_6": {
			"ID": 6354,
			"P_3ID": 1148,
			"P_1ID": 1146,
			"GROUP_NAME": "第二球",
			"SHOWCLS": "blue",
			"ODDS": 10.80,
			"NUM": "6",
			"NUM_NAME": "6",
			"CODE": "gd11x51",
			"SORT": 6.0,
			"STATE": 0,
			"ST": false,
			"BET_AMT": null,
			"ODDS_A": 0.0,
			"ODDS_B": 0.0,
			"ODDS_C": 0.0
		},
		"gd11x51_7": {
			"ID": 6355,
			"P_3ID": 1148,
			"P_1ID": 1146,
			"GROUP_NAME": "第二球",
			"SHOWCLS": "blue",
			"ODDS": 10.80,
			"NUM": "7",
			"NUM_NAME": "7",
			"CODE": "gd11x51",
			"SORT": 7.0,
			"STATE": 0,
			"ST": false,
			"BET_AMT": null,
			"ODDS_A": 0.0,
			"ODDS_B": 0.0,
			"ODDS_C": 0.0
		},
		"gd11x51_8": {
			"ID": 6356,
			"P_3ID": 1148,
			"P_1ID": 1146,
			"GROUP_NAME": "第二球",
			"SHOWCLS": "blue",
			"ODDS": 10.80,
			"NUM": "8",
			"NUM_NAME": "8",
			"CODE": "gd11x51",
			"SORT": 8.0,
			"STATE": 0,
			"ST": false,
			"BET_AMT": null,
			"ODDS_A": 0.0,
			"ODDS_B": 0.0,
			"ODDS_C": 0.0
		},
		"gd11x51_9": {
			"ID": 6357,
			"P_3ID": 1148,
			"P_1ID": 1146,
			"GROUP_NAME": "第二球",
			"SHOWCLS": "blue",
			"ODDS": 10.80,
			"NUM": "9",
			"NUM_NAME": "9",
			"CODE": "gd11x51",
			"SORT": 9.0,
			"STATE": 0,
			"ST": false,
			"BET_AMT": null,
			"ODDS_A": 0.0,
			"ODDS_B": 0.0,
			"ODDS_C": 0.0
		},
		"gd11x51_10": {
			"ID": 6358,
			"P_3ID": 1148,
			"P_1ID": 1146,
			"GROUP_NAME": "第二球",
			"SHOWCLS": "blue",
			"ODDS": 10.80,
			"NUM": "10",
			"NUM_NAME": "10",
			"CODE": "gd11x51",
			"SORT": 10.0,
			"STATE": 0,
			"ST": false,
			"BET_AMT": null,
			"ODDS_A": 0.0,
			"ODDS_B": 0.0,
			"ODDS_C": 0.0
		},
		"gd11x51_11": {
			"ID": 6359,
			"P_3ID": 1148,
			"P_1ID": 1146,
			"GROUP_NAME": "第二球",
			"SHOWCLS": "blue",
			"ODDS": 10.80,
			"NUM": "11",
			"NUM_NAME": "11",
			"CODE": "gd11x51",
			"SORT": 11.0,
			"STATE": 0,
			"ST": false,
			"BET_AMT": null,
			"ODDS_A": 0.0,
			"ODDS_B": 0.0,
			"ODDS_C": 0.0
		},
		"gd11x51_大": {
			"ID": 6360,
			"P_3ID": 1148,
			"P_1ID": 1146,
			"GROUP_NAME": "第二球",
			"SHOWCLS": "text",
			"ODDS": 1.96,
			"NUM": "大",
			"NUM_NAME": "大",
			"CODE": "gd11x51",
			"SORT": 12.0,
			"STATE": 0,
			"ST": false,
			"BET_AMT": null,
			"ODDS_A": 0.0,
			"ODDS_B": 0.0,
			"ODDS_C": 0.0
		},
		"gd11x51_小": {
			"ID": 6361,
			"P_3ID": 1148,
			"P_1ID": 1146,
			"GROUP_NAME": "第二球",
			"SHOWCLS": "text",
			"ODDS": 1.96,
			"NUM": "小",
			"NUM_NAME": "小",
			"CODE": "gd11x51",
			"SORT": 13.0,
			"STATE": 0,
			"ST": false,
			"BET_AMT": null,
			"ODDS_A": 0.0,
			"ODDS_B": 0.0,
			"ODDS_C": 0.0
		},
		"gd11x51_单": {
			"ID": 6362,
			"P_3ID": 1148,
			"P_1ID": 1146,
			"GROUP_NAME": "第二球",
			"SHOWCLS": "text",
			"ODDS": 1.96,
			"NUM": "单",
			"NUM_NAME": "单",
			"CODE": "gd11x51",
			"SORT": 14.0,
			"STATE": 0,
			"ST": false,
			"BET_AMT": null,
			"ODDS_A": 0.0,
			"ODDS_B": 0.0,
			"ODDS_C": 0.0
		},
		"gd11x51_双": {
			"ID": 6363,
			"P_3ID": 1148,
			"P_1ID": 1146,
			"GROUP_NAME": "第二球",
			"SHOWCLS": "text",
			"ODDS": 1.96,
			"NUM": "双",
			"NUM_NAME": "双",
			"CODE": "gd11x51",
			"SORT": 15.0,
			"STATE": 0,
			"ST": false,
			"BET_AMT": null,
			"ODDS_A": 0.0,
			"ODDS_B": 0.0,
			"ODDS_C": 0.0
		}
	},
	"gd11x52": {
		"gd11x52_1": {
			"ID": 6364,
			"P_3ID": 1149,
			"P_1ID": 1146,
			"GROUP_NAME": "第三球",
			"SHOWCLS": "blue",
			"ODDS": 10.80,
			"NUM": "1",
			"NUM_NAME": "1",
			"CODE": "gd11x52",
			"SORT": 1.0,
			"STATE": 0,
			"ST": false,
			"BET_AMT": null,
			"ODDS_A": 0.0,
			"ODDS_B": 0.0,
			"ODDS_C": 0.0
		},
		"gd11x52_2": {
			"ID": 6365,
			"P_3ID": 1149,
			"P_1ID": 1146,
			"GROUP_NAME": "第三球",
			"SHOWCLS": "blue",
			"ODDS": 10.80,
			"NUM": "2",
			"NUM_NAME": "2",
			"CODE": "gd11x52",
			"SORT": 2.0,
			"STATE": 0,
			"ST": false,
			"BET_AMT": null,
			"ODDS_A": 0.0,
			"ODDS_B": 0.0,
			"ODDS_C": 0.0
		},
		"gd11x52_3": {
			"ID": 6366,
			"P_3ID": 1149,
			"P_1ID": 1146,
			"GROUP_NAME": "第三球",
			"SHOWCLS": "blue",
			"ODDS": 10.80,
			"NUM": "3",
			"NUM_NAME": "3",
			"CODE": "gd11x52",
			"SORT": 3.0,
			"STATE": 0,
			"ST": false,
			"BET_AMT": null,
			"ODDS_A": 0.0,
			"ODDS_B": 0.0,
			"ODDS_C": 0.0
		},
		"gd11x52_4": {
			"ID": 6367,
			"P_3ID": 1149,
			"P_1ID": 1146,
			"GROUP_NAME": "第三球",
			"SHOWCLS": "blue",
			"ODDS": 10.80,
			"NUM": "4",
			"NUM_NAME": "4",
			"CODE": "gd11x52",
			"SORT": 4.0,
			"STATE": 0,
			"ST": false,
			"BET_AMT": null,
			"ODDS_A": 0.0,
			"ODDS_B": 0.0,
			"ODDS_C": 0.0
		},
		"gd11x52_5": {
			"ID": 6368,
			"P_3ID": 1149,
			"P_1ID": 1146,
			"GROUP_NAME": "第三球",
			"SHOWCLS": "blue",
			"ODDS": 10.80,
			"NUM": "5",
			"NUM_NAME": "5",
			"CODE": "gd11x52",
			"SORT": 5.0,
			"STATE": 0,
			"ST": false,
			"BET_AMT": null,
			"ODDS_A": 0.0,
			"ODDS_B": 0.0,
			"ODDS_C": 0.0
		},
		"gd11x52_6": {
			"ID": 6369,
			"P_3ID": 1149,
			"P_1ID": 1146,
			"GROUP_NAME": "第三球",
			"SHOWCLS": "blue",
			"ODDS": 10.80,
			"NUM": "6",
			"NUM_NAME": "6",
			"CODE": "gd11x52",
			"SORT": 6.0,
			"STATE": 0,
			"ST": false,
			"BET_AMT": null,
			"ODDS_A": 0.0,
			"ODDS_B": 0.0,
			"ODDS_C": 0.0
		},
		"gd11x52_7": {
			"ID": 6370,
			"P_3ID": 1149,
			"P_1ID": 1146,
			"GROUP_NAME": "第三球",
			"SHOWCLS": "blue",
			"ODDS": 10.80,
			"NUM": "7",
			"NUM_NAME": "7",
			"CODE": "gd11x52",
			"SORT": 7.0,
			"STATE": 0,
			"ST": false,
			"BET_AMT": null,
			"ODDS_A": 0.0,
			"ODDS_B": 0.0,
			"ODDS_C": 0.0
		},
		"gd11x52_8": {
			"ID": 6371,
			"P_3ID": 1149,
			"P_1ID": 1146,
			"GROUP_NAME": "第三球",
			"SHOWCLS": "blue",
			"ODDS": 10.80,
			"NUM": "8",
			"NUM_NAME": "8",
			"CODE": "gd11x52",
			"SORT": 8.0,
			"STATE": 0,
			"ST": false,
			"BET_AMT": null,
			"ODDS_A": 0.0,
			"ODDS_B": 0.0,
			"ODDS_C": 0.0
		},
		"gd11x52_9": {
			"ID": 6372,
			"P_3ID": 1149,
			"P_1ID": 1146,
			"GROUP_NAME": "第三球",
			"SHOWCLS": "blue",
			"ODDS": 10.80,
			"NUM": "9",
			"NUM_NAME": "9",
			"CODE": "gd11x52",
			"SORT": 9.0,
			"STATE": 0,
			"ST": false,
			"BET_AMT": null,
			"ODDS_A": 0.0,
			"ODDS_B": 0.0,
			"ODDS_C": 0.0
		},
		"gd11x52_10": {
			"ID": 6373,
			"P_3ID": 1149,
			"P_1ID": 1146,
			"GROUP_NAME": "第三球",
			"SHOWCLS": "blue",
			"ODDS": 10.80,
			"NUM": "10",
			"NUM_NAME": "10",
			"CODE": "gd11x52",
			"SORT": 10.0,
			"STATE": 0,
			"ST": false,
			"BET_AMT": null,
			"ODDS_A": 0.0,
			"ODDS_B": 0.0,
			"ODDS_C": 0.0
		},
		"gd11x52_11": {
			"ID": 6374,
			"P_3ID": 1149,
			"P_1ID": 1146,
			"GROUP_NAME": "第三球",
			"SHOWCLS": "blue",
			"ODDS": 10.80,
			"NUM": "11",
			"NUM_NAME": "11",
			"CODE": "gd11x52",
			"SORT": 11.0,
			"STATE": 0,
			"ST": false,
			"BET_AMT": null,
			"ODDS_A": 0.0,
			"ODDS_B": 0.0,
			"ODDS_C": 0.0
		},
		"gd11x52_大": {
			"ID": 6375,
			"P_3ID": 1149,
			"P_1ID": 1146,
			"GROUP_NAME": "第三球",
			"SHOWCLS": "text",
			"ODDS": 1.96,
			"NUM": "大",
			"NUM_NAME": "大",
			"CODE": "gd11x52",
			"SORT": 12.0,
			"STATE": 0,
			"ST": false,
			"BET_AMT": null,
			"ODDS_A": 0.0,
			"ODDS_B": 0.0,
			"ODDS_C": 0.0
		},
		"gd11x52_小": {
			"ID": 6376,
			"P_3ID": 1149,
			"P_1ID": 1146,
			"GROUP_NAME": "第三球",
			"SHOWCLS": "text",
			"ODDS": 1.96,
			"NUM": "小",
			"NUM_NAME": "小",
			"CODE": "gd11x52",
			"SORT": 13.0,
			"STATE": 0,
			"ST": false,
			"BET_AMT": null,
			"ODDS_A": 0.0,
			"ODDS_B": 0.0,
			"ODDS_C": 0.0
		},
		"gd11x52_单": {
			"ID": 6377,
			"P_3ID": 1149,
			"P_1ID": 1146,
			"GROUP_NAME": "第三球",
			"SHOWCLS": "text",
			"ODDS": 1.96,
			"NUM": "单",
			"NUM_NAME": "单",
			"CODE": "gd11x52",
			"SORT": 14.0,
			"STATE": 0,
			"ST": false,
			"BET_AMT": null,
			"ODDS_A": 0.0,
			"ODDS_B": 0.0,
			"ODDS_C": 0.0
		},
		"gd11x52_双": {
			"ID": 6378,
			"P_3ID": 1149,
			"P_1ID": 1146,
			"GROUP_NAME": "第三球",
			"SHOWCLS": "text",
			"ODDS": 1.96,
			"NUM": "双",
			"NUM_NAME": "双",
			"CODE": "gd11x52",
			"SORT": 15.0,
			"STATE": 0,
			"ST": false,
			"BET_AMT": null,
			"ODDS_A": 0.0,
			"ODDS_B": 0.0,
			"ODDS_C": 0.0
		}
	},
	"gd11x53": {
		"gd11x53_1": {
			"ID": 6388,
			"P_3ID": 1150,
			"P_1ID": 1146,
			"GROUP_NAME": "第四球",
			"SHOWCLS": "blue",
			"ODDS": 10.80,
			"NUM": "1",
			"NUM_NAME": "1",
			"CODE": "gd11x53",
			"SORT": 1.0,
			"STATE": 0,
			"ST": false,
			"BET_AMT": null,
			"ODDS_A": 0.0,
			"ODDS_B": 0.0,
			"ODDS_C": 0.0
		},
		"gd11x53_2": {
			"ID": 6389,
			"P_3ID": 1150,
			"P_1ID": 1146,
			"GROUP_NAME": "第四球",
			"SHOWCLS": "blue",
			"ODDS": 10.80,
			"NUM": "2",
			"NUM_NAME": "2",
			"CODE": "gd11x53",
			"SORT": 2.0,
			"STATE": 0,
			"ST": false,
			"BET_AMT": null,
			"ODDS_A": 0.0,
			"ODDS_B": 0.0,
			"ODDS_C": 0.0
		},
		"gd11x53_3": {
			"ID": 6390,
			"P_3ID": 1150,
			"P_1ID": 1146,
			"GROUP_NAME": "第四球",
			"SHOWCLS": "blue",
			"ODDS": 10.80,
			"NUM": "3",
			"NUM_NAME": "3",
			"CODE": "gd11x53",
			"SORT": 3.0,
			"STATE": 0,
			"ST": false,
			"BET_AMT": null,
			"ODDS_A": 0.0,
			"ODDS_B": 0.0,
			"ODDS_C": 0.0
		},
		"gd11x53_4": {
			"ID": 6391,
			"P_3ID": 1150,
			"P_1ID": 1146,
			"GROUP_NAME": "第四球",
			"SHOWCLS": "blue",
			"ODDS": 10.80,
			"NUM": "4",
			"NUM_NAME": "4",
			"CODE": "gd11x53",
			"SORT": 4.0,
			"STATE": 0,
			"ST": false,
			"BET_AMT": null,
			"ODDS_A": 0.0,
			"ODDS_B": 0.0,
			"ODDS_C": 0.0
		},
		"gd11x53_5": {
			"ID": 6392,
			"P_3ID": 1150,
			"P_1ID": 1146,
			"GROUP_NAME": "第四球",
			"SHOWCLS": "blue",
			"ODDS": 10.80,
			"NUM": "5",
			"NUM_NAME": "5",
			"CODE": "gd11x53",
			"SORT": 5.0,
			"STATE": 0,
			"ST": false,
			"BET_AMT": null,
			"ODDS_A": 0.0,
			"ODDS_B": 0.0,
			"ODDS_C": 0.0
		},
		"gd11x53_6": {
			"ID": 6393,
			"P_3ID": 1150,
			"P_1ID": 1146,
			"GROUP_NAME": "第四球",
			"SHOWCLS": "blue",
			"ODDS": 10.80,
			"NUM": "6",
			"NUM_NAME": "6",
			"CODE": "gd11x53",
			"SORT": 6.0,
			"STATE": 0,
			"ST": false,
			"BET_AMT": null,
			"ODDS_A": 0.0,
			"ODDS_B": 0.0,
			"ODDS_C": 0.0
		},
		"gd11x53_7": {
			"ID": 6379,
			"P_3ID": 1150,
			"P_1ID": 1146,
			"GROUP_NAME": "第四球",
			"SHOWCLS": "blue",
			"ODDS": 10.80,
			"NUM": "7",
			"NUM_NAME": "7",
			"CODE": "gd11x53",
			"SORT": 7.0,
			"STATE": 0,
			"ST": false,
			"BET_AMT": null,
			"ODDS_A": 0.0,
			"ODDS_B": 0.0,
			"ODDS_C": 0.0
		},
		"gd11x53_8": {
			"ID": 6380,
			"P_3ID": 1150,
			"P_1ID": 1146,
			"GROUP_NAME": "第四球",
			"SHOWCLS": "blue",
			"ODDS": 10.80,
			"NUM": "8",
			"NUM_NAME": "8",
			"CODE": "gd11x53",
			"SORT": 8.0,
			"STATE": 0,
			"ST": false,
			"BET_AMT": null,
			"ODDS_A": 0.0,
			"ODDS_B": 0.0,
			"ODDS_C": 0.0
		},
		"gd11x53_9": {
			"ID": 6381,
			"P_3ID": 1150,
			"P_1ID": 1146,
			"GROUP_NAME": "第四球",
			"SHOWCLS": "blue",
			"ODDS": 10.80,
			"NUM": "9",
			"NUM_NAME": "9",
			"CODE": "gd11x53",
			"SORT": 9.0,
			"STATE": 0,
			"ST": false,
			"BET_AMT": null,
			"ODDS_A": 0.0,
			"ODDS_B": 0.0,
			"ODDS_C": 0.0
		},
		"gd11x53_10": {
			"ID": 6382,
			"P_3ID": 1150,
			"P_1ID": 1146,
			"GROUP_NAME": "第四球",
			"SHOWCLS": "blue",
			"ODDS": 10.80,
			"NUM": "10",
			"NUM_NAME": "10",
			"CODE": "gd11x53",
			"SORT": 10.0,
			"STATE": 0,
			"ST": false,
			"BET_AMT": null,
			"ODDS_A": 0.0,
			"ODDS_B": 0.0,
			"ODDS_C": 0.0
		},
		"gd11x53_11": {
			"ID": 6383,
			"P_3ID": 1150,
			"P_1ID": 1146,
			"GROUP_NAME": "第四球",
			"SHOWCLS": "blue",
			"ODDS": 10.80,
			"NUM": "11",
			"NUM_NAME": "11",
			"CODE": "gd11x53",
			"SORT": 11.0,
			"STATE": 0,
			"ST": false,
			"BET_AMT": null,
			"ODDS_A": 0.0,
			"ODDS_B": 0.0,
			"ODDS_C": 0.0
		},
		"gd11x53_大": {
			"ID": 6384,
			"P_3ID": 1150,
			"P_1ID": 1146,
			"GROUP_NAME": "第四球",
			"SHOWCLS": "text",
			"ODDS": 1.96,
			"NUM": "大",
			"NUM_NAME": "大",
			"CODE": "gd11x53",
			"SORT": 12.0,
			"STATE": 0,
			"ST": false,
			"BET_AMT": null,
			"ODDS_A": 0.0,
			"ODDS_B": 0.0,
			"ODDS_C": 0.0
		},
		"gd11x53_小": {
			"ID": 6385,
			"P_3ID": 1150,
			"P_1ID": 1146,
			"GROUP_NAME": "第四球",
			"SHOWCLS": "text",
			"ODDS": 1.96,
			"NUM": "小",
			"NUM_NAME": "小",
			"CODE": "gd11x53",
			"SORT": 13.0,
			"STATE": 0,
			"ST": false,
			"BET_AMT": null,
			"ODDS_A": 0.0,
			"ODDS_B": 0.0,
			"ODDS_C": 0.0
		},
		"gd11x53_单": {
			"ID": 6386,
			"P_3ID": 1150,
			"P_1ID": 1146,
			"GROUP_NAME": "第四球",
			"SHOWCLS": "text",
			"ODDS": 1.96,
			"NUM": "单",
			"NUM_NAME": "单",
			"CODE": "gd11x53",
			"SORT": 14.0,
			"STATE": 0,
			"ST": false,
			"BET_AMT": null,
			"ODDS_A": 0.0,
			"ODDS_B": 0.0,
			"ODDS_C": 0.0
		},
		"gd11x53_双": {
			"ID": 6387,
			"P_3ID": 1150,
			"P_1ID": 1146,
			"GROUP_NAME": "第四球",
			"SHOWCLS": "text",
			"ODDS": 1.96,
			"NUM": "双",
			"NUM_NAME": "双",
			"CODE": "gd11x53",
			"SORT": 15.0,
			"STATE": 0,
			"ST": false,
			"BET_AMT": null,
			"ODDS_A": 0.0,
			"ODDS_B": 0.0,
			"ODDS_C": 0.0
		}
	},
	"gd11x54": {
		"gd11x54_1": {
			"ID": 6394,
			"P_3ID": 1151,
			"P_1ID": 1146,
			"GROUP_NAME": "第五球",
			"SHOWCLS": "blue",
			"ODDS": 10.80,
			"NUM": "1",
			"NUM_NAME": "1",
			"CODE": "gd11x54",
			"SORT": 1.0,
			"STATE": 0,
			"ST": false,
			"BET_AMT": null,
			"ODDS_A": 0.0,
			"ODDS_B": 0.0,
			"ODDS_C": 0.0
		},
		"gd11x54_2": {
			"ID": 6395,
			"P_3ID": 1151,
			"P_1ID": 1146,
			"GROUP_NAME": "第五球",
			"SHOWCLS": "blue",
			"ODDS": 10.80,
			"NUM": "2",
			"NUM_NAME": "2",
			"CODE": "gd11x54",
			"SORT": 2.0,
			"STATE": 0,
			"ST": false,
			"BET_AMT": null,
			"ODDS_A": 0.0,
			"ODDS_B": 0.0,
			"ODDS_C": 0.0
		},
		"gd11x54_3": {
			"ID": 6396,
			"P_3ID": 1151,
			"P_1ID": 1146,
			"GROUP_NAME": "第五球",
			"SHOWCLS": "blue",
			"ODDS": 10.80,
			"NUM": "3",
			"NUM_NAME": "3",
			"CODE": "gd11x54",
			"SORT": 3.0,
			"STATE": 0,
			"ST": false,
			"BET_AMT": null,
			"ODDS_A": 0.0,
			"ODDS_B": 0.0,
			"ODDS_C": 0.0
		},
		"gd11x54_4": {
			"ID": 6397,
			"P_3ID": 1151,
			"P_1ID": 1146,
			"GROUP_NAME": "第五球",
			"SHOWCLS": "blue",
			"ODDS": 10.80,
			"NUM": "4",
			"NUM_NAME": "4",
			"CODE": "gd11x54",
			"SORT": 4.0,
			"STATE": 0,
			"ST": false,
			"BET_AMT": null,
			"ODDS_A": 0.0,
			"ODDS_B": 0.0,
			"ODDS_C": 0.0
		},
		"gd11x54_5": {
			"ID": 6398,
			"P_3ID": 1151,
			"P_1ID": 1146,
			"GROUP_NAME": "第五球",
			"SHOWCLS": "blue",
			"ODDS": 10.80,
			"NUM": "5",
			"NUM_NAME": "5",
			"CODE": "gd11x54",
			"SORT": 5.0,
			"STATE": 0,
			"ST": false,
			"BET_AMT": null,
			"ODDS_A": 0.0,
			"ODDS_B": 0.0,
			"ODDS_C": 0.0
		},
		"gd11x54_6": {
			"ID": 6399,
			"P_3ID": 1151,
			"P_1ID": 1146,
			"GROUP_NAME": "第五球",
			"SHOWCLS": "blue",
			"ODDS": 10.80,
			"NUM": "6",
			"NUM_NAME": "6",
			"CODE": "gd11x54",
			"SORT": 6.0,
			"STATE": 0,
			"ST": false,
			"BET_AMT": null,
			"ODDS_A": 0.0,
			"ODDS_B": 0.0,
			"ODDS_C": 0.0
		},
		"gd11x54_7": {
			"ID": 6400,
			"P_3ID": 1151,
			"P_1ID": 1146,
			"GROUP_NAME": "第五球",
			"SHOWCLS": "blue",
			"ODDS": 10.80,
			"NUM": "7",
			"NUM_NAME": "7",
			"CODE": "gd11x54",
			"SORT": 7.0,
			"STATE": 0,
			"ST": false,
			"BET_AMT": null,
			"ODDS_A": 0.0,
			"ODDS_B": 0.0,
			"ODDS_C": 0.0
		},
		"gd11x54_8": {
			"ID": 6401,
			"P_3ID": 1151,
			"P_1ID": 1146,
			"GROUP_NAME": "第五球",
			"SHOWCLS": "blue",
			"ODDS": 10.80,
			"NUM": "8",
			"NUM_NAME": "8",
			"CODE": "gd11x54",
			"SORT": 8.0,
			"STATE": 0,
			"ST": false,
			"BET_AMT": null,
			"ODDS_A": 0.0,
			"ODDS_B": 0.0,
			"ODDS_C": 0.0
		},
		"gd11x54_9": {
			"ID": 6402,
			"P_3ID": 1151,
			"P_1ID": 1146,
			"GROUP_NAME": "第五球",
			"SHOWCLS": "blue",
			"ODDS": 10.80,
			"NUM": "9",
			"NUM_NAME": "9",
			"CODE": "gd11x54",
			"SORT": 9.0,
			"STATE": 0,
			"ST": false,
			"BET_AMT": null,
			"ODDS_A": 0.0,
			"ODDS_B": 0.0,
			"ODDS_C": 0.0
		},
		"gd11x54_10": {
			"ID": 6403,
			"P_3ID": 1151,
			"P_1ID": 1146,
			"GROUP_NAME": "第五球",
			"SHOWCLS": "blue",
			"ODDS": 10.80,
			"NUM": "10",
			"NUM_NAME": "10",
			"CODE": "gd11x54",
			"SORT": 10.0,
			"STATE": 0,
			"ST": false,
			"BET_AMT": null,
			"ODDS_A": 0.0,
			"ODDS_B": 0.0,
			"ODDS_C": 0.0
		},
		"gd11x54_11": {
			"ID": 6404,
			"P_3ID": 1151,
			"P_1ID": 1146,
			"GROUP_NAME": "第五球",
			"SHOWCLS": "blue",
			"ODDS": 10.80,
			"NUM": "11",
			"NUM_NAME": "11",
			"CODE": "gd11x54",
			"SORT": 11.0,
			"STATE": 0,
			"ST": false,
			"BET_AMT": null,
			"ODDS_A": 0.0,
			"ODDS_B": 0.0,
			"ODDS_C": 0.0
		},
		"gd11x54_大": {
			"ID": 6405,
			"P_3ID": 1151,
			"P_1ID": 1146,
			"GROUP_NAME": "第五球",
			"SHOWCLS": "text",
			"ODDS": 1.96,
			"NUM": "大",
			"NUM_NAME": "大",
			"CODE": "gd11x54",
			"SORT": 12.0,
			"STATE": 0,
			"ST": false,
			"BET_AMT": null,
			"ODDS_A": 0.0,
			"ODDS_B": 0.0,
			"ODDS_C": 0.0
		},
		"gd11x54_小": {
			"ID": 6406,
			"P_3ID": 1151,
			"P_1ID": 1146,
			"GROUP_NAME": "第五球",
			"SHOWCLS": "text",
			"ODDS": 1.96,
			"NUM": "小",
			"NUM_NAME": "小",
			"CODE": "gd11x54",
			"SORT": 13.0,
			"STATE": 0,
			"ST": false,
			"BET_AMT": null,
			"ODDS_A": 0.0,
			"ODDS_B": 0.0,
			"ODDS_C": 0.0
		},
		"gd11x54_单": {
			"ID": 6407,
			"P_3ID": 1151,
			"P_1ID": 1146,
			"GROUP_NAME": "第五球",
			"SHOWCLS": "text",
			"ODDS": 1.96,
			"NUM": "单",
			"NUM_NAME": "单",
			"CODE": "gd11x54",
			"SORT": 14.0,
			"STATE": 0,
			"ST": false,
			"BET_AMT": null,
			"ODDS_A": 0.0,
			"ODDS_B": 0.0,
			"ODDS_C": 0.0
		},
		"gd11x54_双": {
			"ID": 6408,
			"P_3ID": 1151,
			"P_1ID": 1146,
			"GROUP_NAME": "第五球",
			"SHOWCLS": "text",
			"ODDS": 1.96,
			"NUM": "双",
			"NUM_NAME": "双",
			"CODE": "gd11x54",
			"SORT": 15.0,
			"STATE": 0,
			"ST": false,
			"BET_AMT": null,
			"ODDS_A": 0.0,
			"ODDS_B": 0.0,
			"ODDS_C": 0.0
		}
	},
	"gd11x55": {
		"gd11x55_前二": {
			"ID": 6409,
			"P_3ID": 1152,
			"P_1ID": 1146,
			"GROUP_NAME": "直选",
			"SHOWCLS": "text",
			"ODDS": 100.0,
			"NUM": "前二",
			"NUM_NAME": "前二",
			"CODE": "gd11x55",
			"SORT": 2.0,
			"STATE": 0,
			"ST": false,
			"BET_AMT": null,
			"ODDS_A": 0.0,
			"ODDS_B": 0.0,
			"ODDS_C": 0.0
		},
		"gd11x55_前三": {
			"ID": 6410,
			"P_3ID": 1152,
			"P_1ID": 1146,
			"GROUP_NAME": "直选",
			"SHOWCLS": "text",
			"ODDS": 900.0,
			"NUM": "前三",
			"NUM_NAME": "前三",
			"CODE": "gd11x55",
			"SORT": 3.0,
			"STATE": 0,
			"ST": false,
			"BET_AMT": null,
			"ODDS_A": 0.0,
			"ODDS_B": 0.0,
			"ODDS_C": 0.0
		}
	},
	"gd11x56": {
		"gd11x56_前二": {
			"ID": 6411,
			"P_3ID": 1153,
			"P_1ID": 1146,
			"GROUP_NAME": "组选",
			"SHOWCLS": "text",
			"ODDS": 50.0,
			"NUM": "前二",
			"NUM_NAME": "前二",
			"CODE": "gd11x56",
			"SORT": 2.0,
			"STATE": 0,
			"ST": false,
			"BET_AMT": null,
			"ODDS_A": 0.0,
			"ODDS_B": 0.0,
			"ODDS_C": 0.0
		},
		"gd11x56_前三": {
			"ID": 6412,
			"P_3ID": 1153,
			"P_1ID": 1146,
			"GROUP_NAME": "组选",
			"SHOWCLS": "text",
			"ODDS": 150.0,
			"NUM": "前三",
			"NUM_NAME": "前三",
			"CODE": "gd11x56",
			"SORT": 3.0,
			"STATE": 0,
			"ST": false,
			"BET_AMT": null,
			"ODDS_A": 0.0,
			"ODDS_B": 0.0,
			"ODDS_C": 0.0
		}
	},
	"gd11x57": {
		"gd11x57_一中一": {
			"ID": 6413,
			"P_3ID": 1154,
			"P_1ID": 1146,
			"GROUP_NAME": "任选",
			"SHOWCLS": "text",
			"ODDS": 1.90,
			"NUM": "一中一",
			"NUM_NAME": "一中一",
			"CODE": "gd11x57",
			"SORT": 1.0,
			"STATE": 0,
			"ST": false,
			"BET_AMT": null,
			"ODDS_A": 0.0,
			"ODDS_B": 0.0,
			"ODDS_C": 0.0
		},
		"gd11x57_二中二": {
			"ID": 6414,
			"P_3ID": 1154,
			"P_1ID": 1146,
			"GROUP_NAME": "任选",
			"SHOWCLS": "text",
			"ODDS": 5.10,
			"NUM": "二中二",
			"NUM_NAME": "二中二",
			"CODE": "gd11x57",
			"SORT": 2.0,
			"STATE": 0,
			"ST": false,
			"BET_AMT": null,
			"ODDS_A": 0.0,
			"ODDS_B": 0.0,
			"ODDS_C": 0.0
		},
		"gd11x57_三中三": {
			"ID": 6415,
			"P_3ID": 1154,
			"P_1ID": 1146,
			"GROUP_NAME": "任选",
			"SHOWCLS": "text",
			"ODDS": 15.0,
			"NUM": "三中三",
			"NUM_NAME": "三中三",
			"CODE": "gd11x57",
			"SORT": 3.0,
			"STATE": 0,
			"ST": false,
			"BET_AMT": null,
			"ODDS_A": 0.0,
			"ODDS_B": 0.0,
			"ODDS_C": 0.0
		},
		"gd11x57_四中四": {
			"ID": 6416,
			"P_3ID": 1154,
			"P_1ID": 1146,
			"GROUP_NAME": "任选",
			"SHOWCLS": "text",
			"ODDS": 60.0,
			"NUM": "四中四",
			"NUM_NAME": "四中四",
			"CODE": "gd11x57",
			"SORT": 4.0,
			"STATE": 0,
			"ST": false,
			"BET_AMT": null,
			"ODDS_A": 0.0,
			"ODDS_B": 0.0,
			"ODDS_C": 0.0
		},
		"gd11x57_五中五": {
			"ID": 6417,
			"P_3ID": 1154,
			"P_1ID": 1146,
			"GROUP_NAME": "任选",
			"SHOWCLS": "text",
			"ODDS": 420.0,
			"NUM": "五中五",
			"NUM_NAME": "五中五",
			"CODE": "gd11x57",
			"SORT": 5.0,
			"STATE": 0,
			"ST": false,
			"BET_AMT": null,
			"ODDS_A": 0.0,
			"ODDS_B": 0.0,
			"ODDS_C": 0.0
		},
		"gd11x57_六中五": {
			"ID": 6418,
			"P_3ID": 1154,
			"P_1ID": 1146,
			"GROUP_NAME": "任选",
			"SHOWCLS": "text",
			"ODDS": 70.0,
			"NUM": "六中五",
			"NUM_NAME": "六中五",
			"CODE": "gd11x57",
			"SORT": 6.0,
			"STATE": 0,
			"ST": false,
			"BET_AMT": null,
			"ODDS_A": 0.0,
			"ODDS_B": 0.0,
			"ODDS_C": 0.0
		},
		"gd11x57_七中五": {
			"ID": 6419,
			"P_3ID": 1154,
			"P_1ID": 1146,
			"GROUP_NAME": "任选",
			"SHOWCLS": "text",
			"ODDS": 20.0,
			"NUM": "七中五",
			"NUM_NAME": "七中五",
			"CODE": "gd11x57",
			"SORT": 7.0,
			"STATE": 0,
			"ST": false,
			"BET_AMT": null,
			"ODDS_A": 0.0,
			"ODDS_B": 0.0,
			"ODDS_C": 0.0
		},
		"gd11x57_八中五": {
			"ID": 6420,
			"P_3ID": 1154,
			"P_1ID": 1146,
			"GROUP_NAME": "任选",
			"SHOWCLS": "text",
			"ODDS": 7.50,
			"NUM": "八中五",
			"NUM_NAME": "八中五",
			"CODE": "gd11x57",
			"SORT": 8.0,
			"STATE": 0,
			"ST": false,
			"BET_AMT": null,
			"ODDS_A": 0.0,
			"ODDS_B": 0.0,
			"ODDS_C": 0.0
		}
	},
	"gd11x58": {
		"gd11x58_总和大": {
			"ID": 6421,
			"P_3ID": 1155,
			"P_1ID": 1146,
			"GROUP_NAME": "总和-龙虎",
			"SHOWCLS": "text",
			"ODDS": 1.96,
			"NUM": "总和大",
			"NUM_NAME": "总和大",
			"CODE": "gd11x58",
			"SORT": 1.0,
			"STATE": 0,
			"ST": false,
			"BET_AMT": null,
			"ODDS_A": 0.0,
			"ODDS_B": 0.0,
			"ODDS_C": 0.0
		},
		"gd11x58_总和小": {
			"ID": 6422,
			"P_3ID": 1155,
			"P_1ID": 1146,
			"GROUP_NAME": "总和-龙虎",
			"SHOWCLS": "text",
			"ODDS": 1.96,
			"NUM": "总和小",
			"NUM_NAME": "总和小",
			"CODE": "gd11x58",
			"SORT": 2.0,
			"STATE": 0,
			"ST": false,
			"BET_AMT": null,
			"ODDS_A": 0.0,
			"ODDS_B": 0.0,
			"ODDS_C": 0.0
		},
		"gd11x58_总和单": {
			"ID": 6423,
			"P_3ID": 1155,
			"P_1ID": 1146,
			"GROUP_NAME": "总和-龙虎",
			"SHOWCLS": "text",
			"ODDS": 1.96,
			"NUM": "总和单",
			"NUM_NAME": "总和单",
			"CODE": "gd11x58",
			"SORT": 3.0,
			"STATE": 0,
			"ST": false,
			"BET_AMT": null,
			"ODDS_A": 0.0,
			"ODDS_B": 0.0,
			"ODDS_C": 0.0
		},
		"gd11x58_总和双": {
			"ID": 6424,
			"P_3ID": 1155,
			"P_1ID": 1146,
			"GROUP_NAME": "总和-龙虎",
			"SHOWCLS": "text",
			"ODDS": 1.96,
			"NUM": "总和双",
			"NUM_NAME": "总和双",
			"CODE": "gd11x58",
			"SORT": 4.0,
			"STATE": 0,
			"ST": false,
			"BET_AMT": null,
			"ODDS_A": 0.0,
			"ODDS_B": 0.0,
			"ODDS_C": 0.0
		},
		"gd11x58_尾大": {
			"ID": 6425,
			"P_3ID": 1155,
			"P_1ID": 1146,
			"GROUP_NAME": "总和-龙虎",
			"SHOWCLS": "text",
			"ODDS": 1.96,
			"NUM": "尾大",
			"NUM_NAME": "总尾大",
			"CODE": "gd11x58",
			"SORT": 5.0,
			"STATE": 0,
			"ST": false,
			"BET_AMT": null,
			"ODDS_A": 0.0,
			"ODDS_B": 0.0,
			"ODDS_C": 0.0
		},
		"gd11x58_尾小": {
			"ID": 6426,
			"P_3ID": 1155,
			"P_1ID": 1146,
			"GROUP_NAME": "总和-龙虎",
			"SHOWCLS": "text",
			"ODDS": 1.96,
			"NUM": "尾小",
			"NUM_NAME": "总尾小",
			"CODE": "gd11x58",
			"SORT": 6.0,
			"STATE": 0,
			"ST": false,
			"BET_AMT": null,
			"ODDS_A": 0.0,
			"ODDS_B": 0.0,
			"ODDS_C": 0.0
		},
		"gd11x58_尾单": {
			"ID": 6427,
			"P_3ID": 1155,
			"P_1ID": 1146,
			"GROUP_NAME": "总和-龙虎",
			"SHOWCLS": "text",
			"ODDS": 1.96,
			"NUM": "尾单",
			"NUM_NAME": "总尾单",
			"CODE": "gd11x58",
			"SORT": 7.0,
			"STATE": 0,
			"ST": false,
			"BET_AMT": null,
			"ODDS_A": 0.0,
			"ODDS_B": 0.0,
			"ODDS_C": 0.0
		},
		"gd11x58_尾双": {
			"ID": 6428,
			"P_3ID": 1155,
			"P_1ID": 1146,
			"GROUP_NAME": "总和-龙虎",
			"SHOWCLS": "text",
			"ODDS": 1.96,
			"NUM": "尾双",
			"NUM_NAME": "总尾双",
			"CODE": "gd11x58",
			"SORT": 8.0,
			"STATE": 0,
			"ST": false,
			"BET_AMT": null,
			"ODDS_A": 0.0,
			"ODDS_B": 0.0,
			"ODDS_C": 0.0
		},
		"gd11x58_龙": {
			"ID": 6429,
			"P_3ID": 1155,
			"P_1ID": 1146,
			"GROUP_NAME": "总和-龙虎",
			"SHOWCLS": "text",
			"ODDS": 1.96,
			"NUM": "龙",
			"NUM_NAME": "龙",
			"CODE": "gd11x58",
			"SORT": 9.0,
			"STATE": 0,
			"ST": false,
			"BET_AMT": null,
			"ODDS_A": 0.0,
			"ODDS_B": 0.0,
			"ODDS_C": 0.0
		},
		"gd11x58_虎": {
			"ID": 6430,
			"P_3ID": 1155,
			"P_1ID": 1146,
			"GROUP_NAME": "总和-龙虎",
			"SHOWCLS": "text",
			"ODDS": 1.96,
			"NUM": "虎",
			"NUM_NAME": "虎",
			"CODE": "gd11x58",
			"SORT": 10.0,
			"STATE": 0,
			"ST": false,
			"BET_AMT": null,
			"ODDS_A": 0.0,
			"ODDS_B": 0.0,
			"ODDS_C": 0.0
		}
	}
}
