{
	"gdklsf0": {
		"gdklsf0_1": {
			"ID": 858,
			"P_3ID": 108,
			"P_1ID": 21,
			"GROUP_NAME": "第一球",
			"SHOWCLS": "blue",
			"ODDS": 19.80,
			"NUM": "1",
			"NUM_NAME": "1",
			"CODE": "gdklsf0",
			"SORT": 0.0,
			"STATE": 0,
			"ST": false,
			"BET_AMT": null,
			"ODDS_A": 19.80,
			"ODDS_B": 19.80,
			"ODDS_C": 19.80
		},
		"gdklsf0_2": {
			"ID": 859,
			"P_3ID": 108,
			"P_1ID": 21,
			"GROUP_NAME": "第一球",
			"SHOWCLS": "blue",
			"ODDS": 19.80,
			"NUM": "2",
			"NUM_NAME": "2",
			"CODE": "gdklsf0",
			"SORT": 1.0,
			"STATE": 0,
			"ST": false,
			"BET_AMT": null,
			"ODDS_A": 19.80,
			"ODDS_B": 19.80,
			"ODDS_C": 19.80
		},
		"gdklsf0_3": {
			"ID": 860,
			"P_3ID": 108,
			"P_1ID": 21,
			"GROUP_NAME": "第一球",
			"SHOWCLS": "blue",
			"ODDS": 19.80,
			"NUM": "3",
			"NUM_NAME": "3",
			"CODE": "gdklsf0",
			"SORT": 2.0,
			"STATE": 0,
			"ST": false,
			"BET_AMT": null,
			"ODDS_A": 19.80,
			"ODDS_B": 19.80,
			"ODDS_C": 19.80
		},
		"gdklsf0_4": {
			"ID": 861,
			"P_3ID": 108,
			"P_1ID": 21,
			"GROUP_NAME": "第一球",
			"SHOWCLS": "blue",
			"ODDS": 19.80,
			"NUM": "4",
			"NUM_NAME": "4",
			"CODE": "gdklsf0",
			"SORT": 3.0,
			"STATE": 0,
			"ST": false,
			"BET_AMT": null,
			"ODDS_A": 19.80,
			"ODDS_B": 19.80,
			"ODDS_C": 19.80
		},
		"gdklsf0_5": {
			"ID": 862,
			"P_3ID": 108,
			"P_1ID": 21,
			"GROUP_NAME": "第一球",
			"SHOWCLS": "blue",
			"ODDS": 19.80,
			"NUM": "5",
			"NUM_NAME": "5",
			"CODE": "gdklsf0",
			"SORT": 4.0,
			"STATE": 0,
			"ST": false,
			"BET_AMT": null,
			"ODDS_A": 19.80,
			"ODDS_B": 19.80,
			"ODDS_C": 19.80
		},
		"gdklsf0_6": {
			"ID": 863,
			"P_3ID": 108,
			"P_1ID": 21,
			"GROUP_NAME": "第一球",
			"SHOWCLS": "blue",
			"ODDS": 19.80,
			"NUM": "6",
			"NUM_NAME": "6",
			"CODE": "gdklsf0",
			"SORT": 5.0,
			"STATE": 0,
			"ST": false,
			"BET_AMT": null,
			"ODDS_A": 19.80,
			"ODDS_B": 19.80,
			"ODDS_C": 19.80
		},
		"gdklsf0_7": {
			"ID": 864,
			"P_3ID": 108,
			"P_1ID": 21,
			"GROUP_NAME": "第一球",
			"SHOWCLS": "blue",
			"ODDS": 19.80,
			"NUM": "7",
			"NUM_NAME": "7",
			"CODE": "gdklsf0",
			"SORT": 6.0,
			"STATE": 0,
			"ST": false,
			"BET_AMT": null,
			"ODDS_A": 19.80,
			"ODDS_B": 19.80,
			"ODDS_C": 19.80
		},
		"gdklsf0_8": {
			"ID": 865,
			"P_3ID": 108,
			"P_1ID": 21,
			"GROUP_NAME": "第一球",
			"SHOWCLS": "blue",
			"ODDS": 19.80,
			"NUM": "8",
			"NUM_NAME": "8",
			"CODE": "gdklsf0",
			"SORT": 7.0,
			"STATE": 0,
			"ST": false,
			"BET_AMT": null,
			"ODDS_A": 19.80,
			"ODDS_B": 19.80,
			"ODDS_C": 19.80
		},
		"gdklsf0_9": {
			"ID": 866,
			"P_3ID": 108,
			"P_1ID": 21,
			"GROUP_NAME": "第一球",
			"SHOWCLS": "blue",
			"ODDS": 19.80,
			"NUM": "9",
			"NUM_NAME": "9",
			"CODE": "gdklsf0",
			"SORT": 8.0,
			"STATE": 0,
			"ST": false,
			"BET_AMT": null,
			"ODDS_A": 19.80,
			"ODDS_B": 19.80,
			"ODDS_C": 19.80
		},
		"gdklsf0_10": {
			"ID": 867,
			"P_3ID": 108,
			"P_1ID": 21,
			"GROUP_NAME": "第一球",
			"SHOWCLS": "blue",
			"ODDS": 19.80,
			"NUM": "10",
			"NUM_NAME": "10",
			"CODE": "gdklsf0",
			"SORT": 9.0,
			"STATE": 0,
			"ST": false,
			"BET_AMT": null,
			"ODDS_A": 19.80,
			"ODDS_B": 19.80,
			"ODDS_C": 19.80
		},
		"gdklsf0_11": {
			"ID": 868,
			"P_3ID": 108,
			"P_1ID": 21,
			"GROUP_NAME": "第一球",
			"SHOWCLS": "blue",
			"ODDS": 19.80,
			"NUM": "11",
			"NUM_NAME": "11",
			"CODE": "gdklsf0",
			"SORT": 10.0,
			"STATE": 0,
			"ST": false,
			"BET_AMT": null,
			"ODDS_A": 19.80,
			"ODDS_B": 19.80,
			"ODDS_C": 19.80
		},
		"gdklsf0_12": {
			"ID": 869,
			"P_3ID": 108,
			"P_1ID": 21,
			"GROUP_NAME": "第一球",
			"SHOWCLS": "blue",
			"ODDS": 19.80,
			"NUM": "12",
			"NUM_NAME": "12",
			"CODE": "gdklsf0",
			"SORT": 11.0,
			"STATE": 0,
			"ST": false,
			"BET_AMT": null,
			"ODDS_A": 19.80,
			"ODDS_B": 19.80,
			"ODDS_C": 19.80
		},
		"gdklsf0_13": {
			"ID": 870,
			"P_3ID": 108,
			"P_1ID": 21,
			"GROUP_NAME": "第一球",
			"SHOWCLS": "blue",
			"ODDS": 19.80,
			"NUM": "13",
			"NUM_NAME": "13",
			"CODE": "gdklsf0",
			"SORT": 12.0,
			"STATE": 0,
			"ST": false,
			"BET_AMT": null,
			"ODDS_A": 19.80,
			"ODDS_B": 19.80,
			"ODDS_C": 19.80
		},
		"gdklsf0_14": {
			"ID": 871,
			"P_3ID": 108,
			"P_1ID": 21,
			"GROUP_NAME": "第一球",
			"SHOWCLS": "blue",
			"ODDS": 19.80,
			"NUM": "14",
			"NUM_NAME": "14",
			"CODE": "gdklsf0",
			"SORT": 13.0,
			"STATE": 0,
			"ST": false,
			"BET_AMT": null,
			"ODDS_A": 19.80,
			"ODDS_B": 19.80,
			"ODDS_C": 19.80
		},
		"gdklsf0_15": {
			"ID": 872,
			"P_3ID": 108,
			"P_1ID": 21,
			"GROUP_NAME": "第一球",
			"SHOWCLS": "blue",
			"ODDS": 19.80,
			"NUM": "15",
			"NUM_NAME": "15",
			"CODE": "gdklsf0",
			"SORT": 14.0,
			"STATE": 0,
			"ST": false,
			"BET_AMT": null,
			"ODDS_A": 19.80,
			"ODDS_B": 19.80,
			"ODDS_C": 19.80
		},
		"gdklsf0_16": {
			"ID": 873,
			"P_3ID": 108,
			"P_1ID": 21,
			"GROUP_NAME": "第一球",
			"SHOWCLS": "blue",
			"ODDS": 19.80,
			"NUM": "16",
			"NUM_NAME": "16",
			"CODE": "gdklsf0",
			"SORT": 15.0,
			"STATE": 0,
			"ST": false,
			"BET_AMT": null,
			"ODDS_A": 19.80,
			"ODDS_B": 19.80,
			"ODDS_C": 19.80
		},
		"gdklsf0_17": {
			"ID": 874,
			"P_3ID": 108,
			"P_1ID": 21,
			"GROUP_NAME": "第一球",
			"SHOWCLS": "blue",
			"ODDS": 19.80,
			"NUM": "17",
			"NUM_NAME": "17",
			"CODE": "gdklsf0",
			"SORT": 16.0,
			"STATE": 0,
			"ST": false,
			"BET_AMT": null,
			"ODDS_A": 19.80,
			"ODDS_B": 19.80,
			"ODDS_C": 19.80
		},
		"gdklsf0_18": {
			"ID": 875,
			"P_3ID": 108,
			"P_1ID": 21,
			"GROUP_NAME": "第一球",
			"SHOWCLS": "blue",
			"ODDS": 19.80,
			"NUM": "18",
			"NUM_NAME": "18",
			"CODE": "gdklsf0",
			"SORT": 17.0,
			"STATE": 0,
			"ST": false,
			"BET_AMT": null,
			"ODDS_A": 19.80,
			"ODDS_B": 19.80,
			"ODDS_C": 19.80
		},
		"gdklsf0_19": {
			"ID": 876,
			"P_3ID": 108,
			"P_1ID": 21,
			"GROUP_NAME": "第一球",
			"SHOWCLS": "blue",
			"ODDS": 19.80,
			"NUM": "19",
			"NUM_NAME": "19",
			"CODE": "gdklsf0",
			"SORT": 18.10,
			"STATE": 0,
			"ST": false,
			"BET_AMT": null,
			"ODDS_A": 19.80,
			"ODDS_B": 19.80,
			"ODDS_C": 19.80
		},
		"gdklsf0_20": {
			"ID": 877,
			"P_3ID": 108,
			"P_1ID": 21,
			"GROUP_NAME": "第一球",
			"SHOWCLS": "blue",
			"ODDS": 19.80,
			"NUM": "20",
			"NUM_NAME": "20",
			"CODE": "gdklsf0",
			"SORT": 19.10,
			"STATE": 0,
			"ST": false,
			"BET_AMT": null,
			"ODDS_A": 19.80,
			"ODDS_B": 19.80,
			"ODDS_C": 19.80
		},
		"gdklsf0_大": {
			"ID": 878,
			"P_3ID": 108,
			"P_1ID": 21,
			"GROUP_NAME": "第一球",
			"SHOWCLS": "red",
			"ODDS": 1.96,
			"NUM": "大",
			"NUM_NAME": "大",
			"CODE": "gdklsf0",
			"SORT": 20.10,
			"STATE": 0,
			"ST": false,
			"BET_AMT": null,
			"ODDS_A": 1.96,
			"ODDS_B": 1.98,
			"ODDS_C": 1.98
		},
		"gdklsf0_小": {
			"ID": 879,
			"P_3ID": 108,
			"P_1ID": 21,
			"GROUP_NAME": "第一球",
			"SHOWCLS": "green",
			"ODDS": 1.96,
			"NUM": "小",
			"NUM_NAME": "小",
			"CODE": "gdklsf0",
			"SORT": 21.10,
			"STATE": 0,
			"ST": false,
			"BET_AMT": null,
			"ODDS_A": 1.96,
			"ODDS_B": 1.98,
			"ODDS_C": 1.98
		},
		"gdklsf0_单": {
			"ID": 880,
			"P_3ID": 108,
			"P_1ID": 21,
			"GROUP_NAME": "第一球",
			"SHOWCLS": "red",
			"ODDS": 1.96,
			"NUM": "单",
			"NUM_NAME": "单",
			"CODE": "gdklsf0",
			"SORT": 22.10,
			"STATE": 0,
			"ST": false,
			"BET_AMT": null,
			"ODDS_A": 1.96,
			"ODDS_B": 1.98,
			"ODDS_C": 1.98
		},
		"gdklsf0_双": {
			"ID": 881,
			"P_3ID": 108,
			"P_1ID": 21,
			"GROUP_NAME": "第一球",
			"SHOWCLS": "green",
			"ODDS": 1.96,
			"NUM": "双",
			"NUM_NAME": "双",
			"CODE": "gdklsf0",
			"SORT": 23.10,
			"STATE": 0,
			"ST": false,
			"BET_AMT": null,
			"ODDS_A": 1.96,
			"ODDS_B": 1.98,
			"ODDS_C": 1.98
		},
		"gdklsf0_尾大": {
			"ID": 882,
			"P_3ID": 108,
			"P_1ID": 21,
			"GROUP_NAME": "第一球",
			"SHOWCLS": "text",
			"ODDS": 1.96,
			"NUM": "尾大",
			"NUM_NAME": "尾大",
			"CODE": "gdklsf0",
			"SORT": 24.10,
			"STATE": 0,
			"ST": false,
			"BET_AMT": null,
			"ODDS_A": 1.96,
			"ODDS_B": 1.98,
			"ODDS_C": 1.98
		},
		"gdklsf0_尾小": {
			"ID": 883,
			"P_3ID": 108,
			"P_1ID": 21,
			"GROUP_NAME": "第一球",
			"SHOWCLS": "text",
			"ODDS": 1.96,
			"NUM": "尾小",
			"NUM_NAME": "尾小",
			"CODE": "gdklsf0",
			"SORT": 25.10,
			"STATE": 0,
			"ST": false,
			"BET_AMT": null,
			"ODDS_A": 1.96,
			"ODDS_B": 1.98,
			"ODDS_C": 1.98
		},
		"gdklsf0_合单": {
			"ID": 884,
			"P_3ID": 108,
			"P_1ID": 21,
			"GROUP_NAME": "第一球",
			"SHOWCLS": "text",
			"ODDS": 1.96,
			"NUM": "合单",
			"NUM_NAME": "合单",
			"CODE": "gdklsf0",
			"SORT": 26.10,
			"STATE": 0,
			"ST": false,
			"BET_AMT": null,
			"ODDS_A": 1.96,
			"ODDS_B": 1.98,
			"ODDS_C": 1.98
		},
		"gdklsf0_合双": {
			"ID": 885,
			"P_3ID": 108,
			"P_1ID": 21,
			"GROUP_NAME": "第一球",
			"SHOWCLS": "text",
			"ODDS": 1.96,
			"NUM": "合双",
			"NUM_NAME": "合双",
			"CODE": "gdklsf0",
			"SORT": 27.10,
			"STATE": 0,
			"ST": false,
			"BET_AMT": null,
			"ODDS_A": 1.96,
			"ODDS_B": 1.98,
			"ODDS_C": 1.98
		},
		"gdklsf0_东": {
			"ID": 886,
			"P_3ID": 108,
			"P_1ID": 21,
			"GROUP_NAME": "第一球",
			"SHOWCLS": "text",
			"ODDS": 3.76,
			"NUM": "东",
			"NUM_NAME": "东",
			"CODE": "gdklsf0",
			"SORT": 28.10,
			"STATE": 0,
			"ST": false,
			"BET_AMT": null,
			"ODDS_A": 3.76,
			"ODDS_B": 3.76,
			"ODDS_C": 3.76
		},
		"gdklsf0_南": {
			"ID": 887,
			"P_3ID": 108,
			"P_1ID": 21,
			"GROUP_NAME": "第一球",
			"SHOWCLS": "text",
			"ODDS": 3.76,
			"NUM": "南",
			"NUM_NAME": "南",
			"CODE": "gdklsf0",
			"SORT": 29.10,
			"STATE": 0,
			"ST": false,
			"BET_AMT": null,
			"ODDS_A": 3.76,
			"ODDS_B": 3.76,
			"ODDS_C": 3.76
		},
		"gdklsf0_西": {
			"ID": 888,
			"P_3ID": 108,
			"P_1ID": 21,
			"GROUP_NAME": "第一球",
			"SHOWCLS": "text",
			"ODDS": 3.76,
			"NUM": "西",
			"NUM_NAME": "西",
			"CODE": "gdklsf0",
			"SORT": 30.10,
			"STATE": 0,
			"ST": false,
			"BET_AMT": null,
			"ODDS_A": 3.76,
			"ODDS_B": 3.76,
			"ODDS_C": 3.76
		},
		"gdklsf0_北": {
			"ID": 889,
			"P_3ID": 108,
			"P_1ID": 21,
			"GROUP_NAME": "第一球",
			"SHOWCLS": "text",
			"ODDS": 3.76,
			"NUM": "北",
			"NUM_NAME": "北",
			"CODE": "gdklsf0",
			"SORT": 31.10,
			"STATE": 0,
			"ST": false,
			"BET_AMT": null,
			"ODDS_A": 3.76,
			"ODDS_B": 3.76,
			"ODDS_C": 3.76
		},
		"gdklsf0_中": {
			"ID": 890,
			"P_3ID": 108,
			"P_1ID": 21,
			"GROUP_NAME": "第一球",
			"SHOWCLS": "text",
			"ODDS": 2.70,
			"NUM": "中",
			"NUM_NAME": "中",
			"CODE": "gdklsf0",
			"SORT": 32.0,
			"STATE": 0,
			"ST": false,
			"BET_AMT": null,
			"ODDS_A": 2.70,
			"ODDS_B": 2.70,
			"ODDS_C": 2.70
		},
		"gdklsf0_发": {
			"ID": 891,
			"P_3ID": 108,
			"P_1ID": 21,
			"GROUP_NAME": "第一球",
			"SHOWCLS": "text",
			"ODDS": 2.70,
			"NUM": "发",
			"NUM_NAME": "发",
			"CODE": "gdklsf0",
			"SORT": 33.0,
			"STATE": 0,
			"ST": false,
			"BET_AMT": null,
			"ODDS_A": 2.70,
			"ODDS_B": 2.70,
			"ODDS_C": 2.70
		},
		"gdklsf0_白": {
			"ID": 892,
			"P_3ID": 108,
			"P_1ID": 21,
			"GROUP_NAME": "第一球",
			"SHOWCLS": "text",
			"ODDS": 2.85,
			"NUM": "白",
			"NUM_NAME": "白",
			"CODE": "gdklsf0",
			"SORT": 34.0,
			"STATE": 0,
			"ST": false,
			"BET_AMT": null,
			"ODDS_A": 2.85,
			"ODDS_B": 2.85,
			"ODDS_C": 2.85
		}
	},
	"gdklsf1": {
		"gdklsf1_1": {
			"ID": 893,
			"P_3ID": 109,
			"P_1ID": 21,
			"GROUP_NAME": "第二球",
			"SHOWCLS": "blue",
			"ODDS": 19.80,
			"NUM": "1",
			"NUM_NAME": "1",
			"CODE": "gdklsf1",
			"SORT": 0.0,
			"STATE": 0,
			"ST": false,
			"BET_AMT": null,
			"ODDS_A": 19.80,
			"ODDS_B": 19.80,
			"ODDS_C": 19.80
		},
		"gdklsf1_2": {
			"ID": 894,
			"P_3ID": 109,
			"P_1ID": 21,
			"GROUP_NAME": "第二球",
			"SHOWCLS": "blue",
			"ODDS": 19.80,
			"NUM": "2",
			"NUM_NAME": "2",
			"CODE": "gdklsf1",
			"SORT": 1.0,
			"STATE": 0,
			"ST": false,
			"BET_AMT": null,
			"ODDS_A": 19.80,
			"ODDS_B": 19.80,
			"ODDS_C": 19.80
		},
		"gdklsf1_3": {
			"ID": 895,
			"P_3ID": 109,
			"P_1ID": 21,
			"GROUP_NAME": "第二球",
			"SHOWCLS": "blue",
			"ODDS": 19.80,
			"NUM": "3",
			"NUM_NAME": "3",
			"CODE": "gdklsf1",
			"SORT": 2.0,
			"STATE": 0,
			"ST": false,
			"BET_AMT": null,
			"ODDS_A": 19.80,
			"ODDS_B": 19.80,
			"ODDS_C": 19.80
		},
		"gdklsf1_4": {
			"ID": 896,
			"P_3ID": 109,
			"P_1ID": 21,
			"GROUP_NAME": "第二球",
			"SHOWCLS": "blue",
			"ODDS": 19.80,
			"NUM": "4",
			"NUM_NAME": "4",
			"CODE": "gdklsf1",
			"SORT": 3.0,
			"STATE": 0,
			"ST": false,
			"BET_AMT": null,
			"ODDS_A": 19.80,
			"ODDS_B": 19.80,
			"ODDS_C": 19.80
		},
		"gdklsf1_5": {
			"ID": 897,
			"P_3ID": 109,
			"P_1ID": 21,
			"GROUP_NAME": "第二球",
			"SHOWCLS": "blue",
			"ODDS": 19.80,
			"NUM": "5",
			"NUM_NAME": "5",
			"CODE": "gdklsf1",
			"SORT": 4.0,
			"STATE": 0,
			"ST": false,
			"BET_AMT": null,
			"ODDS_A": 19.80,
			"ODDS_B": 19.80,
			"ODDS_C": 19.80
		},
		"gdklsf1_6": {
			"ID": 898,
			"P_3ID": 109,
			"P_1ID": 21,
			"GROUP_NAME": "第二球",
			"SHOWCLS": "blue",
			"ODDS": 19.80,
			"NUM": "6",
			"NUM_NAME": "6",
			"CODE": "gdklsf1",
			"SORT": 5.0,
			"STATE": 0,
			"ST": false,
			"BET_AMT": null,
			"ODDS_A": 19.80,
			"ODDS_B": 19.80,
			"ODDS_C": 19.80
		},
		"gdklsf1_7": {
			"ID": 899,
			"P_3ID": 109,
			"P_1ID": 21,
			"GROUP_NAME": "第二球",
			"SHOWCLS": "blue",
			"ODDS": 19.80,
			"NUM": "7",
			"NUM_NAME": "7",
			"CODE": "gdklsf1",
			"SORT": 6.0,
			"STATE": 0,
			"ST": false,
			"BET_AMT": null,
			"ODDS_A": 19.80,
			"ODDS_B": 19.80,
			"ODDS_C": 19.80
		},
		"gdklsf1_8": {
			"ID": 900,
			"P_3ID": 109,
			"P_1ID": 21,
			"GROUP_NAME": "第二球",
			"SHOWCLS": "blue",
			"ODDS": 19.80,
			"NUM": "8",
			"NUM_NAME": "8",
			"CODE": "gdklsf1",
			"SORT": 7.0,
			"STATE": 0,
			"ST": false,
			"BET_AMT": null,
			"ODDS_A": 19.80,
			"ODDS_B": 19.80,
			"ODDS_C": 19.80
		},
		"gdklsf1_9": {
			"ID": 901,
			"P_3ID": 109,
			"P_1ID": 21,
			"GROUP_NAME": "第二球",
			"SHOWCLS": "blue",
			"ODDS": 19.80,
			"NUM": "9",
			"NUM_NAME": "9",
			"CODE": "gdklsf1",
			"SORT": 8.0,
			"STATE": 0,
			"ST": false,
			"BET_AMT": null,
			"ODDS_A": 19.80,
			"ODDS_B": 19.80,
			"ODDS_C": 19.80
		},
		"gdklsf1_10": {
			"ID": 902,
			"P_3ID": 109,
			"P_1ID": 21,
			"GROUP_NAME": "第二球",
			"SHOWCLS": "blue",
			"ODDS": 19.80,
			"NUM": "10",
			"NUM_NAME": "10",
			"CODE": "gdklsf1",
			"SORT": 9.0,
			"STATE": 0,
			"ST": false,
			"BET_AMT": null,
			"ODDS_A": 19.80,
			"ODDS_B": 19.80,
			"ODDS_C": 19.80
		},
		"gdklsf1_11": {
			"ID": 903,
			"P_3ID": 109,
			"P_1ID": 21,
			"GROUP_NAME": "第二球",
			"SHOWCLS": "blue",
			"ODDS": 19.80,
			"NUM": "11",
			"NUM_NAME": "11",
			"CODE": "gdklsf1",
			"SORT": 10.0,
			"STATE": 0,
			"ST": false,
			"BET_AMT": null,
			"ODDS_A": 19.80,
			"ODDS_B": 19.80,
			"ODDS_C": 19.80
		},
		"gdklsf1_12": {
			"ID": 904,
			"P_3ID": 109,
			"P_1ID": 21,
			"GROUP_NAME": "第二球",
			"SHOWCLS": "blue",
			"ODDS": 19.80,
			"NUM": "12",
			"NUM_NAME": "12",
			"CODE": "gdklsf1",
			"SORT": 11.0,
			"STATE": 0,
			"ST": false,
			"BET_AMT": null,
			"ODDS_A": 19.80,
			"ODDS_B": 19.80,
			"ODDS_C": 19.80
		},
		"gdklsf1_13": {
			"ID": 905,
			"P_3ID": 109,
			"P_1ID": 21,
			"GROUP_NAME": "第二球",
			"SHOWCLS": "blue",
			"ODDS": 19.80,
			"NUM": "13",
			"NUM_NAME": "13",
			"CODE": "gdklsf1",
			"SORT": 12.0,
			"STATE": 0,
			"ST": false,
			"BET_AMT": null,
			"ODDS_A": 19.80,
			"ODDS_B": 19.80,
			"ODDS_C": 19.80
		},
		"gdklsf1_14": {
			"ID": 906,
			"P_3ID": 109,
			"P_1ID": 21,
			"GROUP_NAME": "第二球",
			"SHOWCLS": "blue",
			"ODDS": 19.80,
			"NUM": "14",
			"NUM_NAME": "14",
			"CODE": "gdklsf1",
			"SORT": 13.0,
			"STATE": 0,
			"ST": false,
			"BET_AMT": null,
			"ODDS_A": 19.80,
			"ODDS_B": 19.80,
			"ODDS_C": 19.80
		},
		"gdklsf1_15": {
			"ID": 907,
			"P_3ID": 109,
			"P_1ID": 21,
			"GROUP_NAME": "第二球",
			"SHOWCLS": "blue",
			"ODDS": 19.80,
			"NUM": "15",
			"NUM_NAME": "15",
			"CODE": "gdklsf1",
			"SORT": 14.0,
			"STATE": 0,
			"ST": false,
			"BET_AMT": null,
			"ODDS_A": 19.80,
			"ODDS_B": 19.80,
			"ODDS_C": 19.80
		},
		"gdklsf1_16": {
			"ID": 908,
			"P_3ID": 109,
			"P_1ID": 21,
			"GROUP_NAME": "第二球",
			"SHOWCLS": "blue",
			"ODDS": 19.80,
			"NUM": "16",
			"NUM_NAME": "16",
			"CODE": "gdklsf1",
			"SORT": 15.0,
			"STATE": 0,
			"ST": false,
			"BET_AMT": null,
			"ODDS_A": 19.80,
			"ODDS_B": 19.80,
			"ODDS_C": 19.80
		},
		"gdklsf1_17": {
			"ID": 909,
			"P_3ID": 109,
			"P_1ID": 21,
			"GROUP_NAME": "第二球",
			"SHOWCLS": "blue",
			"ODDS": 19.80,
			"NUM": "17",
			"NUM_NAME": "17",
			"CODE": "gdklsf1",
			"SORT": 16.0,
			"STATE": 0,
			"ST": false,
			"BET_AMT": null,
			"ODDS_A": 19.80,
			"ODDS_B": 19.80,
			"ODDS_C": 19.80
		},
		"gdklsf1_18": {
			"ID": 910,
			"P_3ID": 109,
			"P_1ID": 21,
			"GROUP_NAME": "第二球",
			"SHOWCLS": "blue",
			"ODDS": 19.80,
			"NUM": "18",
			"NUM_NAME": "18",
			"CODE": "gdklsf1",
			"SORT": 17.0,
			"STATE": 0,
			"ST": false,
			"BET_AMT": null,
			"ODDS_A": 19.80,
			"ODDS_B": 19.80,
			"ODDS_C": 19.80
		},
		"gdklsf1_19": {
			"ID": 911,
			"P_3ID": 109,
			"P_1ID": 21,
			"GROUP_NAME": "第二球",
			"SHOWCLS": "blue",
			"ODDS": 19.80,
			"NUM": "19",
			"NUM_NAME": "19",
			"CODE": "gdklsf1",
			"SORT": 18.10,
			"STATE": 0,
			"ST": false,
			"BET_AMT": null,
			"ODDS_A": 19.80,
			"ODDS_B": 19.80,
			"ODDS_C": 19.80
		},
		"gdklsf1_20": {
			"ID": 912,
			"P_3ID": 109,
			"P_1ID": 21,
			"GROUP_NAME": "第二球",
			"SHOWCLS": "blue",
			"ODDS": 19.80,
			"NUM": "20",
			"NUM_NAME": "20",
			"CODE": "gdklsf1",
			"SORT": 19.10,
			"STATE": 0,
			"ST": false,
			"BET_AMT": null,
			"ODDS_A": 19.80,
			"ODDS_B": 19.80,
			"ODDS_C": 19.80
		},
		"gdklsf1_大": {
			"ID": 913,
			"P_3ID": 109,
			"P_1ID": 21,
			"GROUP_NAME": "第二球",
			"SHOWCLS": "red",
			"ODDS": 1.96,
			"NUM": "大",
			"NUM_NAME": "大",
			"CODE": "gdklsf1",
			"SORT": 20.10,
			"STATE": 0,
			"ST": false,
			"BET_AMT": null,
			"ODDS_A": 1.96,
			"ODDS_B": 1.98,
			"ODDS_C": 1.98
		},
		"gdklsf1_小": {
			"ID": 914,
			"P_3ID": 109,
			"P_1ID": 21,
			"GROUP_NAME": "第二球",
			"SHOWCLS": "green",
			"ODDS": 1.96,
			"NUM": "小",
			"NUM_NAME": "小",
			"CODE": "gdklsf1",
			"SORT": 21.10,
			"STATE": 0,
			"ST": false,
			"BET_AMT": null,
			"ODDS_A": 1.96,
			"ODDS_B": 1.98,
			"ODDS_C": 1.98
		},
		"gdklsf1_单": {
			"ID": 915,
			"P_3ID": 109,
			"P_1ID": 21,
			"GROUP_NAME": "第二球",
			"SHOWCLS": "red",
			"ODDS": 1.96,
			"NUM": "单",
			"NUM_NAME": "单",
			"CODE": "gdklsf1",
			"SORT": 22.10,
			"STATE": 0,
			"ST": false,
			"BET_AMT": null,
			"ODDS_A": 1.96,
			"ODDS_B": 1.98,
			"ODDS_C": 1.98
		},
		"gdklsf1_双": {
			"ID": 916,
			"P_3ID": 109,
			"P_1ID": 21,
			"GROUP_NAME": "第二球",
			"SHOWCLS": "green",
			"ODDS": 1.96,
			"NUM": "双",
			"NUM_NAME": "双",
			"CODE": "gdklsf1",
			"SORT": 23.10,
			"STATE": 0,
			"ST": false,
			"BET_AMT": null,
			"ODDS_A": 1.96,
			"ODDS_B": 1.98,
			"ODDS_C": 1.98
		},
		"gdklsf1_尾大": {
			"ID": 917,
			"P_3ID": 109,
			"P_1ID": 21,
			"GROUP_NAME": "第二球",
			"SHOWCLS": "text",
			"ODDS": 1.96,
			"NUM": "尾大",
			"NUM_NAME": "尾大",
			"CODE": "gdklsf1",
			"SORT": 24.10,
			"STATE": 0,
			"ST": false,
			"BET_AMT": null,
			"ODDS_A": 1.96,
			"ODDS_B": 1.98,
			"ODDS_C": 1.98
		},
		"gdklsf1_尾小": {
			"ID": 918,
			"P_3ID": 109,
			"P_1ID": 21,
			"GROUP_NAME": "第二球",
			"SHOWCLS": "text",
			"ODDS": 1.96,
			"NUM": "尾小",
			"NUM_NAME": "尾小",
			"CODE": "gdklsf1",
			"SORT": 25.10,
			"STATE": 0,
			"ST": false,
			"BET_AMT": null,
			"ODDS_A": 1.96,
			"ODDS_B": 1.98,
			"ODDS_C": 1.98
		},
		"gdklsf1_合单": {
			"ID": 919,
			"P_3ID": 109,
			"P_1ID": 21,
			"GROUP_NAME": "第二球",
			"SHOWCLS": "text",
			"ODDS": 1.96,
			"NUM": "合单",
			"NUM_NAME": "合单",
			"CODE": "gdklsf1",
			"SORT": 26.10,
			"STATE": 0,
			"ST": false,
			"BET_AMT": null,
			"ODDS_A": 1.96,
			"ODDS_B": 1.98,
			"ODDS_C": 1.98
		},
		"gdklsf1_合双": {
			"ID": 920,
			"P_3ID": 109,
			"P_1ID": 21,
			"GROUP_NAME": "第二球",
			"SHOWCLS": "text",
			"ODDS": 1.96,
			"NUM": "合双",
			"NUM_NAME": "合双",
			"CODE": "gdklsf1",
			"SORT": 27.10,
			"STATE": 0,
			"ST": false,
			"BET_AMT": null,
			"ODDS_A": 1.96,
			"ODDS_B": 1.98,
			"ODDS_C": 1.98
		},
		"gdklsf1_东": {
			"ID": 921,
			"P_3ID": 109,
			"P_1ID": 21,
			"GROUP_NAME": "第二球",
			"SHOWCLS": "text",
			"ODDS": 3.76,
			"NUM": "东",
			"NUM_NAME": "东",
			"CODE": "gdklsf1",
			"SORT": 28.10,
			"STATE": 0,
			"ST": false,
			"BET_AMT": null,
			"ODDS_A": 3.76,
			"ODDS_B": 3.76,
			"ODDS_C": 3.76
		},
		"gdklsf1_南": {
			"ID": 922,
			"P_3ID": 109,
			"P_1ID": 21,
			"GROUP_NAME": "第二球",
			"SHOWCLS": "text",
			"ODDS": 3.76,
			"NUM": "南",
			"NUM_NAME": "南",
			"CODE": "gdklsf1",
			"SORT": 29.10,
			"STATE": 0,
			"ST": false,
			"BET_AMT": null,
			"ODDS_A": 3.76,
			"ODDS_B": 3.76,
			"ODDS_C": 3.76
		},
		"gdklsf1_西": {
			"ID": 923,
			"P_3ID": 109,
			"P_1ID": 21,
			"GROUP_NAME": "第二球",
			"SHOWCLS": "text",
			"ODDS": 3.76,
			"NUM": "西",
			"NUM_NAME": "西",
			"CODE": "gdklsf1",
			"SORT": 30.10,
			"STATE": 0,
			"ST": false,
			"BET_AMT": null,
			"ODDS_A": 3.76,
			"ODDS_B": 3.76,
			"ODDS_C": 3.76
		},
		"gdklsf1_北": {
			"ID": 924,
			"P_3ID": 109,
			"P_1ID": 21,
			"GROUP_NAME": "第二球",
			"SHOWCLS": "text",
			"ODDS": 3.76,
			"NUM": "北",
			"NUM_NAME": "北",
			"CODE": "gdklsf1",
			"SORT": 31.10,
			"STATE": 0,
			"ST": false,
			"BET_AMT": null,
			"ODDS_A": 3.76,
			"ODDS_B": 3.76,
			"ODDS_C": 3.76
		},
		"gdklsf1_中": {
			"ID": 925,
			"P_3ID": 109,
			"P_1ID": 21,
			"GROUP_NAME": "第二球",
			"SHOWCLS": "text",
			"ODDS": 2.70,
			"NUM": "中",
			"NUM_NAME": "中",
			"CODE": "gdklsf1",
			"SORT": 32.0,
			"STATE": 0,
			"ST": false,
			"BET_AMT": null,
			"ODDS_A": 2.70,
			"ODDS_B": 2.70,
			"ODDS_C": 2.70
		},
		"gdklsf1_发": {
			"ID": 926,
			"P_3ID": 109,
			"P_1ID": 21,
			"GROUP_NAME": "第二球",
			"SHOWCLS": "text",
			"ODDS": 2.70,
			"NUM": "发",
			"NUM_NAME": "发",
			"CODE": "gdklsf1",
			"SORT": 33.0,
			"STATE": 0,
			"ST": false,
			"BET_AMT": null,
			"ODDS_A": 2.70,
			"ODDS_B": 2.70,
			"ODDS_C": 2.70
		},
		"gdklsf1_白": {
			"ID": 927,
			"P_3ID": 109,
			"P_1ID": 21,
			"GROUP_NAME": "第二球",
			"SHOWCLS": "text",
			"ODDS": 2.85,
			"NUM": "白",
			"NUM_NAME": "白",
			"CODE": "gdklsf1",
			"SORT": 34.0,
			"STATE": 0,
			"ST": false,
			"BET_AMT": null,
			"ODDS_A": 2.85,
			"ODDS_B": 2.85,
			"ODDS_C": 2.85
		}
	},
	"gdklsf2": {
		"gdklsf2_1": {
			"ID": 1092,
			"P_3ID": 110,
			"P_1ID": 21,
			"GROUP_NAME": "第三球",
			"SHOWCLS": "blue",
			"ODDS": 19.80,
			"NUM": "1",
			"NUM_NAME": "1",
			"CODE": "gdklsf2",
			"SORT": 0.0,
			"STATE": 0,
			"ST": false,
			"BET_AMT": null,
			"ODDS_A": 19.80,
			"ODDS_B": 19.80,
			"ODDS_C": 19.80
		},
		"gdklsf2_2": {
			"ID": 1093,
			"P_3ID": 110,
			"P_1ID": 21,
			"GROUP_NAME": "第三球",
			"SHOWCLS": "blue",
			"ODDS": 19.80,
			"NUM": "2",
			"NUM_NAME": "2",
			"CODE": "gdklsf2",
			"SORT": 1.0,
			"STATE": 0,
			"ST": false,
			"BET_AMT": null,
			"ODDS_A": 19.80,
			"ODDS_B": 19.80,
			"ODDS_C": 19.80
		},
		"gdklsf2_3": {
			"ID": 1094,
			"P_3ID": 110,
			"P_1ID": 21,
			"GROUP_NAME": "第三球",
			"SHOWCLS": "blue",
			"ODDS": 19.80,
			"NUM": "3",
			"NUM_NAME": "3",
			"CODE": "gdklsf2",
			"SORT": 2.0,
			"STATE": 0,
			"ST": false,
			"BET_AMT": null,
			"ODDS_A": 19.80,
			"ODDS_B": 19.80,
			"ODDS_C": 19.80
		},
		"gdklsf2_4": {
			"ID": 1095,
			"P_3ID": 110,
			"P_1ID": 21,
			"GROUP_NAME": "第三球",
			"SHOWCLS": "blue",
			"ODDS": 19.80,
			"NUM": "4",
			"NUM_NAME": "4",
			"CODE": "gdklsf2",
			"SORT": 3.0,
			"STATE": 0,
			"ST": false,
			"BET_AMT": null,
			"ODDS_A": 19.80,
			"ODDS_B": 19.80,
			"ODDS_C": 19.80
		},
		"gdklsf2_5": {
			"ID": 1096,
			"P_3ID": 110,
			"P_1ID": 21,
			"GROUP_NAME": "第三球",
			"SHOWCLS": "blue",
			"ODDS": 19.80,
			"NUM": "5",
			"NUM_NAME": "5",
			"CODE": "gdklsf2",
			"SORT": 4.0,
			"STATE": 0,
			"ST": false,
			"BET_AMT": null,
			"ODDS_A": 19.80,
			"ODDS_B": 19.80,
			"ODDS_C": 19.80
		},
		"gdklsf2_6": {
			"ID": 1097,
			"P_3ID": 110,
			"P_1ID": 21,
			"GROUP_NAME": "第三球",
			"SHOWCLS": "blue",
			"ODDS": 19.80,
			"NUM": "6",
			"NUM_NAME": "6",
			"CODE": "gdklsf2",
			"SORT": 5.0,
			"STATE": 0,
			"ST": false,
			"BET_AMT": null,
			"ODDS_A": 19.80,
			"ODDS_B": 19.80,
			"ODDS_C": 19.80
		},
		"gdklsf2_7": {
			"ID": 1098,
			"P_3ID": 110,
			"P_1ID": 21,
			"GROUP_NAME": "第三球",
			"SHOWCLS": "blue",
			"ODDS": 19.80,
			"NUM": "7",
			"NUM_NAME": "7",
			"CODE": "gdklsf2",
			"SORT": 6.0,
			"STATE": 0,
			"ST": false,
			"BET_AMT": null,
			"ODDS_A": 19.80,
			"ODDS_B": 19.80,
			"ODDS_C": 19.80
		},
		"gdklsf2_8": {
			"ID": 1099,
			"P_3ID": 110,
			"P_1ID": 21,
			"GROUP_NAME": "第三球",
			"SHOWCLS": "blue",
			"ODDS": 19.80,
			"NUM": "8",
			"NUM_NAME": "8",
			"CODE": "gdklsf2",
			"SORT": 7.0,
			"STATE": 0,
			"ST": false,
			"BET_AMT": null,
			"ODDS_A": 19.80,
			"ODDS_B": 19.80,
			"ODDS_C": 19.80
		},
		"gdklsf2_9": {
			"ID": 1100,
			"P_3ID": 110,
			"P_1ID": 21,
			"GROUP_NAME": "第三球",
			"SHOWCLS": "blue",
			"ODDS": 19.80,
			"NUM": "9",
			"NUM_NAME": "9",
			"CODE": "gdklsf2",
			"SORT": 8.0,
			"STATE": 0,
			"ST": false,
			"BET_AMT": null,
			"ODDS_A": 19.80,
			"ODDS_B": 19.80,
			"ODDS_C": 19.80
		},
		"gdklsf2_10": {
			"ID": 1101,
			"P_3ID": 110,
			"P_1ID": 21,
			"GROUP_NAME": "第三球",
			"SHOWCLS": "blue",
			"ODDS": 19.80,
			"NUM": "10",
			"NUM_NAME": "10",
			"CODE": "gdklsf2",
			"SORT": 9.0,
			"STATE": 0,
			"ST": false,
			"BET_AMT": null,
			"ODDS_A": 19.80,
			"ODDS_B": 19.80,
			"ODDS_C": 19.80
		},
		"gdklsf2_11": {
			"ID": 1102,
			"P_3ID": 110,
			"P_1ID": 21,
			"GROUP_NAME": "第三球",
			"SHOWCLS": "blue",
			"ODDS": 19.80,
			"NUM": "11",
			"NUM_NAME": "11",
			"CODE": "gdklsf2",
			"SORT": 10.0,
			"STATE": 0,
			"ST": false,
			"BET_AMT": null,
			"ODDS_A": 19.80,
			"ODDS_B": 19.80,
			"ODDS_C": 19.80
		},
		"gdklsf2_12": {
			"ID": 1103,
			"P_3ID": 110,
			"P_1ID": 21,
			"GROUP_NAME": "第三球",
			"SHOWCLS": "blue",
			"ODDS": 19.80,
			"NUM": "12",
			"NUM_NAME": "12",
			"CODE": "gdklsf2",
			"SORT": 11.0,
			"STATE": 0,
			"ST": false,
			"BET_AMT": null,
			"ODDS_A": 19.80,
			"ODDS_B": 19.80,
			"ODDS_C": 19.80
		},
		"gdklsf2_13": {
			"ID": 1104,
			"P_3ID": 110,
			"P_1ID": 21,
			"GROUP_NAME": "第三球",
			"SHOWCLS": "blue",
			"ODDS": 19.80,
			"NUM": "13",
			"NUM_NAME": "13",
			"CODE": "gdklsf2",
			"SORT": 12.0,
			"STATE": 0,
			"ST": false,
			"BET_AMT": null,
			"ODDS_A": 19.80,
			"ODDS_B": 19.80,
			"ODDS_C": 19.80
		},
		"gdklsf2_14": {
			"ID": 1105,
			"P_3ID": 110,
			"P_1ID": 21,
			"GROUP_NAME": "第三球",
			"SHOWCLS": "blue",
			"ODDS": 19.80,
			"NUM": "14",
			"NUM_NAME": "14",
			"CODE": "gdklsf2",
			"SORT": 13.0,
			"STATE": 0,
			"ST": false,
			"BET_AMT": null,
			"ODDS_A": 19.80,
			"ODDS_B": 19.80,
			"ODDS_C": 19.80
		},
		"gdklsf2_15": {
			"ID": 1106,
			"P_3ID": 110,
			"P_1ID": 21,
			"GROUP_NAME": "第三球",
			"SHOWCLS": "blue",
			"ODDS": 19.80,
			"NUM": "15",
			"NUM_NAME": "15",
			"CODE": "gdklsf2",
			"SORT": 14.0,
			"STATE": 0,
			"ST": false,
			"BET_AMT": null,
			"ODDS_A": 19.80,
			"ODDS_B": 19.80,
			"ODDS_C": 19.80
		},
		"gdklsf2_16": {
			"ID": 1107,
			"P_3ID": 110,
			"P_1ID": 21,
			"GROUP_NAME": "第三球",
			"SHOWCLS": "blue",
			"ODDS": 19.80,
			"NUM": "16",
			"NUM_NAME": "16",
			"CODE": "gdklsf2",
			"SORT": 15.0,
			"STATE": 0,
			"ST": false,
			"BET_AMT": null,
			"ODDS_A": 19.80,
			"ODDS_B": 19.80,
			"ODDS_C": 19.80
		},
		"gdklsf2_17": {
			"ID": 1108,
			"P_3ID": 110,
			"P_1ID": 21,
			"GROUP_NAME": "第三球",
			"SHOWCLS": "blue",
			"ODDS": 19.80,
			"NUM": "17",
			"NUM_NAME": "17",
			"CODE": "gdklsf2",
			"SORT": 16.0,
			"STATE": 0,
			"ST": false,
			"BET_AMT": null,
			"ODDS_A": 19.80,
			"ODDS_B": 19.80,
			"ODDS_C": 19.80
		},
		"gdklsf2_18": {
			"ID": 1109,
			"P_3ID": 110,
			"P_1ID": 21,
			"GROUP_NAME": "第三球",
			"SHOWCLS": "blue",
			"ODDS": 19.80,
			"NUM": "18",
			"NUM_NAME": "18",
			"CODE": "gdklsf2",
			"SORT": 17.0,
			"STATE": 0,
			"ST": false,
			"BET_AMT": null,
			"ODDS_A": 19.80,
			"ODDS_B": 19.80,
			"ODDS_C": 19.80
		},
		"gdklsf2_19": {
			"ID": 1110,
			"P_3ID": 110,
			"P_1ID": 21,
			"GROUP_NAME": "第三球",
			"SHOWCLS": "blue",
			"ODDS": 19.80,
			"NUM": "19",
			"NUM_NAME": "19",
			"CODE": "gdklsf2",
			"SORT": 18.10,
			"STATE": 0,
			"ST": false,
			"BET_AMT": null,
			"ODDS_A": 19.80,
			"ODDS_B": 19.80,
			"ODDS_C": 19.80
		},
		"gdklsf2_20": {
			"ID": 1111,
			"P_3ID": 110,
			"P_1ID": 21,
			"GROUP_NAME": "第三球",
			"SHOWCLS": "blue",
			"ODDS": 19.80,
			"NUM": "20",
			"NUM_NAME": "20",
			"CODE": "gdklsf2",
			"SORT": 19.10,
			"STATE": 0,
			"ST": false,
			"BET_AMT": null,
			"ODDS_A": 19.80,
			"ODDS_B": 19.80,
			"ODDS_C": 19.80
		},
		"gdklsf2_大": {
			"ID": 1112,
			"P_3ID": 110,
			"P_1ID": 21,
			"GROUP_NAME": "第三球",
			"SHOWCLS": "red",
			"ODDS": 1.96,
			"NUM": "大",
			"NUM_NAME": "大",
			"CODE": "gdklsf2",
			"SORT": 20.10,
			"STATE": 0,
			"ST": false,
			"BET_AMT": null,
			"ODDS_A": 1.96,
			"ODDS_B": 1.98,
			"ODDS_C": 1.98
		},
		"gdklsf2_小": {
			"ID": 1113,
			"P_3ID": 110,
			"P_1ID": 21,
			"GROUP_NAME": "第三球",
			"SHOWCLS": "green",
			"ODDS": 1.96,
			"NUM": "小",
			"NUM_NAME": "小",
			"CODE": "gdklsf2",
			"SORT": 21.10,
			"STATE": 0,
			"ST": false,
			"BET_AMT": null,
			"ODDS_A": 1.96,
			"ODDS_B": 1.98,
			"ODDS_C": 1.98
		},
		"gdklsf2_单": {
			"ID": 1114,
			"P_3ID": 110,
			"P_1ID": 21,
			"GROUP_NAME": "第三球",
			"SHOWCLS": "red",
			"ODDS": 1.96,
			"NUM": "单",
			"NUM_NAME": "单",
			"CODE": "gdklsf2",
			"SORT": 22.10,
			"STATE": 0,
			"ST": false,
			"BET_AMT": null,
			"ODDS_A": 1.96,
			"ODDS_B": 1.98,
			"ODDS_C": 1.98
		},
		"gdklsf2_双": {
			"ID": 1115,
			"P_3ID": 110,
			"P_1ID": 21,
			"GROUP_NAME": "第三球",
			"SHOWCLS": "green",
			"ODDS": 1.96,
			"NUM": "双",
			"NUM_NAME": "双",
			"CODE": "gdklsf2",
			"SORT": 23.10,
			"STATE": 0,
			"ST": false,
			"BET_AMT": null,
			"ODDS_A": 1.96,
			"ODDS_B": 1.98,
			"ODDS_C": 1.98
		},
		"gdklsf2_尾大": {
			"ID": 1116,
			"P_3ID": 110,
			"P_1ID": 21,
			"GROUP_NAME": "第三球",
			"SHOWCLS": "text",
			"ODDS": 1.96,
			"NUM": "尾大",
			"NUM_NAME": "尾大",
			"CODE": "gdklsf2",
			"SORT": 24.10,
			"STATE": 0,
			"ST": false,
			"BET_AMT": null,
			"ODDS_A": 1.96,
			"ODDS_B": 1.98,
			"ODDS_C": 1.98
		},
		"gdklsf2_尾小": {
			"ID": 1117,
			"P_3ID": 110,
			"P_1ID": 21,
			"GROUP_NAME": "第三球",
			"SHOWCLS": "text",
			"ODDS": 1.96,
			"NUM": "尾小",
			"NUM_NAME": "尾小",
			"CODE": "gdklsf2",
			"SORT": 25.10,
			"STATE": 0,
			"ST": false,
			"BET_AMT": null,
			"ODDS_A": 1.96,
			"ODDS_B": 1.98,
			"ODDS_C": 1.98
		},
		"gdklsf2_合单": {
			"ID": 1118,
			"P_3ID": 110,
			"P_1ID": 21,
			"GROUP_NAME": "第三球",
			"SHOWCLS": "text",
			"ODDS": 1.96,
			"NUM": "合单",
			"NUM_NAME": "合单",
			"CODE": "gdklsf2",
			"SORT": 26.10,
			"STATE": 0,
			"ST": false,
			"BET_AMT": null,
			"ODDS_A": 1.96,
			"ODDS_B": 1.98,
			"ODDS_C": 1.98
		},
		"gdklsf2_合双": {
			"ID": 1119,
			"P_3ID": 110,
			"P_1ID": 21,
			"GROUP_NAME": "第三球",
			"SHOWCLS": "text",
			"ODDS": 1.96,
			"NUM": "合双",
			"NUM_NAME": "合双",
			"CODE": "gdklsf2",
			"SORT": 27.10,
			"STATE": 0,
			"ST": false,
			"BET_AMT": null,
			"ODDS_A": 1.96,
			"ODDS_B": 1.98,
			"ODDS_C": 1.98
		},
		"gdklsf2_东": {
			"ID": 1120,
			"P_3ID": 110,
			"P_1ID": 21,
			"GROUP_NAME": "第三球",
			"SHOWCLS": "text",
			"ODDS": 3.76,
			"NUM": "东",
			"NUM_NAME": "东",
			"CODE": "gdklsf2",
			"SORT": 28.10,
			"STATE": 0,
			"ST": false,
			"BET_AMT": null,
			"ODDS_A": 3.76,
			"ODDS_B": 3.76,
			"ODDS_C": 3.76
		},
		"gdklsf2_南": {
			"ID": 1121,
			"P_3ID": 110,
			"P_1ID": 21,
			"GROUP_NAME": "第三球",
			"SHOWCLS": "text",
			"ODDS": 3.76,
			"NUM": "南",
			"NUM_NAME": "南",
			"CODE": "gdklsf2",
			"SORT": 29.10,
			"STATE": 0,
			"ST": false,
			"BET_AMT": null,
			"ODDS_A": 3.76,
			"ODDS_B": 3.76,
			"ODDS_C": 3.76
		},
		"gdklsf2_西": {
			"ID": 1122,
			"P_3ID": 110,
			"P_1ID": 21,
			"GROUP_NAME": "第三球",
			"SHOWCLS": "text",
			"ODDS": 3.76,
			"NUM": "西",
			"NUM_NAME": "西",
			"CODE": "gdklsf2",
			"SORT": 30.10,
			"STATE": 0,
			"ST": false,
			"BET_AMT": null,
			"ODDS_A": 3.76,
			"ODDS_B": 3.76,
			"ODDS_C": 3.76
		},
		"gdklsf2_北": {
			"ID": 1123,
			"P_3ID": 110,
			"P_1ID": 21,
			"GROUP_NAME": "第三球",
			"SHOWCLS": "text",
			"ODDS": 3.76,
			"NUM": "北",
			"NUM_NAME": "北",
			"CODE": "gdklsf2",
			"SORT": 31.10,
			"STATE": 0,
			"ST": false,
			"BET_AMT": null,
			"ODDS_A": 3.76,
			"ODDS_B": 3.76,
			"ODDS_C": 3.76
		},
		"gdklsf2_中": {
			"ID": 1124,
			"P_3ID": 110,
			"P_1ID": 21,
			"GROUP_NAME": "第三球",
			"SHOWCLS": "text",
			"ODDS": 2.70,
			"NUM": "中",
			"NUM_NAME": "中",
			"CODE": "gdklsf2",
			"SORT": 32.0,
			"STATE": 0,
			"ST": false,
			"BET_AMT": null,
			"ODDS_A": 2.70,
			"ODDS_B": 2.70,
			"ODDS_C": 2.70
		},
		"gdklsf2_发": {
			"ID": 1125,
			"P_3ID": 110,
			"P_1ID": 21,
			"GROUP_NAME": "第三球",
			"SHOWCLS": "text",
			"ODDS": 2.70,
			"NUM": "发",
			"NUM_NAME": "发",
			"CODE": "gdklsf2",
			"SORT": 33.0,
			"STATE": 0,
			"ST": false,
			"BET_AMT": null,
			"ODDS_A": 2.70,
			"ODDS_B": 2.70,
			"ODDS_C": 2.70
		},
		"gdklsf2_白": {
			"ID": 1126,
			"P_3ID": 110,
			"P_1ID": 21,
			"GROUP_NAME": "第三球",
			"SHOWCLS": "text",
			"ODDS": 2.85,
			"NUM": "白",
			"NUM_NAME": "白",
			"CODE": "gdklsf2",
			"SORT": 34.0,
			"STATE": 0,
			"ST": false,
			"BET_AMT": null,
			"ODDS_A": 2.85,
			"ODDS_B": 2.85,
			"ODDS_C": 2.85
		}
	},
	"gdklsf3": {
		"gdklsf3_1": {
			"ID": 1127,
			"P_3ID": 111,
			"P_1ID": 21,
			"GROUP_NAME": "第四球",
			"SHOWCLS": "blue",
			"ODDS": 19.80,
			"NUM": "1",
			"NUM_NAME": "1",
			"CODE": "gdklsf3",
			"SORT": 0.0,
			"STATE": 0,
			"ST": false,
			"BET_AMT": null,
			"ODDS_A": 19.80,
			"ODDS_B": 19.80,
			"ODDS_C": 19.80
		},
		"gdklsf3_2": {
			"ID": 1128,
			"P_3ID": 111,
			"P_1ID": 21,
			"GROUP_NAME": "第四球",
			"SHOWCLS": "blue",
			"ODDS": 19.80,
			"NUM": "2",
			"NUM_NAME": "2",
			"CODE": "gdklsf3",
			"SORT": 1.0,
			"STATE": 0,
			"ST": false,
			"BET_AMT": null,
			"ODDS_A": 19.80,
			"ODDS_B": 19.80,
			"ODDS_C": 19.80
		},
		"gdklsf3_3": {
			"ID": 1129,
			"P_3ID": 111,
			"P_1ID": 21,
			"GROUP_NAME": "第四球",
			"SHOWCLS": "blue",
			"ODDS": 19.80,
			"NUM": "3",
			"NUM_NAME": "3",
			"CODE": "gdklsf3",
			"SORT": 2.0,
			"STATE": 0,
			"ST": false,
			"BET_AMT": null,
			"ODDS_A": 19.80,
			"ODDS_B": 19.80,
			"ODDS_C": 19.80
		},
		"gdklsf3_4": {
			"ID": 1130,
			"P_3ID": 111,
			"P_1ID": 21,
			"GROUP_NAME": "第四球",
			"SHOWCLS": "blue",
			"ODDS": 19.80,
			"NUM": "4",
			"NUM_NAME": "4",
			"CODE": "gdklsf3",
			"SORT": 3.0,
			"STATE": 0,
			"ST": false,
			"BET_AMT": null,
			"ODDS_A": 19.80,
			"ODDS_B": 19.80,
			"ODDS_C": 19.80
		},
		"gdklsf3_5": {
			"ID": 1131,
			"P_3ID": 111,
			"P_1ID": 21,
			"GROUP_NAME": "第四球",
			"SHOWCLS": "blue",
			"ODDS": 19.80,
			"NUM": "5",
			"NUM_NAME": "5",
			"CODE": "gdklsf3",
			"SORT": 4.0,
			"STATE": 0,
			"ST": false,
			"BET_AMT": null,
			"ODDS_A": 19.80,
			"ODDS_B": 19.80,
			"ODDS_C": 19.80
		},
		"gdklsf3_6": {
			"ID": 1132,
			"P_3ID": 111,
			"P_1ID": 21,
			"GROUP_NAME": "第四球",
			"SHOWCLS": "blue",
			"ODDS": 19.80,
			"NUM": "6",
			"NUM_NAME": "6",
			"CODE": "gdklsf3",
			"SORT": 5.0,
			"STATE": 0,
			"ST": false,
			"BET_AMT": null,
			"ODDS_A": 19.80,
			"ODDS_B": 19.80,
			"ODDS_C": 19.80
		},
		"gdklsf3_7": {
			"ID": 1133,
			"P_3ID": 111,
			"P_1ID": 21,
			"GROUP_NAME": "第四球",
			"SHOWCLS": "blue",
			"ODDS": 19.80,
			"NUM": "7",
			"NUM_NAME": "7",
			"CODE": "gdklsf3",
			"SORT": 6.0,
			"STATE": 0,
			"ST": false,
			"BET_AMT": null,
			"ODDS_A": 19.80,
			"ODDS_B": 19.80,
			"ODDS_C": 19.80
		},
		"gdklsf3_8": {
			"ID": 1134,
			"P_3ID": 111,
			"P_1ID": 21,
			"GROUP_NAME": "第四球",
			"SHOWCLS": "blue",
			"ODDS": 19.80,
			"NUM": "8",
			"NUM_NAME": "8",
			"CODE": "gdklsf3",
			"SORT": 7.0,
			"STATE": 0,
			"ST": false,
			"BET_AMT": null,
			"ODDS_A": 19.80,
			"ODDS_B": 19.80,
			"ODDS_C": 19.80
		},
		"gdklsf3_9": {
			"ID": 1135,
			"P_3ID": 111,
			"P_1ID": 21,
			"GROUP_NAME": "第四球",
			"SHOWCLS": "blue",
			"ODDS": 19.80,
			"NUM": "9",
			"NUM_NAME": "9",
			"CODE": "gdklsf3",
			"SORT": 8.0,
			"STATE": 0,
			"ST": false,
			"BET_AMT": null,
			"ODDS_A": 19.80,
			"ODDS_B": 19.80,
			"ODDS_C": 19.80
		},
		"gdklsf3_10": {
			"ID": 1136,
			"P_3ID": 111,
			"P_1ID": 21,
			"GROUP_NAME": "第四球",
			"SHOWCLS": "blue",
			"ODDS": 19.80,
			"NUM": "10",
			"NUM_NAME": "10",
			"CODE": "gdklsf3",
			"SORT": 9.0,
			"STATE": 0,
			"ST": false,
			"BET_AMT": null,
			"ODDS_A": 19.80,
			"ODDS_B": 19.80,
			"ODDS_C": 19.80
		},
		"gdklsf3_11": {
			"ID": 1137,
			"P_3ID": 111,
			"P_1ID": 21,
			"GROUP_NAME": "第四球",
			"SHOWCLS": "blue",
			"ODDS": 19.80,
			"NUM": "11",
			"NUM_NAME": "11",
			"CODE": "gdklsf3",
			"SORT": 10.0,
			"STATE": 0,
			"ST": false,
			"BET_AMT": null,
			"ODDS_A": 19.80,
			"ODDS_B": 19.80,
			"ODDS_C": 19.80
		},
		"gdklsf3_12": {
			"ID": 1138,
			"P_3ID": 111,
			"P_1ID": 21,
			"GROUP_NAME": "第四球",
			"SHOWCLS": "blue",
			"ODDS": 19.80,
			"NUM": "12",
			"NUM_NAME": "12",
			"CODE": "gdklsf3",
			"SORT": 11.0,
			"STATE": 0,
			"ST": false,
			"BET_AMT": null,
			"ODDS_A": 19.80,
			"ODDS_B": 19.80,
			"ODDS_C": 19.80
		},
		"gdklsf3_13": {
			"ID": 1139,
			"P_3ID": 111,
			"P_1ID": 21,
			"GROUP_NAME": "第四球",
			"SHOWCLS": "blue",
			"ODDS": 19.80,
			"NUM": "13",
			"NUM_NAME": "13",
			"CODE": "gdklsf3",
			"SORT": 12.0,
			"STATE": 0,
			"ST": false,
			"BET_AMT": null,
			"ODDS_A": 19.80,
			"ODDS_B": 19.80,
			"ODDS_C": 19.80
		},
		"gdklsf3_14": {
			"ID": 1140,
			"P_3ID": 111,
			"P_1ID": 21,
			"GROUP_NAME": "第四球",
			"SHOWCLS": "blue",
			"ODDS": 19.80,
			"NUM": "14",
			"NUM_NAME": "14",
			"CODE": "gdklsf3",
			"SORT": 13.0,
			"STATE": 0,
			"ST": false,
			"BET_AMT": null,
			"ODDS_A": 19.80,
			"ODDS_B": 19.80,
			"ODDS_C": 19.80
		},
		"gdklsf3_15": {
			"ID": 1141,
			"P_3ID": 111,
			"P_1ID": 21,
			"GROUP_NAME": "第四球",
			"SHOWCLS": "blue",
			"ODDS": 19.80,
			"NUM": "15",
			"NUM_NAME": "15",
			"CODE": "gdklsf3",
			"SORT": 14.0,
			"STATE": 0,
			"ST": false,
			"BET_AMT": null,
			"ODDS_A": 19.80,
			"ODDS_B": 19.80,
			"ODDS_C": 19.80
		},
		"gdklsf3_16": {
			"ID": 1142,
			"P_3ID": 111,
			"P_1ID": 21,
			"GROUP_NAME": "第四球",
			"SHOWCLS": "blue",
			"ODDS": 19.80,
			"NUM": "16",
			"NUM_NAME": "16",
			"CODE": "gdklsf3",
			"SORT": 15.0,
			"STATE": 0,
			"ST": false,
			"BET_AMT": null,
			"ODDS_A": 19.80,
			"ODDS_B": 19.80,
			"ODDS_C": 19.80
		},
		"gdklsf3_17": {
			"ID": 1143,
			"P_3ID": 111,
			"P_1ID": 21,
			"GROUP_NAME": "第四球",
			"SHOWCLS": "blue",
			"ODDS": 19.80,
			"NUM": "17",
			"NUM_NAME": "17",
			"CODE": "gdklsf3",
			"SORT": 16.0,
			"STATE": 0,
			"ST": false,
			"BET_AMT": null,
			"ODDS_A": 19.80,
			"ODDS_B": 19.80,
			"ODDS_C": 19.80
		},
		"gdklsf3_18": {
			"ID": 1144,
			"P_3ID": 111,
			"P_1ID": 21,
			"GROUP_NAME": "第四球",
			"SHOWCLS": "blue",
			"ODDS": 19.80,
			"NUM": "18",
			"NUM_NAME": "18",
			"CODE": "gdklsf3",
			"SORT": 17.0,
			"STATE": 0,
			"ST": false,
			"BET_AMT": null,
			"ODDS_A": 19.80,
			"ODDS_B": 19.80,
			"ODDS_C": 19.80
		},
		"gdklsf3_19": {
			"ID": 1145,
			"P_3ID": 111,
			"P_1ID": 21,
			"GROUP_NAME": "第四球",
			"SHOWCLS": "blue",
			"ODDS": 19.80,
			"NUM": "19",
			"NUM_NAME": "19",
			"CODE": "gdklsf3",
			"SORT": 18.10,
			"STATE": 0,
			"ST": false,
			"BET_AMT": null,
			"ODDS_A": 19.80,
			"ODDS_B": 19.80,
			"ODDS_C": 19.80
		},
		"gdklsf3_20": {
			"ID": 1146,
			"P_3ID": 111,
			"P_1ID": 21,
			"GROUP_NAME": "第四球",
			"SHOWCLS": "blue",
			"ODDS": 19.80,
			"NUM": "20",
			"NUM_NAME": "20",
			"CODE": "gdklsf3",
			"SORT": 19.10,
			"STATE": 0,
			"ST": false,
			"BET_AMT": null,
			"ODDS_A": 19.80,
			"ODDS_B": 19.80,
			"ODDS_C": 19.80
		},
		"gdklsf3_大": {
			"ID": 1147,
			"P_3ID": 111,
			"P_1ID": 21,
			"GROUP_NAME": "第四球",
			"SHOWCLS": "red",
			"ODDS": 1.96,
			"NUM": "大",
			"NUM_NAME": "大",
			"CODE": "gdklsf3",
			"SORT": 20.10,
			"STATE": 0,
			"ST": false,
			"BET_AMT": null,
			"ODDS_A": 1.96,
			"ODDS_B": 1.98,
			"ODDS_C": 1.98
		},
		"gdklsf3_小": {
			"ID": 1148,
			"P_3ID": 111,
			"P_1ID": 21,
			"GROUP_NAME": "第四球",
			"SHOWCLS": "green",
			"ODDS": 1.96,
			"NUM": "小",
			"NUM_NAME": "小",
			"CODE": "gdklsf3",
			"SORT": 21.10,
			"STATE": 0,
			"ST": false,
			"BET_AMT": null,
			"ODDS_A": 1.96,
			"ODDS_B": 1.98,
			"ODDS_C": 1.98
		},
		"gdklsf3_单": {
			"ID": 1149,
			"P_3ID": 111,
			"P_1ID": 21,
			"GROUP_NAME": "第四球",
			"SHOWCLS": "red",
			"ODDS": 1.96,
			"NUM": "单",
			"NUM_NAME": "单",
			"CODE": "gdklsf3",
			"SORT": 22.10,
			"STATE": 0,
			"ST": false,
			"BET_AMT": null,
			"ODDS_A": 1.96,
			"ODDS_B": 1.98,
			"ODDS_C": 1.98
		},
		"gdklsf3_双": {
			"ID": 1150,
			"P_3ID": 111,
			"P_1ID": 21,
			"GROUP_NAME": "第四球",
			"SHOWCLS": "green",
			"ODDS": 1.96,
			"NUM": "双",
			"NUM_NAME": "双",
			"CODE": "gdklsf3",
			"SORT": 23.10,
			"STATE": 0,
			"ST": false,
			"BET_AMT": null,
			"ODDS_A": 1.96,
			"ODDS_B": 1.98,
			"ODDS_C": 1.98
		},
		"gdklsf3_尾大": {
			"ID": 1151,
			"P_3ID": 111,
			"P_1ID": 21,
			"GROUP_NAME": "第四球",
			"SHOWCLS": "text",
			"ODDS": 1.96,
			"NUM": "尾大",
			"NUM_NAME": "尾大",
			"CODE": "gdklsf3",
			"SORT": 24.10,
			"STATE": 0,
			"ST": false,
			"BET_AMT": null,
			"ODDS_A": 1.96,
			"ODDS_B": 1.98,
			"ODDS_C": 1.98
		},
		"gdklsf3_尾小": {
			"ID": 1152,
			"P_3ID": 111,
			"P_1ID": 21,
			"GROUP_NAME": "第四球",
			"SHOWCLS": "text",
			"ODDS": 1.96,
			"NUM": "尾小",
			"NUM_NAME": "尾小",
			"CODE": "gdklsf3",
			"SORT": 25.10,
			"STATE": 0,
			"ST": false,
			"BET_AMT": null,
			"ODDS_A": 1.96,
			"ODDS_B": 1.98,
			"ODDS_C": 1.98
		},
		"gdklsf3_合单": {
			"ID": 1153,
			"P_3ID": 111,
			"P_1ID": 21,
			"GROUP_NAME": "第四球",
			"SHOWCLS": "text",
			"ODDS": 1.96,
			"NUM": "合单",
			"NUM_NAME": "合单",
			"CODE": "gdklsf3",
			"SORT": 26.10,
			"STATE": 0,
			"ST": false,
			"BET_AMT": null,
			"ODDS_A": 1.96,
			"ODDS_B": 1.98,
			"ODDS_C": 1.98
		},
		"gdklsf3_合双": {
			"ID": 1154,
			"P_3ID": 111,
			"P_1ID": 21,
			"GROUP_NAME": "第四球",
			"SHOWCLS": "text",
			"ODDS": 1.96,
			"NUM": "合双",
			"NUM_NAME": "合双",
			"CODE": "gdklsf3",
			"SORT": 27.10,
			"STATE": 0,
			"ST": false,
			"BET_AMT": null,
			"ODDS_A": 1.96,
			"ODDS_B": 1.98,
			"ODDS_C": 1.98
		},
		"gdklsf3_东": {
			"ID": 1155,
			"P_3ID": 111,
			"P_1ID": 21,
			"GROUP_NAME": "第四球",
			"SHOWCLS": "text",
			"ODDS": 3.76,
			"NUM": "东",
			"NUM_NAME": "东",
			"CODE": "gdklsf3",
			"SORT": 28.10,
			"STATE": 0,
			"ST": false,
			"BET_AMT": null,
			"ODDS_A": 3.76,
			"ODDS_B": 3.76,
			"ODDS_C": 3.76
		},
		"gdklsf3_南": {
			"ID": 1156,
			"P_3ID": 111,
			"P_1ID": 21,
			"GROUP_NAME": "第四球",
			"SHOWCLS": "text",
			"ODDS": 3.76,
			"NUM": "南",
			"NUM_NAME": "南",
			"CODE": "gdklsf3",
			"SORT": 29.10,
			"STATE": 0,
			"ST": false,
			"BET_AMT": null,
			"ODDS_A": 3.76,
			"ODDS_B": 3.76,
			"ODDS_C": 3.76
		},
		"gdklsf3_西": {
			"ID": 1157,
			"P_3ID": 111,
			"P_1ID": 21,
			"GROUP_NAME": "第四球",
			"SHOWCLS": "text",
			"ODDS": 3.76,
			"NUM": "西",
			"NUM_NAME": "西",
			"CODE": "gdklsf3",
			"SORT": 30.10,
			"STATE": 0,
			"ST": false,
			"BET_AMT": null,
			"ODDS_A": 3.76,
			"ODDS_B": 3.76,
			"ODDS_C": 3.76
		},
		"gdklsf3_北": {
			"ID": 1158,
			"P_3ID": 111,
			"P_1ID": 21,
			"GROUP_NAME": "第四球",
			"SHOWCLS": "text",
			"ODDS": 3.76,
			"NUM": "北",
			"NUM_NAME": "北",
			"CODE": "gdklsf3",
			"SORT": 31.10,
			"STATE": 0,
			"ST": false,
			"BET_AMT": null,
			"ODDS_A": 3.76,
			"ODDS_B": 3.76,
			"ODDS_C": 3.76
		},
		"gdklsf3_中": {
			"ID": 1159,
			"P_3ID": 111,
			"P_1ID": 21,
			"GROUP_NAME": "第四球",
			"SHOWCLS": "text",
			"ODDS": 2.70,
			"NUM": "中",
			"NUM_NAME": "中",
			"CODE": "gdklsf3",
			"SORT": 32.0,
			"STATE": 0,
			"ST": false,
			"BET_AMT": null,
			"ODDS_A": 2.70,
			"ODDS_B": 2.70,
			"ODDS_C": 2.70
		},
		"gdklsf3_发": {
			"ID": 1160,
			"P_3ID": 111,
			"P_1ID": 21,
			"GROUP_NAME": "第四球",
			"SHOWCLS": "text",
			"ODDS": 2.70,
			"NUM": "发",
			"NUM_NAME": "发",
			"CODE": "gdklsf3",
			"SORT": 33.0,
			"STATE": 0,
			"ST": false,
			"BET_AMT": null,
			"ODDS_A": 2.70,
			"ODDS_B": 2.70,
			"ODDS_C": 2.70
		},
		"gdklsf3_白": {
			"ID": 1161,
			"P_3ID": 111,
			"P_1ID": 21,
			"GROUP_NAME": "第四球",
			"SHOWCLS": "text",
			"ODDS": 2.85,
			"NUM": "白",
			"NUM_NAME": "白",
			"CODE": "gdklsf3",
			"SORT": 34.0,
			"STATE": 0,
			"ST": false,
			"BET_AMT": null,
			"ODDS_A": 2.85,
			"ODDS_B": 2.85,
			"ODDS_C": 2.85
		}
	},
	"gdklsf4": {
		"gdklsf4_1": {
			"ID": 1162,
			"P_3ID": 112,
			"P_1ID": 21,
			"GROUP_NAME": "第五球",
			"SHOWCLS": "blue",
			"ODDS": 19.80,
			"NUM": "1",
			"NUM_NAME": "1",
			"CODE": "gdklsf4",
			"SORT": 0.0,
			"STATE": 0,
			"ST": false,
			"BET_AMT": null,
			"ODDS_A": 19.80,
			"ODDS_B": 19.80,
			"ODDS_C": 19.80
		},
		"gdklsf4_2": {
			"ID": 1163,
			"P_3ID": 112,
			"P_1ID": 21,
			"GROUP_NAME": "第五球",
			"SHOWCLS": "blue",
			"ODDS": 19.80,
			"NUM": "2",
			"NUM_NAME": "2",
			"CODE": "gdklsf4",
			"SORT": 1.0,
			"STATE": 0,
			"ST": false,
			"BET_AMT": null,
			"ODDS_A": 19.80,
			"ODDS_B": 19.80,
			"ODDS_C": 19.80
		},
		"gdklsf4_3": {
			"ID": 1164,
			"P_3ID": 112,
			"P_1ID": 21,
			"GROUP_NAME": "第五球",
			"SHOWCLS": "blue",
			"ODDS": 19.80,
			"NUM": "3",
			"NUM_NAME": "3",
			"CODE": "gdklsf4",
			"SORT": 2.0,
			"STATE": 0,
			"ST": false,
			"BET_AMT": null,
			"ODDS_A": 19.80,
			"ODDS_B": 19.80,
			"ODDS_C": 19.80
		},
		"gdklsf4_4": {
			"ID": 1165,
			"P_3ID": 112,
			"P_1ID": 21,
			"GROUP_NAME": "第五球",
			"SHOWCLS": "blue",
			"ODDS": 19.80,
			"NUM": "4",
			"NUM_NAME": "4",
			"CODE": "gdklsf4",
			"SORT": 3.0,
			"STATE": 0,
			"ST": false,
			"BET_AMT": null,
			"ODDS_A": 19.80,
			"ODDS_B": 19.80,
			"ODDS_C": 19.80
		},
		"gdklsf4_5": {
			"ID": 1166,
			"P_3ID": 112,
			"P_1ID": 21,
			"GROUP_NAME": "第五球",
			"SHOWCLS": "blue",
			"ODDS": 19.80,
			"NUM": "5",
			"NUM_NAME": "5",
			"CODE": "gdklsf4",
			"SORT": 4.0,
			"STATE": 0,
			"ST": false,
			"BET_AMT": null,
			"ODDS_A": 19.80,
			"ODDS_B": 19.80,
			"ODDS_C": 19.80
		},
		"gdklsf4_6": {
			"ID": 1167,
			"P_3ID": 112,
			"P_1ID": 21,
			"GROUP_NAME": "第五球",
			"SHOWCLS": "blue",
			"ODDS": 19.80,
			"NUM": "6",
			"NUM_NAME": "6",
			"CODE": "gdklsf4",
			"SORT": 5.0,
			"STATE": 0,
			"ST": false,
			"BET_AMT": null,
			"ODDS_A": 19.80,
			"ODDS_B": 19.80,
			"ODDS_C": 19.80
		},
		"gdklsf4_7": {
			"ID": 1168,
			"P_3ID": 112,
			"P_1ID": 21,
			"GROUP_NAME": "第五球",
			"SHOWCLS": "blue",
			"ODDS": 19.80,
			"NUM": "7",
			"NUM_NAME": "7",
			"CODE": "gdklsf4",
			"SORT": 6.0,
			"STATE": 0,
			"ST": false,
			"BET_AMT": null,
			"ODDS_A": 19.80,
			"ODDS_B": 19.80,
			"ODDS_C": 19.80
		},
		"gdklsf4_8": {
			"ID": 1169,
			"P_3ID": 112,
			"P_1ID": 21,
			"GROUP_NAME": "第五球",
			"SHOWCLS": "blue",
			"ODDS": 19.80,
			"NUM": "8",
			"NUM_NAME": "8",
			"CODE": "gdklsf4",
			"SORT": 7.0,
			"STATE": 0,
			"ST": false,
			"BET_AMT": null,
			"ODDS_A": 19.80,
			"ODDS_B": 19.80,
			"ODDS_C": 19.80
		},
		"gdklsf4_9": {
			"ID": 1170,
			"P_3ID": 112,
			"P_1ID": 21,
			"GROUP_NAME": "第五球",
			"SHOWCLS": "blue",
			"ODDS": 19.80,
			"NUM": "9",
			"NUM_NAME": "9",
			"CODE": "gdklsf4",
			"SORT": 8.0,
			"STATE": 0,
			"ST": false,
			"BET_AMT": null,
			"ODDS_A": 19.80,
			"ODDS_B": 19.80,
			"ODDS_C": 19.80
		},
		"gdklsf4_10": {
			"ID": 1171,
			"P_3ID": 112,
			"P_1ID": 21,
			"GROUP_NAME": "第五球",
			"SHOWCLS": "blue",
			"ODDS": 19.80,
			"NUM": "10",
			"NUM_NAME": "10",
			"CODE": "gdklsf4",
			"SORT": 9.0,
			"STATE": 0,
			"ST": false,
			"BET_AMT": null,
			"ODDS_A": 19.80,
			"ODDS_B": 19.80,
			"ODDS_C": 19.80
		},
		"gdklsf4_11": {
			"ID": 1172,
			"P_3ID": 112,
			"P_1ID": 21,
			"GROUP_NAME": "第五球",
			"SHOWCLS": "blue",
			"ODDS": 19.80,
			"NUM": "11",
			"NUM_NAME": "11",
			"CODE": "gdklsf4",
			"SORT": 10.0,
			"STATE": 0,
			"ST": false,
			"BET_AMT": null,
			"ODDS_A": 19.80,
			"ODDS_B": 19.80,
			"ODDS_C": 19.80
		},
		"gdklsf4_12": {
			"ID": 1173,
			"P_3ID": 112,
			"P_1ID": 21,
			"GROUP_NAME": "第五球",
			"SHOWCLS": "blue",
			"ODDS": 19.80,
			"NUM": "12",
			"NUM_NAME": "12",
			"CODE": "gdklsf4",
			"SORT": 11.0,
			"STATE": 0,
			"ST": false,
			"BET_AMT": null,
			"ODDS_A": 19.80,
			"ODDS_B": 19.80,
			"ODDS_C": 19.80
		},
		"gdklsf4_13": {
			"ID": 1174,
			"P_3ID": 112,
			"P_1ID": 21,
			"GROUP_NAME": "第五球",
			"SHOWCLS": "blue",
			"ODDS": 19.80,
			"NUM": "13",
			"NUM_NAME": "13",
			"CODE": "gdklsf4",
			"SORT": 12.0,
			"STATE": 0,
			"ST": false,
			"BET_AMT": null,
			"ODDS_A": 19.80,
			"ODDS_B": 19.80,
			"ODDS_C": 19.80
		},
		"gdklsf4_14": {
			"ID": 1175,
			"P_3ID": 112,
			"P_1ID": 21,
			"GROUP_NAME": "第五球",
			"SHOWCLS": "blue",
			"ODDS": 19.80,
			"NUM": "14",
			"NUM_NAME": "14",
			"CODE": "gdklsf4",
			"SORT": 13.0,
			"STATE": 0,
			"ST": false,
			"BET_AMT": null,
			"ODDS_A": 19.80,
			"ODDS_B": 19.80,
			"ODDS_C": 19.80
		},
		"gdklsf4_15": {
			"ID": 1176,
			"P_3ID": 112,
			"P_1ID": 21,
			"GROUP_NAME": "第五球",
			"SHOWCLS": "blue",
			"ODDS": 19.80,
			"NUM": "15",
			"NUM_NAME": "15",
			"CODE": "gdklsf4",
			"SORT": 14.0,
			"STATE": 0,
			"ST": false,
			"BET_AMT": null,
			"ODDS_A": 19.80,
			"ODDS_B": 19.80,
			"ODDS_C": 19.80
		},
		"gdklsf4_16": {
			"ID": 1177,
			"P_3ID": 112,
			"P_1ID": 21,
			"GROUP_NAME": "第五球",
			"SHOWCLS": "blue",
			"ODDS": 19.80,
			"NUM": "16",
			"NUM_NAME": "16",
			"CODE": "gdklsf4",
			"SORT": 15.0,
			"STATE": 0,
			"ST": false,
			"BET_AMT": null,
			"ODDS_A": 19.80,
			"ODDS_B": 19.80,
			"ODDS_C": 19.80
		},
		"gdklsf4_17": {
			"ID": 1178,
			"P_3ID": 112,
			"P_1ID": 21,
			"GROUP_NAME": "第五球",
			"SHOWCLS": "blue",
			"ODDS": 19.80,
			"NUM": "17",
			"NUM_NAME": "17",
			"CODE": "gdklsf4",
			"SORT": 16.0,
			"STATE": 0,
			"ST": false,
			"BET_AMT": null,
			"ODDS_A": 19.80,
			"ODDS_B": 19.80,
			"ODDS_C": 19.80
		},
		"gdklsf4_18": {
			"ID": 1179,
			"P_3ID": 112,
			"P_1ID": 21,
			"GROUP_NAME": "第五球",
			"SHOWCLS": "blue",
			"ODDS": 19.80,
			"NUM": "18",
			"NUM_NAME": "18",
			"CODE": "gdklsf4",
			"SORT": 17.0,
			"STATE": 0,
			"ST": false,
			"BET_AMT": null,
			"ODDS_A": 19.80,
			"ODDS_B": 19.80,
			"ODDS_C": 19.80
		},
		"gdklsf4_19": {
			"ID": 1180,
			"P_3ID": 112,
			"P_1ID": 21,
			"GROUP_NAME": "第五球",
			"SHOWCLS": "blue",
			"ODDS": 19.80,
			"NUM": "19",
			"NUM_NAME": "19",
			"CODE": "gdklsf4",
			"SORT": 18.10,
			"STATE": 0,
			"ST": false,
			"BET_AMT": null,
			"ODDS_A": 19.80,
			"ODDS_B": 19.80,
			"ODDS_C": 19.80
		},
		"gdklsf4_20": {
			"ID": 1181,
			"P_3ID": 112,
			"P_1ID": 21,
			"GROUP_NAME": "第五球",
			"SHOWCLS": "blue",
			"ODDS": 19.80,
			"NUM": "20",
			"NUM_NAME": "20",
			"CODE": "gdklsf4",
			"SORT": 19.10,
			"STATE": 0,
			"ST": false,
			"BET_AMT": null,
			"ODDS_A": 19.80,
			"ODDS_B": 19.80,
			"ODDS_C": 19.80
		},
		"gdklsf4_大": {
			"ID": 1182,
			"P_3ID": 112,
			"P_1ID": 21,
			"GROUP_NAME": "第五球",
			"SHOWCLS": "red",
			"ODDS": 1.96,
			"NUM": "大",
			"NUM_NAME": "大",
			"CODE": "gdklsf4",
			"SORT": 20.10,
			"STATE": 0,
			"ST": false,
			"BET_AMT": null,
			"ODDS_A": 1.96,
			"ODDS_B": 1.98,
			"ODDS_C": 1.98
		},
		"gdklsf4_小": {
			"ID": 1183,
			"P_3ID": 112,
			"P_1ID": 21,
			"GROUP_NAME": "第五球",
			"SHOWCLS": "green",
			"ODDS": 1.96,
			"NUM": "小",
			"NUM_NAME": "小",
			"CODE": "gdklsf4",
			"SORT": 21.10,
			"STATE": 0,
			"ST": false,
			"BET_AMT": null,
			"ODDS_A": 1.96,
			"ODDS_B": 1.98,
			"ODDS_C": 1.98
		},
		"gdklsf4_单": {
			"ID": 1184,
			"P_3ID": 112,
			"P_1ID": 21,
			"GROUP_NAME": "第五球",
			"SHOWCLS": "red",
			"ODDS": 1.96,
			"NUM": "单",
			"NUM_NAME": "单",
			"CODE": "gdklsf4",
			"SORT": 22.10,
			"STATE": 0,
			"ST": false,
			"BET_AMT": null,
			"ODDS_A": 1.96,
			"ODDS_B": 1.98,
			"ODDS_C": 1.98
		},
		"gdklsf4_双": {
			"ID": 1185,
			"P_3ID": 112,
			"P_1ID": 21,
			"GROUP_NAME": "第五球",
			"SHOWCLS": "green",
			"ODDS": 1.96,
			"NUM": "双",
			"NUM_NAME": "双",
			"CODE": "gdklsf4",
			"SORT": 23.10,
			"STATE": 0,
			"ST": false,
			"BET_AMT": null,
			"ODDS_A": 1.96,
			"ODDS_B": 1.98,
			"ODDS_C": 1.98
		},
		"gdklsf4_尾大": {
			"ID": 1186,
			"P_3ID": 112,
			"P_1ID": 21,
			"GROUP_NAME": "第五球",
			"SHOWCLS": "text",
			"ODDS": 1.96,
			"NUM": "尾大",
			"NUM_NAME": "尾大",
			"CODE": "gdklsf4",
			"SORT": 24.10,
			"STATE": 0,
			"ST": false,
			"BET_AMT": null,
			"ODDS_A": 1.96,
			"ODDS_B": 1.98,
			"ODDS_C": 1.98
		},
		"gdklsf4_尾小": {
			"ID": 1187,
			"P_3ID": 112,
			"P_1ID": 21,
			"GROUP_NAME": "第五球",
			"SHOWCLS": "text",
			"ODDS": 1.96,
			"NUM": "尾小",
			"NUM_NAME": "尾小",
			"CODE": "gdklsf4",
			"SORT": 25.10,
			"STATE": 0,
			"ST": false,
			"BET_AMT": null,
			"ODDS_A": 1.96,
			"ODDS_B": 1.98,
			"ODDS_C": 1.98
		},
		"gdklsf4_合单": {
			"ID": 1188,
			"P_3ID": 112,
			"P_1ID": 21,
			"GROUP_NAME": "第五球",
			"SHOWCLS": "text",
			"ODDS": 1.96,
			"NUM": "合单",
			"NUM_NAME": "合单",
			"CODE": "gdklsf4",
			"SORT": 26.10,
			"STATE": 0,
			"ST": false,
			"BET_AMT": null,
			"ODDS_A": 1.96,
			"ODDS_B": 1.98,
			"ODDS_C": 1.98
		},
		"gdklsf4_合双": {
			"ID": 1189,
			"P_3ID": 112,
			"P_1ID": 21,
			"GROUP_NAME": "第五球",
			"SHOWCLS": "text",
			"ODDS": 1.96,
			"NUM": "合双",
			"NUM_NAME": "合双",
			"CODE": "gdklsf4",
			"SORT": 27.10,
			"STATE": 0,
			"ST": false,
			"BET_AMT": null,
			"ODDS_A": 1.96,
			"ODDS_B": 1.98,
			"ODDS_C": 1.98
		},
		"gdklsf4_东": {
			"ID": 1190,
			"P_3ID": 112,
			"P_1ID": 21,
			"GROUP_NAME": "第五球",
			"SHOWCLS": "text",
			"ODDS": 3.76,
			"NUM": "东",
			"NUM_NAME": "东",
			"CODE": "gdklsf4",
			"SORT": 28.10,
			"STATE": 0,
			"ST": false,
			"BET_AMT": null,
			"ODDS_A": 3.76,
			"ODDS_B": 3.76,
			"ODDS_C": 3.76
		},
		"gdklsf4_南": {
			"ID": 1191,
			"P_3ID": 112,
			"P_1ID": 21,
			"GROUP_NAME": "第五球",
			"SHOWCLS": "text",
			"ODDS": 3.76,
			"NUM": "南",
			"NUM_NAME": "南",
			"CODE": "gdklsf4",
			"SORT": 29.10,
			"STATE": 0,
			"ST": false,
			"BET_AMT": null,
			"ODDS_A": 3.76,
			"ODDS_B": 3.76,
			"ODDS_C": 3.76
		},
		"gdklsf4_西": {
			"ID": 1192,
			"P_3ID": 112,
			"P_1ID": 21,
			"GROUP_NAME": "第五球",
			"SHOWCLS": "text",
			"ODDS": 3.76,
			"NUM": "西",
			"NUM_NAME": "西",
			"CODE": "gdklsf4",
			"SORT": 30.10,
			"STATE": 0,
			"ST": false,
			"BET_AMT": null,
			"ODDS_A": 3.76,
			"ODDS_B": 3.76,
			"ODDS_C": 3.76
		},
		"gdklsf4_北": {
			"ID": 1193,
			"P_3ID": 112,
			"P_1ID": 21,
			"GROUP_NAME": "第五球",
			"SHOWCLS": "text",
			"ODDS": 3.76,
			"NUM": "北",
			"NUM_NAME": "北",
			"CODE": "gdklsf4",
			"SORT": 31.10,
			"STATE": 0,
			"ST": false,
			"BET_AMT": null,
			"ODDS_A": 3.76,
			"ODDS_B": 3.76,
			"ODDS_C": 3.76
		},
		"gdklsf4_中": {
			"ID": 1194,
			"P_3ID": 112,
			"P_1ID": 21,
			"GROUP_NAME": "第五球",
			"SHOWCLS": "text",
			"ODDS": 2.70,
			"NUM": "中",
			"NUM_NAME": "中",
			"CODE": "gdklsf4",
			"SORT": 32.0,
			"STATE": 0,
			"ST": false,
			"BET_AMT": null,
			"ODDS_A": 2.70,
			"ODDS_B": 2.70,
			"ODDS_C": 2.70
		},
		"gdklsf4_发": {
			"ID": 1195,
			"P_3ID": 112,
			"P_1ID": 21,
			"GROUP_NAME": "第五球",
			"SHOWCLS": "text",
			"ODDS": 2.70,
			"NUM": "发",
			"NUM_NAME": "发",
			"CODE": "gdklsf4",
			"SORT": 33.0,
			"STATE": 0,
			"ST": false,
			"BET_AMT": null,
			"ODDS_A": 2.70,
			"ODDS_B": 2.70,
			"ODDS_C": 2.70
		},
		"gdklsf4_白": {
			"ID": 1196,
			"P_3ID": 112,
			"P_1ID": 21,
			"GROUP_NAME": "第五球",
			"SHOWCLS": "text",
			"ODDS": 2.85,
			"NUM": "白",
			"NUM_NAME": "白",
			"CODE": "gdklsf4",
			"SORT": 34.0,
			"STATE": 0,
			"ST": false,
			"BET_AMT": null,
			"ODDS_A": 2.85,
			"ODDS_B": 2.85,
			"ODDS_C": 2.85
		}
	},
	"gdklsf5": {
		"gdklsf5_1": {
			"ID": 1197,
			"P_3ID": 113,
			"P_1ID": 21,
			"GROUP_NAME": "第六球",
			"SHOWCLS": "blue",
			"ODDS": 19.80,
			"NUM": "1",
			"NUM_NAME": "1",
			"CODE": "gdklsf5",
			"SORT": 0.0,
			"STATE": 0,
			"ST": false,
			"BET_AMT": null,
			"ODDS_A": 19.80,
			"ODDS_B": 19.80,
			"ODDS_C": 19.80
		},
		"gdklsf5_2": {
			"ID": 1198,
			"P_3ID": 113,
			"P_1ID": 21,
			"GROUP_NAME": "第六球",
			"SHOWCLS": "blue",
			"ODDS": 19.80,
			"NUM": "2",
			"NUM_NAME": "2",
			"CODE": "gdklsf5",
			"SORT": 1.0,
			"STATE": 0,
			"ST": false,
			"BET_AMT": null,
			"ODDS_A": 19.80,
			"ODDS_B": 19.80,
			"ODDS_C": 19.80
		},
		"gdklsf5_3": {
			"ID": 1199,
			"P_3ID": 113,
			"P_1ID": 21,
			"GROUP_NAME": "第六球",
			"SHOWCLS": "blue",
			"ODDS": 19.80,
			"NUM": "3",
			"NUM_NAME": "3",
			"CODE": "gdklsf5",
			"SORT": 2.0,
			"STATE": 0,
			"ST": false,
			"BET_AMT": null,
			"ODDS_A": 19.80,
			"ODDS_B": 19.80,
			"ODDS_C": 19.80
		},
		"gdklsf5_4": {
			"ID": 1200,
			"P_3ID": 113,
			"P_1ID": 21,
			"GROUP_NAME": "第六球",
			"SHOWCLS": "blue",
			"ODDS": 19.80,
			"NUM": "4",
			"NUM_NAME": "4",
			"CODE": "gdklsf5",
			"SORT": 3.0,
			"STATE": 0,
			"ST": false,
			"BET_AMT": null,
			"ODDS_A": 19.80,
			"ODDS_B": 19.80,
			"ODDS_C": 19.80
		},
		"gdklsf5_5": {
			"ID": 1201,
			"P_3ID": 113,
			"P_1ID": 21,
			"GROUP_NAME": "第六球",
			"SHOWCLS": "blue",
			"ODDS": 19.80,
			"NUM": "5",
			"NUM_NAME": "5",
			"CODE": "gdklsf5",
			"SORT": 4.0,
			"STATE": 0,
			"ST": false,
			"BET_AMT": null,
			"ODDS_A": 19.80,
			"ODDS_B": 19.80,
			"ODDS_C": 19.80
		},
		"gdklsf5_6": {
			"ID": 1202,
			"P_3ID": 113,
			"P_1ID": 21,
			"GROUP_NAME": "第六球",
			"SHOWCLS": "blue",
			"ODDS": 19.80,
			"NUM": "6",
			"NUM_NAME": "6",
			"CODE": "gdklsf5",
			"SORT": 5.0,
			"STATE": 0,
			"ST": false,
			"BET_AMT": null,
			"ODDS_A": 19.80,
			"ODDS_B": 19.80,
			"ODDS_C": 19.80
		},
		"gdklsf5_7": {
			"ID": 1203,
			"P_3ID": 113,
			"P_1ID": 21,
			"GROUP_NAME": "第六球",
			"SHOWCLS": "blue",
			"ODDS": 19.80,
			"NUM": "7",
			"NUM_NAME": "7",
			"CODE": "gdklsf5",
			"SORT": 6.0,
			"STATE": 0,
			"ST": false,
			"BET_AMT": null,
			"ODDS_A": 19.80,
			"ODDS_B": 19.80,
			"ODDS_C": 19.80
		},
		"gdklsf5_8": {
			"ID": 1204,
			"P_3ID": 113,
			"P_1ID": 21,
			"GROUP_NAME": "第六球",
			"SHOWCLS": "blue",
			"ODDS": 19.80,
			"NUM": "8",
			"NUM_NAME": "8",
			"CODE": "gdklsf5",
			"SORT": 7.0,
			"STATE": 0,
			"ST": false,
			"BET_AMT": null,
			"ODDS_A": 19.80,
			"ODDS_B": 19.80,
			"ODDS_C": 19.80
		},
		"gdklsf5_9": {
			"ID": 1205,
			"P_3ID": 113,
			"P_1ID": 21,
			"GROUP_NAME": "第六球",
			"SHOWCLS": "blue",
			"ODDS": 19.80,
			"NUM": "9",
			"NUM_NAME": "9",
			"CODE": "gdklsf5",
			"SORT": 8.0,
			"STATE": 0,
			"ST": false,
			"BET_AMT": null,
			"ODDS_A": 19.80,
			"ODDS_B": 19.80,
			"ODDS_C": 19.80
		},
		"gdklsf5_10": {
			"ID": 1206,
			"P_3ID": 113,
			"P_1ID": 21,
			"GROUP_NAME": "第六球",
			"SHOWCLS": "blue",
			"ODDS": 19.80,
			"NUM": "10",
			"NUM_NAME": "10",
			"CODE": "gdklsf5",
			"SORT": 9.0,
			"STATE": 0,
			"ST": false,
			"BET_AMT": null,
			"ODDS_A": 19.80,
			"ODDS_B": 19.80,
			"ODDS_C": 19.80
		},
		"gdklsf5_11": {
			"ID": 1207,
			"P_3ID": 113,
			"P_1ID": 21,
			"GROUP_NAME": "第六球",
			"SHOWCLS": "blue",
			"ODDS": 19.80,
			"NUM": "11",
			"NUM_NAME": "11",
			"CODE": "gdklsf5",
			"SORT": 10.0,
			"STATE": 0,
			"ST": false,
			"BET_AMT": null,
			"ODDS_A": 19.80,
			"ODDS_B": 19.80,
			"ODDS_C": 19.80
		},
		"gdklsf5_12": {
			"ID": 1208,
			"P_3ID": 113,
			"P_1ID": 21,
			"GROUP_NAME": "第六球",
			"SHOWCLS": "blue",
			"ODDS": 19.80,
			"NUM": "12",
			"NUM_NAME": "12",
			"CODE": "gdklsf5",
			"SORT": 11.0,
			"STATE": 0,
			"ST": false,
			"BET_AMT": null,
			"ODDS_A": 19.80,
			"ODDS_B": 19.80,
			"ODDS_C": 19.80
		},
		"gdklsf5_13": {
			"ID": 1209,
			"P_3ID": 113,
			"P_1ID": 21,
			"GROUP_NAME": "第六球",
			"SHOWCLS": "blue",
			"ODDS": 19.80,
			"NUM": "13",
			"NUM_NAME": "13",
			"CODE": "gdklsf5",
			"SORT": 12.0,
			"STATE": 0,
			"ST": false,
			"BET_AMT": null,
			"ODDS_A": 19.80,
			"ODDS_B": 19.80,
			"ODDS_C": 19.80
		},
		"gdklsf5_14": {
			"ID": 1210,
			"P_3ID": 113,
			"P_1ID": 21,
			"GROUP_NAME": "第六球",
			"SHOWCLS": "blue",
			"ODDS": 19.80,
			"NUM": "14",
			"NUM_NAME": "14",
			"CODE": "gdklsf5",
			"SORT": 13.0,
			"STATE": 0,
			"ST": false,
			"BET_AMT": null,
			"ODDS_A": 19.80,
			"ODDS_B": 19.80,
			"ODDS_C": 19.80
		},
		"gdklsf5_15": {
			"ID": 1211,
			"P_3ID": 113,
			"P_1ID": 21,
			"GROUP_NAME": "第六球",
			"SHOWCLS": "blue",
			"ODDS": 19.80,
			"NUM": "15",
			"NUM_NAME": "15",
			"CODE": "gdklsf5",
			"SORT": 14.0,
			"STATE": 0,
			"ST": false,
			"BET_AMT": null,
			"ODDS_A": 19.80,
			"ODDS_B": 19.80,
			"ODDS_C": 19.80
		},
		"gdklsf5_16": {
			"ID": 1212,
			"P_3ID": 113,
			"P_1ID": 21,
			"GROUP_NAME": "第六球",
			"SHOWCLS": "blue",
			"ODDS": 19.80,
			"NUM": "16",
			"NUM_NAME": "16",
			"CODE": "gdklsf5",
			"SORT": 15.0,
			"STATE": 0,
			"ST": false,
			"BET_AMT": null,
			"ODDS_A": 19.80,
			"ODDS_B": 19.80,
			"ODDS_C": 19.80
		},
		"gdklsf5_17": {
			"ID": 1213,
			"P_3ID": 113,
			"P_1ID": 21,
			"GROUP_NAME": "第六球",
			"SHOWCLS": "blue",
			"ODDS": 19.80,
			"NUM": "17",
			"NUM_NAME": "17",
			"CODE": "gdklsf5",
			"SORT": 16.0,
			"STATE": 0,
			"ST": false,
			"BET_AMT": null,
			"ODDS_A": 19.80,
			"ODDS_B": 19.80,
			"ODDS_C": 19.80
		},
		"gdklsf5_18": {
			"ID": 1214,
			"P_3ID": 113,
			"P_1ID": 21,
			"GROUP_NAME": "第六球",
			"SHOWCLS": "blue",
			"ODDS": 19.80,
			"NUM": "18",
			"NUM_NAME": "18",
			"CODE": "gdklsf5",
			"SORT": 17.0,
			"STATE": 0,
			"ST": false,
			"BET_AMT": null,
			"ODDS_A": 19.80,
			"ODDS_B": 19.80,
			"ODDS_C": 19.80
		},
		"gdklsf5_19": {
			"ID": 1215,
			"P_3ID": 113,
			"P_1ID": 21,
			"GROUP_NAME": "第六球",
			"SHOWCLS": "blue",
			"ODDS": 19.80,
			"NUM": "19",
			"NUM_NAME": "19",
			"CODE": "gdklsf5",
			"SORT": 18.10,
			"STATE": 0,
			"ST": false,
			"BET_AMT": null,
			"ODDS_A": 19.80,
			"ODDS_B": 19.80,
			"ODDS_C": 19.80
		},
		"gdklsf5_20": {
			"ID": 1216,
			"P_3ID": 113,
			"P_1ID": 21,
			"GROUP_NAME": "第六球",
			"SHOWCLS": "blue",
			"ODDS": 19.80,
			"NUM": "20",
			"NUM_NAME": "20",
			"CODE": "gdklsf5",
			"SORT": 19.10,
			"STATE": 0,
			"ST": false,
			"BET_AMT": null,
			"ODDS_A": 19.80,
			"ODDS_B": 19.80,
			"ODDS_C": 19.80
		},
		"gdklsf5_大": {
			"ID": 1217,
			"P_3ID": 113,
			"P_1ID": 21,
			"GROUP_NAME": "第六球",
			"SHOWCLS": "red",
			"ODDS": 1.96,
			"NUM": "大",
			"NUM_NAME": "大",
			"CODE": "gdklsf5",
			"SORT": 20.10,
			"STATE": 0,
			"ST": false,
			"BET_AMT": null,
			"ODDS_A": 1.96,
			"ODDS_B": 1.98,
			"ODDS_C": 1.98
		},
		"gdklsf5_小": {
			"ID": 1218,
			"P_3ID": 113,
			"P_1ID": 21,
			"GROUP_NAME": "第六球",
			"SHOWCLS": "green",
			"ODDS": 1.96,
			"NUM": "小",
			"NUM_NAME": "小",
			"CODE": "gdklsf5",
			"SORT": 21.10,
			"STATE": 0,
			"ST": false,
			"BET_AMT": null,
			"ODDS_A": 1.96,
			"ODDS_B": 1.98,
			"ODDS_C": 1.98
		},
		"gdklsf5_单": {
			"ID": 1219,
			"P_3ID": 113,
			"P_1ID": 21,
			"GROUP_NAME": "第六球",
			"SHOWCLS": "red",
			"ODDS": 1.96,
			"NUM": "单",
			"NUM_NAME": "单",
			"CODE": "gdklsf5",
			"SORT": 22.10,
			"STATE": 0,
			"ST": false,
			"BET_AMT": null,
			"ODDS_A": 1.96,
			"ODDS_B": 1.98,
			"ODDS_C": 1.98
		},
		"gdklsf5_双": {
			"ID": 1220,
			"P_3ID": 113,
			"P_1ID": 21,
			"GROUP_NAME": "第六球",
			"SHOWCLS": "green",
			"ODDS": 1.96,
			"NUM": "双",
			"NUM_NAME": "双",
			"CODE": "gdklsf5",
			"SORT": 23.10,
			"STATE": 0,
			"ST": false,
			"BET_AMT": null,
			"ODDS_A": 1.96,
			"ODDS_B": 1.98,
			"ODDS_C": 1.98
		},
		"gdklsf5_尾大": {
			"ID": 1221,
			"P_3ID": 113,
			"P_1ID": 21,
			"GROUP_NAME": "第六球",
			"SHOWCLS": "text",
			"ODDS": 1.96,
			"NUM": "尾大",
			"NUM_NAME": "尾大",
			"CODE": "gdklsf5",
			"SORT": 24.10,
			"STATE": 0,
			"ST": false,
			"BET_AMT": null,
			"ODDS_A": 1.96,
			"ODDS_B": 1.98,
			"ODDS_C": 1.98
		},
		"gdklsf5_尾小": {
			"ID": 1222,
			"P_3ID": 113,
			"P_1ID": 21,
			"GROUP_NAME": "第六球",
			"SHOWCLS": "text",
			"ODDS": 1.96,
			"NUM": "尾小",
			"NUM_NAME": "尾小",
			"CODE": "gdklsf5",
			"SORT": 25.10,
			"STATE": 0,
			"ST": false,
			"BET_AMT": null,
			"ODDS_A": 1.96,
			"ODDS_B": 1.98,
			"ODDS_C": 1.98
		},
		"gdklsf5_合单": {
			"ID": 1223,
			"P_3ID": 113,
			"P_1ID": 21,
			"GROUP_NAME": "第六球",
			"SHOWCLS": "text",
			"ODDS": 1.96,
			"NUM": "合单",
			"NUM_NAME": "合单",
			"CODE": "gdklsf5",
			"SORT": 26.10,
			"STATE": 0,
			"ST": false,
			"BET_AMT": null,
			"ODDS_A": 1.96,
			"ODDS_B": 1.98,
			"ODDS_C": 1.98
		},
		"gdklsf5_合双": {
			"ID": 1224,
			"P_3ID": 113,
			"P_1ID": 21,
			"GROUP_NAME": "第六球",
			"SHOWCLS": "text",
			"ODDS": 1.96,
			"NUM": "合双",
			"NUM_NAME": "合双",
			"CODE": "gdklsf5",
			"SORT": 27.10,
			"STATE": 0,
			"ST": false,
			"BET_AMT": null,
			"ODDS_A": 1.96,
			"ODDS_B": 1.98,
			"ODDS_C": 1.98
		},
		"gdklsf5_东": {
			"ID": 1225,
			"P_3ID": 113,
			"P_1ID": 21,
			"GROUP_NAME": "第六球",
			"SHOWCLS": "text",
			"ODDS": 3.76,
			"NUM": "东",
			"NUM_NAME": "东",
			"CODE": "gdklsf5",
			"SORT": 28.10,
			"STATE": 0,
			"ST": false,
			"BET_AMT": null,
			"ODDS_A": 3.76,
			"ODDS_B": 3.76,
			"ODDS_C": 3.76
		},
		"gdklsf5_南": {
			"ID": 1226,
			"P_3ID": 113,
			"P_1ID": 21,
			"GROUP_NAME": "第六球",
			"SHOWCLS": "text",
			"ODDS": 3.76,
			"NUM": "南",
			"NUM_NAME": "南",
			"CODE": "gdklsf5",
			"SORT": 29.10,
			"STATE": 0,
			"ST": false,
			"BET_AMT": null,
			"ODDS_A": 3.76,
			"ODDS_B": 3.76,
			"ODDS_C": 3.76
		},
		"gdklsf5_西": {
			"ID": 1227,
			"P_3ID": 113,
			"P_1ID": 21,
			"GROUP_NAME": "第六球",
			"SHOWCLS": "text",
			"ODDS": 3.76,
			"NUM": "西",
			"NUM_NAME": "西",
			"CODE": "gdklsf5",
			"SORT": 30.10,
			"STATE": 0,
			"ST": false,
			"BET_AMT": null,
			"ODDS_A": 3.76,
			"ODDS_B": 3.76,
			"ODDS_C": 3.76
		},
		"gdklsf5_北": {
			"ID": 1228,
			"P_3ID": 113,
			"P_1ID": 21,
			"GROUP_NAME": "第六球",
			"SHOWCLS": "text",
			"ODDS": 3.76,
			"NUM": "北",
			"NUM_NAME": "北",
			"CODE": "gdklsf5",
			"SORT": 31.10,
			"STATE": 0,
			"ST": false,
			"BET_AMT": null,
			"ODDS_A": 3.76,
			"ODDS_B": 3.76,
			"ODDS_C": 3.76
		},
		"gdklsf5_中": {
			"ID": 1229,
			"P_3ID": 113,
			"P_1ID": 21,
			"GROUP_NAME": "第六球",
			"SHOWCLS": "text",
			"ODDS": 2.70,
			"NUM": "中",
			"NUM_NAME": "中",
			"CODE": "gdklsf5",
			"SORT": 32.0,
			"STATE": 0,
			"ST": false,
			"BET_AMT": null,
			"ODDS_A": 2.70,
			"ODDS_B": 2.70,
			"ODDS_C": 2.70
		},
		"gdklsf5_发": {
			"ID": 1230,
			"P_3ID": 113,
			"P_1ID": 21,
			"GROUP_NAME": "第六球",
			"SHOWCLS": "text",
			"ODDS": 2.70,
			"NUM": "发",
			"NUM_NAME": "发",
			"CODE": "gdklsf5",
			"SORT": 33.0,
			"STATE": 0,
			"ST": false,
			"BET_AMT": null,
			"ODDS_A": 2.70,
			"ODDS_B": 2.70,
			"ODDS_C": 2.70
		},
		"gdklsf5_白": {
			"ID": 1231,
			"P_3ID": 113,
			"P_1ID": 21,
			"GROUP_NAME": "第六球",
			"SHOWCLS": "text",
			"ODDS": 2.85,
			"NUM": "白",
			"NUM_NAME": "白",
			"CODE": "gdklsf5",
			"SORT": 34.0,
			"STATE": 0,
			"ST": false,
			"BET_AMT": null,
			"ODDS_A": 2.85,
			"ODDS_B": 2.85,
			"ODDS_C": 2.85
		}
	},
	"gdklsf6": {
		"gdklsf6_1": {
			"ID": 1232,
			"P_3ID": 114,
			"P_1ID": 21,
			"GROUP_NAME": "第七球",
			"SHOWCLS": "blue",
			"ODDS": 19.80,
			"NUM": "1",
			"NUM_NAME": "1",
			"CODE": "gdklsf6",
			"SORT": 0.0,
			"STATE": 0,
			"ST": false,
			"BET_AMT": null,
			"ODDS_A": 19.80,
			"ODDS_B": 19.80,
			"ODDS_C": 19.80
		},
		"gdklsf6_2": {
			"ID": 1233,
			"P_3ID": 114,
			"P_1ID": 21,
			"GROUP_NAME": "第七球",
			"SHOWCLS": "blue",
			"ODDS": 19.80,
			"NUM": "2",
			"NUM_NAME": "2",
			"CODE": "gdklsf6",
			"SORT": 1.0,
			"STATE": 0,
			"ST": false,
			"BET_AMT": null,
			"ODDS_A": 19.80,
			"ODDS_B": 19.80,
			"ODDS_C": 19.80
		},
		"gdklsf6_3": {
			"ID": 1234,
			"P_3ID": 114,
			"P_1ID": 21,
			"GROUP_NAME": "第七球",
			"SHOWCLS": "blue",
			"ODDS": 19.80,
			"NUM": "3",
			"NUM_NAME": "3",
			"CODE": "gdklsf6",
			"SORT": 2.0,
			"STATE": 0,
			"ST": false,
			"BET_AMT": null,
			"ODDS_A": 19.80,
			"ODDS_B": 19.80,
			"ODDS_C": 19.80
		},
		"gdklsf6_4": {
			"ID": 1235,
			"P_3ID": 114,
			"P_1ID": 21,
			"GROUP_NAME": "第七球",
			"SHOWCLS": "blue",
			"ODDS": 19.80,
			"NUM": "4",
			"NUM_NAME": "4",
			"CODE": "gdklsf6",
			"SORT": 3.0,
			"STATE": 0,
			"ST": false,
			"BET_AMT": null,
			"ODDS_A": 19.80,
			"ODDS_B": 19.80,
			"ODDS_C": 19.80
		},
		"gdklsf6_5": {
			"ID": 1236,
			"P_3ID": 114,
			"P_1ID": 21,
			"GROUP_NAME": "第七球",
			"SHOWCLS": "blue",
			"ODDS": 19.80,
			"NUM": "5",
			"NUM_NAME": "5",
			"CODE": "gdklsf6",
			"SORT": 4.0,
			"STATE": 0,
			"ST": false,
			"BET_AMT": null,
			"ODDS_A": 19.80,
			"ODDS_B": 19.80,
			"ODDS_C": 19.80
		},
		"gdklsf6_6": {
			"ID": 1237,
			"P_3ID": 114,
			"P_1ID": 21,
			"GROUP_NAME": "第七球",
			"SHOWCLS": "blue",
			"ODDS": 19.80,
			"NUM": "6",
			"NUM_NAME": "6",
			"CODE": "gdklsf6",
			"SORT": 5.0,
			"STATE": 0,
			"ST": false,
			"BET_AMT": null,
			"ODDS_A": 19.80,
			"ODDS_B": 19.80,
			"ODDS_C": 19.80
		},
		"gdklsf6_7": {
			"ID": 1238,
			"P_3ID": 114,
			"P_1ID": 21,
			"GROUP_NAME": "第七球",
			"SHOWCLS": "blue",
			"ODDS": 19.80,
			"NUM": "7",
			"NUM_NAME": "7",
			"CODE": "gdklsf6",
			"SORT": 6.0,
			"STATE": 0,
			"ST": false,
			"BET_AMT": null,
			"ODDS_A": 19.80,
			"ODDS_B": 19.80,
			"ODDS_C": 19.80
		},
		"gdklsf6_8": {
			"ID": 1239,
			"P_3ID": 114,
			"P_1ID": 21,
			"GROUP_NAME": "第七球",
			"SHOWCLS": "blue",
			"ODDS": 19.80,
			"NUM": "8",
			"NUM_NAME": "8",
			"CODE": "gdklsf6",
			"SORT": 7.0,
			"STATE": 0,
			"ST": false,
			"BET_AMT": null,
			"ODDS_A": 19.80,
			"ODDS_B": 19.80,
			"ODDS_C": 19.80
		},
		"gdklsf6_9": {
			"ID": 1240,
			"P_3ID": 114,
			"P_1ID": 21,
			"GROUP_NAME": "第七球",
			"SHOWCLS": "blue",
			"ODDS": 19.80,
			"NUM": "9",
			"NUM_NAME": "9",
			"CODE": "gdklsf6",
			"SORT": 8.0,
			"STATE": 0,
			"ST": false,
			"BET_AMT": null,
			"ODDS_A": 19.80,
			"ODDS_B": 19.80,
			"ODDS_C": 19.80
		},
		"gdklsf6_10": {
			"ID": 1241,
			"P_3ID": 114,
			"P_1ID": 21,
			"GROUP_NAME": "第七球",
			"SHOWCLS": "blue",
			"ODDS": 19.80,
			"NUM": "10",
			"NUM_NAME": "10",
			"CODE": "gdklsf6",
			"SORT": 9.0,
			"STATE": 0,
			"ST": false,
			"BET_AMT": null,
			"ODDS_A": 19.80,
			"ODDS_B": 19.80,
			"ODDS_C": 19.80
		},
		"gdklsf6_11": {
			"ID": 1242,
			"P_3ID": 114,
			"P_1ID": 21,
			"GROUP_NAME": "第七球",
			"SHOWCLS": "blue",
			"ODDS": 19.80,
			"NUM": "11",
			"NUM_NAME": "11",
			"CODE": "gdklsf6",
			"SORT": 10.0,
			"STATE": 0,
			"ST": false,
			"BET_AMT": null,
			"ODDS_A": 19.80,
			"ODDS_B": 19.80,
			"ODDS_C": 19.80
		},
		"gdklsf6_12": {
			"ID": 1243,
			"P_3ID": 114,
			"P_1ID": 21,
			"GROUP_NAME": "第七球",
			"SHOWCLS": "blue",
			"ODDS": 19.80,
			"NUM": "12",
			"NUM_NAME": "12",
			"CODE": "gdklsf6",
			"SORT": 11.0,
			"STATE": 0,
			"ST": false,
			"BET_AMT": null,
			"ODDS_A": 19.80,
			"ODDS_B": 19.80,
			"ODDS_C": 19.80
		},
		"gdklsf6_13": {
			"ID": 1244,
			"P_3ID": 114,
			"P_1ID": 21,
			"GROUP_NAME": "第七球",
			"SHOWCLS": "blue",
			"ODDS": 19.80,
			"NUM": "13",
			"NUM_NAME": "13",
			"CODE": "gdklsf6",
			"SORT": 12.0,
			"STATE": 0,
			"ST": false,
			"BET_AMT": null,
			"ODDS_A": 19.80,
			"ODDS_B": 19.80,
			"ODDS_C": 19.80
		},
		"gdklsf6_14": {
			"ID": 1245,
			"P_3ID": 114,
			"P_1ID": 21,
			"GROUP_NAME": "第七球",
			"SHOWCLS": "blue",
			"ODDS": 19.80,
			"NUM": "14",
			"NUM_NAME": "14",
			"CODE": "gdklsf6",
			"SORT": 13.0,
			"STATE": 0,
			"ST": false,
			"BET_AMT": null,
			"ODDS_A": 19.80,
			"ODDS_B": 19.80,
			"ODDS_C": 19.80
		},
		"gdklsf6_15": {
			"ID": 1246,
			"P_3ID": 114,
			"P_1ID": 21,
			"GROUP_NAME": "第七球",
			"SHOWCLS": "blue",
			"ODDS": 19.80,
			"NUM": "15",
			"NUM_NAME": "15",
			"CODE": "gdklsf6",
			"SORT": 14.0,
			"STATE": 0,
			"ST": false,
			"BET_AMT": null,
			"ODDS_A": 19.80,
			"ODDS_B": 19.80,
			"ODDS_C": 19.80
		},
		"gdklsf6_16": {
			"ID": 1247,
			"P_3ID": 114,
			"P_1ID": 21,
			"GROUP_NAME": "第七球",
			"SHOWCLS": "blue",
			"ODDS": 19.80,
			"NUM": "16",
			"NUM_NAME": "16",
			"CODE": "gdklsf6",
			"SORT": 15.0,
			"STATE": 0,
			"ST": false,
			"BET_AMT": null,
			"ODDS_A": 19.80,
			"ODDS_B": 19.80,
			"ODDS_C": 19.80
		},
		"gdklsf6_17": {
			"ID": 1248,
			"P_3ID": 114,
			"P_1ID": 21,
			"GROUP_NAME": "第七球",
			"SHOWCLS": "blue",
			"ODDS": 19.80,
			"NUM": "17",
			"NUM_NAME": "17",
			"CODE": "gdklsf6",
			"SORT": 16.0,
			"STATE": 0,
			"ST": false,
			"BET_AMT": null,
			"ODDS_A": 19.80,
			"ODDS_B": 19.80,
			"ODDS_C": 19.80
		},
		"gdklsf6_18": {
			"ID": 1249,
			"P_3ID": 114,
			"P_1ID": 21,
			"GROUP_NAME": "第七球",
			"SHOWCLS": "blue",
			"ODDS": 19.80,
			"NUM": "18",
			"NUM_NAME": "18",
			"CODE": "gdklsf6",
			"SORT": 17.0,
			"STATE": 0,
			"ST": false,
			"BET_AMT": null,
			"ODDS_A": 19.80,
			"ODDS_B": 19.80,
			"ODDS_C": 19.80
		},
		"gdklsf6_19": {
			"ID": 1250,
			"P_3ID": 114,
			"P_1ID": 21,
			"GROUP_NAME": "第七球",
			"SHOWCLS": "blue",
			"ODDS": 19.80,
			"NUM": "19",
			"NUM_NAME": "19",
			"CODE": "gdklsf6",
			"SORT": 18.10,
			"STATE": 0,
			"ST": false,
			"BET_AMT": null,
			"ODDS_A": 19.80,
			"ODDS_B": 19.80,
			"ODDS_C": 19.80
		},
		"gdklsf6_20": {
			"ID": 1251,
			"P_3ID": 114,
			"P_1ID": 21,
			"GROUP_NAME": "第七球",
			"SHOWCLS": "blue",
			"ODDS": 19.80,
			"NUM": "20",
			"NUM_NAME": "20",
			"CODE": "gdklsf6",
			"SORT": 19.10,
			"STATE": 0,
			"ST": false,
			"BET_AMT": null,
			"ODDS_A": 19.80,
			"ODDS_B": 19.80,
			"ODDS_C": 19.80
		},
		"gdklsf6_大": {
			"ID": 1252,
			"P_3ID": 114,
			"P_1ID": 21,
			"GROUP_NAME": "第七球",
			"SHOWCLS": "red",
			"ODDS": 1.96,
			"NUM": "大",
			"NUM_NAME": "大",
			"CODE": "gdklsf6",
			"SORT": 20.10,
			"STATE": 0,
			"ST": false,
			"BET_AMT": null,
			"ODDS_A": 1.96,
			"ODDS_B": 1.98,
			"ODDS_C": 1.98
		},
		"gdklsf6_小": {
			"ID": 1253,
			"P_3ID": 114,
			"P_1ID": 21,
			"GROUP_NAME": "第七球",
			"SHOWCLS": "green",
			"ODDS": 1.96,
			"NUM": "小",
			"NUM_NAME": "小",
			"CODE": "gdklsf6",
			"SORT": 21.10,
			"STATE": 0,
			"ST": false,
			"BET_AMT": null,
			"ODDS_A": 1.96,
			"ODDS_B": 1.98,
			"ODDS_C": 1.98
		},
		"gdklsf6_单": {
			"ID": 1254,
			"P_3ID": 114,
			"P_1ID": 21,
			"GROUP_NAME": "第七球",
			"SHOWCLS": "red",
			"ODDS": 1.96,
			"NUM": "单",
			"NUM_NAME": "单",
			"CODE": "gdklsf6",
			"SORT": 22.10,
			"STATE": 0,
			"ST": false,
			"BET_AMT": null,
			"ODDS_A": 1.96,
			"ODDS_B": 1.98,
			"ODDS_C": 1.98
		},
		"gdklsf6_双": {
			"ID": 1255,
			"P_3ID": 114,
			"P_1ID": 21,
			"GROUP_NAME": "第七球",
			"SHOWCLS": "green",
			"ODDS": 1.96,
			"NUM": "双",
			"NUM_NAME": "双",
			"CODE": "gdklsf6",
			"SORT": 23.10,
			"STATE": 0,
			"ST": false,
			"BET_AMT": null,
			"ODDS_A": 1.96,
			"ODDS_B": 1.98,
			"ODDS_C": 1.98
		},
		"gdklsf6_尾大": {
			"ID": 1256,
			"P_3ID": 114,
			"P_1ID": 21,
			"GROUP_NAME": "第七球",
			"SHOWCLS": "text",
			"ODDS": 1.96,
			"NUM": "尾大",
			"NUM_NAME": "尾大",
			"CODE": "gdklsf6",
			"SORT": 24.10,
			"STATE": 0,
			"ST": false,
			"BET_AMT": null,
			"ODDS_A": 1.96,
			"ODDS_B": 1.98,
			"ODDS_C": 1.98
		},
		"gdklsf6_尾小": {
			"ID": 1257,
			"P_3ID": 114,
			"P_1ID": 21,
			"GROUP_NAME": "第七球",
			"SHOWCLS": "text",
			"ODDS": 1.96,
			"NUM": "尾小",
			"NUM_NAME": "尾小",
			"CODE": "gdklsf6",
			"SORT": 25.10,
			"STATE": 0,
			"ST": false,
			"BET_AMT": null,
			"ODDS_A": 1.96,
			"ODDS_B": 1.98,
			"ODDS_C": 1.98
		},
		"gdklsf6_合单": {
			"ID": 1258,
			"P_3ID": 114,
			"P_1ID": 21,
			"GROUP_NAME": "第七球",
			"SHOWCLS": "text",
			"ODDS": 1.96,
			"NUM": "合单",
			"NUM_NAME": "合单",
			"CODE": "gdklsf6",
			"SORT": 26.10,
			"STATE": 0,
			"ST": false,
			"BET_AMT": null,
			"ODDS_A": 1.96,
			"ODDS_B": 1.98,
			"ODDS_C": 1.98
		},
		"gdklsf6_合双": {
			"ID": 1259,
			"P_3ID": 114,
			"P_1ID": 21,
			"GROUP_NAME": "第七球",
			"SHOWCLS": "text",
			"ODDS": 1.96,
			"NUM": "合双",
			"NUM_NAME": "合双",
			"CODE": "gdklsf6",
			"SORT": 27.10,
			"STATE": 0,
			"ST": false,
			"BET_AMT": null,
			"ODDS_A": 1.96,
			"ODDS_B": 1.98,
			"ODDS_C": 1.98
		},
		"gdklsf6_东": {
			"ID": 1260,
			"P_3ID": 114,
			"P_1ID": 21,
			"GROUP_NAME": "第七球",
			"SHOWCLS": "text",
			"ODDS": 3.76,
			"NUM": "东",
			"NUM_NAME": "东",
			"CODE": "gdklsf6",
			"SORT": 28.10,
			"STATE": 0,
			"ST": false,
			"BET_AMT": null,
			"ODDS_A": 3.76,
			"ODDS_B": 3.76,
			"ODDS_C": 3.76
		},
		"gdklsf6_南": {
			"ID": 1261,
			"P_3ID": 114,
			"P_1ID": 21,
			"GROUP_NAME": "第七球",
			"SHOWCLS": "text",
			"ODDS": 3.76,
			"NUM": "南",
			"NUM_NAME": "南",
			"CODE": "gdklsf6",
			"SORT": 29.10,
			"STATE": 0,
			"ST": false,
			"BET_AMT": null,
			"ODDS_A": 3.76,
			"ODDS_B": 3.76,
			"ODDS_C": 3.76
		},
		"gdklsf6_西": {
			"ID": 1262,
			"P_3ID": 114,
			"P_1ID": 21,
			"GROUP_NAME": "第七球",
			"SHOWCLS": "text",
			"ODDS": 3.76,
			"NUM": "西",
			"NUM_NAME": "西",
			"CODE": "gdklsf6",
			"SORT": 30.10,
			"STATE": 0,
			"ST": false,
			"BET_AMT": null,
			"ODDS_A": 3.76,
			"ODDS_B": 3.76,
			"ODDS_C": 3.76
		},
		"gdklsf6_北": {
			"ID": 1263,
			"P_3ID": 114,
			"P_1ID": 21,
			"GROUP_NAME": "第七球",
			"SHOWCLS": "text",
			"ODDS": 3.76,
			"NUM": "北",
			"NUM_NAME": "北",
			"CODE": "gdklsf6",
			"SORT": 31.10,
			"STATE": 0,
			"ST": false,
			"BET_AMT": null,
			"ODDS_A": 3.76,
			"ODDS_B": 3.76,
			"ODDS_C": 3.76
		},
		"gdklsf6_中": {
			"ID": 1264,
			"P_3ID": 114,
			"P_1ID": 21,
			"GROUP_NAME": "第七球",
			"SHOWCLS": "text",
			"ODDS": 2.70,
			"NUM": "中",
			"NUM_NAME": "中",
			"CODE": "gdklsf6",
			"SORT": 32.0,
			"STATE": 0,
			"ST": false,
			"BET_AMT": null,
			"ODDS_A": 2.70,
			"ODDS_B": 2.70,
			"ODDS_C": 2.70
		},
		"gdklsf6_发": {
			"ID": 1265,
			"P_3ID": 114,
			"P_1ID": 21,
			"GROUP_NAME": "第七球",
			"SHOWCLS": "text",
			"ODDS": 2.70,
			"NUM": "发",
			"NUM_NAME": "发",
			"CODE": "gdklsf6",
			"SORT": 33.0,
			"STATE": 0,
			"ST": false,
			"BET_AMT": null,
			"ODDS_A": 2.70,
			"ODDS_B": 2.70,
			"ODDS_C": 2.70
		},
		"gdklsf6_白": {
			"ID": 1266,
			"P_3ID": 114,
			"P_1ID": 21,
			"GROUP_NAME": "第七球",
			"SHOWCLS": "text",
			"ODDS": 2.85,
			"NUM": "白",
			"NUM_NAME": "白",
			"CODE": "gdklsf6",
			"SORT": 34.0,
			"STATE": 0,
			"ST": false,
			"BET_AMT": null,
			"ODDS_A": 2.85,
			"ODDS_B": 2.85,
			"ODDS_C": 2.85
		}
	},
	"gdklsf7": {
		"gdklsf7_1": {
			"ID": 1267,
			"P_3ID": 115,
			"P_1ID": 21,
			"GROUP_NAME": "第八球",
			"SHOWCLS": "blue",
			"ODDS": 19.80,
			"NUM": "1",
			"NUM_NAME": "1",
			"CODE": "gdklsf7",
			"SORT": 0.0,
			"STATE": 0,
			"ST": false,
			"BET_AMT": null,
			"ODDS_A": 19.80,
			"ODDS_B": 19.80,
			"ODDS_C": 19.80
		},
		"gdklsf7_2": {
			"ID": 1268,
			"P_3ID": 115,
			"P_1ID": 21,
			"GROUP_NAME": "第八球",
			"SHOWCLS": "blue",
			"ODDS": 19.80,
			"NUM": "2",
			"NUM_NAME": "2",
			"CODE": "gdklsf7",
			"SORT": 1.0,
			"STATE": 0,
			"ST": false,
			"BET_AMT": null,
			"ODDS_A": 19.80,
			"ODDS_B": 19.80,
			"ODDS_C": 19.80
		},
		"gdklsf7_3": {
			"ID": 1269,
			"P_3ID": 115,
			"P_1ID": 21,
			"GROUP_NAME": "第八球",
			"SHOWCLS": "blue",
			"ODDS": 19.80,
			"NUM": "3",
			"NUM_NAME": "3",
			"CODE": "gdklsf7",
			"SORT": 2.0,
			"STATE": 0,
			"ST": false,
			"BET_AMT": null,
			"ODDS_A": 19.80,
			"ODDS_B": 19.80,
			"ODDS_C": 19.80
		},
		"gdklsf7_4": {
			"ID": 1270,
			"P_3ID": 115,
			"P_1ID": 21,
			"GROUP_NAME": "第八球",
			"SHOWCLS": "blue",
			"ODDS": 19.80,
			"NUM": "4",
			"NUM_NAME": "4",
			"CODE": "gdklsf7",
			"SORT": 3.0,
			"STATE": 0,
			"ST": false,
			"BET_AMT": null,
			"ODDS_A": 19.80,
			"ODDS_B": 19.80,
			"ODDS_C": 19.80
		},
		"gdklsf7_5": {
			"ID": 1271,
			"P_3ID": 115,
			"P_1ID": 21,
			"GROUP_NAME": "第八球",
			"SHOWCLS": "blue",
			"ODDS": 19.80,
			"NUM": "5",
			"NUM_NAME": "5",
			"CODE": "gdklsf7",
			"SORT": 4.0,
			"STATE": 0,
			"ST": false,
			"BET_AMT": null,
			"ODDS_A": 19.80,
			"ODDS_B": 19.80,
			"ODDS_C": 19.80
		},
		"gdklsf7_6": {
			"ID": 1272,
			"P_3ID": 115,
			"P_1ID": 21,
			"GROUP_NAME": "第八球",
			"SHOWCLS": "blue",
			"ODDS": 19.80,
			"NUM": "6",
			"NUM_NAME": "6",
			"CODE": "gdklsf7",
			"SORT": 5.0,
			"STATE": 0,
			"ST": false,
			"BET_AMT": null,
			"ODDS_A": 19.80,
			"ODDS_B": 19.80,
			"ODDS_C": 19.80
		},
		"gdklsf7_7": {
			"ID": 1273,
			"P_3ID": 115,
			"P_1ID": 21,
			"GROUP_NAME": "第八球",
			"SHOWCLS": "blue",
			"ODDS": 19.80,
			"NUM": "7",
			"NUM_NAME": "7",
			"CODE": "gdklsf7",
			"SORT": 6.0,
			"STATE": 0,
			"ST": false,
			"BET_AMT": null,
			"ODDS_A": 19.80,
			"ODDS_B": 19.80,
			"ODDS_C": 19.80
		},
		"gdklsf7_8": {
			"ID": 1274,
			"P_3ID": 115,
			"P_1ID": 21,
			"GROUP_NAME": "第八球",
			"SHOWCLS": "blue",
			"ODDS": 19.80,
			"NUM": "8",
			"NUM_NAME": "8",
			"CODE": "gdklsf7",
			"SORT": 7.0,
			"STATE": 0,
			"ST": false,
			"BET_AMT": null,
			"ODDS_A": 19.80,
			"ODDS_B": 19.80,
			"ODDS_C": 19.80
		},
		"gdklsf7_9": {
			"ID": 1275,
			"P_3ID": 115,
			"P_1ID": 21,
			"GROUP_NAME": "第八球",
			"SHOWCLS": "blue",
			"ODDS": 19.80,
			"NUM": "9",
			"NUM_NAME": "9",
			"CODE": "gdklsf7",
			"SORT": 8.0,
			"STATE": 0,
			"ST": false,
			"BET_AMT": null,
			"ODDS_A": 19.80,
			"ODDS_B": 19.80,
			"ODDS_C": 19.80
		},
		"gdklsf7_10": {
			"ID": 1276,
			"P_3ID": 115,
			"P_1ID": 21,
			"GROUP_NAME": "第八球",
			"SHOWCLS": "blue",
			"ODDS": 19.80,
			"NUM": "10",
			"NUM_NAME": "10",
			"CODE": "gdklsf7",
			"SORT": 9.0,
			"STATE": 0,
			"ST": false,
			"BET_AMT": null,
			"ODDS_A": 19.80,
			"ODDS_B": 19.80,
			"ODDS_C": 19.80
		},
		"gdklsf7_11": {
			"ID": 1277,
			"P_3ID": 115,
			"P_1ID": 21,
			"GROUP_NAME": "第八球",
			"SHOWCLS": "blue",
			"ODDS": 19.80,
			"NUM": "11",
			"NUM_NAME": "11",
			"CODE": "gdklsf7",
			"SORT": 10.0,
			"STATE": 0,
			"ST": false,
			"BET_AMT": null,
			"ODDS_A": 19.80,
			"ODDS_B": 19.80,
			"ODDS_C": 19.80
		},
		"gdklsf7_12": {
			"ID": 1278,
			"P_3ID": 115,
			"P_1ID": 21,
			"GROUP_NAME": "第八球",
			"SHOWCLS": "blue",
			"ODDS": 19.80,
			"NUM": "12",
			"NUM_NAME": "12",
			"CODE": "gdklsf7",
			"SORT": 11.0,
			"STATE": 0,
			"ST": false,
			"BET_AMT": null,
			"ODDS_A": 19.80,
			"ODDS_B": 19.80,
			"ODDS_C": 19.80
		},
		"gdklsf7_13": {
			"ID": 1279,
			"P_3ID": 115,
			"P_1ID": 21,
			"GROUP_NAME": "第八球",
			"SHOWCLS": "blue",
			"ODDS": 19.80,
			"NUM": "13",
			"NUM_NAME": "13",
			"CODE": "gdklsf7",
			"SORT": 12.0,
			"STATE": 0,
			"ST": false,
			"BET_AMT": null,
			"ODDS_A": 19.80,
			"ODDS_B": 19.80,
			"ODDS_C": 19.80
		},
		"gdklsf7_14": {
			"ID": 1280,
			"P_3ID": 115,
			"P_1ID": 21,
			"GROUP_NAME": "第八球",
			"SHOWCLS": "blue",
			"ODDS": 19.80,
			"NUM": "14",
			"NUM_NAME": "14",
			"CODE": "gdklsf7",
			"SORT": 13.0,
			"STATE": 0,
			"ST": false,
			"BET_AMT": null,
			"ODDS_A": 19.80,
			"ODDS_B": 19.80,
			"ODDS_C": 19.80
		},
		"gdklsf7_15": {
			"ID": 1281,
			"P_3ID": 115,
			"P_1ID": 21,
			"GROUP_NAME": "第八球",
			"SHOWCLS": "blue",
			"ODDS": 19.80,
			"NUM": "15",
			"NUM_NAME": "15",
			"CODE": "gdklsf7",
			"SORT": 14.0,
			"STATE": 0,
			"ST": false,
			"BET_AMT": null,
			"ODDS_A": 19.80,
			"ODDS_B": 19.80,
			"ODDS_C": 19.80
		},
		"gdklsf7_16": {
			"ID": 1282,
			"P_3ID": 115,
			"P_1ID": 21,
			"GROUP_NAME": "第八球",
			"SHOWCLS": "blue",
			"ODDS": 19.80,
			"NUM": "16",
			"NUM_NAME": "16",
			"CODE": "gdklsf7",
			"SORT": 15.0,
			"STATE": 0,
			"ST": false,
			"BET_AMT": null,
			"ODDS_A": 19.80,
			"ODDS_B": 19.80,
			"ODDS_C": 19.80
		},
		"gdklsf7_17": {
			"ID": 1283,
			"P_3ID": 115,
			"P_1ID": 21,
			"GROUP_NAME": "第八球",
			"SHOWCLS": "blue",
			"ODDS": 19.80,
			"NUM": "17",
			"NUM_NAME": "17",
			"CODE": "gdklsf7",
			"SORT": 16.0,
			"STATE": 0,
			"ST": false,
			"BET_AMT": null,
			"ODDS_A": 19.80,
			"ODDS_B": 19.80,
			"ODDS_C": 19.80
		},
		"gdklsf7_18": {
			"ID": 1284,
			"P_3ID": 115,
			"P_1ID": 21,
			"GROUP_NAME": "第八球",
			"SHOWCLS": "blue",
			"ODDS": 19.80,
			"NUM": "18",
			"NUM_NAME": "18",
			"CODE": "gdklsf7",
			"SORT": 17.0,
			"STATE": 0,
			"ST": false,
			"BET_AMT": null,
			"ODDS_A": 19.80,
			"ODDS_B": 19.80,
			"ODDS_C": 19.80
		},
		"gdklsf7_19": {
			"ID": 1285,
			"P_3ID": 115,
			"P_1ID": 21,
			"GROUP_NAME": "第八球",
			"SHOWCLS": "blue",
			"ODDS": 19.80,
			"NUM": "19",
			"NUM_NAME": "19",
			"CODE": "gdklsf7",
			"SORT": 18.10,
			"STATE": 0,
			"ST": false,
			"BET_AMT": null,
			"ODDS_A": 19.80,
			"ODDS_B": 19.80,
			"ODDS_C": 19.80
		},
		"gdklsf7_20": {
			"ID": 1286,
			"P_3ID": 115,
			"P_1ID": 21,
			"GROUP_NAME": "第八球",
			"SHOWCLS": "blue",
			"ODDS": 19.80,
			"NUM": "20",
			"NUM_NAME": "20",
			"CODE": "gdklsf7",
			"SORT": 19.10,
			"STATE": 0,
			"ST": false,
			"BET_AMT": null,
			"ODDS_A": 19.80,
			"ODDS_B": 19.80,
			"ODDS_C": 19.80
		},
		"gdklsf7_大": {
			"ID": 1287,
			"P_3ID": 115,
			"P_1ID": 21,
			"GROUP_NAME": "第八球",
			"SHOWCLS": "red",
			"ODDS": 1.96,
			"NUM": "大",
			"NUM_NAME": "大",
			"CODE": "gdklsf7",
			"SORT": 20.10,
			"STATE": 0,
			"ST": false,
			"BET_AMT": null,
			"ODDS_A": 1.96,
			"ODDS_B": 1.98,
			"ODDS_C": 1.98
		},
		"gdklsf7_小": {
			"ID": 1288,
			"P_3ID": 115,
			"P_1ID": 21,
			"GROUP_NAME": "第八球",
			"SHOWCLS": "green",
			"ODDS": 1.96,
			"NUM": "小",
			"NUM_NAME": "小",
			"CODE": "gdklsf7",
			"SORT": 21.10,
			"STATE": 0,
			"ST": false,
			"BET_AMT": null,
			"ODDS_A": 1.96,
			"ODDS_B": 1.98,
			"ODDS_C": 1.98
		},
		"gdklsf7_单": {
			"ID": 1289,
			"P_3ID": 115,
			"P_1ID": 21,
			"GROUP_NAME": "第八球",
			"SHOWCLS": "red",
			"ODDS": 1.96,
			"NUM": "单",
			"NUM_NAME": "单",
			"CODE": "gdklsf7",
			"SORT": 22.10,
			"STATE": 0,
			"ST": false,
			"BET_AMT": null,
			"ODDS_A": 1.96,
			"ODDS_B": 1.98,
			"ODDS_C": 1.98
		},
		"gdklsf7_双": {
			"ID": 1290,
			"P_3ID": 115,
			"P_1ID": 21,
			"GROUP_NAME": "第八球",
			"SHOWCLS": "green",
			"ODDS": 1.96,
			"NUM": "双",
			"NUM_NAME": "双",
			"CODE": "gdklsf7",
			"SORT": 23.10,
			"STATE": 0,
			"ST": false,
			"BET_AMT": null,
			"ODDS_A": 1.96,
			"ODDS_B": 1.98,
			"ODDS_C": 1.98
		},
		"gdklsf7_尾大": {
			"ID": 1291,
			"P_3ID": 115,
			"P_1ID": 21,
			"GROUP_NAME": "第八球",
			"SHOWCLS": "text",
			"ODDS": 1.96,
			"NUM": "尾大",
			"NUM_NAME": "尾大",
			"CODE": "gdklsf7",
			"SORT": 24.10,
			"STATE": 0,
			"ST": false,
			"BET_AMT": null,
			"ODDS_A": 1.96,
			"ODDS_B": 1.98,
			"ODDS_C": 1.98
		},
		"gdklsf7_尾小": {
			"ID": 1292,
			"P_3ID": 115,
			"P_1ID": 21,
			"GROUP_NAME": "第八球",
			"SHOWCLS": "text",
			"ODDS": 1.96,
			"NUM": "尾小",
			"NUM_NAME": "尾小",
			"CODE": "gdklsf7",
			"SORT": 25.10,
			"STATE": 0,
			"ST": false,
			"BET_AMT": null,
			"ODDS_A": 1.96,
			"ODDS_B": 1.98,
			"ODDS_C": 1.98
		},
		"gdklsf7_合单": {
			"ID": 1293,
			"P_3ID": 115,
			"P_1ID": 21,
			"GROUP_NAME": "第八球",
			"SHOWCLS": "text",
			"ODDS": 1.96,
			"NUM": "合单",
			"NUM_NAME": "合单",
			"CODE": "gdklsf7",
			"SORT": 26.10,
			"STATE": 0,
			"ST": false,
			"BET_AMT": null,
			"ODDS_A": 1.96,
			"ODDS_B": 1.98,
			"ODDS_C": 1.98
		},
		"gdklsf7_合双": {
			"ID": 1294,
			"P_3ID": 115,
			"P_1ID": 21,
			"GROUP_NAME": "第八球",
			"SHOWCLS": "text",
			"ODDS": 1.96,
			"NUM": "合双",
			"NUM_NAME": "合双",
			"CODE": "gdklsf7",
			"SORT": 27.10,
			"STATE": 0,
			"ST": false,
			"BET_AMT": null,
			"ODDS_A": 1.96,
			"ODDS_B": 1.98,
			"ODDS_C": 1.98
		},
		"gdklsf7_东": {
			"ID": 1295,
			"P_3ID": 115,
			"P_1ID": 21,
			"GROUP_NAME": "第八球",
			"SHOWCLS": "text",
			"ODDS": 3.76,
			"NUM": "东",
			"NUM_NAME": "东",
			"CODE": "gdklsf7",
			"SORT": 28.10,
			"STATE": 0,
			"ST": false,
			"BET_AMT": null,
			"ODDS_A": 3.76,
			"ODDS_B": 3.76,
			"ODDS_C": 3.76
		},
		"gdklsf7_南": {
			"ID": 1296,
			"P_3ID": 115,
			"P_1ID": 21,
			"GROUP_NAME": "第八球",
			"SHOWCLS": "text",
			"ODDS": 3.76,
			"NUM": "南",
			"NUM_NAME": "南",
			"CODE": "gdklsf7",
			"SORT": 29.10,
			"STATE": 0,
			"ST": false,
			"BET_AMT": null,
			"ODDS_A": 3.76,
			"ODDS_B": 3.76,
			"ODDS_C": 3.76
		},
		"gdklsf7_西": {
			"ID": 1297,
			"P_3ID": 115,
			"P_1ID": 21,
			"GROUP_NAME": "第八球",
			"SHOWCLS": "text",
			"ODDS": 3.76,
			"NUM": "西",
			"NUM_NAME": "西",
			"CODE": "gdklsf7",
			"SORT": 30.10,
			"STATE": 0,
			"ST": false,
			"BET_AMT": null,
			"ODDS_A": 3.76,
			"ODDS_B": 3.76,
			"ODDS_C": 3.76
		},
		"gdklsf7_北": {
			"ID": 1298,
			"P_3ID": 115,
			"P_1ID": 21,
			"GROUP_NAME": "第八球",
			"SHOWCLS": "text",
			"ODDS": 3.76,
			"NUM": "北",
			"NUM_NAME": "北",
			"CODE": "gdklsf7",
			"SORT": 31.10,
			"STATE": 0,
			"ST": false,
			"BET_AMT": null,
			"ODDS_A": 3.76,
			"ODDS_B": 3.76,
			"ODDS_C": 3.76
		},
		"gdklsf7_中": {
			"ID": 1299,
			"P_3ID": 115,
			"P_1ID": 21,
			"GROUP_NAME": "第八球",
			"SHOWCLS": "text",
			"ODDS": 2.70,
			"NUM": "中",
			"NUM_NAME": "中",
			"CODE": "gdklsf7",
			"SORT": 32.0,
			"STATE": 0,
			"ST": false,
			"BET_AMT": null,
			"ODDS_A": 2.70,
			"ODDS_B": 2.70,
			"ODDS_C": 2.70
		},
		"gdklsf7_发": {
			"ID": 1300,
			"P_3ID": 115,
			"P_1ID": 21,
			"GROUP_NAME": "第八球",
			"SHOWCLS": "text",
			"ODDS": 2.70,
			"NUM": "发",
			"NUM_NAME": "发",
			"CODE": "gdklsf7",
			"SORT": 33.0,
			"STATE": 0,
			"ST": false,
			"BET_AMT": null,
			"ODDS_A": 2.70,
			"ODDS_B": 2.70,
			"ODDS_C": 2.70
		},
		"gdklsf7_白": {
			"ID": 1301,
			"P_3ID": 115,
			"P_1ID": 21,
			"GROUP_NAME": "第八球",
			"SHOWCLS": "text",
			"ODDS": 2.85,
			"NUM": "白",
			"NUM_NAME": "白",
			"CODE": "gdklsf7",
			"SORT": 34.0,
			"STATE": 0,
			"ST": false,
			"BET_AMT": null,
			"ODDS_A": 2.85,
			"ODDS_B": 2.85,
			"ODDS_C": 2.85
		}
	},
	"gdklsf8": {
		"gdklsf8_总和大": {
			"ID": 1307,
			"P_3ID": 116,
			"P_1ID": 21,
			"GROUP_NAME": "总和-龙虎",
			"SHOWCLS": "text",
			"ODDS": 1.96,
			"NUM": "总和大",
			"NUM_NAME": "总和大",
			"CODE": "gdklsf8",
			"SORT": 1.0,
			"STATE": 0,
			"ST": false,
			"BET_AMT": null,
			"ODDS_A": 1.96,
			"ODDS_B": 1.98,
			"ODDS_C": 1.98
		},
		"gdklsf8_总和小": {
			"ID": 1308,
			"P_3ID": 116,
			"P_1ID": 21,
			"GROUP_NAME": "总和-龙虎",
			"SHOWCLS": "text",
			"ODDS": 1.96,
			"NUM": "总和小",
			"NUM_NAME": "总和小",
			"CODE": "gdklsf8",
			"SORT": 2.0,
			"STATE": 0,
			"ST": false,
			"BET_AMT": null,
			"ODDS_A": 1.96,
			"ODDS_B": 1.98,
			"ODDS_C": 1.98
		},
		"gdklsf8_单": {
			"ID": 1309,
			"P_3ID": 116,
			"P_1ID": 21,
			"GROUP_NAME": "总和-龙虎",
			"SHOWCLS": "text",
			"ODDS": 1.96,
			"NUM": "单",
			"NUM_NAME": "总和单",
			"CODE": "gdklsf8",
			"SORT": 3.0,
			"STATE": 0,
			"ST": false,
			"BET_AMT": null,
			"ODDS_A": 1.96,
			"ODDS_B": 1.98,
			"ODDS_C": 1.98
		},
		"gdklsf8_双": {
			"ID": 1310,
			"P_3ID": 116,
			"P_1ID": 21,
			"GROUP_NAME": "总和-龙虎",
			"SHOWCLS": "text",
			"ODDS": 1.96,
			"NUM": "双",
			"NUM_NAME": "总和双",
			"CODE": "gdklsf8",
			"SORT": 4.0,
			"STATE": 0,
			"ST": false,
			"BET_AMT": null,
			"ODDS_A": 1.96,
			"ODDS_B": 1.98,
			"ODDS_C": 1.98
		},
		"gdklsf8_尾大": {
			"ID": 1311,
			"P_3ID": 116,
			"P_1ID": 21,
			"GROUP_NAME": "总和-龙虎",
			"SHOWCLS": "text",
			"ODDS": 1.96,
			"NUM": "尾大",
			"NUM_NAME": "总和尾大",
			"CODE": "gdklsf8",
			"SORT": 5.0,
			"STATE": 0,
			"ST": false,
			"BET_AMT": null,
			"ODDS_A": 1.96,
			"ODDS_B": 1.98,
			"ODDS_C": 1.98
		},
		"gdklsf8_尾小": {
			"ID": 1312,
			"P_3ID": 116,
			"P_1ID": 21,
			"GROUP_NAME": "总和-龙虎",
			"SHOWCLS": "text",
			"ODDS": 1.96,
			"NUM": "尾小",
			"NUM_NAME": "总和尾小",
			"CODE": "gdklsf8",
			"SORT": 6.0,
			"STATE": 0,
			"ST": false,
			"BET_AMT": null,
			"ODDS_A": 1.96,
			"ODDS_B": 1.98,
			"ODDS_C": 1.98
		},
		"gdklsf8_龙": {
			"ID": 1313,
			"P_3ID": 116,
			"P_1ID": 21,
			"GROUP_NAME": "总和-龙虎",
			"SHOWCLS": "text",
			"ODDS": 1.96,
			"NUM": "龙",
			"NUM_NAME": "龙",
			"CODE": "gdklsf8",
			"SORT": 7.0,
			"STATE": 0,
			"ST": false,
			"BET_AMT": null,
			"ODDS_A": 1.96,
			"ODDS_B": 1.98,
			"ODDS_C": 1.98
		},
		"gdklsf8_虎": {
			"ID": 1314,
			"P_3ID": 116,
			"P_1ID": 21,
			"GROUP_NAME": "总和-龙虎",
			"SHOWCLS": "text",
			"ODDS": 1.96,
			"NUM": "虎",
			"NUM_NAME": "虎",
			"CODE": "gdklsf8",
			"SORT": 8.0,
			"STATE": 0,
			"ST": false,
			"BET_AMT": null,
			"ODDS_A": 1.96,
			"ODDS_B": 1.98,
			"ODDS_C": 1.98
		}
	}
}
