{"gsk30":{"gsk30_3":{"ID":7749,"P_3ID":1752,"P_1ID":1706,"GROUP_NAME":"和值点数","SHOWCLS":"text","ODDS":200.0,"NUM":"3","NUM_NAME":"3点","CODE":"gsk30","SORT":0.0,"STATE":0,"ST":false,"BET_AMT":null,"ODDS_A":0.0,"ODDS_B":0.0,"ODDS_C":0.0},"gsk30_4":{"ID":7733,"P_3ID":1752,"P_1ID":1706,"GROUP_NAME":"和值点数","SHOWCLS":"text","ODDS":62.0,"NUM":"4","NUM_NAME":"4点","CODE":"gsk30","SORT":1.0,"STATE":0,"ST":false,"BET_AMT":null,"ODDS_A":0.0,"ODDS_B":0.0,"ODDS_C":0.0},"gsk30_5":{"ID":7734,"P_3ID":1752,"P_1ID":1706,"GROUP_NAME":"和值点数","SHOWCLS":"text","ODDS":32.50,"NUM":"5","NUM_NAME":"5点","CODE":"gsk30","SORT":2.0,"STATE":0,"ST":false,"BET_AMT":null,"ODDS_A":0.0,"ODDS_B":0.0,"ODDS_C":0.0},"gsk30_6":{"ID":7735,"P_3ID":1752,"P_1ID":1706,"GROUP_NAME":"和值点数","SHOWCLS":"text","ODDS":20.50,"NUM":"6","NUM_NAME":"6点","CODE":"gsk30","SORT":3.0,"STATE":0,"ST":false,"BET_AMT":null,"ODDS_A":0.0,"ODDS_B":0.0,"ODDS_C":0.0},"gsk30_7":{"ID":7736,"P_3ID":1752,"P_1ID":1706,"GROUP_NAME":"和值点数","SHOWCLS":"text","ODDS":12.50,"NUM":"7","NUM_NAME":"7点","CODE":"gsk30","SORT":4.0,"STATE":0,"ST":false,"BET_AMT":null,"ODDS_A":0.0,"ODDS_B":0.0,"ODDS_C":0.0},"gsk30_8":{"ID":7737,"P_3ID":1752,"P_1ID":1706,"GROUP_NAME":"和值点数","SHOWCLS":"text","ODDS":9.50,"NUM":"8","NUM_NAME":"8点","CODE":"gsk30","SORT":5.0,"STATE":0,"ST":false,"BET_AMT":null,"ODDS_A":0.0,"ODDS_B":0.0,"ODDS_C":0.0},"gsk30_9":{"ID":7738,"P_3ID":1752,"P_1ID":1706,"GROUP_NAME":"和值点数","SHOWCLS":"text","ODDS":8.50,"NUM":"9","NUM_NAME":"9点","CODE":"gsk30","SORT":6.0,"STATE":0,"ST":false,"BET_AMT":null,"ODDS_A":0.0,"ODDS_B":0.0,"ODDS_C":0.0},"gsk30_10":{"ID":7739,"P_3ID":1752,"P_1ID":1706,"GROUP_NAME":"和值点数","SHOWCLS":"text","ODDS":7.50,"NUM":"10","NUM_NAME":"10点","CODE":"gsk30","SORT":7.0,"STATE":0,"ST":false,"BET_AMT":null,"ODDS_A":0.0,"ODDS_B":0.0,"ODDS_C":0.0},"gsk30_11":{"ID":7740,"P_3ID":1752,"P_1ID":1706,"GROUP_NAME":"和值点数","SHOWCLS":"text","ODDS":7.50,"NUM":"11","NUM_NAME":"11点","CODE":"gsk30","SORT":8.0,"STATE":0,"ST":false,"BET_AMT":null,"ODDS_A":0.0,"ODDS_B":0.0,"ODDS_C":0.0},"gsk30_12":{"ID":7741,"P_3ID":1752,"P_1ID":1706,"GROUP_NAME":"和值点数","SHOWCLS":"text","ODDS":8.50,"NUM":"12","NUM_NAME":"12点","CODE":"gsk30","SORT":9.0,"STATE":0,"ST":false,"BET_AMT":null,"ODDS_A":0.0,"ODDS_B":0.0,"ODDS_C":0.0},"gsk30_13":{"ID":7742,"P_3ID":1752,"P_1ID":1706,"GROUP_NAME":"和值点数","SHOWCLS":"text","ODDS":9.50,"NUM":"13","NUM_NAME":"13点","CODE":"gsk30","SORT":10.0,"STATE":0,"ST":false,"BET_AMT":null,"ODDS_A":0.0,"ODDS_B":0.0,"ODDS_C":0.0},"gsk30_14":{"ID":7743,"P_3ID":1752,"P_1ID":1706,"GROUP_NAME":"和值点数","SHOWCLS":"text","ODDS":12.50,"NUM":"14","NUM_NAME":"14点","CODE":"gsk30","SORT":11.0,"STATE":0,"ST":false,"BET_AMT":null,"ODDS_A":0.0,"ODDS_B":0.0,"ODDS_C":0.0},"gsk30_15":{"ID":7744,"P_3ID":1752,"P_1ID":1706,"GROUP_NAME":"和值点数","SHOWCLS":"text","ODDS":20.50,"NUM":"15","NUM_NAME":"15点","CODE":"gsk30","SORT":12.0,"STATE":0,"ST":false,"BET_AMT":null,"ODDS_A":0.0,"ODDS_B":0.0,"ODDS_C":0.0},"gsk30_16":{"ID":7745,"P_3ID":1752,"P_1ID":1706,"GROUP_NAME":"和值点数","SHOWCLS":"text","ODDS":32.50,"NUM":"16","NUM_NAME":"16点","CODE":"gsk30","SORT":13.0,"STATE":0,"ST":false,"BET_AMT":null,"ODDS_A":0.0,"ODDS_B":0.0,"ODDS_C":0.0},"gsk30_17":{"ID":7746,"P_3ID":1752,"P_1ID":1706,"GROUP_NAME":"和值点数","SHOWCLS":"text","ODDS":62.0,"NUM":"17","NUM_NAME":"17点","CODE":"gsk30","SORT":14.0,"STATE":0,"ST":false,"BET_AMT":null,"ODDS_A":0.0,"ODDS_B":0.0,"ODDS_C":0.0},"gsk30_18":{"ID":7750,"P_3ID":1752,"P_1ID":1706,"GROUP_NAME":"和值点数","SHOWCLS":"text","ODDS":200.0,"NUM":"18","NUM_NAME":"18点","CODE":"gsk30","SORT":15.0,"STATE":0,"ST":false,"BET_AMT":null,"ODDS_A":0.0,"ODDS_B":0.0,"ODDS_C":0.0},"gsk30_大":{"ID":7747,"P_3ID":1752,"P_1ID":1706,"GROUP_NAME":"和值点数","SHOWCLS":"text","ODDS":1.96,"NUM":"大","NUM_NAME":"大","CODE":"gsk30","SORT":16.0,"STATE":0,"ST":false,"BET_AMT":null,"ODDS_A":0.0,"ODDS_B":0.0,"ODDS_C":0.0},"gsk30_小":{"ID":7748,"P_3ID":1752,"P_1ID":1706,"GROUP_NAME":"和值点数","SHOWCLS":"text","ODDS":1.96,"NUM":"小","NUM_NAME":"小","CODE":"gsk30","SORT":17.0,"STATE":0,"ST":false,"BET_AMT":null,"ODDS_A":0.0,"ODDS_B":0.0,"ODDS_C":0.0},"gsk30_单":{"ID":7751,"P_3ID":1752,"P_1ID":1706,"GROUP_NAME":"和值点数","SHOWCLS":"text","ODDS":1.96,"NUM":"单","NUM_NAME":"单","CODE":"gsk30","SORT":18.0,"STATE":0,"ST":false,"BET_AMT":null,"ODDS_A":0.0,"ODDS_B":0.0,"ODDS_C":0.0},"gsk30_双":{"ID":7752,"P_3ID":1752,"P_1ID":1706,"GROUP_NAME":"和值点数","SHOWCLS":"text","ODDS":1.96,"NUM":"双","NUM_NAME":"双","CODE":"gsk30","SORT":19.0,"STATE":0,"ST":false,"BET_AMT":null,"ODDS_A":0.0,"ODDS_B":0.0,"ODDS_C":0.0}},"gsk31":{"gsk31_111":{"ID":7726,"P_3ID":1751,"P_1ID":1706,"GROUP_NAME":"豹子","SHOWCLS":"red","ODDS":200.0,"NUM":"111","NUM_NAME":"1,1,1","CODE":"gsk31","SORT":0.0,"STATE":0,"ST":false,"BET_AMT":null,"ODDS_A":0.0,"ODDS_B":0.0,"ODDS_C":0.0},"gsk31_222":{"ID":7727,"P_3ID":1751,"P_1ID":1706,"GROUP_NAME":"豹子","SHOWCLS":"red","ODDS":200.0,"NUM":"222","NUM_NAME":"2,2,2","CODE":"gsk31","SORT":1.0,"STATE":0,"ST":false,"BET_AMT":null,"ODDS_A":0.0,"ODDS_B":0.0,"ODDS_C":0.0},"gsk31_333":{"ID":7728,"P_3ID":1751,"P_1ID":1706,"GROUP_NAME":"豹子","SHOWCLS":"red","ODDS":200.0,"NUM":"333","NUM_NAME":"3,3,3","CODE":"gsk31","SORT":2.0,"STATE":0,"ST":false,"BET_AMT":null,"ODDS_A":0.0,"ODDS_B":0.0,"ODDS_C":0.0},"gsk31_444":{"ID":7729,"P_3ID":1751,"P_1ID":1706,"GROUP_NAME":"豹子","SHOWCLS":"red","ODDS":200.0,"NUM":"444","NUM_NAME":"4,4,4","CODE":"gsk31","SORT":3.0,"STATE":0,"ST":false,"BET_AMT":null,"ODDS_A":0.0,"ODDS_B":0.0,"ODDS_C":0.0},"gsk31_555":{"ID":7730,"P_3ID":1751,"P_1ID":1706,"GROUP_NAME":"豹子","SHOWCLS":"red","ODDS":200.0,"NUM":"555","NUM_NAME":"5,5,5","CODE":"gsk31","SORT":4.0,"STATE":0,"ST":false,"BET_AMT":null,"ODDS_A":0.0,"ODDS_B":0.0,"ODDS_C":0.0},"gsk31_666":{"ID":7731,"P_3ID":1751,"P_1ID":1706,"GROUP_NAME":"豹子","SHOWCLS":"red","ODDS":200.0,"NUM":"666","NUM_NAME":"6,6,6","CODE":"gsk31","SORT":5.0,"STATE":0,"ST":false,"BET_AMT":null,"ODDS_A":0.0,"ODDS_B":0.0,"ODDS_C":0.0},"gsk31_全骰":{"ID":7732,"P_3ID":1751,"P_1ID":1706,"GROUP_NAME":"豹子","SHOWCLS":"text","ODDS":30.0,"NUM":"全骰","NUM_NAME":"全包豹子","CODE":"gsk31","SORT":6.10,"STATE":0,"ST":false,"BET_AMT":null,"ODDS_A":0.0,"ODDS_B":0.0,"ODDS_C":0.0}},"gsk32":{"gsk32_123":{"ID":7775,"P_3ID":1755,"P_1ID":1706,"GROUP_NAME":"顺子","SHOWCLS":"red","ODDS":33.80,"NUM":"123","NUM_NAME":"1,2,3","CODE":"gsk32","SORT":0.0,"STATE":0,"ST":false,"BET_AMT":null,"ODDS_A":0.0,"ODDS_B":0.0,"ODDS_C":0.0},"gsk32_234":{"ID":7776,"P_3ID":1755,"P_1ID":1706,"GROUP_NAME":"顺子","SHOWCLS":"red","ODDS":33.80,"NUM":"234","NUM_NAME":"2,3,4","CODE":"gsk32","SORT":1.0,"STATE":0,"ST":false,"BET_AMT":null,"ODDS_A":0.0,"ODDS_B":0.0,"ODDS_C":0.0},"gsk32_345":{"ID":7777,"P_3ID":1755,"P_1ID":1706,"GROUP_NAME":"顺子","SHOWCLS":"red","ODDS":33.80,"NUM":"345","NUM_NAME":"3,4,5","CODE":"gsk32","SORT":2.0,"STATE":0,"ST":false,"BET_AMT":null,"ODDS_A":0.0,"ODDS_B":0.0,"ODDS_C":0.0},"gsk32_456":{"ID":7778,"P_3ID":1755,"P_1ID":1706,"GROUP_NAME":"顺子","SHOWCLS":"red","ODDS":33.80,"NUM":"456","NUM_NAME":"4,5,6","CODE":"gsk32","SORT":3.0,"STATE":0,"ST":false,"BET_AMT":null,"ODDS_A":0.0,"ODDS_B":0.0,"ODDS_C":0.0},"gsk32_全包顺子":{"ID":7779,"P_3ID":1755,"P_1ID":1706,"GROUP_NAME":"顺子","SHOWCLS":"text","ODDS":8.50,"NUM":"全包顺子","NUM_NAME":"全包顺子","CODE":"gsk32","SORT":4.10,"STATE":0,"ST":false,"BET_AMT":null,"ODDS_A":0.0,"ODDS_B":0.0,"ODDS_C":0.0}},"gsk33":{"gsk33_11":{"ID":7768,"P_3ID":1754,"P_1ID":1706,"GROUP_NAME":"短牌","SHOWCLS":"red","ODDS":11.50,"NUM":"11","NUM_NAME":"1,1","CODE":"gsk33","SORT":0.0,"STATE":0,"ST":false,"BET_AMT":null,"ODDS_A":0.0,"ODDS_B":0.0,"ODDS_C":0.0},"gsk33_22":{"ID":7769,"P_3ID":1754,"P_1ID":1706,"GROUP_NAME":"短牌","SHOWCLS":"red","ODDS":11.50,"NUM":"22","NUM_NAME":"2,2","CODE":"gsk33","SORT":1.0,"STATE":0,"ST":false,"BET_AMT":null,"ODDS_A":0.0,"ODDS_B":0.0,"ODDS_C":0.0},"gsk33_33":{"ID":7770,"P_3ID":1754,"P_1ID":1706,"GROUP_NAME":"短牌","SHOWCLS":"red","ODDS":11.50,"NUM":"33","NUM_NAME":"3,3","CODE":"gsk33","SORT":2.0,"STATE":0,"ST":false,"BET_AMT":null,"ODDS_A":0.0,"ODDS_B":0.0,"ODDS_C":0.0},"gsk33_44":{"ID":7771,"P_3ID":1754,"P_1ID":1706,"GROUP_NAME":"短牌","SHOWCLS":"red","ODDS":11.50,"NUM":"44","NUM_NAME":"4,4","CODE":"gsk33","SORT":3.0,"STATE":0,"ST":false,"BET_AMT":null,"ODDS_A":0.0,"ODDS_B":0.0,"ODDS_C":0.0},"gsk33_55":{"ID":7772,"P_3ID":1754,"P_1ID":1706,"GROUP_NAME":"短牌","SHOWCLS":"red","ODDS":11.50,"NUM":"55","NUM_NAME":"5,5","CODE":"gsk33","SORT":4.0,"STATE":0,"ST":false,"BET_AMT":null,"ODDS_A":0.0,"ODDS_B":0.0,"ODDS_C":0.0},"gsk33_66":{"ID":7773,"P_3ID":1754,"P_1ID":1706,"GROUP_NAME":"短牌","SHOWCLS":"red","ODDS":11.50,"NUM":"66","NUM_NAME":"6,6","CODE":"gsk33","SORT":5.0,"STATE":0,"ST":false,"BET_AMT":null,"ODDS_A":0.0,"ODDS_B":0.0,"ODDS_C":0.0},"gsk33_全包对子":{"ID":7774,"P_3ID":1754,"P_1ID":1706,"GROUP_NAME":"一对","SHOWCLS":"text","ODDS":1.88,"NUM":"全包对子","NUM_NAME":"全包对子","CODE":"gsk33","SORT":6.10,"STATE":0,"ST":false,"BET_AMT":null,"ODDS_A":0.0,"ODDS_B":0.0,"ODDS_C":0.0}},"gsk34":{"gsk34_12":{"ID":7753,"P_3ID":1753,"P_1ID":1706,"GROUP_NAME":"长牌","SHOWCLS":"red","ODDS":6.70,"NUM":"12","NUM_NAME":"1,2","CODE":"gsk34","SORT":0.0,"STATE":0,"ST":false,"BET_AMT":null,"ODDS_A":0.0,"ODDS_B":0.0,"ODDS_C":0.0},"gsk34_13":{"ID":7754,"P_3ID":1753,"P_1ID":1706,"GROUP_NAME":"长牌","SHOWCLS":"red","ODDS":6.70,"NUM":"13","NUM_NAME":"1,3","CODE":"gsk34","SORT":1.0,"STATE":0,"ST":false,"BET_AMT":null,"ODDS_A":0.0,"ODDS_B":0.0,"ODDS_C":0.0},"gsk34_14":{"ID":7755,"P_3ID":1753,"P_1ID":1706,"GROUP_NAME":"长牌","SHOWCLS":"red","ODDS":6.70,"NUM":"14","NUM_NAME":"1,4","CODE":"gsk34","SORT":2.0,"STATE":0,"ST":false,"BET_AMT":null,"ODDS_A":0.0,"ODDS_B":0.0,"ODDS_C":0.0},"gsk34_15":{"ID":7756,"P_3ID":1753,"P_1ID":1706,"GROUP_NAME":"长牌","SHOWCLS":"red","ODDS":6.70,"NUM":"15","NUM_NAME":"1,5","CODE":"gsk34","SORT":3.0,"STATE":0,"ST":false,"BET_AMT":null,"ODDS_A":0.0,"ODDS_B":0.0,"ODDS_C":0.0},"gsk34_16":{"ID":7757,"P_3ID":1753,"P_1ID":1706,"GROUP_NAME":"长牌","SHOWCLS":"red","ODDS":6.70,"NUM":"16","NUM_NAME":"1,6","CODE":"gsk34","SORT":4.0,"STATE":0,"ST":false,"BET_AMT":null,"ODDS_A":0.0,"ODDS_B":0.0,"ODDS_C":0.0},"gsk34_23":{"ID":7758,"P_3ID":1753,"P_1ID":1706,"GROUP_NAME":"长牌","SHOWCLS":"red","ODDS":6.70,"NUM":"23","NUM_NAME":"2,3","CODE":"gsk34","SORT":5.0,"STATE":0,"ST":false,"BET_AMT":null,"ODDS_A":0.0,"ODDS_B":0.0,"ODDS_C":0.0},"gsk34_24":{"ID":7759,"P_3ID":1753,"P_1ID":1706,"GROUP_NAME":"长牌","SHOWCLS":"red","ODDS":6.70,"NUM":"24","NUM_NAME":"2,4","CODE":"gsk34","SORT":6.0,"STATE":0,"ST":false,"BET_AMT":null,"ODDS_A":0.0,"ODDS_B":0.0,"ODDS_C":0.0},"gsk34_25":{"ID":7760,"P_3ID":1753,"P_1ID":1706,"GROUP_NAME":"长牌","SHOWCLS":"red","ODDS":6.70,"NUM":"25","NUM_NAME":"2,5","CODE":"gsk34","SORT":7.0,"STATE":0,"ST":false,"BET_AMT":null,"ODDS_A":0.0,"ODDS_B":0.0,"ODDS_C":0.0},"gsk34_26":{"ID":7761,"P_3ID":1753,"P_1ID":1706,"GROUP_NAME":"长牌","SHOWCLS":"red","ODDS":6.70,"NUM":"26","NUM_NAME":"2,6","CODE":"gsk34","SORT":8.0,"STATE":0,"ST":false,"BET_AMT":null,"ODDS_A":0.0,"ODDS_B":0.0,"ODDS_C":0.0},"gsk34_34":{"ID":7762,"P_3ID":1753,"P_1ID":1706,"GROUP_NAME":"长牌","SHOWCLS":"red","ODDS":6.70,"NUM":"34","NUM_NAME":"3,4","CODE":"gsk34","SORT":9.0,"STATE":0,"ST":false,"BET_AMT":null,"ODDS_A":0.0,"ODDS_B":0.0,"ODDS_C":0.0},"gsk34_35":{"ID":7763,"P_3ID":1753,"P_1ID":1706,"GROUP_NAME":"长牌","SHOWCLS":"red","ODDS":6.70,"NUM":"35","NUM_NAME":"3,5","CODE":"gsk34","SORT":10.0,"STATE":0,"ST":false,"BET_AMT":null,"ODDS_A":0.0,"ODDS_B":0.0,"ODDS_C":0.0},"gsk34_36":{"ID":7764,"P_3ID":1753,"P_1ID":1706,"GROUP_NAME":"长牌","SHOWCLS":"red","ODDS":6.70,"NUM":"36","NUM_NAME":"3,6","CODE":"gsk34","SORT":11.0,"STATE":0,"ST":false,"BET_AMT":null,"ODDS_A":0.0,"ODDS_B":0.0,"ODDS_C":0.0},"gsk34_45":{"ID":7765,"P_3ID":1753,"P_1ID":1706,"GROUP_NAME":"长牌","SHOWCLS":"red","ODDS":6.70,"NUM":"45","NUM_NAME":"4,5","CODE":"gsk34","SORT":12.0,"STATE":0,"ST":false,"BET_AMT":null,"ODDS_A":0.0,"ODDS_B":0.0,"ODDS_C":0.0},"gsk34_46":{"ID":7766,"P_3ID":1753,"P_1ID":1706,"GROUP_NAME":"长牌","SHOWCLS":"red","ODDS":6.70,"NUM":"46","NUM_NAME":"4,6","CODE":"gsk34","SORT":13.0,"STATE":0,"ST":false,"BET_AMT":null,"ODDS_A":0.0,"ODDS_B":0.0,"ODDS_C":0.0},"gsk34_56":{"ID":7767,"P_3ID":1753,"P_1ID":1706,"GROUP_NAME":"长牌","SHOWCLS":"red","ODDS":6.70,"NUM":"56","NUM_NAME":"5,6","CODE":"gsk34","SORT":14.10,"STATE":0,"ST":false,"BET_AMT":null,"ODDS_A":0.0,"ODDS_B":0.0,"ODDS_C":0.0}},"gsk35":{"gsk35_1":{"ID":7720,"P_3ID":1750,"P_1ID":1706,"GROUP_NAME":"三军","SHOWCLS":"red","ODDS":2.0,"NUM":"1","NUM_NAME":"1","CODE":"gsk35","SORT":0.0,"STATE":0,"ST":false,"BET_AMT":null,"ODDS_A":0.0,"ODDS_B":0.0,"ODDS_C":0.0},"gsk35_2":{"ID":7721,"P_3ID":1750,"P_1ID":1706,"GROUP_NAME":"三军","SHOWCLS":"red","ODDS":2.0,"NUM":"2","NUM_NAME":"2","CODE":"gsk35","SORT":1.0,"STATE":0,"ST":false,"BET_AMT":null,"ODDS_A":0.0,"ODDS_B":0.0,"ODDS_C":0.0},"gsk35_3":{"ID":7722,"P_3ID":1750,"P_1ID":1706,"GROUP_NAME":"三军","SHOWCLS":"red","ODDS":2.0,"NUM":"3","NUM_NAME":"3","CODE":"gsk35","SORT":2.0,"STATE":0,"ST":false,"BET_AMT":null,"ODDS_A":0.0,"ODDS_B":0.0,"ODDS_C":0.0},"gsk35_4":{"ID":7723,"P_3ID":1750,"P_1ID":1706,"GROUP_NAME":"三军","SHOWCLS":"red","ODDS":2.0,"NUM":"4","NUM_NAME":"4","CODE":"gsk35","SORT":3.0,"STATE":0,"ST":false,"BET_AMT":null,"ODDS_A":0.0,"ODDS_B":0.0,"ODDS_C":0.0},"gsk35_5":{"ID":7724,"P_3ID":1750,"P_1ID":1706,"GROUP_NAME":"三军","SHOWCLS":"red","ODDS":2.0,"NUM":"5","NUM_NAME":"5","CODE":"gsk35","SORT":4.0,"STATE":0,"ST":false,"BET_AMT":null,"ODDS_A":0.0,"ODDS_B":0.0,"ODDS_C":0.0},"gsk35_6":{"ID":7725,"P_3ID":1750,"P_1ID":1706,"GROUP_NAME":"三军","SHOWCLS":"red","ODDS":2.0,"NUM":"6","NUM_NAME":"6","CODE":"gsk35","SORT":5.0,"STATE":0,"ST":false,"BET_AMT":null,"ODDS_A":0.0,"ODDS_B":0.0,"ODDS_C":0.0}},"gsk36":{"gsk36_124":{"ID":7794,"P_3ID":1756,"P_1ID":1706,"GROUP_NAME":"杂牌组合","SHOWCLS":"blue","ODDS":32.50,"NUM":"124","NUM_NAME":"1,2,4","CODE":"gsk36","SORT":0.0,"STATE":0,"ST":false,"BET_AMT":null,"ODDS_A":0.0,"ODDS_B":0.0,"ODDS_C":0.0},"gsk36_125":{"ID":7780,"P_3ID":1756,"P_1ID":1706,"GROUP_NAME":"杂牌组合","SHOWCLS":"blue","ODDS":32.50,"NUM":"125","NUM_NAME":"1,2,5","CODE":"gsk36","SORT":1.0,"STATE":0,"ST":false,"BET_AMT":null,"ODDS_A":0.0,"ODDS_B":0.0,"ODDS_C":0.0},"gsk36_126":{"ID":7781,"P_3ID":1756,"P_1ID":1706,"GROUP_NAME":"杂牌组合","SHOWCLS":"blue","ODDS":32.50,"NUM":"126","NUM_NAME":"1,2,6","CODE":"gsk36","SORT":2.0,"STATE":0,"ST":false,"BET_AMT":null,"ODDS_A":0.0,"ODDS_B":0.0,"ODDS_C":0.0},"gsk36_134":{"ID":7782,"P_3ID":1756,"P_1ID":1706,"GROUP_NAME":"杂牌组合","SHOWCLS":"blue","ODDS":32.50,"NUM":"134","NUM_NAME":"1,3,4","CODE":"gsk36","SORT":3.0,"STATE":0,"ST":false,"BET_AMT":null,"ODDS_A":0.0,"ODDS_B":0.0,"ODDS_C":0.0},"gsk36_135":{"ID":7783,"P_3ID":1756,"P_1ID":1706,"GROUP_NAME":"杂牌组合","SHOWCLS":"blue","ODDS":32.50,"NUM":"135","NUM_NAME":"1,3,5","CODE":"gsk36","SORT":4.0,"STATE":0,"ST":false,"BET_AMT":null,"ODDS_A":0.0,"ODDS_B":0.0,"ODDS_C":0.0},"gsk36_136":{"ID":7784,"P_3ID":1756,"P_1ID":1706,"GROUP_NAME":"杂牌组合","SHOWCLS":"blue","ODDS":32.50,"NUM":"136","NUM_NAME":"1,3,6","CODE":"gsk36","SORT":5.0,"STATE":0,"ST":false,"BET_AMT":null,"ODDS_A":0.0,"ODDS_B":0.0,"ODDS_C":0.0},"gsk36_145":{"ID":7785,"P_3ID":1756,"P_1ID":1706,"GROUP_NAME":"杂牌组合","SHOWCLS":"blue","ODDS":32.50,"NUM":"145","NUM_NAME":"1,4,5","CODE":"gsk36","SORT":6.0,"STATE":0,"ST":false,"BET_AMT":null,"ODDS_A":0.0,"ODDS_B":0.0,"ODDS_C":0.0},"gsk36_146":{"ID":7786,"P_3ID":1756,"P_1ID":1706,"GROUP_NAME":"杂牌组合","SHOWCLS":"blue","ODDS":32.50,"NUM":"146","NUM_NAME":"1,4,6","CODE":"gsk36","SORT":7.0,"STATE":0,"ST":false,"BET_AMT":null,"ODDS_A":0.0,"ODDS_B":0.0,"ODDS_C":0.0},"gsk36_235":{"ID":7787,"P_3ID":1756,"P_1ID":1706,"GROUP_NAME":"杂牌组合","SHOWCLS":"blue","ODDS":32.50,"NUM":"235","NUM_NAME":"2,3,5","CODE":"gsk36","SORT":8.0,"STATE":0,"ST":false,"BET_AMT":null,"ODDS_A":0.0,"ODDS_B":0.0,"ODDS_C":0.0},"gsk36_236":{"ID":7788,"P_3ID":1756,"P_1ID":1706,"GROUP_NAME":"杂牌组合","SHOWCLS":"blue","ODDS":32.50,"NUM":"236","NUM_NAME":"2,3,6","CODE":"gsk36","SORT":9.0,"STATE":0,"ST":false,"BET_AMT":null,"ODDS_A":0.0,"ODDS_B":0.0,"ODDS_C":0.0},"gsk36_245":{"ID":7789,"P_3ID":1756,"P_1ID":1706,"GROUP_NAME":"杂牌组合","SHOWCLS":"blue","ODDS":32.50,"NUM":"245","NUM_NAME":"2,4,5","CODE":"gsk36","SORT":10.0,"STATE":0,"ST":false,"BET_AMT":null,"ODDS_A":0.0,"ODDS_B":0.0,"ODDS_C":0.0},"gsk36_246":{"ID":7790,"P_3ID":1756,"P_1ID":1706,"GROUP_NAME":"杂牌组合","SHOWCLS":"blue","ODDS":32.50,"NUM":"246","NUM_NAME":"2,4,6","CODE":"gsk36","SORT":11.0,"STATE":0,"ST":false,"BET_AMT":null,"ODDS_A":0.0,"ODDS_B":0.0,"ODDS_C":0.0},"gsk36_256":{"ID":7791,"P_3ID":1756,"P_1ID":1706,"GROUP_NAME":"杂牌组合","SHOWCLS":"blue","ODDS":32.50,"NUM":"256","NUM_NAME":"2,5,6","CODE":"gsk36","SORT":12.0,"STATE":0,"ST":false,"BET_AMT":null,"ODDS_A":0.0,"ODDS_B":0.0,"ODDS_C":0.0},"gsk36_346":{"ID":7792,"P_3ID":1756,"P_1ID":1706,"GROUP_NAME":"杂牌组合","SHOWCLS":"blue","ODDS":32.50,"NUM":"346","NUM_NAME":"3,4,6","CODE":"gsk36","SORT":13.0,"STATE":0,"ST":false,"BET_AMT":null,"ODDS_A":0.0,"ODDS_B":0.0,"ODDS_C":0.0},"gsk36_356":{"ID":7793,"P_3ID":1756,"P_1ID":1706,"GROUP_NAME":"杂牌组合","SHOWCLS":"blue","ODDS":32.50,"NUM":"356","NUM_NAME":"3,5,6","CODE":"gsk36","SORT":14.10,"STATE":0,"ST":false,"BET_AMT":null,"ODDS_A":0.0,"ODDS_B":0.0,"ODDS_C":0.0}}}
