{"gxk30":{"gxk30_3":{"ID":6861,"P_3ID":1213,"P_1ID":1143,"GROUP_NAME":"和值点数","SHOWCLS":"text","ODDS":200.0,"NUM":"3","NUM_NAME":"3点","CODE":"gxk30","SORT":0.0,"STATE":0,"ST":false,"BET_AMT":null,"ODDS_A":0.0,"ODDS_B":0.0,"ODDS_C":0.0},"gxk30_4":{"ID":6845,"P_3ID":1213,"P_1ID":1143,"GROUP_NAME":"和值点数","SHOWCLS":"text","ODDS":62.0,"NUM":"4","NUM_NAME":"4点","CODE":"gxk30","SORT":1.0,"STATE":0,"ST":false,"BET_AMT":null,"ODDS_A":0.0,"ODDS_B":0.0,"ODDS_C":0.0},"gxk30_5":{"ID":6846,"P_3ID":1213,"P_1ID":1143,"GROUP_NAME":"和值点数","SHOWCLS":"text","ODDS":32.50,"NUM":"5","NUM_NAME":"5点","CODE":"gxk30","SORT":2.0,"STATE":0,"ST":false,"BET_AMT":null,"ODDS_A":0.0,"ODDS_B":0.0,"ODDS_C":0.0},"gxk30_6":{"ID":6847,"P_3ID":1213,"P_1ID":1143,"GROUP_NAME":"和值点数","SHOWCLS":"text","ODDS":20.50,"NUM":"6","NUM_NAME":"6点","CODE":"gxk30","SORT":3.0,"STATE":0,"ST":false,"BET_AMT":null,"ODDS_A":0.0,"ODDS_B":0.0,"ODDS_C":0.0},"gxk30_7":{"ID":6848,"P_3ID":1213,"P_1ID":1143,"GROUP_NAME":"和值点数","SHOWCLS":"text","ODDS":12.50,"NUM":"7","NUM_NAME":"7点","CODE":"gxk30","SORT":4.0,"STATE":0,"ST":false,"BET_AMT":null,"ODDS_A":0.0,"ODDS_B":0.0,"ODDS_C":0.0},"gxk30_8":{"ID":6849,"P_3ID":1213,"P_1ID":1143,"GROUP_NAME":"和值点数","SHOWCLS":"text","ODDS":9.50,"NUM":"8","NUM_NAME":"8点","CODE":"gxk30","SORT":5.0,"STATE":0,"ST":false,"BET_AMT":null,"ODDS_A":0.0,"ODDS_B":0.0,"ODDS_C":0.0},"gxk30_9":{"ID":6850,"P_3ID":1213,"P_1ID":1143,"GROUP_NAME":"和值点数","SHOWCLS":"text","ODDS":8.50,"NUM":"9","NUM_NAME":"9点","CODE":"gxk30","SORT":6.0,"STATE":0,"ST":false,"BET_AMT":null,"ODDS_A":0.0,"ODDS_B":0.0,"ODDS_C":0.0},"gxk30_10":{"ID":6851,"P_3ID":1213,"P_1ID":1143,"GROUP_NAME":"和值点数","SHOWCLS":"text","ODDS":7.50,"NUM":"10","NUM_NAME":"10点","CODE":"gxk30","SORT":7.0,"STATE":0,"ST":false,"BET_AMT":null,"ODDS_A":0.0,"ODDS_B":0.0,"ODDS_C":0.0},"gxk30_11":{"ID":6852,"P_3ID":1213,"P_1ID":1143,"GROUP_NAME":"和值点数","SHOWCLS":"text","ODDS":7.50,"NUM":"11","NUM_NAME":"11点","CODE":"gxk30","SORT":8.0,"STATE":0,"ST":false,"BET_AMT":null,"ODDS_A":0.0,"ODDS_B":0.0,"ODDS_C":0.0},"gxk30_12":{"ID":6853,"P_3ID":1213,"P_1ID":1143,"GROUP_NAME":"和值点数","SHOWCLS":"text","ODDS":8.50,"NUM":"12","NUM_NAME":"12点","CODE":"gxk30","SORT":9.0,"STATE":0,"ST":false,"BET_AMT":null,"ODDS_A":0.0,"ODDS_B":0.0,"ODDS_C":0.0},"gxk30_13":{"ID":6854,"P_3ID":1213,"P_1ID":1143,"GROUP_NAME":"和值点数","SHOWCLS":"text","ODDS":9.50,"NUM":"13","NUM_NAME":"13点","CODE":"gxk30","SORT":10.0,"STATE":0,"ST":false,"BET_AMT":null,"ODDS_A":0.0,"ODDS_B":0.0,"ODDS_C":0.0},"gxk30_14":{"ID":6855,"P_3ID":1213,"P_1ID":1143,"GROUP_NAME":"和值点数","SHOWCLS":"text","ODDS":12.50,"NUM":"14","NUM_NAME":"14点","CODE":"gxk30","SORT":11.0,"STATE":0,"ST":false,"BET_AMT":null,"ODDS_A":0.0,"ODDS_B":0.0,"ODDS_C":0.0},"gxk30_15":{"ID":6856,"P_3ID":1213,"P_1ID":1143,"GROUP_NAME":"和值点数","SHOWCLS":"text","ODDS":20.50,"NUM":"15","NUM_NAME":"15点","CODE":"gxk30","SORT":12.0,"STATE":0,"ST":false,"BET_AMT":null,"ODDS_A":0.0,"ODDS_B":0.0,"ODDS_C":0.0},"gxk30_16":{"ID":6857,"P_3ID":1213,"P_1ID":1143,"GROUP_NAME":"和值点数","SHOWCLS":"text","ODDS":32.50,"NUM":"16","NUM_NAME":"16点","CODE":"gxk30","SORT":13.0,"STATE":0,"ST":false,"BET_AMT":null,"ODDS_A":0.0,"ODDS_B":0.0,"ODDS_C":0.0},"gxk30_17":{"ID":6858,"P_3ID":1213,"P_1ID":1143,"GROUP_NAME":"和值点数","SHOWCLS":"text","ODDS":62.0,"NUM":"17","NUM_NAME":"17点","CODE":"gxk30","SORT":14.0,"STATE":0,"ST":false,"BET_AMT":null,"ODDS_A":0.0,"ODDS_B":0.0,"ODDS_C":0.0},"gxk30_18":{"ID":6862,"P_3ID":1213,"P_1ID":1143,"GROUP_NAME":"和值点数","SHOWCLS":"text","ODDS":200.0,"NUM":"18","NUM_NAME":"18点","CODE":"gxk30","SORT":15.0,"STATE":0,"ST":false,"BET_AMT":null,"ODDS_A":0.0,"ODDS_B":0.0,"ODDS_C":0.0},"gxk30_大":{"ID":6859,"P_3ID":1213,"P_1ID":1143,"GROUP_NAME":"和值点数","SHOWCLS":"text","ODDS":1.96,"NUM":"大","NUM_NAME":"大","CODE":"gxk30","SORT":16.0,"STATE":0,"ST":false,"BET_AMT":null,"ODDS_A":0.0,"ODDS_B":0.0,"ODDS_C":0.0},"gxk30_小":{"ID":6860,"P_3ID":1213,"P_1ID":1143,"GROUP_NAME":"和值点数","SHOWCLS":"text","ODDS":1.96,"NUM":"小","NUM_NAME":"小","CODE":"gxk30","SORT":17.0,"STATE":0,"ST":false,"BET_AMT":null,"ODDS_A":0.0,"ODDS_B":0.0,"ODDS_C":0.0},"gxk30_单":{"ID":6863,"P_3ID":1213,"P_1ID":1143,"GROUP_NAME":"和值点数","SHOWCLS":"text","ODDS":1.96,"NUM":"单","NUM_NAME":"单","CODE":"gxk30","SORT":18.0,"STATE":0,"ST":false,"BET_AMT":null,"ODDS_A":0.0,"ODDS_B":0.0,"ODDS_C":0.0},"gxk30_双":{"ID":6864,"P_3ID":1213,"P_1ID":1143,"GROUP_NAME":"和值点数","SHOWCLS":"text","ODDS":1.96,"NUM":"双","NUM_NAME":"双","CODE":"gxk30","SORT":19.0,"STATE":0,"ST":false,"BET_AMT":null,"ODDS_A":0.0,"ODDS_B":0.0,"ODDS_C":0.0}},"gxk31":{"gxk31_111":{"ID":6838,"P_3ID":1212,"P_1ID":1143,"GROUP_NAME":"豹子","SHOWCLS":"red","ODDS":200.0,"NUM":"111","NUM_NAME":"1,1,1","CODE":"gxk31","SORT":0.0,"STATE":0,"ST":false,"BET_AMT":null,"ODDS_A":0.0,"ODDS_B":0.0,"ODDS_C":0.0},"gxk31_222":{"ID":6839,"P_3ID":1212,"P_1ID":1143,"GROUP_NAME":"豹子","SHOWCLS":"red","ODDS":200.0,"NUM":"222","NUM_NAME":"2,2,2","CODE":"gxk31","SORT":1.0,"STATE":0,"ST":false,"BET_AMT":null,"ODDS_A":0.0,"ODDS_B":0.0,"ODDS_C":0.0},"gxk31_333":{"ID":6840,"P_3ID":1212,"P_1ID":1143,"GROUP_NAME":"豹子","SHOWCLS":"red","ODDS":200.0,"NUM":"333","NUM_NAME":"3,3,3","CODE":"gxk31","SORT":2.0,"STATE":0,"ST":false,"BET_AMT":null,"ODDS_A":0.0,"ODDS_B":0.0,"ODDS_C":0.0},"gxk31_444":{"ID":6841,"P_3ID":1212,"P_1ID":1143,"GROUP_NAME":"豹子","SHOWCLS":"red","ODDS":200.0,"NUM":"444","NUM_NAME":"4,4,4","CODE":"gxk31","SORT":3.0,"STATE":0,"ST":false,"BET_AMT":null,"ODDS_A":0.0,"ODDS_B":0.0,"ODDS_C":0.0},"gxk31_555":{"ID":6842,"P_3ID":1212,"P_1ID":1143,"GROUP_NAME":"豹子","SHOWCLS":"red","ODDS":200.0,"NUM":"555","NUM_NAME":"5,5,5","CODE":"gxk31","SORT":4.0,"STATE":0,"ST":false,"BET_AMT":null,"ODDS_A":0.0,"ODDS_B":0.0,"ODDS_C":0.0},"gxk31_666":{"ID":6843,"P_3ID":1212,"P_1ID":1143,"GROUP_NAME":"豹子","SHOWCLS":"red","ODDS":200.0,"NUM":"666","NUM_NAME":"6,6,6","CODE":"gxk31","SORT":5.0,"STATE":0,"ST":false,"BET_AMT":null,"ODDS_A":0.0,"ODDS_B":0.0,"ODDS_C":0.0},"gxk31_全骰":{"ID":6844,"P_3ID":1212,"P_1ID":1143,"GROUP_NAME":"豹子","SHOWCLS":"text","ODDS":30.0,"NUM":"全骰","NUM_NAME":"全骰","CODE":"gxk31","SORT":7.0,"STATE":0,"ST":false,"BET_AMT":null,"ODDS_A":0.0,"ODDS_B":0.0,"ODDS_C":0.0}},"gxk32":{"gxk32_123":{"ID":4439,"P_3ID":1583,"P_1ID":1143,"GROUP_NAME":"顺子","SHOWCLS":"red","ODDS":33.80,"NUM":"123","NUM_NAME":"1,2,3","CODE":"gxk32","SORT":0.0,"STATE":0,"ST":false,"BET_AMT":null,"ODDS_A":0.0,"ODDS_B":0.0,"ODDS_C":0.0},"gxk32_234":{"ID":4440,"P_3ID":1583,"P_1ID":1143,"GROUP_NAME":"顺子","SHOWCLS":"red","ODDS":33.80,"NUM":"234","NUM_NAME":"2,3,4","CODE":"gxk32","SORT":1.0,"STATE":0,"ST":false,"BET_AMT":null,"ODDS_A":0.0,"ODDS_B":0.0,"ODDS_C":0.0},"gxk32_345":{"ID":4441,"P_3ID":1583,"P_1ID":1143,"GROUP_NAME":"顺子","SHOWCLS":"red","ODDS":33.80,"NUM":"345","NUM_NAME":"3,4,5","CODE":"gxk32","SORT":2.0,"STATE":0,"ST":false,"BET_AMT":null,"ODDS_A":0.0,"ODDS_B":0.0,"ODDS_C":0.0},"gxk32_456":{"ID":4442,"P_3ID":1583,"P_1ID":1143,"GROUP_NAME":"顺子","SHOWCLS":"red","ODDS":33.80,"NUM":"456","NUM_NAME":"4,5,6","CODE":"gxk32","SORT":3.0,"STATE":0,"ST":false,"BET_AMT":null,"ODDS_A":0.0,"ODDS_B":0.0,"ODDS_C":0.0},"gxk32_全包顺子":{"ID":4443,"P_3ID":1583,"P_1ID":1143,"GROUP_NAME":"顺子","SHOWCLS":"text","ODDS":8.50,"NUM":"全包顺子","NUM_NAME":"全包顺子","CODE":"gxk32","SORT":4.10,"STATE":0,"ST":false,"BET_AMT":null,"ODDS_A":0.0,"ODDS_B":0.0,"ODDS_C":0.0}},"gxk33":{"gxk33_11":{"ID":6880,"P_3ID":1215,"P_1ID":1143,"GROUP_NAME":"短牌","SHOWCLS":"red","ODDS":11.50,"NUM":"11","NUM_NAME":"1,1","CODE":"gxk33","SORT":0.0,"STATE":0,"ST":false,"BET_AMT":null,"ODDS_A":0.0,"ODDS_B":0.0,"ODDS_C":0.0},"gxk33_22":{"ID":6881,"P_3ID":1215,"P_1ID":1143,"GROUP_NAME":"短牌","SHOWCLS":"red","ODDS":11.50,"NUM":"22","NUM_NAME":"2,2","CODE":"gxk33","SORT":1.0,"STATE":0,"ST":false,"BET_AMT":null,"ODDS_A":0.0,"ODDS_B":0.0,"ODDS_C":0.0},"gxk33_33":{"ID":6882,"P_3ID":1215,"P_1ID":1143,"GROUP_NAME":"短牌","SHOWCLS":"red","ODDS":11.50,"NUM":"33","NUM_NAME":"3,3","CODE":"gxk33","SORT":2.0,"STATE":0,"ST":false,"BET_AMT":null,"ODDS_A":0.0,"ODDS_B":0.0,"ODDS_C":0.0},"gxk33_44":{"ID":6883,"P_3ID":1215,"P_1ID":1143,"GROUP_NAME":"短牌","SHOWCLS":"red","ODDS":11.50,"NUM":"44","NUM_NAME":"4,4","CODE":"gxk33","SORT":3.0,"STATE":0,"ST":false,"BET_AMT":null,"ODDS_A":0.0,"ODDS_B":0.0,"ODDS_C":0.0},"gxk33_55":{"ID":6884,"P_3ID":1215,"P_1ID":1143,"GROUP_NAME":"短牌","SHOWCLS":"red","ODDS":11.50,"NUM":"55","NUM_NAME":"5,5","CODE":"gxk33","SORT":4.0,"STATE":0,"ST":false,"BET_AMT":null,"ODDS_A":0.0,"ODDS_B":0.0,"ODDS_C":0.0},"gxk33_66":{"ID":6885,"P_3ID":1215,"P_1ID":1143,"GROUP_NAME":"短牌","SHOWCLS":"red","ODDS":11.50,"NUM":"66","NUM_NAME":"6,6","CODE":"gxk33","SORT":5.0,"STATE":0,"ST":false,"BET_AMT":null,"ODDS_A":0.0,"ODDS_B":0.0,"ODDS_C":0.0},"gxk33_全包对子":{"ID":6886,"P_3ID":1215,"P_1ID":1143,"GROUP_NAME":"一对","SHOWCLS":"text","ODDS":1.88,"NUM":"全包对子","NUM_NAME":"全包对子","CODE":"gxk33","SORT":6.10,"STATE":0,"ST":false,"BET_AMT":null,"ODDS_A":0.0,"ODDS_B":0.0,"ODDS_C":0.0}},"gxk34":{"gxk34_12":{"ID":6865,"P_3ID":1214,"P_1ID":1143,"GROUP_NAME":"长牌","SHOWCLS":"red","ODDS":6.70,"NUM":"12","NUM_NAME":"1,2","CODE":"gxk34","SORT":0.0,"STATE":0,"ST":false,"BET_AMT":null,"ODDS_A":0.0,"ODDS_B":0.0,"ODDS_C":0.0},"gxk34_13":{"ID":6866,"P_3ID":1214,"P_1ID":1143,"GROUP_NAME":"长牌","SHOWCLS":"red","ODDS":6.70,"NUM":"13","NUM_NAME":"1,3","CODE":"gxk34","SORT":1.0,"STATE":0,"ST":false,"BET_AMT":null,"ODDS_A":0.0,"ODDS_B":0.0,"ODDS_C":0.0},"gxk34_14":{"ID":6867,"P_3ID":1214,"P_1ID":1143,"GROUP_NAME":"长牌","SHOWCLS":"red","ODDS":6.70,"NUM":"14","NUM_NAME":"1,4","CODE":"gxk34","SORT":2.0,"STATE":0,"ST":false,"BET_AMT":null,"ODDS_A":0.0,"ODDS_B":0.0,"ODDS_C":0.0},"gxk34_15":{"ID":6868,"P_3ID":1214,"P_1ID":1143,"GROUP_NAME":"长牌","SHOWCLS":"red","ODDS":6.70,"NUM":"15","NUM_NAME":"1,5","CODE":"gxk34","SORT":3.0,"STATE":0,"ST":false,"BET_AMT":null,"ODDS_A":0.0,"ODDS_B":0.0,"ODDS_C":0.0},"gxk34_16":{"ID":6869,"P_3ID":1214,"P_1ID":1143,"GROUP_NAME":"长牌","SHOWCLS":"red","ODDS":6.70,"NUM":"16","NUM_NAME":"1,6","CODE":"gxk34","SORT":4.0,"STATE":0,"ST":false,"BET_AMT":null,"ODDS_A":0.0,"ODDS_B":0.0,"ODDS_C":0.0},"gxk34_23":{"ID":6870,"P_3ID":1214,"P_1ID":1143,"GROUP_NAME":"长牌","SHOWCLS":"red","ODDS":6.70,"NUM":"23","NUM_NAME":"2,3","CODE":"gxk34","SORT":5.0,"STATE":0,"ST":false,"BET_AMT":null,"ODDS_A":0.0,"ODDS_B":0.0,"ODDS_C":0.0},"gxk34_24":{"ID":6871,"P_3ID":1214,"P_1ID":1143,"GROUP_NAME":"长牌","SHOWCLS":"red","ODDS":6.70,"NUM":"24","NUM_NAME":"2,4","CODE":"gxk34","SORT":6.0,"STATE":0,"ST":false,"BET_AMT":null,"ODDS_A":0.0,"ODDS_B":0.0,"ODDS_C":0.0},"gxk34_25":{"ID":6872,"P_3ID":1214,"P_1ID":1143,"GROUP_NAME":"长牌","SHOWCLS":"red","ODDS":6.70,"NUM":"25","NUM_NAME":"2,5","CODE":"gxk34","SORT":7.0,"STATE":0,"ST":false,"BET_AMT":null,"ODDS_A":0.0,"ODDS_B":0.0,"ODDS_C":0.0},"gxk34_26":{"ID":6873,"P_3ID":1214,"P_1ID":1143,"GROUP_NAME":"长牌","SHOWCLS":"red","ODDS":6.70,"NUM":"26","NUM_NAME":"2,6","CODE":"gxk34","SORT":8.0,"STATE":0,"ST":false,"BET_AMT":null,"ODDS_A":0.0,"ODDS_B":0.0,"ODDS_C":0.0},"gxk34_34":{"ID":6874,"P_3ID":1214,"P_1ID":1143,"GROUP_NAME":"长牌","SHOWCLS":"red","ODDS":6.70,"NUM":"34","NUM_NAME":"3,4","CODE":"gxk34","SORT":9.0,"STATE":0,"ST":false,"BET_AMT":null,"ODDS_A":0.0,"ODDS_B":0.0,"ODDS_C":0.0},"gxk34_35":{"ID":6875,"P_3ID":1214,"P_1ID":1143,"GROUP_NAME":"长牌","SHOWCLS":"red","ODDS":6.70,"NUM":"35","NUM_NAME":"3,5","CODE":"gxk34","SORT":10.0,"STATE":0,"ST":false,"BET_AMT":null,"ODDS_A":0.0,"ODDS_B":0.0,"ODDS_C":0.0},"gxk34_36":{"ID":6876,"P_3ID":1214,"P_1ID":1143,"GROUP_NAME":"长牌","SHOWCLS":"red","ODDS":6.70,"NUM":"36","NUM_NAME":"3,6","CODE":"gxk34","SORT":11.0,"STATE":0,"ST":false,"BET_AMT":null,"ODDS_A":0.0,"ODDS_B":0.0,"ODDS_C":0.0},"gxk34_45":{"ID":6877,"P_3ID":1214,"P_1ID":1143,"GROUP_NAME":"长牌","SHOWCLS":"red","ODDS":6.70,"NUM":"45","NUM_NAME":"4,5","CODE":"gxk34","SORT":12.0,"STATE":0,"ST":false,"BET_AMT":null,"ODDS_A":0.0,"ODDS_B":0.0,"ODDS_C":0.0},"gxk34_46":{"ID":6878,"P_3ID":1214,"P_1ID":1143,"GROUP_NAME":"长牌","SHOWCLS":"red","ODDS":6.70,"NUM":"46","NUM_NAME":"4,6","CODE":"gxk34","SORT":13.0,"STATE":0,"ST":false,"BET_AMT":null,"ODDS_A":0.0,"ODDS_B":0.0,"ODDS_C":0.0},"gxk34_56":{"ID":6879,"P_3ID":1214,"P_1ID":1143,"GROUP_NAME":"长牌","SHOWCLS":"red","ODDS":6.70,"NUM":"56","NUM_NAME":"5,6","CODE":"gxk34","SORT":15.0,"STATE":0,"ST":false,"BET_AMT":null,"ODDS_A":0.0,"ODDS_B":0.0,"ODDS_C":0.0}},"gxk35":{"gxk35_1":{"ID":6832,"P_3ID":1211,"P_1ID":1143,"GROUP_NAME":"三军","SHOWCLS":"red","ODDS":2.0,"NUM":"1","NUM_NAME":"1","CODE":"gxk35","SORT":0.0,"STATE":0,"ST":false,"BET_AMT":null,"ODDS_A":0.0,"ODDS_B":0.0,"ODDS_C":0.0},"gxk35_2":{"ID":6833,"P_3ID":1211,"P_1ID":1143,"GROUP_NAME":"三军","SHOWCLS":"red","ODDS":2.0,"NUM":"2","NUM_NAME":"2","CODE":"gxk35","SORT":1.0,"STATE":0,"ST":false,"BET_AMT":null,"ODDS_A":0.0,"ODDS_B":0.0,"ODDS_C":0.0},"gxk35_3":{"ID":6834,"P_3ID":1211,"P_1ID":1143,"GROUP_NAME":"三军","SHOWCLS":"red","ODDS":2.0,"NUM":"3","NUM_NAME":"3","CODE":"gxk35","SORT":2.0,"STATE":0,"ST":false,"BET_AMT":null,"ODDS_A":0.0,"ODDS_B":0.0,"ODDS_C":0.0},"gxk35_4":{"ID":6835,"P_3ID":1211,"P_1ID":1143,"GROUP_NAME":"三军","SHOWCLS":"red","ODDS":2.0,"NUM":"4","NUM_NAME":"4","CODE":"gxk35","SORT":3.0,"STATE":0,"ST":false,"BET_AMT":null,"ODDS_A":0.0,"ODDS_B":0.0,"ODDS_C":0.0},"gxk35_5":{"ID":6836,"P_3ID":1211,"P_1ID":1143,"GROUP_NAME":"三军","SHOWCLS":"red","ODDS":2.0,"NUM":"5","NUM_NAME":"5","CODE":"gxk35","SORT":4.0,"STATE":0,"ST":false,"BET_AMT":null,"ODDS_A":0.0,"ODDS_B":0.0,"ODDS_C":0.0},"gxk35_6":{"ID":6837,"P_3ID":1211,"P_1ID":1143,"GROUP_NAME":"三军","SHOWCLS":"red","ODDS":2.0,"NUM":"6","NUM_NAME":"6","CODE":"gxk35","SORT":5.0,"STATE":0,"ST":false,"BET_AMT":null,"ODDS_A":0.0,"ODDS_B":0.0,"ODDS_C":0.0}},"gxk36":{"gxk36_124":{"ID":7334,"P_3ID":1699,"P_1ID":1143,"GROUP_NAME":"杂牌组合","SHOWCLS":"blue","ODDS":32.50,"NUM":"124","NUM_NAME":"1,2,4","CODE":"gxk36","SORT":0.0,"STATE":0,"ST":false,"BET_AMT":null,"ODDS_A":0.0,"ODDS_B":0.0,"ODDS_C":0.0},"gxk36_125":{"ID":7395,"P_3ID":1699,"P_1ID":1143,"GROUP_NAME":"杂牌组合","SHOWCLS":"blue","ODDS":32.50,"NUM":"125","NUM_NAME":"1,2,5","CODE":"gxk36","SORT":1.0,"STATE":0,"ST":false,"BET_AMT":null,"ODDS_A":0.0,"ODDS_B":0.0,"ODDS_C":0.0},"gxk36_126":{"ID":7396,"P_3ID":1699,"P_1ID":1143,"GROUP_NAME":"杂牌组合","SHOWCLS":"blue","ODDS":32.50,"NUM":"126","NUM_NAME":"1,2,6","CODE":"gxk36","SORT":2.0,"STATE":0,"ST":false,"BET_AMT":null,"ODDS_A":0.0,"ODDS_B":0.0,"ODDS_C":0.0},"gxk36_134":{"ID":7397,"P_3ID":1699,"P_1ID":1143,"GROUP_NAME":"杂牌组合","SHOWCLS":"blue","ODDS":32.50,"NUM":"134","NUM_NAME":"1,3,4","CODE":"gxk36","SORT":3.0,"STATE":0,"ST":false,"BET_AMT":null,"ODDS_A":0.0,"ODDS_B":0.0,"ODDS_C":0.0},"gxk36_135":{"ID":7398,"P_3ID":1699,"P_1ID":1143,"GROUP_NAME":"杂牌组合","SHOWCLS":"blue","ODDS":32.50,"NUM":"135","NUM_NAME":"1,3,5","CODE":"gxk36","SORT":4.0,"STATE":0,"ST":false,"BET_AMT":null,"ODDS_A":0.0,"ODDS_B":0.0,"ODDS_C":0.0},"gxk36_136":{"ID":7399,"P_3ID":1699,"P_1ID":1143,"GROUP_NAME":"杂牌组合","SHOWCLS":"blue","ODDS":32.50,"NUM":"136","NUM_NAME":"1,3,6","CODE":"gxk36","SORT":5.0,"STATE":0,"ST":false,"BET_AMT":null,"ODDS_A":0.0,"ODDS_B":0.0,"ODDS_C":0.0},"gxk36_145":{"ID":7400,"P_3ID":1699,"P_1ID":1143,"GROUP_NAME":"杂牌组合","SHOWCLS":"blue","ODDS":32.50,"NUM":"145","NUM_NAME":"1,4,5","CODE":"gxk36","SORT":6.0,"STATE":0,"ST":false,"BET_AMT":null,"ODDS_A":0.0,"ODDS_B":0.0,"ODDS_C":0.0},"gxk36_146":{"ID":7401,"P_3ID":1699,"P_1ID":1143,"GROUP_NAME":"杂牌组合","SHOWCLS":"blue","ODDS":32.50,"NUM":"146","NUM_NAME":"1,4,6","CODE":"gxk36","SORT":7.0,"STATE":0,"ST":false,"BET_AMT":null,"ODDS_A":0.0,"ODDS_B":0.0,"ODDS_C":0.0},"gxk36_235":{"ID":7402,"P_3ID":1699,"P_1ID":1143,"GROUP_NAME":"杂牌组合","SHOWCLS":"blue","ODDS":32.50,"NUM":"235","NUM_NAME":"2,3,5","CODE":"gxk36","SORT":8.0,"STATE":0,"ST":false,"BET_AMT":null,"ODDS_A":0.0,"ODDS_B":0.0,"ODDS_C":0.0},"gxk36_236":{"ID":7403,"P_3ID":1699,"P_1ID":1143,"GROUP_NAME":"杂牌组合","SHOWCLS":"blue","ODDS":32.50,"NUM":"236","NUM_NAME":"2,3,6","CODE":"gxk36","SORT":9.0,"STATE":0,"ST":false,"BET_AMT":null,"ODDS_A":0.0,"ODDS_B":0.0,"ODDS_C":0.0},"gxk36_245":{"ID":7404,"P_3ID":1699,"P_1ID":1143,"GROUP_NAME":"杂牌组合","SHOWCLS":"blue","ODDS":32.50,"NUM":"245","NUM_NAME":"2,4,5","CODE":"gxk36","SORT":10.0,"STATE":0,"ST":false,"BET_AMT":null,"ODDS_A":0.0,"ODDS_B":0.0,"ODDS_C":0.0},"gxk36_246":{"ID":7330,"P_3ID":1699,"P_1ID":1143,"GROUP_NAME":"杂牌组合","SHOWCLS":"blue","ODDS":32.50,"NUM":"246","NUM_NAME":"2,4,6","CODE":"gxk36","SORT":11.0,"STATE":0,"ST":false,"BET_AMT":null,"ODDS_A":0.0,"ODDS_B":0.0,"ODDS_C":0.0},"gxk36_256":{"ID":7331,"P_3ID":1699,"P_1ID":1143,"GROUP_NAME":"杂牌组合","SHOWCLS":"blue","ODDS":32.50,"NUM":"256","NUM_NAME":"2,5,6","CODE":"gxk36","SORT":12.0,"STATE":0,"ST":false,"BET_AMT":null,"ODDS_A":0.0,"ODDS_B":0.0,"ODDS_C":0.0},"gxk36_346":{"ID":7332,"P_3ID":1699,"P_1ID":1143,"GROUP_NAME":"杂牌组合","SHOWCLS":"blue","ODDS":32.50,"NUM":"346","NUM_NAME":"3,4,6","CODE":"gxk36","SORT":13.0,"STATE":0,"ST":false,"BET_AMT":null,"ODDS_A":0.0,"ODDS_B":0.0,"ODDS_C":0.0},"gxk36_356":{"ID":7333,"P_3ID":1699,"P_1ID":1143,"GROUP_NAME":"杂牌组合","SHOWCLS":"blue","ODDS":32.50,"NUM":"356","NUM_NAME":"3,5,6","CODE":"gxk36","SORT":14.10,"STATE":0,"ST":false,"BET_AMT":null,"ODDS_A":0.0,"ODDS_B":0.0,"ODDS_C":0.0}}}
