{"gxklsf0":{"gxklsf0_1":{"ID":5479,"P_3ID":907,"P_1ID":906,"GROUP_NAME":"第一球","SHOWCLS":"red","ODDS":20.10,"NUM":"1","NUM_NAME":"1","CODE":"gxklsf0","SORT":1.0,"STATE":0,"ST":false,"BET_AMT":null,"ODDS_A":0.0,"ODDS_B":0.0,"ODDS_C":0.0},"gxklsf0_2":{"ID":5480,"P_3ID":907,"P_1ID":906,"GROUP_NAME":"第一球","SHOWCLS":"blue","ODDS":20.10,"NUM":"2","NUM_NAME":"2","CODE":"gxklsf0","SORT":2.0,"STATE":0,"ST":false,"BET_AMT":null,"ODDS_A":0.0,"ODDS_B":0.0,"ODDS_C":0.0},"gxklsf0_3":{"ID":5481,"P_3ID":907,"P_1ID":906,"GROUP_NAME":"第一球","SHOWCLS":"green","ODDS":20.10,"NUM":"3","NUM_NAME":"3","CODE":"gxklsf0","SORT":3.0,"STATE":0,"ST":false,"BET_AMT":null,"ODDS_A":0.0,"ODDS_B":0.0,"ODDS_C":0.0},"gxklsf0_4":{"ID":5482,"P_3ID":907,"P_1ID":906,"GROUP_NAME":"第一球","SHOWCLS":"red","ODDS":20.10,"NUM":"4","NUM_NAME":"4","CODE":"gxklsf0","SORT":4.0,"STATE":0,"ST":false,"BET_AMT":null,"ODDS_A":0.0,"ODDS_B":0.0,"ODDS_C":0.0},"gxklsf0_5":{"ID":5483,"P_3ID":907,"P_1ID":906,"GROUP_NAME":"第一球","SHOWCLS":"blue","ODDS":20.10,"NUM":"5","NUM_NAME":"5","CODE":"gxklsf0","SORT":5.0,"STATE":0,"ST":false,"BET_AMT":null,"ODDS_A":0.0,"ODDS_B":0.0,"ODDS_C":0.0},"gxklsf0_6":{"ID":5484,"P_3ID":907,"P_1ID":906,"GROUP_NAME":"第一球","SHOWCLS":"green","ODDS":19.50,"NUM":"6","NUM_NAME":"6","CODE":"gxklsf0","SORT":6.0,"STATE":0,"ST":false,"BET_AMT":null,"ODDS_A":0.0,"ODDS_B":0.0,"ODDS_C":0.0},"gxklsf0_7":{"ID":5485,"P_3ID":907,"P_1ID":906,"GROUP_NAME":"第一球","SHOWCLS":"red","ODDS":20.0,"NUM":"7","NUM_NAME":"7","CODE":"gxklsf0","SORT":7.0,"STATE":0,"ST":false,"BET_AMT":null,"ODDS_A":0.0,"ODDS_B":0.0,"ODDS_C":0.0},"gxklsf0_8":{"ID":5486,"P_3ID":907,"P_1ID":906,"GROUP_NAME":"第一球","SHOWCLS":"blue","ODDS":19.80,"NUM":"8","NUM_NAME":"8","CODE":"gxklsf0","SORT":8.0,"STATE":0,"ST":false,"BET_AMT":null,"ODDS_A":0.0,"ODDS_B":0.0,"ODDS_C":0.0},"gxklsf0_9":{"ID":5487,"P_3ID":907,"P_1ID":906,"GROUP_NAME":"第一球","SHOWCLS":"green","ODDS":20.10,"NUM":"9","NUM_NAME":"9","CODE":"gxklsf0","SORT":9.0,"STATE":0,"ST":false,"BET_AMT":null,"ODDS_A":0.0,"ODDS_B":0.0,"ODDS_C":0.0},"gxklsf0_10":{"ID":5488,"P_3ID":907,"P_1ID":906,"GROUP_NAME":"第一球","SHOWCLS":"red","ODDS":20.10,"NUM":"10","NUM_NAME":"10","CODE":"gxklsf0","SORT":10.0,"STATE":0,"ST":false,"BET_AMT":null,"ODDS_A":0.0,"ODDS_B":0.0,"ODDS_C":0.0},"gxklsf0_11":{"ID":5489,"P_3ID":907,"P_1ID":906,"GROUP_NAME":"第一球","SHOWCLS":"blue","ODDS":20.10,"NUM":"11","NUM_NAME":"11","CODE":"gxklsf0","SORT":11.0,"STATE":0,"ST":false,"BET_AMT":null,"ODDS_A":0.0,"ODDS_B":0.0,"ODDS_C":0.0},"gxklsf0_12":{"ID":5490,"P_3ID":907,"P_1ID":906,"GROUP_NAME":"第一球","SHOWCLS":"green","ODDS":20.10,"NUM":"12","NUM_NAME":"12","CODE":"gxklsf0","SORT":12.0,"STATE":0,"ST":false,"BET_AMT":null,"ODDS_A":0.0,"ODDS_B":0.0,"ODDS_C":0.0},"gxklsf0_13":{"ID":5491,"P_3ID":907,"P_1ID":906,"GROUP_NAME":"第一球","SHOWCLS":"red","ODDS":20.10,"NUM":"13","NUM_NAME":"13","CODE":"gxklsf0","SORT":13.0,"STATE":0,"ST":false,"BET_AMT":null,"ODDS_A":0.0,"ODDS_B":0.0,"ODDS_C":0.0},"gxklsf0_14":{"ID":5492,"P_3ID":907,"P_1ID":906,"GROUP_NAME":"第一球","SHOWCLS":"blue","ODDS":19.80,"NUM":"14","NUM_NAME":"14","CODE":"gxklsf0","SORT":14.0,"STATE":0,"ST":false,"BET_AMT":null,"ODDS_A":0.0,"ODDS_B":0.0,"ODDS_C":0.0},"gxklsf0_15":{"ID":5493,"P_3ID":907,"P_1ID":906,"GROUP_NAME":"第一球","SHOWCLS":"green","ODDS":20.10,"NUM":"15","NUM_NAME":"15","CODE":"gxklsf0","SORT":15.0,"STATE":0,"ST":false,"BET_AMT":null,"ODDS_A":0.0,"ODDS_B":0.0,"ODDS_C":0.0},"gxklsf0_16":{"ID":5494,"P_3ID":907,"P_1ID":906,"GROUP_NAME":"第一球","SHOWCLS":"red","ODDS":20.10,"NUM":"16","NUM_NAME":"16","CODE":"gxklsf0","SORT":16.0,"STATE":0,"ST":false,"BET_AMT":null,"ODDS_A":0.0,"ODDS_B":0.0,"ODDS_C":0.0},"gxklsf0_17":{"ID":5495,"P_3ID":907,"P_1ID":906,"GROUP_NAME":"第一球","SHOWCLS":"blue","ODDS":20.10,"NUM":"17","NUM_NAME":"17","CODE":"gxklsf0","SORT":17.0,"STATE":0,"ST":false,"BET_AMT":null,"ODDS_A":0.0,"ODDS_B":0.0,"ODDS_C":0.0},"gxklsf0_18":{"ID":5496,"P_3ID":907,"P_1ID":906,"GROUP_NAME":"第一球","SHOWCLS":"green","ODDS":20.10,"NUM":"18","NUM_NAME":"18","CODE":"gxklsf0","SORT":18.0,"STATE":0,"ST":false,"BET_AMT":null,"ODDS_A":0.0,"ODDS_B":0.0,"ODDS_C":0.0},"gxklsf0_19":{"ID":5497,"P_3ID":907,"P_1ID":906,"GROUP_NAME":"第一球","SHOWCLS":"red","ODDS":20.10,"NUM":"19","NUM_NAME":"19","CODE":"gxklsf0","SORT":19.0,"STATE":0,"ST":false,"BET_AMT":null,"ODDS_A":0.0,"ODDS_B":0.0,"ODDS_C":0.0},"gxklsf0_20":{"ID":5498,"P_3ID":907,"P_1ID":906,"GROUP_NAME":"第一球","SHOWCLS":"blue","ODDS":20.10,"NUM":"20","NUM_NAME":"20","CODE":"gxklsf0","SORT":20.0,"STATE":0,"ST":false,"BET_AMT":null,"ODDS_A":0.0,"ODDS_B":0.0,"ODDS_C":0.0},"gxklsf0_21":{"ID":5499,"P_3ID":907,"P_1ID":906,"GROUP_NAME":"第一球","SHOWCLS":"green","ODDS":20.10,"NUM":"21","NUM_NAME":"21","CODE":"gxklsf0","SORT":21.0,"STATE":0,"ST":false,"BET_AMT":null,"ODDS_A":0.0,"ODDS_B":0.0,"ODDS_C":0.0},"gxklsf0_大":{"ID":5500,"P_3ID":907,"P_1ID":906,"GROUP_NAME":"第一球","SHOWCLS":"text","ODDS":1.96,"NUM":"大","NUM_NAME":"大","CODE":"gxklsf0","SORT":22.0,"STATE":0,"ST":false,"BET_AMT":null,"ODDS_A":0.0,"ODDS_B":0.0,"ODDS_C":0.0},"gxklsf0_小":{"ID":5501,"P_3ID":907,"P_1ID":906,"GROUP_NAME":"第一球","SHOWCLS":"text","ODDS":1.96,"NUM":"小","NUM_NAME":"小","CODE":"gxklsf0","SORT":23.0,"STATE":0,"ST":false,"BET_AMT":null,"ODDS_A":0.0,"ODDS_B":0.0,"ODDS_C":0.0},"gxklsf0_单":{"ID":5502,"P_3ID":907,"P_1ID":906,"GROUP_NAME":"第一球","SHOWCLS":"text","ODDS":1.96,"NUM":"单","NUM_NAME":"单","CODE":"gxklsf0","SORT":24.0,"STATE":0,"ST":false,"BET_AMT":null,"ODDS_A":0.0,"ODDS_B":0.0,"ODDS_C":0.0},"gxklsf0_双":{"ID":5503,"P_3ID":907,"P_1ID":906,"GROUP_NAME":"第一球","SHOWCLS":"text","ODDS":1.96,"NUM":"双","NUM_NAME":"双","CODE":"gxklsf0","SORT":25.0,"STATE":0,"ST":false,"BET_AMT":null,"ODDS_A":0.0,"ODDS_B":0.0,"ODDS_C":0.0},"gxklsf0_尾大":{"ID":5504,"P_3ID":907,"P_1ID":906,"GROUP_NAME":"第一球","SHOWCLS":"text","ODDS":1.96,"NUM":"尾大","NUM_NAME":"尾大","CODE":"gxklsf0","SORT":26.0,"STATE":0,"ST":false,"BET_AMT":null,"ODDS_A":0.0,"ODDS_B":0.0,"ODDS_C":0.0},"gxklsf0_尾小":{"ID":5505,"P_3ID":907,"P_1ID":906,"GROUP_NAME":"第一球","SHOWCLS":"text","ODDS":1.96,"NUM":"尾小","NUM_NAME":"尾小","CODE":"gxklsf0","SORT":27.0,"STATE":0,"ST":false,"BET_AMT":null,"ODDS_A":0.0,"ODDS_B":0.0,"ODDS_C":0.0},"gxklsf0_合单":{"ID":5506,"P_3ID":907,"P_1ID":906,"GROUP_NAME":"第一球","SHOWCLS":"text","ODDS":1.96,"NUM":"合单","NUM_NAME":"合单","CODE":"gxklsf0","SORT":28.0,"STATE":0,"ST":false,"BET_AMT":null,"ODDS_A":0.0,"ODDS_B":0.0,"ODDS_C":0.0},"gxklsf0_合双":{"ID":5507,"P_3ID":907,"P_1ID":906,"GROUP_NAME":"第一球","SHOWCLS":"text","ODDS":1.96,"NUM":"合双","NUM_NAME":"合双","CODE":"gxklsf0","SORT":29.0,"STATE":0,"ST":false,"BET_AMT":null,"ODDS_A":0.0,"ODDS_B":0.0,"ODDS_C":0.0},"gxklsf0_春":{"ID":5509,"P_3ID":907,"P_1ID":906,"GROUP_NAME":"第一球","SHOWCLS":"text","ODDS":3.82,"NUM":"春","NUM_NAME":"春","CODE":"gxklsf0","SORT":30.0,"STATE":0,"ST":false,"BET_AMT":null,"ODDS_A":0.0,"ODDS_B":0.0,"ODDS_C":0.0},"gxklsf0_夏":{"ID":5508,"P_3ID":907,"P_1ID":906,"GROUP_NAME":"第一球","SHOWCLS":"text","ODDS":3.82,"NUM":"夏","NUM_NAME":"夏","CODE":"gxklsf0","SORT":31.0,"STATE":0,"ST":false,"BET_AMT":null,"ODDS_A":0.0,"ODDS_B":0.0,"ODDS_C":0.0},"gxklsf0_秋":{"ID":5510,"P_3ID":907,"P_1ID":906,"GROUP_NAME":"第一球","SHOWCLS":"text","ODDS":3.82,"NUM":"秋","NUM_NAME":"秋","CODE":"gxklsf0","SORT":32.0,"STATE":0,"ST":false,"BET_AMT":null,"ODDS_A":0.0,"ODDS_B":0.0,"ODDS_C":0.0},"gxklsf0_冬":{"ID":5511,"P_3ID":907,"P_1ID":906,"GROUP_NAME":"第一球","SHOWCLS":"text","ODDS":3.82,"NUM":"冬","NUM_NAME":"冬","CODE":"gxklsf0","SORT":33.0,"STATE":0,"ST":false,"BET_AMT":null,"ODDS_A":0.0,"ODDS_B":0.0,"ODDS_C":0.0},"gxklsf0_红":{"ID":5512,"P_3ID":907,"P_1ID":906,"GROUP_NAME":"第一球","SHOWCLS":"text","ODDS":2.86,"NUM":"红","NUM_NAME":"红","CODE":"gxklsf0","SORT":34.0,"STATE":0,"ST":false,"BET_AMT":null,"ODDS_A":0.0,"ODDS_B":0.0,"ODDS_C":0.0},"gxklsf0_蓝":{"ID":5513,"P_3ID":907,"P_1ID":906,"GROUP_NAME":"第一球","SHOWCLS":"text","ODDS":2.86,"NUM":"蓝","NUM_NAME":"蓝","CODE":"gxklsf0","SORT":35.0,"STATE":0,"ST":false,"BET_AMT":null,"ODDS_A":0.0,"ODDS_B":0.0,"ODDS_C":0.0},"gxklsf0_绿":{"ID":5514,"P_3ID":907,"P_1ID":906,"GROUP_NAME":"第一球","SHOWCLS":"text","ODDS":2.86,"NUM":"绿","NUM_NAME":"绿","CODE":"gxklsf0","SORT":36.0,"STATE":0,"ST":false,"BET_AMT":null,"ODDS_A":0.0,"ODDS_B":0.0,"ODDS_C":0.0},"gxklsf0_金":{"ID":5515,"P_3ID":907,"P_1ID":906,"GROUP_NAME":"第一球","SHOWCLS":"text","ODDS":5.0,"NUM":"金","NUM_NAME":"金","CODE":"gxklsf0","SORT":37.0,"STATE":0,"ST":false,"BET_AMT":null,"ODDS_A":0.0,"ODDS_B":0.0,"ODDS_C":0.0},"gxklsf0_木":{"ID":5516,"P_3ID":907,"P_1ID":906,"GROUP_NAME":"第一球","SHOWCLS":"text","ODDS":4.0,"NUM":"木","NUM_NAME":"木","CODE":"gxklsf0","SORT":38.0,"STATE":0,"ST":false,"BET_AMT":null,"ODDS_A":0.0,"ODDS_B":0.0,"ODDS_C":0.0},"gxklsf0_水":{"ID":5517,"P_3ID":907,"P_1ID":906,"GROUP_NAME":"第一球","SHOWCLS":"text","ODDS":5.0,"NUM":"水","NUM_NAME":"水","CODE":"gxklsf0","SORT":39.0,"STATE":0,"ST":false,"BET_AMT":null,"ODDS_A":0.0,"ODDS_B":0.0,"ODDS_C":0.0},"gxklsf0_火":{"ID":5518,"P_3ID":907,"P_1ID":906,"GROUP_NAME":"第一球","SHOWCLS":"text","ODDS":5.0,"NUM":"火","NUM_NAME":"火","CODE":"gxklsf0","SORT":40.0,"STATE":0,"ST":false,"BET_AMT":null,"ODDS_A":0.0,"ODDS_B":0.0,"ODDS_C":0.0},"gxklsf0_土":{"ID":5519,"P_3ID":907,"P_1ID":906,"GROUP_NAME":"第一球","SHOWCLS":"text","ODDS":5.0,"NUM":"土","NUM_NAME":"土","CODE":"gxklsf0","SORT":41.0,"STATE":0,"ST":false,"BET_AMT":null,"ODDS_A":0.0,"ODDS_B":0.0,"ODDS_C":0.0}},"gxklsf1":{"gxklsf1_1":{"ID":5520,"P_3ID":908,"P_1ID":906,"GROUP_NAME":"第二球","SHOWCLS":"red","ODDS":20.10,"NUM":"1","NUM_NAME":"1","CODE":"gxklsf1","SORT":1.0,"STATE":0,"ST":false,"BET_AMT":null,"ODDS_A":0.0,"ODDS_B":0.0,"ODDS_C":0.0},"gxklsf1_2":{"ID":5521,"P_3ID":908,"P_1ID":906,"GROUP_NAME":"第二球","SHOWCLS":"blue","ODDS":20.10,"NUM":"2","NUM_NAME":"2","CODE":"gxklsf1","SORT":2.0,"STATE":0,"ST":false,"BET_AMT":null,"ODDS_A":0.0,"ODDS_B":0.0,"ODDS_C":0.0},"gxklsf1_3":{"ID":5522,"P_3ID":908,"P_1ID":906,"GROUP_NAME":"第二球","SHOWCLS":"green","ODDS":20.10,"NUM":"3","NUM_NAME":"3","CODE":"gxklsf1","SORT":3.0,"STATE":0,"ST":false,"BET_AMT":null,"ODDS_A":0.0,"ODDS_B":0.0,"ODDS_C":0.0},"gxklsf1_4":{"ID":5523,"P_3ID":908,"P_1ID":906,"GROUP_NAME":"第二球","SHOWCLS":"red","ODDS":20.10,"NUM":"4","NUM_NAME":"4","CODE":"gxklsf1","SORT":4.0,"STATE":0,"ST":false,"BET_AMT":null,"ODDS_A":0.0,"ODDS_B":0.0,"ODDS_C":0.0},"gxklsf1_5":{"ID":5524,"P_3ID":908,"P_1ID":906,"GROUP_NAME":"第二球","SHOWCLS":"blue","ODDS":20.10,"NUM":"5","NUM_NAME":"5","CODE":"gxklsf1","SORT":5.0,"STATE":0,"ST":false,"BET_AMT":null,"ODDS_A":0.0,"ODDS_B":0.0,"ODDS_C":0.0},"gxklsf1_6":{"ID":5525,"P_3ID":908,"P_1ID":906,"GROUP_NAME":"第二球","SHOWCLS":"green","ODDS":19.50,"NUM":"6","NUM_NAME":"6","CODE":"gxklsf1","SORT":6.0,"STATE":0,"ST":false,"BET_AMT":null,"ODDS_A":0.0,"ODDS_B":0.0,"ODDS_C":0.0},"gxklsf1_7":{"ID":5526,"P_3ID":908,"P_1ID":906,"GROUP_NAME":"第二球","SHOWCLS":"red","ODDS":20.0,"NUM":"7","NUM_NAME":"7","CODE":"gxklsf1","SORT":7.0,"STATE":0,"ST":false,"BET_AMT":null,"ODDS_A":0.0,"ODDS_B":0.0,"ODDS_C":0.0},"gxklsf1_8":{"ID":5527,"P_3ID":908,"P_1ID":906,"GROUP_NAME":"第二球","SHOWCLS":"blue","ODDS":19.80,"NUM":"8","NUM_NAME":"8","CODE":"gxklsf1","SORT":8.0,"STATE":0,"ST":false,"BET_AMT":null,"ODDS_A":0.0,"ODDS_B":0.0,"ODDS_C":0.0},"gxklsf1_9":{"ID":5528,"P_3ID":908,"P_1ID":906,"GROUP_NAME":"第二球","SHOWCLS":"green","ODDS":20.10,"NUM":"9","NUM_NAME":"9","CODE":"gxklsf1","SORT":9.0,"STATE":0,"ST":false,"BET_AMT":null,"ODDS_A":0.0,"ODDS_B":0.0,"ODDS_C":0.0},"gxklsf1_10":{"ID":5529,"P_3ID":908,"P_1ID":906,"GROUP_NAME":"第二球","SHOWCLS":"red","ODDS":20.10,"NUM":"10","NUM_NAME":"10","CODE":"gxklsf1","SORT":10.0,"STATE":0,"ST":false,"BET_AMT":null,"ODDS_A":0.0,"ODDS_B":0.0,"ODDS_C":0.0},"gxklsf1_11":{"ID":5530,"P_3ID":908,"P_1ID":906,"GROUP_NAME":"第二球","SHOWCLS":"blue","ODDS":20.10,"NUM":"11","NUM_NAME":"11","CODE":"gxklsf1","SORT":11.0,"STATE":0,"ST":false,"BET_AMT":null,"ODDS_A":0.0,"ODDS_B":0.0,"ODDS_C":0.0},"gxklsf1_12":{"ID":5531,"P_3ID":908,"P_1ID":906,"GROUP_NAME":"第二球","SHOWCLS":"green","ODDS":20.10,"NUM":"12","NUM_NAME":"12","CODE":"gxklsf1","SORT":12.0,"STATE":0,"ST":false,"BET_AMT":null,"ODDS_A":0.0,"ODDS_B":0.0,"ODDS_C":0.0},"gxklsf1_13":{"ID":5532,"P_3ID":908,"P_1ID":906,"GROUP_NAME":"第二球","SHOWCLS":"red","ODDS":20.10,"NUM":"13","NUM_NAME":"13","CODE":"gxklsf1","SORT":13.0,"STATE":0,"ST":false,"BET_AMT":null,"ODDS_A":0.0,"ODDS_B":0.0,"ODDS_C":0.0},"gxklsf1_14":{"ID":5533,"P_3ID":908,"P_1ID":906,"GROUP_NAME":"第二球","SHOWCLS":"blue","ODDS":19.80,"NUM":"14","NUM_NAME":"14","CODE":"gxklsf1","SORT":14.0,"STATE":0,"ST":false,"BET_AMT":null,"ODDS_A":0.0,"ODDS_B":0.0,"ODDS_C":0.0},"gxklsf1_15":{"ID":5534,"P_3ID":908,"P_1ID":906,"GROUP_NAME":"第二球","SHOWCLS":"green","ODDS":20.10,"NUM":"15","NUM_NAME":"15","CODE":"gxklsf1","SORT":15.0,"STATE":0,"ST":false,"BET_AMT":null,"ODDS_A":0.0,"ODDS_B":0.0,"ODDS_C":0.0},"gxklsf1_16":{"ID":5535,"P_3ID":908,"P_1ID":906,"GROUP_NAME":"第二球","SHOWCLS":"red","ODDS":20.10,"NUM":"16","NUM_NAME":"16","CODE":"gxklsf1","SORT":16.0,"STATE":0,"ST":false,"BET_AMT":null,"ODDS_A":0.0,"ODDS_B":0.0,"ODDS_C":0.0},"gxklsf1_17":{"ID":5536,"P_3ID":908,"P_1ID":906,"GROUP_NAME":"第二球","SHOWCLS":"blue","ODDS":20.10,"NUM":"17","NUM_NAME":"17","CODE":"gxklsf1","SORT":17.0,"STATE":0,"ST":false,"BET_AMT":null,"ODDS_A":0.0,"ODDS_B":0.0,"ODDS_C":0.0},"gxklsf1_18":{"ID":5537,"P_3ID":908,"P_1ID":906,"GROUP_NAME":"第二球","SHOWCLS":"green","ODDS":20.10,"NUM":"18","NUM_NAME":"18","CODE":"gxklsf1","SORT":18.0,"STATE":0,"ST":false,"BET_AMT":null,"ODDS_A":0.0,"ODDS_B":0.0,"ODDS_C":0.0},"gxklsf1_19":{"ID":5538,"P_3ID":908,"P_1ID":906,"GROUP_NAME":"第二球","SHOWCLS":"red","ODDS":20.10,"NUM":"19","NUM_NAME":"19","CODE":"gxklsf1","SORT":19.0,"STATE":0,"ST":false,"BET_AMT":null,"ODDS_A":0.0,"ODDS_B":0.0,"ODDS_C":0.0},"gxklsf1_20":{"ID":5539,"P_3ID":908,"P_1ID":906,"GROUP_NAME":"第二球","SHOWCLS":"blue","ODDS":20.10,"NUM":"20","NUM_NAME":"20","CODE":"gxklsf1","SORT":20.0,"STATE":0,"ST":false,"BET_AMT":null,"ODDS_A":0.0,"ODDS_B":0.0,"ODDS_C":0.0},"gxklsf1_21":{"ID":5540,"P_3ID":908,"P_1ID":906,"GROUP_NAME":"第二球","SHOWCLS":"green","ODDS":20.10,"NUM":"21","NUM_NAME":"21","CODE":"gxklsf1","SORT":21.0,"STATE":0,"ST":false,"BET_AMT":null,"ODDS_A":0.0,"ODDS_B":0.0,"ODDS_C":0.0},"gxklsf1_大":{"ID":5541,"P_3ID":908,"P_1ID":906,"GROUP_NAME":"第二球","SHOWCLS":"text","ODDS":1.96,"NUM":"大","NUM_NAME":"大","CODE":"gxklsf1","SORT":22.0,"STATE":0,"ST":false,"BET_AMT":null,"ODDS_A":0.0,"ODDS_B":0.0,"ODDS_C":0.0},"gxklsf1_小":{"ID":5542,"P_3ID":908,"P_1ID":906,"GROUP_NAME":"第二球","SHOWCLS":"text","ODDS":1.96,"NUM":"小","NUM_NAME":"小","CODE":"gxklsf1","SORT":23.0,"STATE":0,"ST":false,"BET_AMT":null,"ODDS_A":0.0,"ODDS_B":0.0,"ODDS_C":0.0},"gxklsf1_单":{"ID":5543,"P_3ID":908,"P_1ID":906,"GROUP_NAME":"第二球","SHOWCLS":"text","ODDS":1.96,"NUM":"单","NUM_NAME":"单","CODE":"gxklsf1","SORT":24.0,"STATE":0,"ST":false,"BET_AMT":null,"ODDS_A":0.0,"ODDS_B":0.0,"ODDS_C":0.0},"gxklsf1_双":{"ID":5544,"P_3ID":908,"P_1ID":906,"GROUP_NAME":"第二球","SHOWCLS":"text","ODDS":1.96,"NUM":"双","NUM_NAME":"双","CODE":"gxklsf1","SORT":25.0,"STATE":0,"ST":false,"BET_AMT":null,"ODDS_A":0.0,"ODDS_B":0.0,"ODDS_C":0.0},"gxklsf1_尾大":{"ID":5545,"P_3ID":908,"P_1ID":906,"GROUP_NAME":"第二球","SHOWCLS":"text","ODDS":1.96,"NUM":"尾大","NUM_NAME":"尾大","CODE":"gxklsf1","SORT":26.0,"STATE":0,"ST":false,"BET_AMT":null,"ODDS_A":0.0,"ODDS_B":0.0,"ODDS_C":0.0},"gxklsf1_尾小":{"ID":5546,"P_3ID":908,"P_1ID":906,"GROUP_NAME":"第二球","SHOWCLS":"text","ODDS":1.96,"NUM":"尾小","NUM_NAME":"尾小","CODE":"gxklsf1","SORT":27.0,"STATE":0,"ST":false,"BET_AMT":null,"ODDS_A":0.0,"ODDS_B":0.0,"ODDS_C":0.0},"gxklsf1_合单":{"ID":5547,"P_3ID":908,"P_1ID":906,"GROUP_NAME":"第二球","SHOWCLS":"text","ODDS":1.96,"NUM":"合单","NUM_NAME":"合单","CODE":"gxklsf1","SORT":28.0,"STATE":0,"ST":false,"BET_AMT":null,"ODDS_A":0.0,"ODDS_B":0.0,"ODDS_C":0.0},"gxklsf1_合双":{"ID":5548,"P_3ID":908,"P_1ID":906,"GROUP_NAME":"第二球","SHOWCLS":"text","ODDS":1.96,"NUM":"合双","NUM_NAME":"合双","CODE":"gxklsf1","SORT":29.0,"STATE":0,"ST":false,"BET_AMT":null,"ODDS_A":0.0,"ODDS_B":0.0,"ODDS_C":0.0},"gxklsf1_春":{"ID":5549,"P_3ID":908,"P_1ID":906,"GROUP_NAME":"第二球","SHOWCLS":"text","ODDS":3.82,"NUM":"春","NUM_NAME":"春","CODE":"gxklsf1","SORT":30.0,"STATE":0,"ST":false,"BET_AMT":null,"ODDS_A":0.0,"ODDS_B":0.0,"ODDS_C":0.0},"gxklsf1_夏":{"ID":5550,"P_3ID":908,"P_1ID":906,"GROUP_NAME":"第二球","SHOWCLS":"text","ODDS":3.82,"NUM":"夏","NUM_NAME":"夏","CODE":"gxklsf1","SORT":31.0,"STATE":0,"ST":false,"BET_AMT":null,"ODDS_A":0.0,"ODDS_B":0.0,"ODDS_C":0.0},"gxklsf1_秋":{"ID":5551,"P_3ID":908,"P_1ID":906,"GROUP_NAME":"第二球","SHOWCLS":"text","ODDS":3.82,"NUM":"秋","NUM_NAME":"秋","CODE":"gxklsf1","SORT":32.0,"STATE":0,"ST":false,"BET_AMT":null,"ODDS_A":0.0,"ODDS_B":0.0,"ODDS_C":0.0},"gxklsf1_冬":{"ID":5552,"P_3ID":908,"P_1ID":906,"GROUP_NAME":"第二球","SHOWCLS":"text","ODDS":3.82,"NUM":"冬","NUM_NAME":"冬","CODE":"gxklsf1","SORT":33.0,"STATE":0,"ST":false,"BET_AMT":null,"ODDS_A":0.0,"ODDS_B":0.0,"ODDS_C":0.0},"gxklsf1_红":{"ID":5553,"P_3ID":908,"P_1ID":906,"GROUP_NAME":"第二球","SHOWCLS":"text","ODDS":2.86,"NUM":"红","NUM_NAME":"红","CODE":"gxklsf1","SORT":34.0,"STATE":0,"ST":false,"BET_AMT":null,"ODDS_A":0.0,"ODDS_B":0.0,"ODDS_C":0.0},"gxklsf1_蓝":{"ID":5554,"P_3ID":908,"P_1ID":906,"GROUP_NAME":"第二球","SHOWCLS":"text","ODDS":2.86,"NUM":"蓝","NUM_NAME":"蓝","CODE":"gxklsf1","SORT":35.0,"STATE":0,"ST":false,"BET_AMT":null,"ODDS_A":0.0,"ODDS_B":0.0,"ODDS_C":0.0},"gxklsf1_绿":{"ID":5555,"P_3ID":908,"P_1ID":906,"GROUP_NAME":"第二球","SHOWCLS":"text","ODDS":2.86,"NUM":"绿","NUM_NAME":"绿","CODE":"gxklsf1","SORT":36.0,"STATE":0,"ST":false,"BET_AMT":null,"ODDS_A":0.0,"ODDS_B":0.0,"ODDS_C":0.0},"gxklsf1_金":{"ID":5556,"P_3ID":908,"P_1ID":906,"GROUP_NAME":"第二球","SHOWCLS":"text","ODDS":5.0,"NUM":"金","NUM_NAME":"金","CODE":"gxklsf1","SORT":37.0,"STATE":0,"ST":false,"BET_AMT":null,"ODDS_A":0.0,"ODDS_B":0.0,"ODDS_C":0.0},"gxklsf1_木":{"ID":5557,"P_3ID":908,"P_1ID":906,"GROUP_NAME":"第二球","SHOWCLS":"text","ODDS":4.0,"NUM":"木","NUM_NAME":"木","CODE":"gxklsf1","SORT":38.0,"STATE":0,"ST":false,"BET_AMT":null,"ODDS_A":0.0,"ODDS_B":0.0,"ODDS_C":0.0},"gxklsf1_水":{"ID":5558,"P_3ID":908,"P_1ID":906,"GROUP_NAME":"第二球","SHOWCLS":"text","ODDS":5.0,"NUM":"水","NUM_NAME":"水","CODE":"gxklsf1","SORT":39.0,"STATE":0,"ST":false,"BET_AMT":null,"ODDS_A":0.0,"ODDS_B":0.0,"ODDS_C":0.0},"gxklsf1_火":{"ID":5559,"P_3ID":908,"P_1ID":906,"GROUP_NAME":"第二球","SHOWCLS":"text","ODDS":5.0,"NUM":"火","NUM_NAME":"火","CODE":"gxklsf1","SORT":40.0,"STATE":0,"ST":false,"BET_AMT":null,"ODDS_A":0.0,"ODDS_B":0.0,"ODDS_C":0.0},"gxklsf1_土":{"ID":5560,"P_3ID":908,"P_1ID":906,"GROUP_NAME":"第二球","SHOWCLS":"text","ODDS":5.0,"NUM":"土","NUM_NAME":"土","CODE":"gxklsf1","SORT":41.0,"STATE":0,"ST":false,"BET_AMT":null,"ODDS_A":0.0,"ODDS_B":0.0,"ODDS_C":0.0}},"gxklsf2":{"gxklsf2_1":{"ID":5561,"P_3ID":909,"P_1ID":906,"GROUP_NAME":"第三球","SHOWCLS":"red","ODDS":20.10,"NUM":"1","NUM_NAME":"1","CODE":"gxklsf2","SORT":1.0,"STATE":0,"ST":false,"BET_AMT":null,"ODDS_A":0.0,"ODDS_B":0.0,"ODDS_C":0.0},"gxklsf2_2":{"ID":5562,"P_3ID":909,"P_1ID":906,"GROUP_NAME":"第三球","SHOWCLS":"blue","ODDS":20.10,"NUM":"2","NUM_NAME":"2","CODE":"gxklsf2","SORT":2.0,"STATE":0,"ST":false,"BET_AMT":null,"ODDS_A":0.0,"ODDS_B":0.0,"ODDS_C":0.0},"gxklsf2_3":{"ID":5563,"P_3ID":909,"P_1ID":906,"GROUP_NAME":"第三球","SHOWCLS":"green","ODDS":20.10,"NUM":"3","NUM_NAME":"3","CODE":"gxklsf2","SORT":3.0,"STATE":0,"ST":false,"BET_AMT":null,"ODDS_A":0.0,"ODDS_B":0.0,"ODDS_C":0.0},"gxklsf2_4":{"ID":5564,"P_3ID":909,"P_1ID":906,"GROUP_NAME":"第三球","SHOWCLS":"red","ODDS":20.10,"NUM":"4","NUM_NAME":"4","CODE":"gxklsf2","SORT":4.0,"STATE":0,"ST":false,"BET_AMT":null,"ODDS_A":0.0,"ODDS_B":0.0,"ODDS_C":0.0},"gxklsf2_5":{"ID":5565,"P_3ID":909,"P_1ID":906,"GROUP_NAME":"第三球","SHOWCLS":"blue","ODDS":20.10,"NUM":"5","NUM_NAME":"5","CODE":"gxklsf2","SORT":5.0,"STATE":0,"ST":false,"BET_AMT":null,"ODDS_A":0.0,"ODDS_B":0.0,"ODDS_C":0.0},"gxklsf2_6":{"ID":5566,"P_3ID":909,"P_1ID":906,"GROUP_NAME":"第三球","SHOWCLS":"green","ODDS":19.50,"NUM":"6","NUM_NAME":"6","CODE":"gxklsf2","SORT":6.0,"STATE":0,"ST":false,"BET_AMT":null,"ODDS_A":0.0,"ODDS_B":0.0,"ODDS_C":0.0},"gxklsf2_7":{"ID":5567,"P_3ID":909,"P_1ID":906,"GROUP_NAME":"第三球","SHOWCLS":"red","ODDS":20.0,"NUM":"7","NUM_NAME":"7","CODE":"gxklsf2","SORT":7.0,"STATE":0,"ST":false,"BET_AMT":null,"ODDS_A":0.0,"ODDS_B":0.0,"ODDS_C":0.0},"gxklsf2_8":{"ID":5568,"P_3ID":909,"P_1ID":906,"GROUP_NAME":"第三球","SHOWCLS":"blue","ODDS":19.80,"NUM":"8","NUM_NAME":"8","CODE":"gxklsf2","SORT":8.0,"STATE":0,"ST":false,"BET_AMT":null,"ODDS_A":0.0,"ODDS_B":0.0,"ODDS_C":0.0},"gxklsf2_9":{"ID":5569,"P_3ID":909,"P_1ID":906,"GROUP_NAME":"第三球","SHOWCLS":"green","ODDS":20.10,"NUM":"9","NUM_NAME":"9","CODE":"gxklsf2","SORT":9.0,"STATE":0,"ST":false,"BET_AMT":null,"ODDS_A":0.0,"ODDS_B":0.0,"ODDS_C":0.0},"gxklsf2_10":{"ID":5570,"P_3ID":909,"P_1ID":906,"GROUP_NAME":"第三球","SHOWCLS":"red","ODDS":20.10,"NUM":"10","NUM_NAME":"10","CODE":"gxklsf2","SORT":10.0,"STATE":0,"ST":false,"BET_AMT":null,"ODDS_A":0.0,"ODDS_B":0.0,"ODDS_C":0.0},"gxklsf2_11":{"ID":5571,"P_3ID":909,"P_1ID":906,"GROUP_NAME":"第三球","SHOWCLS":"blue","ODDS":20.10,"NUM":"11","NUM_NAME":"11","CODE":"gxklsf2","SORT":11.0,"STATE":0,"ST":false,"BET_AMT":null,"ODDS_A":0.0,"ODDS_B":0.0,"ODDS_C":0.0},"gxklsf2_12":{"ID":5572,"P_3ID":909,"P_1ID":906,"GROUP_NAME":"第三球","SHOWCLS":"green","ODDS":20.10,"NUM":"12","NUM_NAME":"12","CODE":"gxklsf2","SORT":12.0,"STATE":0,"ST":false,"BET_AMT":null,"ODDS_A":0.0,"ODDS_B":0.0,"ODDS_C":0.0},"gxklsf2_13":{"ID":5573,"P_3ID":909,"P_1ID":906,"GROUP_NAME":"第三球","SHOWCLS":"red","ODDS":20.10,"NUM":"13","NUM_NAME":"13","CODE":"gxklsf2","SORT":13.0,"STATE":0,"ST":false,"BET_AMT":null,"ODDS_A":0.0,"ODDS_B":0.0,"ODDS_C":0.0},"gxklsf2_14":{"ID":5574,"P_3ID":909,"P_1ID":906,"GROUP_NAME":"第三球","SHOWCLS":"blue","ODDS":19.80,"NUM":"14","NUM_NAME":"14","CODE":"gxklsf2","SORT":14.0,"STATE":0,"ST":false,"BET_AMT":null,"ODDS_A":0.0,"ODDS_B":0.0,"ODDS_C":0.0},"gxklsf2_15":{"ID":5575,"P_3ID":909,"P_1ID":906,"GROUP_NAME":"第三球","SHOWCLS":"green","ODDS":20.10,"NUM":"15","NUM_NAME":"15","CODE":"gxklsf2","SORT":15.0,"STATE":0,"ST":false,"BET_AMT":null,"ODDS_A":0.0,"ODDS_B":0.0,"ODDS_C":0.0},"gxklsf2_16":{"ID":5576,"P_3ID":909,"P_1ID":906,"GROUP_NAME":"第三球","SHOWCLS":"red","ODDS":20.10,"NUM":"16","NUM_NAME":"16","CODE":"gxklsf2","SORT":16.0,"STATE":0,"ST":false,"BET_AMT":null,"ODDS_A":0.0,"ODDS_B":0.0,"ODDS_C":0.0},"gxklsf2_17":{"ID":5577,"P_3ID":909,"P_1ID":906,"GROUP_NAME":"第三球","SHOWCLS":"blue","ODDS":20.10,"NUM":"17","NUM_NAME":"17","CODE":"gxklsf2","SORT":17.0,"STATE":0,"ST":false,"BET_AMT":null,"ODDS_A":0.0,"ODDS_B":0.0,"ODDS_C":0.0},"gxklsf2_18":{"ID":5578,"P_3ID":909,"P_1ID":906,"GROUP_NAME":"第三球","SHOWCLS":"green","ODDS":20.10,"NUM":"18","NUM_NAME":"18","CODE":"gxklsf2","SORT":18.0,"STATE":0,"ST":false,"BET_AMT":null,"ODDS_A":0.0,"ODDS_B":0.0,"ODDS_C":0.0},"gxklsf2_19":{"ID":5579,"P_3ID":909,"P_1ID":906,"GROUP_NAME":"第三球","SHOWCLS":"red","ODDS":20.10,"NUM":"19","NUM_NAME":"19","CODE":"gxklsf2","SORT":19.0,"STATE":0,"ST":false,"BET_AMT":null,"ODDS_A":0.0,"ODDS_B":0.0,"ODDS_C":0.0},"gxklsf2_20":{"ID":5580,"P_3ID":909,"P_1ID":906,"GROUP_NAME":"第三球","SHOWCLS":"blue","ODDS":20.10,"NUM":"20","NUM_NAME":"20","CODE":"gxklsf2","SORT":20.0,"STATE":0,"ST":false,"BET_AMT":null,"ODDS_A":0.0,"ODDS_B":0.0,"ODDS_C":0.0},"gxklsf2_21":{"ID":5581,"P_3ID":909,"P_1ID":906,"GROUP_NAME":"第三球","SHOWCLS":"green","ODDS":20.10,"NUM":"21","NUM_NAME":"21","CODE":"gxklsf2","SORT":21.0,"STATE":0,"ST":false,"BET_AMT":null,"ODDS_A":0.0,"ODDS_B":0.0,"ODDS_C":0.0},"gxklsf2_大":{"ID":5582,"P_3ID":909,"P_1ID":906,"GROUP_NAME":"第三球","SHOWCLS":"text","ODDS":1.96,"NUM":"大","NUM_NAME":"大","CODE":"gxklsf2","SORT":22.0,"STATE":0,"ST":false,"BET_AMT":null,"ODDS_A":0.0,"ODDS_B":0.0,"ODDS_C":0.0},"gxklsf2_小":{"ID":5583,"P_3ID":909,"P_1ID":906,"GROUP_NAME":"第三球","SHOWCLS":"text","ODDS":1.96,"NUM":"小","NUM_NAME":"小","CODE":"gxklsf2","SORT":23.0,"STATE":0,"ST":false,"BET_AMT":null,"ODDS_A":0.0,"ODDS_B":0.0,"ODDS_C":0.0},"gxklsf2_单":{"ID":5584,"P_3ID":909,"P_1ID":906,"GROUP_NAME":"第三球","SHOWCLS":"text","ODDS":1.96,"NUM":"单","NUM_NAME":"单","CODE":"gxklsf2","SORT":24.0,"STATE":0,"ST":false,"BET_AMT":null,"ODDS_A":0.0,"ODDS_B":0.0,"ODDS_C":0.0},"gxklsf2_双":{"ID":5585,"P_3ID":909,"P_1ID":906,"GROUP_NAME":"第三球","SHOWCLS":"text","ODDS":1.96,"NUM":"双","NUM_NAME":"双","CODE":"gxklsf2","SORT":25.0,"STATE":0,"ST":false,"BET_AMT":null,"ODDS_A":0.0,"ODDS_B":0.0,"ODDS_C":0.0},"gxklsf2_尾大":{"ID":5586,"P_3ID":909,"P_1ID":906,"GROUP_NAME":"第三球","SHOWCLS":"text","ODDS":1.96,"NUM":"尾大","NUM_NAME":"尾大","CODE":"gxklsf2","SORT":26.0,"STATE":0,"ST":false,"BET_AMT":null,"ODDS_A":0.0,"ODDS_B":0.0,"ODDS_C":0.0},"gxklsf2_尾小":{"ID":5587,"P_3ID":909,"P_1ID":906,"GROUP_NAME":"第三球","SHOWCLS":"text","ODDS":1.96,"NUM":"尾小","NUM_NAME":"尾小","CODE":"gxklsf2","SORT":27.0,"STATE":0,"ST":false,"BET_AMT":null,"ODDS_A":0.0,"ODDS_B":0.0,"ODDS_C":0.0},"gxklsf2_合单":{"ID":5588,"P_3ID":909,"P_1ID":906,"GROUP_NAME":"第三球","SHOWCLS":"text","ODDS":1.96,"NUM":"合单","NUM_NAME":"合单","CODE":"gxklsf2","SORT":28.0,"STATE":0,"ST":false,"BET_AMT":null,"ODDS_A":0.0,"ODDS_B":0.0,"ODDS_C":0.0},"gxklsf2_合双":{"ID":5589,"P_3ID":909,"P_1ID":906,"GROUP_NAME":"第三球","SHOWCLS":"text","ODDS":1.96,"NUM":"合双","NUM_NAME":"合双","CODE":"gxklsf2","SORT":29.0,"STATE":0,"ST":false,"BET_AMT":null,"ODDS_A":0.0,"ODDS_B":0.0,"ODDS_C":0.0},"gxklsf2_春":{"ID":5590,"P_3ID":909,"P_1ID":906,"GROUP_NAME":"第三球","SHOWCLS":"text","ODDS":3.82,"NUM":"春","NUM_NAME":"春","CODE":"gxklsf2","SORT":30.0,"STATE":0,"ST":false,"BET_AMT":null,"ODDS_A":0.0,"ODDS_B":0.0,"ODDS_C":0.0},"gxklsf2_夏":{"ID":5591,"P_3ID":909,"P_1ID":906,"GROUP_NAME":"第三球","SHOWCLS":"text","ODDS":3.82,"NUM":"夏","NUM_NAME":"夏","CODE":"gxklsf2","SORT":31.0,"STATE":0,"ST":false,"BET_AMT":null,"ODDS_A":0.0,"ODDS_B":0.0,"ODDS_C":0.0},"gxklsf2_秋":{"ID":5592,"P_3ID":909,"P_1ID":906,"GROUP_NAME":"第三球","SHOWCLS":"text","ODDS":3.82,"NUM":"秋","NUM_NAME":"秋","CODE":"gxklsf2","SORT":32.0,"STATE":0,"ST":false,"BET_AMT":null,"ODDS_A":0.0,"ODDS_B":0.0,"ODDS_C":0.0},"gxklsf2_冬":{"ID":5593,"P_3ID":909,"P_1ID":906,"GROUP_NAME":"第三球","SHOWCLS":"text","ODDS":3.82,"NUM":"冬","NUM_NAME":"冬","CODE":"gxklsf2","SORT":33.0,"STATE":0,"ST":false,"BET_AMT":null,"ODDS_A":0.0,"ODDS_B":0.0,"ODDS_C":0.0},"gxklsf2_红":{"ID":5594,"P_3ID":909,"P_1ID":906,"GROUP_NAME":"第三球","SHOWCLS":"text","ODDS":2.86,"NUM":"红","NUM_NAME":"红","CODE":"gxklsf2","SORT":34.0,"STATE":0,"ST":false,"BET_AMT":null,"ODDS_A":0.0,"ODDS_B":0.0,"ODDS_C":0.0},"gxklsf2_蓝":{"ID":5595,"P_3ID":909,"P_1ID":906,"GROUP_NAME":"第三球","SHOWCLS":"text","ODDS":2.86,"NUM":"蓝","NUM_NAME":"蓝","CODE":"gxklsf2","SORT":35.0,"STATE":0,"ST":false,"BET_AMT":null,"ODDS_A":0.0,"ODDS_B":0.0,"ODDS_C":0.0},"gxklsf2_绿":{"ID":5596,"P_3ID":909,"P_1ID":906,"GROUP_NAME":"第三球","SHOWCLS":"text","ODDS":2.86,"NUM":"绿","NUM_NAME":"绿","CODE":"gxklsf2","SORT":36.0,"STATE":0,"ST":false,"BET_AMT":null,"ODDS_A":0.0,"ODDS_B":0.0,"ODDS_C":0.0},"gxklsf2_金":{"ID":5597,"P_3ID":909,"P_1ID":906,"GROUP_NAME":"第三球","SHOWCLS":"text","ODDS":5.0,"NUM":"金","NUM_NAME":"金","CODE":"gxklsf2","SORT":37.0,"STATE":0,"ST":false,"BET_AMT":null,"ODDS_A":0.0,"ODDS_B":0.0,"ODDS_C":0.0},"gxklsf2_木":{"ID":5598,"P_3ID":909,"P_1ID":906,"GROUP_NAME":"第三球","SHOWCLS":"text","ODDS":4.0,"NUM":"木","NUM_NAME":"木","CODE":"gxklsf2","SORT":38.0,"STATE":0,"ST":false,"BET_AMT":null,"ODDS_A":0.0,"ODDS_B":0.0,"ODDS_C":0.0},"gxklsf2_水":{"ID":5599,"P_3ID":909,"P_1ID":906,"GROUP_NAME":"第三球","SHOWCLS":"text","ODDS":5.0,"NUM":"水","NUM_NAME":"水","CODE":"gxklsf2","SORT":39.0,"STATE":0,"ST":false,"BET_AMT":null,"ODDS_A":0.0,"ODDS_B":0.0,"ODDS_C":0.0},"gxklsf2_火":{"ID":5600,"P_3ID":909,"P_1ID":906,"GROUP_NAME":"第三球","SHOWCLS":"text","ODDS":5.0,"NUM":"火","NUM_NAME":"火","CODE":"gxklsf2","SORT":40.0,"STATE":0,"ST":false,"BET_AMT":null,"ODDS_A":0.0,"ODDS_B":0.0,"ODDS_C":0.0},"gxklsf2_土":{"ID":5601,"P_3ID":909,"P_1ID":906,"GROUP_NAME":"第三球","SHOWCLS":"text","ODDS":5.0,"NUM":"土","NUM_NAME":"土","CODE":"gxklsf2","SORT":41.0,"STATE":0,"ST":false,"BET_AMT":null,"ODDS_A":0.0,"ODDS_B":0.0,"ODDS_C":0.0}},"gxklsf3":{"gxklsf3_1":{"ID":5602,"P_3ID":910,"P_1ID":906,"GROUP_NAME":"第四球","SHOWCLS":"red","ODDS":20.10,"NUM":"1","NUM_NAME":"1","CODE":"gxklsf3","SORT":1.0,"STATE":0,"ST":false,"BET_AMT":null,"ODDS_A":0.0,"ODDS_B":0.0,"ODDS_C":0.0},"gxklsf3_2":{"ID":5603,"P_3ID":910,"P_1ID":906,"GROUP_NAME":"第四球","SHOWCLS":"blue","ODDS":20.10,"NUM":"2","NUM_NAME":"2","CODE":"gxklsf3","SORT":2.0,"STATE":0,"ST":false,"BET_AMT":null,"ODDS_A":0.0,"ODDS_B":0.0,"ODDS_C":0.0},"gxklsf3_3":{"ID":5604,"P_3ID":910,"P_1ID":906,"GROUP_NAME":"第四球","SHOWCLS":"green","ODDS":20.10,"NUM":"3","NUM_NAME":"3","CODE":"gxklsf3","SORT":3.0,"STATE":0,"ST":false,"BET_AMT":null,"ODDS_A":0.0,"ODDS_B":0.0,"ODDS_C":0.0},"gxklsf3_4":{"ID":5605,"P_3ID":910,"P_1ID":906,"GROUP_NAME":"第四球","SHOWCLS":"red","ODDS":20.10,"NUM":"4","NUM_NAME":"4","CODE":"gxklsf3","SORT":4.0,"STATE":0,"ST":false,"BET_AMT":null,"ODDS_A":0.0,"ODDS_B":0.0,"ODDS_C":0.0},"gxklsf3_5":{"ID":5606,"P_3ID":910,"P_1ID":906,"GROUP_NAME":"第四球","SHOWCLS":"blue","ODDS":20.10,"NUM":"5","NUM_NAME":"5","CODE":"gxklsf3","SORT":5.0,"STATE":0,"ST":false,"BET_AMT":null,"ODDS_A":0.0,"ODDS_B":0.0,"ODDS_C":0.0},"gxklsf3_6":{"ID":5607,"P_3ID":910,"P_1ID":906,"GROUP_NAME":"第四球","SHOWCLS":"green","ODDS":19.50,"NUM":"6","NUM_NAME":"6","CODE":"gxklsf3","SORT":6.0,"STATE":0,"ST":false,"BET_AMT":null,"ODDS_A":0.0,"ODDS_B":0.0,"ODDS_C":0.0},"gxklsf3_7":{"ID":5608,"P_3ID":910,"P_1ID":906,"GROUP_NAME":"第四球","SHOWCLS":"red","ODDS":20.0,"NUM":"7","NUM_NAME":"7","CODE":"gxklsf3","SORT":7.0,"STATE":0,"ST":false,"BET_AMT":null,"ODDS_A":0.0,"ODDS_B":0.0,"ODDS_C":0.0},"gxklsf3_8":{"ID":5609,"P_3ID":910,"P_1ID":906,"GROUP_NAME":"第四球","SHOWCLS":"blue","ODDS":19.80,"NUM":"8","NUM_NAME":"8","CODE":"gxklsf3","SORT":8.0,"STATE":0,"ST":false,"BET_AMT":null,"ODDS_A":0.0,"ODDS_B":0.0,"ODDS_C":0.0},"gxklsf3_9":{"ID":5610,"P_3ID":910,"P_1ID":906,"GROUP_NAME":"第四球","SHOWCLS":"green","ODDS":20.10,"NUM":"9","NUM_NAME":"9","CODE":"gxklsf3","SORT":9.0,"STATE":0,"ST":false,"BET_AMT":null,"ODDS_A":0.0,"ODDS_B":0.0,"ODDS_C":0.0},"gxklsf3_10":{"ID":5611,"P_3ID":910,"P_1ID":906,"GROUP_NAME":"第四球","SHOWCLS":"red","ODDS":20.10,"NUM":"10","NUM_NAME":"10","CODE":"gxklsf3","SORT":10.0,"STATE":0,"ST":false,"BET_AMT":null,"ODDS_A":0.0,"ODDS_B":0.0,"ODDS_C":0.0},"gxklsf3_11":{"ID":5612,"P_3ID":910,"P_1ID":906,"GROUP_NAME":"第四球","SHOWCLS":"blue","ODDS":20.10,"NUM":"11","NUM_NAME":"11","CODE":"gxklsf3","SORT":11.0,"STATE":0,"ST":false,"BET_AMT":null,"ODDS_A":0.0,"ODDS_B":0.0,"ODDS_C":0.0},"gxklsf3_12":{"ID":5613,"P_3ID":910,"P_1ID":906,"GROUP_NAME":"第四球","SHOWCLS":"green","ODDS":20.10,"NUM":"12","NUM_NAME":"12","CODE":"gxklsf3","SORT":12.0,"STATE":0,"ST":false,"BET_AMT":null,"ODDS_A":0.0,"ODDS_B":0.0,"ODDS_C":0.0},"gxklsf3_13":{"ID":5614,"P_3ID":910,"P_1ID":906,"GROUP_NAME":"第四球","SHOWCLS":"red","ODDS":20.10,"NUM":"13","NUM_NAME":"13","CODE":"gxklsf3","SORT":13.0,"STATE":0,"ST":false,"BET_AMT":null,"ODDS_A":0.0,"ODDS_B":0.0,"ODDS_C":0.0},"gxklsf3_14":{"ID":5615,"P_3ID":910,"P_1ID":906,"GROUP_NAME":"第四球","SHOWCLS":"blue","ODDS":19.80,"NUM":"14","NUM_NAME":"14","CODE":"gxklsf3","SORT":14.0,"STATE":0,"ST":false,"BET_AMT":null,"ODDS_A":0.0,"ODDS_B":0.0,"ODDS_C":0.0},"gxklsf3_15":{"ID":5616,"P_3ID":910,"P_1ID":906,"GROUP_NAME":"第四球","SHOWCLS":"green","ODDS":20.10,"NUM":"15","NUM_NAME":"15","CODE":"gxklsf3","SORT":15.0,"STATE":0,"ST":false,"BET_AMT":null,"ODDS_A":0.0,"ODDS_B":0.0,"ODDS_C":0.0},"gxklsf3_16":{"ID":5617,"P_3ID":910,"P_1ID":906,"GROUP_NAME":"第四球","SHOWCLS":"red","ODDS":20.10,"NUM":"16","NUM_NAME":"16","CODE":"gxklsf3","SORT":16.0,"STATE":0,"ST":false,"BET_AMT":null,"ODDS_A":0.0,"ODDS_B":0.0,"ODDS_C":0.0},"gxklsf3_17":{"ID":5618,"P_3ID":910,"P_1ID":906,"GROUP_NAME":"第四球","SHOWCLS":"blue","ODDS":20.10,"NUM":"17","NUM_NAME":"17","CODE":"gxklsf3","SORT":17.0,"STATE":0,"ST":false,"BET_AMT":null,"ODDS_A":0.0,"ODDS_B":0.0,"ODDS_C":0.0},"gxklsf3_18":{"ID":5619,"P_3ID":910,"P_1ID":906,"GROUP_NAME":"第四球","SHOWCLS":"green","ODDS":20.10,"NUM":"18","NUM_NAME":"18","CODE":"gxklsf3","SORT":18.0,"STATE":0,"ST":false,"BET_AMT":null,"ODDS_A":0.0,"ODDS_B":0.0,"ODDS_C":0.0},"gxklsf3_19":{"ID":5620,"P_3ID":910,"P_1ID":906,"GROUP_NAME":"第四球","SHOWCLS":"red","ODDS":20.10,"NUM":"19","NUM_NAME":"19","CODE":"gxklsf3","SORT":19.0,"STATE":0,"ST":false,"BET_AMT":null,"ODDS_A":0.0,"ODDS_B":0.0,"ODDS_C":0.0},"gxklsf3_20":{"ID":5621,"P_3ID":910,"P_1ID":906,"GROUP_NAME":"第四球","SHOWCLS":"blue","ODDS":20.10,"NUM":"20","NUM_NAME":"20","CODE":"gxklsf3","SORT":20.0,"STATE":0,"ST":false,"BET_AMT":null,"ODDS_A":0.0,"ODDS_B":0.0,"ODDS_C":0.0},"gxklsf3_21":{"ID":5622,"P_3ID":910,"P_1ID":906,"GROUP_NAME":"第四球","SHOWCLS":"green","ODDS":20.10,"NUM":"21","NUM_NAME":"21","CODE":"gxklsf3","SORT":21.0,"STATE":0,"ST":false,"BET_AMT":null,"ODDS_A":0.0,"ODDS_B":0.0,"ODDS_C":0.0},"gxklsf3_大":{"ID":5623,"P_3ID":910,"P_1ID":906,"GROUP_NAME":"第四球","SHOWCLS":"text","ODDS":1.96,"NUM":"大","NUM_NAME":"大","CODE":"gxklsf3","SORT":22.0,"STATE":0,"ST":false,"BET_AMT":null,"ODDS_A":0.0,"ODDS_B":0.0,"ODDS_C":0.0},"gxklsf3_小":{"ID":5624,"P_3ID":910,"P_1ID":906,"GROUP_NAME":"第四球","SHOWCLS":"text","ODDS":1.96,"NUM":"小","NUM_NAME":"小","CODE":"gxklsf3","SORT":23.0,"STATE":0,"ST":false,"BET_AMT":null,"ODDS_A":0.0,"ODDS_B":0.0,"ODDS_C":0.0},"gxklsf3_单":{"ID":5625,"P_3ID":910,"P_1ID":906,"GROUP_NAME":"第四球","SHOWCLS":"text","ODDS":1.96,"NUM":"单","NUM_NAME":"单","CODE":"gxklsf3","SORT":24.0,"STATE":0,"ST":false,"BET_AMT":null,"ODDS_A":0.0,"ODDS_B":0.0,"ODDS_C":0.0},"gxklsf3_双":{"ID":5626,"P_3ID":910,"P_1ID":906,"GROUP_NAME":"第四球","SHOWCLS":"text","ODDS":1.96,"NUM":"双","NUM_NAME":"双","CODE":"gxklsf3","SORT":25.0,"STATE":0,"ST":false,"BET_AMT":null,"ODDS_A":0.0,"ODDS_B":0.0,"ODDS_C":0.0},"gxklsf3_尾大":{"ID":5627,"P_3ID":910,"P_1ID":906,"GROUP_NAME":"第四球","SHOWCLS":"text","ODDS":1.96,"NUM":"尾大","NUM_NAME":"尾大","CODE":"gxklsf3","SORT":26.0,"STATE":0,"ST":false,"BET_AMT":null,"ODDS_A":0.0,"ODDS_B":0.0,"ODDS_C":0.0},"gxklsf3_尾小":{"ID":5628,"P_3ID":910,"P_1ID":906,"GROUP_NAME":"第四球","SHOWCLS":"text","ODDS":1.96,"NUM":"尾小","NUM_NAME":"尾小","CODE":"gxklsf3","SORT":27.0,"STATE":0,"ST":false,"BET_AMT":null,"ODDS_A":0.0,"ODDS_B":0.0,"ODDS_C":0.0},"gxklsf3_合单":{"ID":5629,"P_3ID":910,"P_1ID":906,"GROUP_NAME":"第四球","SHOWCLS":"text","ODDS":1.96,"NUM":"合单","NUM_NAME":"合单","CODE":"gxklsf3","SORT":28.0,"STATE":0,"ST":false,"BET_AMT":null,"ODDS_A":0.0,"ODDS_B":0.0,"ODDS_C":0.0},"gxklsf3_合双":{"ID":5630,"P_3ID":910,"P_1ID":906,"GROUP_NAME":"第四球","SHOWCLS":"text","ODDS":1.96,"NUM":"合双","NUM_NAME":"合双","CODE":"gxklsf3","SORT":29.0,"STATE":0,"ST":false,"BET_AMT":null,"ODDS_A":0.0,"ODDS_B":0.0,"ODDS_C":0.0},"gxklsf3_春":{"ID":5631,"P_3ID":910,"P_1ID":906,"GROUP_NAME":"第四球","SHOWCLS":"text","ODDS":3.82,"NUM":"春","NUM_NAME":"春","CODE":"gxklsf3","SORT":30.0,"STATE":0,"ST":false,"BET_AMT":null,"ODDS_A":0.0,"ODDS_B":0.0,"ODDS_C":0.0},"gxklsf3_夏":{"ID":5632,"P_3ID":910,"P_1ID":906,"GROUP_NAME":"第四球","SHOWCLS":"text","ODDS":3.82,"NUM":"夏","NUM_NAME":"夏","CODE":"gxklsf3","SORT":31.0,"STATE":0,"ST":false,"BET_AMT":null,"ODDS_A":0.0,"ODDS_B":0.0,"ODDS_C":0.0},"gxklsf3_秋":{"ID":5633,"P_3ID":910,"P_1ID":906,"GROUP_NAME":"第四球","SHOWCLS":"text","ODDS":3.82,"NUM":"秋","NUM_NAME":"秋","CODE":"gxklsf3","SORT":32.0,"STATE":0,"ST":false,"BET_AMT":null,"ODDS_A":0.0,"ODDS_B":0.0,"ODDS_C":0.0},"gxklsf3_冬":{"ID":5634,"P_3ID":910,"P_1ID":906,"GROUP_NAME":"第四球","SHOWCLS":"text","ODDS":3.82,"NUM":"冬","NUM_NAME":"冬","CODE":"gxklsf3","SORT":33.0,"STATE":0,"ST":false,"BET_AMT":null,"ODDS_A":0.0,"ODDS_B":0.0,"ODDS_C":0.0},"gxklsf3_红":{"ID":5635,"P_3ID":910,"P_1ID":906,"GROUP_NAME":"第四球","SHOWCLS":"text","ODDS":2.86,"NUM":"红","NUM_NAME":"红","CODE":"gxklsf3","SORT":34.0,"STATE":0,"ST":false,"BET_AMT":null,"ODDS_A":0.0,"ODDS_B":0.0,"ODDS_C":0.0},"gxklsf3_蓝":{"ID":5636,"P_3ID":910,"P_1ID":906,"GROUP_NAME":"第四球","SHOWCLS":"text","ODDS":2.86,"NUM":"蓝","NUM_NAME":"蓝","CODE":"gxklsf3","SORT":35.0,"STATE":0,"ST":false,"BET_AMT":null,"ODDS_A":0.0,"ODDS_B":0.0,"ODDS_C":0.0},"gxklsf3_绿":{"ID":5637,"P_3ID":910,"P_1ID":906,"GROUP_NAME":"第四球","SHOWCLS":"text","ODDS":2.86,"NUM":"绿","NUM_NAME":"绿","CODE":"gxklsf3","SORT":36.0,"STATE":0,"ST":false,"BET_AMT":null,"ODDS_A":0.0,"ODDS_B":0.0,"ODDS_C":0.0},"gxklsf3_金":{"ID":5638,"P_3ID":910,"P_1ID":906,"GROUP_NAME":"第四球","SHOWCLS":"text","ODDS":5.0,"NUM":"金","NUM_NAME":"金","CODE":"gxklsf3","SORT":37.0,"STATE":0,"ST":false,"BET_AMT":null,"ODDS_A":0.0,"ODDS_B":0.0,"ODDS_C":0.0},"gxklsf3_木":{"ID":5639,"P_3ID":910,"P_1ID":906,"GROUP_NAME":"第四球","SHOWCLS":"text","ODDS":4.0,"NUM":"木","NUM_NAME":"木","CODE":"gxklsf3","SORT":38.0,"STATE":0,"ST":false,"BET_AMT":null,"ODDS_A":0.0,"ODDS_B":0.0,"ODDS_C":0.0},"gxklsf3_水":{"ID":5640,"P_3ID":910,"P_1ID":906,"GROUP_NAME":"第四球","SHOWCLS":"text","ODDS":5.0,"NUM":"水","NUM_NAME":"水","CODE":"gxklsf3","SORT":39.0,"STATE":0,"ST":false,"BET_AMT":null,"ODDS_A":0.0,"ODDS_B":0.0,"ODDS_C":0.0},"gxklsf3_火":{"ID":5641,"P_3ID":910,"P_1ID":906,"GROUP_NAME":"第四球","SHOWCLS":"text","ODDS":5.0,"NUM":"火","NUM_NAME":"火","CODE":"gxklsf3","SORT":40.0,"STATE":0,"ST":false,"BET_AMT":null,"ODDS_A":0.0,"ODDS_B":0.0,"ODDS_C":0.0},"gxklsf3_土":{"ID":5642,"P_3ID":910,"P_1ID":906,"GROUP_NAME":"第四球","SHOWCLS":"text","ODDS":5.0,"NUM":"土","NUM_NAME":"土","CODE":"gxklsf3","SORT":41.0,"STATE":0,"ST":false,"BET_AMT":null,"ODDS_A":0.0,"ODDS_B":0.0,"ODDS_C":0.0}},"gxklsf4":{"gxklsf4_1":{"ID":5679,"P_3ID":911,"P_1ID":906,"GROUP_NAME":"第五球","SHOWCLS":"red","ODDS":20.10,"NUM":"1","NUM_NAME":"1","CODE":"gxklsf4","SORT":1.0,"STATE":0,"ST":false,"BET_AMT":null,"ODDS_A":0.0,"ODDS_B":0.0,"ODDS_C":0.0},"gxklsf4_2":{"ID":5680,"P_3ID":911,"P_1ID":906,"GROUP_NAME":"第五球","SHOWCLS":"blue","ODDS":20.10,"NUM":"2","NUM_NAME":"2","CODE":"gxklsf4","SORT":2.0,"STATE":0,"ST":false,"BET_AMT":null,"ODDS_A":0.0,"ODDS_B":0.0,"ODDS_C":0.0},"gxklsf4_3":{"ID":5681,"P_3ID":911,"P_1ID":906,"GROUP_NAME":"第五球","SHOWCLS":"green","ODDS":20.10,"NUM":"3","NUM_NAME":"3","CODE":"gxklsf4","SORT":3.0,"STATE":0,"ST":false,"BET_AMT":null,"ODDS_A":0.0,"ODDS_B":0.0,"ODDS_C":0.0},"gxklsf4_4":{"ID":5682,"P_3ID":911,"P_1ID":906,"GROUP_NAME":"第五球","SHOWCLS":"red","ODDS":20.10,"NUM":"4","NUM_NAME":"4","CODE":"gxklsf4","SORT":4.0,"STATE":0,"ST":false,"BET_AMT":null,"ODDS_A":0.0,"ODDS_B":0.0,"ODDS_C":0.0},"gxklsf4_5":{"ID":5683,"P_3ID":911,"P_1ID":906,"GROUP_NAME":"第五球","SHOWCLS":"blue","ODDS":20.10,"NUM":"5","NUM_NAME":"5","CODE":"gxklsf4","SORT":5.0,"STATE":0,"ST":false,"BET_AMT":null,"ODDS_A":0.0,"ODDS_B":0.0,"ODDS_C":0.0},"gxklsf4_6":{"ID":5643,"P_3ID":911,"P_1ID":906,"GROUP_NAME":"第五球","SHOWCLS":"green","ODDS":19.50,"NUM":"6","NUM_NAME":"6","CODE":"gxklsf4","SORT":6.0,"STATE":0,"ST":false,"BET_AMT":null,"ODDS_A":0.0,"ODDS_B":0.0,"ODDS_C":0.0},"gxklsf4_7":{"ID":5644,"P_3ID":911,"P_1ID":906,"GROUP_NAME":"第五球","SHOWCLS":"red","ODDS":20.0,"NUM":"7","NUM_NAME":"7","CODE":"gxklsf4","SORT":7.0,"STATE":0,"ST":false,"BET_AMT":null,"ODDS_A":0.0,"ODDS_B":0.0,"ODDS_C":0.0},"gxklsf4_8":{"ID":5645,"P_3ID":911,"P_1ID":906,"GROUP_NAME":"第五球","SHOWCLS":"blue","ODDS":19.80,"NUM":"8","NUM_NAME":"8","CODE":"gxklsf4","SORT":8.0,"STATE":0,"ST":false,"BET_AMT":null,"ODDS_A":0.0,"ODDS_B":0.0,"ODDS_C":0.0},"gxklsf4_9":{"ID":5646,"P_3ID":911,"P_1ID":906,"GROUP_NAME":"第五球","SHOWCLS":"green","ODDS":20.10,"NUM":"9","NUM_NAME":"9","CODE":"gxklsf4","SORT":9.0,"STATE":0,"ST":false,"BET_AMT":null,"ODDS_A":0.0,"ODDS_B":0.0,"ODDS_C":0.0},"gxklsf4_10":{"ID":5647,"P_3ID":911,"P_1ID":906,"GROUP_NAME":"第五球","SHOWCLS":"red","ODDS":20.10,"NUM":"10","NUM_NAME":"10","CODE":"gxklsf4","SORT":10.0,"STATE":0,"ST":false,"BET_AMT":null,"ODDS_A":0.0,"ODDS_B":0.0,"ODDS_C":0.0},"gxklsf4_11":{"ID":5648,"P_3ID":911,"P_1ID":906,"GROUP_NAME":"第五球","SHOWCLS":"blue","ODDS":20.10,"NUM":"11","NUM_NAME":"11","CODE":"gxklsf4","SORT":11.0,"STATE":0,"ST":false,"BET_AMT":null,"ODDS_A":0.0,"ODDS_B":0.0,"ODDS_C":0.0},"gxklsf4_12":{"ID":5649,"P_3ID":911,"P_1ID":906,"GROUP_NAME":"第五球","SHOWCLS":"green","ODDS":20.10,"NUM":"12","NUM_NAME":"12","CODE":"gxklsf4","SORT":12.0,"STATE":0,"ST":false,"BET_AMT":null,"ODDS_A":0.0,"ODDS_B":0.0,"ODDS_C":0.0},"gxklsf4_13":{"ID":5650,"P_3ID":911,"P_1ID":906,"GROUP_NAME":"第五球","SHOWCLS":"red","ODDS":20.10,"NUM":"13","NUM_NAME":"13","CODE":"gxklsf4","SORT":13.0,"STATE":0,"ST":false,"BET_AMT":null,"ODDS_A":0.0,"ODDS_B":0.0,"ODDS_C":0.0},"gxklsf4_14":{"ID":5651,"P_3ID":911,"P_1ID":906,"GROUP_NAME":"第五球","SHOWCLS":"blue","ODDS":19.80,"NUM":"14","NUM_NAME":"14","CODE":"gxklsf4","SORT":14.0,"STATE":0,"ST":false,"BET_AMT":null,"ODDS_A":0.0,"ODDS_B":0.0,"ODDS_C":0.0},"gxklsf4_15":{"ID":5652,"P_3ID":911,"P_1ID":906,"GROUP_NAME":"第五球","SHOWCLS":"green","ODDS":20.10,"NUM":"15","NUM_NAME":"15","CODE":"gxklsf4","SORT":15.0,"STATE":0,"ST":false,"BET_AMT":null,"ODDS_A":0.0,"ODDS_B":0.0,"ODDS_C":0.0},"gxklsf4_16":{"ID":5653,"P_3ID":911,"P_1ID":906,"GROUP_NAME":"第五球","SHOWCLS":"red","ODDS":20.10,"NUM":"16","NUM_NAME":"16","CODE":"gxklsf4","SORT":16.0,"STATE":0,"ST":false,"BET_AMT":null,"ODDS_A":0.0,"ODDS_B":0.0,"ODDS_C":0.0},"gxklsf4_17":{"ID":5654,"P_3ID":911,"P_1ID":906,"GROUP_NAME":"第五球","SHOWCLS":"blue","ODDS":20.10,"NUM":"17","NUM_NAME":"17","CODE":"gxklsf4","SORT":17.0,"STATE":0,"ST":false,"BET_AMT":null,"ODDS_A":0.0,"ODDS_B":0.0,"ODDS_C":0.0},"gxklsf4_18":{"ID":5655,"P_3ID":911,"P_1ID":906,"GROUP_NAME":"第五球","SHOWCLS":"green","ODDS":20.10,"NUM":"18","NUM_NAME":"18","CODE":"gxklsf4","SORT":18.0,"STATE":0,"ST":false,"BET_AMT":null,"ODDS_A":0.0,"ODDS_B":0.0,"ODDS_C":0.0},"gxklsf4_19":{"ID":5656,"P_3ID":911,"P_1ID":906,"GROUP_NAME":"第五球","SHOWCLS":"red","ODDS":20.10,"NUM":"19","NUM_NAME":"19","CODE":"gxklsf4","SORT":19.0,"STATE":0,"ST":false,"BET_AMT":null,"ODDS_A":0.0,"ODDS_B":0.0,"ODDS_C":0.0},"gxklsf4_20":{"ID":5657,"P_3ID":911,"P_1ID":906,"GROUP_NAME":"第五球","SHOWCLS":"blue","ODDS":20.10,"NUM":"20","NUM_NAME":"20","CODE":"gxklsf4","SORT":20.0,"STATE":0,"ST":false,"BET_AMT":null,"ODDS_A":0.0,"ODDS_B":0.0,"ODDS_C":0.0},"gxklsf4_21":{"ID":5658,"P_3ID":911,"P_1ID":906,"GROUP_NAME":"第五球","SHOWCLS":"green","ODDS":20.10,"NUM":"21","NUM_NAME":"21","CODE":"gxklsf4","SORT":21.0,"STATE":0,"ST":false,"BET_AMT":null,"ODDS_A":0.0,"ODDS_B":0.0,"ODDS_C":0.0},"gxklsf4_大":{"ID":5659,"P_3ID":911,"P_1ID":906,"GROUP_NAME":"第五球","SHOWCLS":"text","ODDS":1.96,"NUM":"大","NUM_NAME":"大","CODE":"gxklsf4","SORT":22.0,"STATE":0,"ST":false,"BET_AMT":null,"ODDS_A":0.0,"ODDS_B":0.0,"ODDS_C":0.0},"gxklsf4_小":{"ID":5660,"P_3ID":911,"P_1ID":906,"GROUP_NAME":"第五球","SHOWCLS":"text","ODDS":1.96,"NUM":"小","NUM_NAME":"小","CODE":"gxklsf4","SORT":23.0,"STATE":0,"ST":false,"BET_AMT":null,"ODDS_A":0.0,"ODDS_B":0.0,"ODDS_C":0.0},"gxklsf4_单":{"ID":5661,"P_3ID":911,"P_1ID":906,"GROUP_NAME":"第五球","SHOWCLS":"text","ODDS":1.96,"NUM":"单","NUM_NAME":"单","CODE":"gxklsf4","SORT":24.0,"STATE":0,"ST":false,"BET_AMT":null,"ODDS_A":0.0,"ODDS_B":0.0,"ODDS_C":0.0},"gxklsf4_双":{"ID":5662,"P_3ID":911,"P_1ID":906,"GROUP_NAME":"第五球","SHOWCLS":"text","ODDS":1.96,"NUM":"双","NUM_NAME":"双","CODE":"gxklsf4","SORT":25.0,"STATE":0,"ST":false,"BET_AMT":null,"ODDS_A":0.0,"ODDS_B":0.0,"ODDS_C":0.0},"gxklsf4_尾大":{"ID":5663,"P_3ID":911,"P_1ID":906,"GROUP_NAME":"第五球","SHOWCLS":"text","ODDS":1.96,"NUM":"尾大","NUM_NAME":"尾大","CODE":"gxklsf4","SORT":26.0,"STATE":0,"ST":false,"BET_AMT":null,"ODDS_A":0.0,"ODDS_B":0.0,"ODDS_C":0.0},"gxklsf4_尾小":{"ID":5664,"P_3ID":911,"P_1ID":906,"GROUP_NAME":"第五球","SHOWCLS":"text","ODDS":1.96,"NUM":"尾小","NUM_NAME":"尾小","CODE":"gxklsf4","SORT":27.0,"STATE":0,"ST":false,"BET_AMT":null,"ODDS_A":0.0,"ODDS_B":0.0,"ODDS_C":0.0},"gxklsf4_合单":{"ID":5665,"P_3ID":911,"P_1ID":906,"GROUP_NAME":"第五球","SHOWCLS":"text","ODDS":1.96,"NUM":"合单","NUM_NAME":"合单","CODE":"gxklsf4","SORT":28.0,"STATE":0,"ST":false,"BET_AMT":null,"ODDS_A":0.0,"ODDS_B":0.0,"ODDS_C":0.0},"gxklsf4_合双":{"ID":5666,"P_3ID":911,"P_1ID":906,"GROUP_NAME":"第五球","SHOWCLS":"text","ODDS":1.96,"NUM":"合双","NUM_NAME":"合双","CODE":"gxklsf4","SORT":29.0,"STATE":0,"ST":false,"BET_AMT":null,"ODDS_A":0.0,"ODDS_B":0.0,"ODDS_C":0.0},"gxklsf4_春":{"ID":5667,"P_3ID":911,"P_1ID":906,"GROUP_NAME":"第五球","SHOWCLS":"text","ODDS":3.82,"NUM":"春","NUM_NAME":"春","CODE":"gxklsf4","SORT":30.0,"STATE":0,"ST":false,"BET_AMT":null,"ODDS_A":0.0,"ODDS_B":0.0,"ODDS_C":0.0},"gxklsf4_夏":{"ID":5668,"P_3ID":911,"P_1ID":906,"GROUP_NAME":"第五球","SHOWCLS":"text","ODDS":3.82,"NUM":"夏","NUM_NAME":"夏","CODE":"gxklsf4","SORT":31.0,"STATE":0,"ST":false,"BET_AMT":null,"ODDS_A":0.0,"ODDS_B":0.0,"ODDS_C":0.0},"gxklsf4_秋":{"ID":5669,"P_3ID":911,"P_1ID":906,"GROUP_NAME":"第五球","SHOWCLS":"text","ODDS":3.82,"NUM":"秋","NUM_NAME":"秋","CODE":"gxklsf4","SORT":32.0,"STATE":0,"ST":false,"BET_AMT":null,"ODDS_A":0.0,"ODDS_B":0.0,"ODDS_C":0.0},"gxklsf4_冬":{"ID":5670,"P_3ID":911,"P_1ID":906,"GROUP_NAME":"第五球","SHOWCLS":"text","ODDS":3.82,"NUM":"冬","NUM_NAME":"冬","CODE":"gxklsf4","SORT":33.0,"STATE":0,"ST":false,"BET_AMT":null,"ODDS_A":0.0,"ODDS_B":0.0,"ODDS_C":0.0},"gxklsf4_红":{"ID":5671,"P_3ID":911,"P_1ID":906,"GROUP_NAME":"第五球","SHOWCLS":"text","ODDS":2.86,"NUM":"红","NUM_NAME":"红","CODE":"gxklsf4","SORT":34.0,"STATE":0,"ST":false,"BET_AMT":null,"ODDS_A":0.0,"ODDS_B":0.0,"ODDS_C":0.0},"gxklsf4_蓝":{"ID":5672,"P_3ID":911,"P_1ID":906,"GROUP_NAME":"第五球","SHOWCLS":"text","ODDS":2.86,"NUM":"蓝","NUM_NAME":"蓝","CODE":"gxklsf4","SORT":35.0,"STATE":0,"ST":false,"BET_AMT":null,"ODDS_A":0.0,"ODDS_B":0.0,"ODDS_C":0.0},"gxklsf4_绿":{"ID":5673,"P_3ID":911,"P_1ID":906,"GROUP_NAME":"第五球","SHOWCLS":"text","ODDS":2.86,"NUM":"绿","NUM_NAME":"绿","CODE":"gxklsf4","SORT":36.0,"STATE":0,"ST":false,"BET_AMT":null,"ODDS_A":0.0,"ODDS_B":0.0,"ODDS_C":0.0},"gxklsf4_金":{"ID":5674,"P_3ID":911,"P_1ID":906,"GROUP_NAME":"第五球","SHOWCLS":"text","ODDS":5.0,"NUM":"金","NUM_NAME":"金","CODE":"gxklsf4","SORT":37.0,"STATE":0,"ST":false,"BET_AMT":null,"ODDS_A":0.0,"ODDS_B":0.0,"ODDS_C":0.0},"gxklsf4_木":{"ID":5675,"P_3ID":911,"P_1ID":906,"GROUP_NAME":"第五球","SHOWCLS":"text","ODDS":4.0,"NUM":"木","NUM_NAME":"木","CODE":"gxklsf4","SORT":38.0,"STATE":0,"ST":false,"BET_AMT":null,"ODDS_A":0.0,"ODDS_B":0.0,"ODDS_C":0.0},"gxklsf4_水":{"ID":5676,"P_3ID":911,"P_1ID":906,"GROUP_NAME":"第五球","SHOWCLS":"text","ODDS":5.0,"NUM":"水","NUM_NAME":"水","CODE":"gxklsf4","SORT":39.0,"STATE":0,"ST":false,"BET_AMT":null,"ODDS_A":0.0,"ODDS_B":0.0,"ODDS_C":0.0},"gxklsf4_火":{"ID":5677,"P_3ID":911,"P_1ID":906,"GROUP_NAME":"第五球","SHOWCLS":"text","ODDS":5.0,"NUM":"火","NUM_NAME":"火","CODE":"gxklsf4","SORT":40.0,"STATE":0,"ST":false,"BET_AMT":null,"ODDS_A":0.0,"ODDS_B":0.0,"ODDS_C":0.0},"gxklsf4_土":{"ID":5678,"P_3ID":911,"P_1ID":906,"GROUP_NAME":"第五球","SHOWCLS":"text","ODDS":5.0,"NUM":"土","NUM_NAME":"土","CODE":"gxklsf4","SORT":41.0,"STATE":0,"ST":false,"BET_AMT":null,"ODDS_A":0.0,"ODDS_B":0.0,"ODDS_C":0.0}},"gxklsf5":{"gxklsf5_1v2龙":{"ID":5796,"P_3ID":966,"P_1ID":906,"GROUP_NAME":"龙虎","SHOWCLS":"text","ODDS":1.96,"NUM":"1v2龙","NUM_NAME":"1v2龙","CODE":"gxklsf5","SORT":1.0,"STATE":0,"ST":false,"BET_AMT":null,"ODDS_A":0.0,"ODDS_B":0.0,"ODDS_C":0.0},"gxklsf5_1v2虎":{"ID":5797,"P_3ID":966,"P_1ID":906,"GROUP_NAME":"龙虎","SHOWCLS":"text","ODDS":1.96,"NUM":"1v2虎","NUM_NAME":"1v2虎","CODE":"gxklsf5","SORT":2.0,"STATE":0,"ST":false,"BET_AMT":null,"ODDS_A":0.0,"ODDS_B":0.0,"ODDS_C":0.0},"gxklsf5_1v3龙":{"ID":5798,"P_3ID":966,"P_1ID":906,"GROUP_NAME":"龙虎","SHOWCLS":"text","ODDS":1.96,"NUM":"1v3龙","NUM_NAME":"1v3龙","CODE":"gxklsf5","SORT":3.0,"STATE":0,"ST":false,"BET_AMT":null,"ODDS_A":0.0,"ODDS_B":0.0,"ODDS_C":0.0},"gxklsf5_1v3虎":{"ID":5799,"P_3ID":966,"P_1ID":906,"GROUP_NAME":"龙虎","SHOWCLS":"text","ODDS":1.96,"NUM":"1v3虎","NUM_NAME":"1v3虎","CODE":"gxklsf5","SORT":4.0,"STATE":0,"ST":false,"BET_AMT":null,"ODDS_A":0.0,"ODDS_B":0.0,"ODDS_C":0.0},"gxklsf5_1v4龙":{"ID":5800,"P_3ID":966,"P_1ID":906,"GROUP_NAME":"龙虎","SHOWCLS":"text","ODDS":1.96,"NUM":"1v4龙","NUM_NAME":"1v4龙","CODE":"gxklsf5","SORT":5.0,"STATE":0,"ST":false,"BET_AMT":null,"ODDS_A":0.0,"ODDS_B":0.0,"ODDS_C":0.0},"gxklsf5_1v4虎":{"ID":5801,"P_3ID":966,"P_1ID":906,"GROUP_NAME":"龙虎","SHOWCLS":"text","ODDS":1.96,"NUM":"1v4虎","NUM_NAME":"1v4虎","CODE":"gxklsf5","SORT":6.0,"STATE":0,"ST":false,"BET_AMT":null,"ODDS_A":0.0,"ODDS_B":0.0,"ODDS_C":0.0},"gxklsf5_1v5龙":{"ID":5802,"P_3ID":966,"P_1ID":906,"GROUP_NAME":"龙虎","SHOWCLS":"text","ODDS":1.96,"NUM":"1v5龙","NUM_NAME":"1v5龙","CODE":"gxklsf5","SORT":7.0,"STATE":0,"ST":false,"BET_AMT":null,"ODDS_A":0.0,"ODDS_B":0.0,"ODDS_C":0.0},"gxklsf5_1v5虎":{"ID":5803,"P_3ID":966,"P_1ID":906,"GROUP_NAME":"龙虎","SHOWCLS":"text","ODDS":1.96,"NUM":"1v5虎","NUM_NAME":"1v5虎","CODE":"gxklsf5","SORT":8.0,"STATE":0,"ST":false,"BET_AMT":null,"ODDS_A":0.0,"ODDS_B":0.0,"ODDS_C":0.0},"gxklsf5_2v3龙":{"ID":5804,"P_3ID":966,"P_1ID":906,"GROUP_NAME":"龙虎","SHOWCLS":"text","ODDS":1.96,"NUM":"2v3龙","NUM_NAME":"2v3龙","CODE":"gxklsf5","SORT":9.0,"STATE":0,"ST":false,"BET_AMT":null,"ODDS_A":0.0,"ODDS_B":0.0,"ODDS_C":0.0},"gxklsf5_2v3虎":{"ID":5805,"P_3ID":966,"P_1ID":906,"GROUP_NAME":"龙虎","SHOWCLS":"text","ODDS":1.96,"NUM":"2v3虎","NUM_NAME":"2v3虎","CODE":"gxklsf5","SORT":10.0,"STATE":0,"ST":false,"BET_AMT":null,"ODDS_A":0.0,"ODDS_B":0.0,"ODDS_C":0.0},"gxklsf5_2v4龙":{"ID":5806,"P_3ID":966,"P_1ID":906,"GROUP_NAME":"龙虎","SHOWCLS":"text","ODDS":1.96,"NUM":"2v4龙","NUM_NAME":"2v4龙","CODE":"gxklsf5","SORT":11.0,"STATE":0,"ST":false,"BET_AMT":null,"ODDS_A":0.0,"ODDS_B":0.0,"ODDS_C":0.0},"gxklsf5_2v4虎":{"ID":5807,"P_3ID":966,"P_1ID":906,"GROUP_NAME":"龙虎","SHOWCLS":"text","ODDS":1.96,"NUM":"2v4虎","NUM_NAME":"2v4虎","CODE":"gxklsf5","SORT":12.0,"STATE":0,"ST":false,"BET_AMT":null,"ODDS_A":0.0,"ODDS_B":0.0,"ODDS_C":0.0},"gxklsf5_2v5龙":{"ID":5808,"P_3ID":966,"P_1ID":906,"GROUP_NAME":"龙虎","SHOWCLS":"text","ODDS":1.96,"NUM":"2v5龙","NUM_NAME":"2v5龙","CODE":"gxklsf5","SORT":13.0,"STATE":0,"ST":false,"BET_AMT":null,"ODDS_A":0.0,"ODDS_B":0.0,"ODDS_C":0.0},"gxklsf5_2v5虎":{"ID":5809,"P_3ID":966,"P_1ID":906,"GROUP_NAME":"龙虎","SHOWCLS":"text","ODDS":1.96,"NUM":"2v5虎","NUM_NAME":"2v5虎","CODE":"gxklsf5","SORT":14.0,"STATE":0,"ST":false,"BET_AMT":null,"ODDS_A":0.0,"ODDS_B":0.0,"ODDS_C":0.0},"gxklsf5_3v4龙":{"ID":5810,"P_3ID":966,"P_1ID":906,"GROUP_NAME":"龙虎","SHOWCLS":"text","ODDS":1.96,"NUM":"3v4龙","NUM_NAME":"3v4龙","CODE":"gxklsf5","SORT":15.0,"STATE":0,"ST":false,"BET_AMT":null,"ODDS_A":0.0,"ODDS_B":0.0,"ODDS_C":0.0},"gxklsf5_3v4虎":{"ID":5811,"P_3ID":966,"P_1ID":906,"GROUP_NAME":"龙虎","SHOWCLS":"text","ODDS":1.96,"NUM":"3v4虎","NUM_NAME":"3v4虎","CODE":"gxklsf5","SORT":16.0,"STATE":0,"ST":false,"BET_AMT":null,"ODDS_A":0.0,"ODDS_B":0.0,"ODDS_C":0.0},"gxklsf5_3v5龙":{"ID":5812,"P_3ID":966,"P_1ID":906,"GROUP_NAME":"龙虎","SHOWCLS":"text","ODDS":1.96,"NUM":"3v5龙","NUM_NAME":"3v5龙","CODE":"gxklsf5","SORT":17.0,"STATE":0,"ST":false,"BET_AMT":null,"ODDS_A":0.0,"ODDS_B":0.0,"ODDS_C":0.0},"gxklsf5_3v5虎":{"ID":5813,"P_3ID":966,"P_1ID":906,"GROUP_NAME":"龙虎","SHOWCLS":"text","ODDS":1.96,"NUM":"3v5虎","NUM_NAME":"3v5虎","CODE":"gxklsf5","SORT":18.0,"STATE":0,"ST":false,"BET_AMT":null,"ODDS_A":0.0,"ODDS_B":0.0,"ODDS_C":0.0},"gxklsf5_4v5龙":{"ID":5814,"P_3ID":966,"P_1ID":906,"GROUP_NAME":"龙虎","SHOWCLS":"text","ODDS":1.96,"NUM":"4v5龙","NUM_NAME":"4v5龙","CODE":"gxklsf5","SORT":19.0,"STATE":0,"ST":false,"BET_AMT":null,"ODDS_A":0.0,"ODDS_B":0.0,"ODDS_C":0.0},"gxklsf5_4v5虎":{"ID":5815,"P_3ID":966,"P_1ID":906,"GROUP_NAME":"龙虎","SHOWCLS":"text","ODDS":1.96,"NUM":"4v5虎","NUM_NAME":"4v5虎","CODE":"gxklsf5","SORT":20.0,"STATE":0,"ST":false,"BET_AMT":null,"ODDS_A":0.0,"ODDS_B":0.0,"ODDS_C":0.0}},"gxklsf6":{"gxklsf6_1":{"ID":5690,"P_3ID":913,"P_1ID":906,"GROUP_NAME":"正码","SHOWCLS":"blue","ODDS":3.80,"NUM":"1","NUM_NAME":"1","CODE":"gxklsf6","SORT":1.0,"STATE":0,"ST":false,"BET_AMT":null,"ODDS_A":0.0,"ODDS_B":0.0,"ODDS_C":0.0},"gxklsf6_2":{"ID":5691,"P_3ID":913,"P_1ID":906,"GROUP_NAME":"正码","SHOWCLS":"blue","ODDS":3.80,"NUM":"2","NUM_NAME":"2","CODE":"gxklsf6","SORT":2.0,"STATE":0,"ST":false,"BET_AMT":null,"ODDS_A":0.0,"ODDS_B":0.0,"ODDS_C":0.0},"gxklsf6_3":{"ID":5692,"P_3ID":913,"P_1ID":906,"GROUP_NAME":"正码","SHOWCLS":"blue","ODDS":3.80,"NUM":"3","NUM_NAME":"3","CODE":"gxklsf6","SORT":3.0,"STATE":0,"ST":false,"BET_AMT":null,"ODDS_A":0.0,"ODDS_B":0.0,"ODDS_C":0.0},"gxklsf6_4":{"ID":5693,"P_3ID":913,"P_1ID":906,"GROUP_NAME":"正码","SHOWCLS":"blue","ODDS":3.80,"NUM":"4","NUM_NAME":"4","CODE":"gxklsf6","SORT":4.0,"STATE":0,"ST":false,"BET_AMT":null,"ODDS_A":0.0,"ODDS_B":0.0,"ODDS_C":0.0},"gxklsf6_5":{"ID":5694,"P_3ID":913,"P_1ID":906,"GROUP_NAME":"正码","SHOWCLS":"blue","ODDS":3.80,"NUM":"5","NUM_NAME":"5","CODE":"gxklsf6","SORT":5.0,"STATE":0,"ST":false,"BET_AMT":null,"ODDS_A":0.0,"ODDS_B":0.0,"ODDS_C":0.0},"gxklsf6_6":{"ID":5695,"P_3ID":913,"P_1ID":906,"GROUP_NAME":"正码","SHOWCLS":"blue","ODDS":3.80,"NUM":"6","NUM_NAME":"6","CODE":"gxklsf6","SORT":6.0,"STATE":0,"ST":false,"BET_AMT":null,"ODDS_A":0.0,"ODDS_B":0.0,"ODDS_C":0.0},"gxklsf6_7":{"ID":5696,"P_3ID":913,"P_1ID":906,"GROUP_NAME":"正码","SHOWCLS":"blue","ODDS":3.80,"NUM":"7","NUM_NAME":"7","CODE":"gxklsf6","SORT":7.0,"STATE":0,"ST":false,"BET_AMT":null,"ODDS_A":0.0,"ODDS_B":0.0,"ODDS_C":0.0},"gxklsf6_8":{"ID":5697,"P_3ID":913,"P_1ID":906,"GROUP_NAME":"正码","SHOWCLS":"blue","ODDS":3.80,"NUM":"8","NUM_NAME":"8","CODE":"gxklsf6","SORT":8.0,"STATE":0,"ST":false,"BET_AMT":null,"ODDS_A":0.0,"ODDS_B":0.0,"ODDS_C":0.0},"gxklsf6_9":{"ID":5698,"P_3ID":913,"P_1ID":906,"GROUP_NAME":"正码","SHOWCLS":"blue","ODDS":3.80,"NUM":"9","NUM_NAME":"9","CODE":"gxklsf6","SORT":9.0,"STATE":0,"ST":false,"BET_AMT":null,"ODDS_A":0.0,"ODDS_B":0.0,"ODDS_C":0.0},"gxklsf6_10":{"ID":5699,"P_3ID":913,"P_1ID":906,"GROUP_NAME":"正码","SHOWCLS":"blue","ODDS":3.80,"NUM":"10","NUM_NAME":"10","CODE":"gxklsf6","SORT":10.0,"STATE":0,"ST":false,"BET_AMT":null,"ODDS_A":0.0,"ODDS_B":0.0,"ODDS_C":0.0},"gxklsf6_11":{"ID":5700,"P_3ID":913,"P_1ID":906,"GROUP_NAME":"正码","SHOWCLS":"blue","ODDS":3.80,"NUM":"11","NUM_NAME":"11","CODE":"gxklsf6","SORT":11.0,"STATE":0,"ST":false,"BET_AMT":null,"ODDS_A":0.0,"ODDS_B":0.0,"ODDS_C":0.0},"gxklsf6_12":{"ID":5701,"P_3ID":913,"P_1ID":906,"GROUP_NAME":"正码","SHOWCLS":"blue","ODDS":3.80,"NUM":"12","NUM_NAME":"12","CODE":"gxklsf6","SORT":12.0,"STATE":0,"ST":false,"BET_AMT":null,"ODDS_A":0.0,"ODDS_B":0.0,"ODDS_C":0.0},"gxklsf6_13":{"ID":5702,"P_3ID":913,"P_1ID":906,"GROUP_NAME":"正码","SHOWCLS":"blue","ODDS":3.80,"NUM":"13","NUM_NAME":"13","CODE":"gxklsf6","SORT":13.0,"STATE":0,"ST":false,"BET_AMT":null,"ODDS_A":0.0,"ODDS_B":0.0,"ODDS_C":0.0},"gxklsf6_14":{"ID":5703,"P_3ID":913,"P_1ID":906,"GROUP_NAME":"正码","SHOWCLS":"blue","ODDS":3.80,"NUM":"14","NUM_NAME":"14","CODE":"gxklsf6","SORT":14.0,"STATE":0,"ST":false,"BET_AMT":null,"ODDS_A":0.0,"ODDS_B":0.0,"ODDS_C":0.0},"gxklsf6_15":{"ID":5704,"P_3ID":913,"P_1ID":906,"GROUP_NAME":"正码","SHOWCLS":"blue","ODDS":3.80,"NUM":"15","NUM_NAME":"15","CODE":"gxklsf6","SORT":15.0,"STATE":0,"ST":false,"BET_AMT":null,"ODDS_A":0.0,"ODDS_B":0.0,"ODDS_C":0.0},"gxklsf6_16":{"ID":5705,"P_3ID":913,"P_1ID":906,"GROUP_NAME":"正码","SHOWCLS":"blue","ODDS":3.80,"NUM":"16","NUM_NAME":"16","CODE":"gxklsf6","SORT":16.0,"STATE":0,"ST":false,"BET_AMT":null,"ODDS_A":0.0,"ODDS_B":0.0,"ODDS_C":0.0},"gxklsf6_17":{"ID":5706,"P_3ID":913,"P_1ID":906,"GROUP_NAME":"正码","SHOWCLS":"blue","ODDS":3.80,"NUM":"17","NUM_NAME":"17","CODE":"gxklsf6","SORT":17.0,"STATE":0,"ST":false,"BET_AMT":null,"ODDS_A":0.0,"ODDS_B":0.0,"ODDS_C":0.0},"gxklsf6_18":{"ID":5707,"P_3ID":913,"P_1ID":906,"GROUP_NAME":"正码","SHOWCLS":"blue","ODDS":3.80,"NUM":"18","NUM_NAME":"18","CODE":"gxklsf6","SORT":18.0,"STATE":0,"ST":false,"BET_AMT":null,"ODDS_A":0.0,"ODDS_B":0.0,"ODDS_C":0.0},"gxklsf6_19":{"ID":5708,"P_3ID":913,"P_1ID":906,"GROUP_NAME":"正码","SHOWCLS":"blue","ODDS":3.80,"NUM":"19","NUM_NAME":"19","CODE":"gxklsf6","SORT":19.0,"STATE":0,"ST":false,"BET_AMT":null,"ODDS_A":0.0,"ODDS_B":0.0,"ODDS_C":0.0},"gxklsf6_20":{"ID":5709,"P_3ID":913,"P_1ID":906,"GROUP_NAME":"正码","SHOWCLS":"blue","ODDS":3.80,"NUM":"20","NUM_NAME":"20","CODE":"gxklsf6","SORT":20.0,"STATE":0,"ST":false,"BET_AMT":null,"ODDS_A":0.0,"ODDS_B":0.0,"ODDS_C":0.0},"gxklsf6_21":{"ID":5710,"P_3ID":913,"P_1ID":906,"GROUP_NAME":"正码","SHOWCLS":"blue","ODDS":3.80,"NUM":"21","NUM_NAME":"21","CODE":"gxklsf6","SORT":21.0,"STATE":0,"ST":false,"BET_AMT":null,"ODDS_A":0.0,"ODDS_B":0.0,"ODDS_C":0.0}},"gxklsf7":{"gxklsf7_大":{"ID":5684,"P_3ID":912,"P_1ID":906,"GROUP_NAME":"总和","SHOWCLS":"red","ODDS":1.96,"NUM":"大","NUM_NAME":"总和大","CODE":"gxklsf7","SORT":1.0,"STATE":0,"ST":false,"BET_AMT":null,"ODDS_A":0.0,"ODDS_B":0.0,"ODDS_C":0.0},"gxklsf7_小":{"ID":5685,"P_3ID":912,"P_1ID":906,"GROUP_NAME":"总和","SHOWCLS":"green","ODDS":1.96,"NUM":"小","NUM_NAME":"总和小","CODE":"gxklsf7","SORT":2.0,"STATE":0,"ST":false,"BET_AMT":null,"ODDS_A":0.0,"ODDS_B":0.0,"ODDS_C":0.0},"gxklsf7_单":{"ID":5686,"P_3ID":912,"P_1ID":906,"GROUP_NAME":"总和","SHOWCLS":"red","ODDS":1.96,"NUM":"单","NUM_NAME":"总和单","CODE":"gxklsf7","SORT":3.0,"STATE":0,"ST":false,"BET_AMT":null,"ODDS_A":0.0,"ODDS_B":0.0,"ODDS_C":0.0},"gxklsf7_双":{"ID":5687,"P_3ID":912,"P_1ID":906,"GROUP_NAME":"总和","SHOWCLS":"green","ODDS":1.96,"NUM":"双","NUM_NAME":"总和双","CODE":"gxklsf7","SORT":4.0,"STATE":0,"ST":false,"BET_AMT":null,"ODDS_A":0.0,"ODDS_B":0.0,"ODDS_C":0.0},"gxklsf7_尾大":{"ID":5688,"P_3ID":912,"P_1ID":906,"GROUP_NAME":"总和","SHOWCLS":"red","ODDS":1.96,"NUM":"尾大","NUM_NAME":"总和尾大","CODE":"gxklsf7","SORT":5.0,"STATE":0,"ST":false,"BET_AMT":null,"ODDS_A":0.0,"ODDS_B":0.0,"ODDS_C":0.0},"gxklsf7_尾小":{"ID":5689,"P_3ID":912,"P_1ID":906,"GROUP_NAME":"总和","SHOWCLS":"green","ODDS":1.96,"NUM":"尾小","NUM_NAME":"总和尾小","CODE":"gxklsf7","SORT":6.0,"STATE":0,"ST":false,"BET_AMT":null,"ODDS_A":0.0,"ODDS_B":0.0,"ODDS_C":0.0}}}
