{"gzk30":{"gzk30_3":{"ID":7824,"P_3ID":1759,"P_1ID":1707,"GROUP_NAME":"和值点数","SHOWCLS":"text","ODDS":200.0,"NUM":"3","NUM_NAME":"3点","CODE":"gzk30","SORT":0.0,"STATE":0,"ST":false,"BET_AMT":null,"ODDS_A":0.0,"ODDS_B":0.0,"ODDS_C":0.0},"gzk30_4":{"ID":7808,"P_3ID":1759,"P_1ID":1707,"GROUP_NAME":"和值点数","SHOWCLS":"text","ODDS":62.0,"NUM":"4","NUM_NAME":"4点","CODE":"gzk30","SORT":1.0,"STATE":0,"ST":false,"BET_AMT":null,"ODDS_A":0.0,"ODDS_B":0.0,"ODDS_C":0.0},"gzk30_5":{"ID":7809,"P_3ID":1759,"P_1ID":1707,"GROUP_NAME":"和值点数","SHOWCLS":"text","ODDS":32.50,"NUM":"5","NUM_NAME":"5点","CODE":"gzk30","SORT":2.0,"STATE":0,"ST":false,"BET_AMT":null,"ODDS_A":0.0,"ODDS_B":0.0,"ODDS_C":0.0},"gzk30_6":{"ID":7810,"P_3ID":1759,"P_1ID":1707,"GROUP_NAME":"和值点数","SHOWCLS":"text","ODDS":20.50,"NUM":"6","NUM_NAME":"6点","CODE":"gzk30","SORT":3.0,"STATE":0,"ST":false,"BET_AMT":null,"ODDS_A":0.0,"ODDS_B":0.0,"ODDS_C":0.0},"gzk30_7":{"ID":7811,"P_3ID":1759,"P_1ID":1707,"GROUP_NAME":"和值点数","SHOWCLS":"text","ODDS":12.50,"NUM":"7","NUM_NAME":"7点","CODE":"gzk30","SORT":4.0,"STATE":0,"ST":false,"BET_AMT":null,"ODDS_A":0.0,"ODDS_B":0.0,"ODDS_C":0.0},"gzk30_8":{"ID":7812,"P_3ID":1759,"P_1ID":1707,"GROUP_NAME":"和值点数","SHOWCLS":"text","ODDS":9.50,"NUM":"8","NUM_NAME":"8点","CODE":"gzk30","SORT":5.0,"STATE":0,"ST":false,"BET_AMT":null,"ODDS_A":0.0,"ODDS_B":0.0,"ODDS_C":0.0},"gzk30_9":{"ID":7813,"P_3ID":1759,"P_1ID":1707,"GROUP_NAME":"和值点数","SHOWCLS":"text","ODDS":8.50,"NUM":"9","NUM_NAME":"9点","CODE":"gzk30","SORT":6.0,"STATE":0,"ST":false,"BET_AMT":null,"ODDS_A":0.0,"ODDS_B":0.0,"ODDS_C":0.0},"gzk30_10":{"ID":7814,"P_3ID":1759,"P_1ID":1707,"GROUP_NAME":"和值点数","SHOWCLS":"text","ODDS":7.50,"NUM":"10","NUM_NAME":"10点","CODE":"gzk30","SORT":7.0,"STATE":0,"ST":false,"BET_AMT":null,"ODDS_A":0.0,"ODDS_B":0.0,"ODDS_C":0.0},"gzk30_11":{"ID":7815,"P_3ID":1759,"P_1ID":1707,"GROUP_NAME":"和值点数","SHOWCLS":"text","ODDS":7.50,"NUM":"11","NUM_NAME":"11点","CODE":"gzk30","SORT":8.0,"STATE":0,"ST":false,"BET_AMT":null,"ODDS_A":0.0,"ODDS_B":0.0,"ODDS_C":0.0},"gzk30_12":{"ID":7816,"P_3ID":1759,"P_1ID":1707,"GROUP_NAME":"和值点数","SHOWCLS":"text","ODDS":8.50,"NUM":"12","NUM_NAME":"12点","CODE":"gzk30","SORT":9.0,"STATE":0,"ST":false,"BET_AMT":null,"ODDS_A":0.0,"ODDS_B":0.0,"ODDS_C":0.0},"gzk30_13":{"ID":7817,"P_3ID":1759,"P_1ID":1707,"GROUP_NAME":"和值点数","SHOWCLS":"text","ODDS":9.50,"NUM":"13","NUM_NAME":"13点","CODE":"gzk30","SORT":10.0,"STATE":0,"ST":false,"BET_AMT":null,"ODDS_A":0.0,"ODDS_B":0.0,"ODDS_C":0.0},"gzk30_14":{"ID":7818,"P_3ID":1759,"P_1ID":1707,"GROUP_NAME":"和值点数","SHOWCLS":"text","ODDS":12.50,"NUM":"14","NUM_NAME":"14点","CODE":"gzk30","SORT":11.0,"STATE":0,"ST":false,"BET_AMT":null,"ODDS_A":0.0,"ODDS_B":0.0,"ODDS_C":0.0},"gzk30_15":{"ID":7819,"P_3ID":1759,"P_1ID":1707,"GROUP_NAME":"和值点数","SHOWCLS":"text","ODDS":20.50,"NUM":"15","NUM_NAME":"15点","CODE":"gzk30","SORT":12.0,"STATE":0,"ST":false,"BET_AMT":null,"ODDS_A":0.0,"ODDS_B":0.0,"ODDS_C":0.0},"gzk30_16":{"ID":7820,"P_3ID":1759,"P_1ID":1707,"GROUP_NAME":"和值点数","SHOWCLS":"text","ODDS":32.50,"NUM":"16","NUM_NAME":"16点","CODE":"gzk30","SORT":13.0,"STATE":0,"ST":false,"BET_AMT":null,"ODDS_A":0.0,"ODDS_B":0.0,"ODDS_C":0.0},"gzk30_17":{"ID":7821,"P_3ID":1759,"P_1ID":1707,"GROUP_NAME":"和值点数","SHOWCLS":"text","ODDS":62.0,"NUM":"17","NUM_NAME":"17点","CODE":"gzk30","SORT":14.0,"STATE":0,"ST":false,"BET_AMT":null,"ODDS_A":0.0,"ODDS_B":0.0,"ODDS_C":0.0},"gzk30_18":{"ID":7825,"P_3ID":1759,"P_1ID":1707,"GROUP_NAME":"和值点数","SHOWCLS":"text","ODDS":200.0,"NUM":"18","NUM_NAME":"18点","CODE":"gzk30","SORT":15.0,"STATE":0,"ST":false,"BET_AMT":null,"ODDS_A":0.0,"ODDS_B":0.0,"ODDS_C":0.0},"gzk30_大":{"ID":7822,"P_3ID":1759,"P_1ID":1707,"GROUP_NAME":"和值点数","SHOWCLS":"text","ODDS":1.96,"NUM":"大","NUM_NAME":"大","CODE":"gzk30","SORT":16.0,"STATE":0,"ST":false,"BET_AMT":null,"ODDS_A":0.0,"ODDS_B":0.0,"ODDS_C":0.0},"gzk30_小":{"ID":7823,"P_3ID":1759,"P_1ID":1707,"GROUP_NAME":"和值点数","SHOWCLS":"text","ODDS":1.96,"NUM":"小","NUM_NAME":"小","CODE":"gzk30","SORT":17.0,"STATE":0,"ST":false,"BET_AMT":null,"ODDS_A":0.0,"ODDS_B":0.0,"ODDS_C":0.0},"gzk30_单":{"ID":7826,"P_3ID":1759,"P_1ID":1707,"GROUP_NAME":"和值点数","SHOWCLS":"text","ODDS":1.96,"NUM":"单","NUM_NAME":"单","CODE":"gzk30","SORT":18.0,"STATE":0,"ST":false,"BET_AMT":null,"ODDS_A":0.0,"ODDS_B":0.0,"ODDS_C":0.0},"gzk30_双":{"ID":7827,"P_3ID":1759,"P_1ID":1707,"GROUP_NAME":"和值点数","SHOWCLS":"text","ODDS":1.96,"NUM":"双","NUM_NAME":"双","CODE":"gzk30","SORT":19.0,"STATE":0,"ST":false,"BET_AMT":null,"ODDS_A":0.0,"ODDS_B":0.0,"ODDS_C":0.0}},"gzk31":{"gzk31_111":{"ID":7801,"P_3ID":1758,"P_1ID":1707,"GROUP_NAME":"豹子","SHOWCLS":"red","ODDS":200.0,"NUM":"111","NUM_NAME":"1,1,1","CODE":"gzk31","SORT":0.0,"STATE":0,"ST":false,"BET_AMT":null,"ODDS_A":0.0,"ODDS_B":0.0,"ODDS_C":0.0},"gzk31_222":{"ID":7802,"P_3ID":1758,"P_1ID":1707,"GROUP_NAME":"豹子","SHOWCLS":"red","ODDS":200.0,"NUM":"222","NUM_NAME":"2,2,2","CODE":"gzk31","SORT":1.0,"STATE":0,"ST":false,"BET_AMT":null,"ODDS_A":0.0,"ODDS_B":0.0,"ODDS_C":0.0},"gzk31_333":{"ID":7803,"P_3ID":1758,"P_1ID":1707,"GROUP_NAME":"豹子","SHOWCLS":"red","ODDS":200.0,"NUM":"333","NUM_NAME":"3,3,3","CODE":"gzk31","SORT":2.0,"STATE":0,"ST":false,"BET_AMT":null,"ODDS_A":0.0,"ODDS_B":0.0,"ODDS_C":0.0},"gzk31_444":{"ID":7804,"P_3ID":1758,"P_1ID":1707,"GROUP_NAME":"豹子","SHOWCLS":"red","ODDS":200.0,"NUM":"444","NUM_NAME":"4,4,4","CODE":"gzk31","SORT":3.0,"STATE":0,"ST":false,"BET_AMT":null,"ODDS_A":0.0,"ODDS_B":0.0,"ODDS_C":0.0},"gzk31_555":{"ID":7805,"P_3ID":1758,"P_1ID":1707,"GROUP_NAME":"豹子","SHOWCLS":"red","ODDS":200.0,"NUM":"555","NUM_NAME":"5,5,5","CODE":"gzk31","SORT":4.0,"STATE":0,"ST":false,"BET_AMT":null,"ODDS_A":0.0,"ODDS_B":0.0,"ODDS_C":0.0},"gzk31_666":{"ID":7806,"P_3ID":1758,"P_1ID":1707,"GROUP_NAME":"豹子","SHOWCLS":"red","ODDS":200.0,"NUM":"666","NUM_NAME":"6,6,6","CODE":"gzk31","SORT":5.0,"STATE":0,"ST":false,"BET_AMT":null,"ODDS_A":0.0,"ODDS_B":0.0,"ODDS_C":0.0},"gzk31_全骰":{"ID":7807,"P_3ID":1758,"P_1ID":1707,"GROUP_NAME":"豹子","SHOWCLS":"text","ODDS":30.0,"NUM":"全骰","NUM_NAME":"全包豹子","CODE":"gzk31","SORT":6.10,"STATE":0,"ST":false,"BET_AMT":null,"ODDS_A":0.0,"ODDS_B":0.0,"ODDS_C":0.0}},"gzk32":{"gzk32_123":{"ID":7850,"P_3ID":1762,"P_1ID":1707,"GROUP_NAME":"顺子","SHOWCLS":"red","ODDS":33.80,"NUM":"123","NUM_NAME":"1,2,3","CODE":"gzk32","SORT":0.0,"STATE":0,"ST":false,"BET_AMT":null,"ODDS_A":0.0,"ODDS_B":0.0,"ODDS_C":0.0},"gzk32_234":{"ID":7851,"P_3ID":1762,"P_1ID":1707,"GROUP_NAME":"顺子","SHOWCLS":"red","ODDS":33.80,"NUM":"234","NUM_NAME":"2,3,4","CODE":"gzk32","SORT":1.0,"STATE":0,"ST":false,"BET_AMT":null,"ODDS_A":0.0,"ODDS_B":0.0,"ODDS_C":0.0},"gzk32_345":{"ID":7852,"P_3ID":1762,"P_1ID":1707,"GROUP_NAME":"顺子","SHOWCLS":"red","ODDS":33.80,"NUM":"345","NUM_NAME":"3,4,5","CODE":"gzk32","SORT":2.0,"STATE":0,"ST":false,"BET_AMT":null,"ODDS_A":0.0,"ODDS_B":0.0,"ODDS_C":0.0},"gzk32_456":{"ID":7853,"P_3ID":1762,"P_1ID":1707,"GROUP_NAME":"顺子","SHOWCLS":"red","ODDS":33.80,"NUM":"456","NUM_NAME":"4,5,6","CODE":"gzk32","SORT":3.0,"STATE":0,"ST":false,"BET_AMT":null,"ODDS_A":0.0,"ODDS_B":0.0,"ODDS_C":0.0},"gzk32_全包顺子":{"ID":7854,"P_3ID":1762,"P_1ID":1707,"GROUP_NAME":"顺子","SHOWCLS":"text","ODDS":8.50,"NUM":"全包顺子","NUM_NAME":"全包顺子","CODE":"gzk32","SORT":4.10,"STATE":0,"ST":false,"BET_AMT":null,"ODDS_A":0.0,"ODDS_B":0.0,"ODDS_C":0.0}},"gzk33":{"gzk33_11":{"ID":7843,"P_3ID":1761,"P_1ID":1707,"GROUP_NAME":"短牌","SHOWCLS":"red","ODDS":11.50,"NUM":"11","NUM_NAME":"1,1","CODE":"gzk33","SORT":0.0,"STATE":0,"ST":false,"BET_AMT":null,"ODDS_A":0.0,"ODDS_B":0.0,"ODDS_C":0.0},"gzk33_22":{"ID":7844,"P_3ID":1761,"P_1ID":1707,"GROUP_NAME":"短牌","SHOWCLS":"red","ODDS":11.50,"NUM":"22","NUM_NAME":"2,2","CODE":"gzk33","SORT":1.0,"STATE":0,"ST":false,"BET_AMT":null,"ODDS_A":0.0,"ODDS_B":0.0,"ODDS_C":0.0},"gzk33_33":{"ID":7845,"P_3ID":1761,"P_1ID":1707,"GROUP_NAME":"短牌","SHOWCLS":"red","ODDS":11.50,"NUM":"33","NUM_NAME":"3,3","CODE":"gzk33","SORT":2.0,"STATE":0,"ST":false,"BET_AMT":null,"ODDS_A":0.0,"ODDS_B":0.0,"ODDS_C":0.0},"gzk33_44":{"ID":7846,"P_3ID":1761,"P_1ID":1707,"GROUP_NAME":"短牌","SHOWCLS":"red","ODDS":11.50,"NUM":"44","NUM_NAME":"4,4","CODE":"gzk33","SORT":3.0,"STATE":0,"ST":false,"BET_AMT":null,"ODDS_A":0.0,"ODDS_B":0.0,"ODDS_C":0.0},"gzk33_55":{"ID":7847,"P_3ID":1761,"P_1ID":1707,"GROUP_NAME":"短牌","SHOWCLS":"red","ODDS":11.50,"NUM":"55","NUM_NAME":"5,5","CODE":"gzk33","SORT":4.0,"STATE":0,"ST":false,"BET_AMT":null,"ODDS_A":0.0,"ODDS_B":0.0,"ODDS_C":0.0},"gzk33_66":{"ID":7848,"P_3ID":1761,"P_1ID":1707,"GROUP_NAME":"短牌","SHOWCLS":"red","ODDS":11.50,"NUM":"66","NUM_NAME":"6,6","CODE":"gzk33","SORT":5.0,"STATE":0,"ST":false,"BET_AMT":null,"ODDS_A":0.0,"ODDS_B":0.0,"ODDS_C":0.0},"gzk33_全包对子":{"ID":7849,"P_3ID":1761,"P_1ID":1707,"GROUP_NAME":"一对","SHOWCLS":"text","ODDS":1.88,"NUM":"全包对子","NUM_NAME":"全包对子","CODE":"gzk33","SORT":6.10,"STATE":0,"ST":false,"BET_AMT":null,"ODDS_A":0.0,"ODDS_B":0.0,"ODDS_C":0.0}},"gzk34":{"gzk34_12":{"ID":7828,"P_3ID":1760,"P_1ID":1707,"GROUP_NAME":"长牌","SHOWCLS":"red","ODDS":6.70,"NUM":"12","NUM_NAME":"1,2","CODE":"gzk34","SORT":0.0,"STATE":0,"ST":false,"BET_AMT":null,"ODDS_A":0.0,"ODDS_B":0.0,"ODDS_C":0.0},"gzk34_13":{"ID":7829,"P_3ID":1760,"P_1ID":1707,"GROUP_NAME":"长牌","SHOWCLS":"red","ODDS":6.70,"NUM":"13","NUM_NAME":"1,3","CODE":"gzk34","SORT":1.0,"STATE":0,"ST":false,"BET_AMT":null,"ODDS_A":0.0,"ODDS_B":0.0,"ODDS_C":0.0},"gzk34_14":{"ID":7830,"P_3ID":1760,"P_1ID":1707,"GROUP_NAME":"长牌","SHOWCLS":"red","ODDS":6.70,"NUM":"14","NUM_NAME":"1,4","CODE":"gzk34","SORT":2.0,"STATE":0,"ST":false,"BET_AMT":null,"ODDS_A":0.0,"ODDS_B":0.0,"ODDS_C":0.0},"gzk34_15":{"ID":7831,"P_3ID":1760,"P_1ID":1707,"GROUP_NAME":"长牌","SHOWCLS":"red","ODDS":6.70,"NUM":"15","NUM_NAME":"1,5","CODE":"gzk34","SORT":3.0,"STATE":0,"ST":false,"BET_AMT":null,"ODDS_A":0.0,"ODDS_B":0.0,"ODDS_C":0.0},"gzk34_16":{"ID":7832,"P_3ID":1760,"P_1ID":1707,"GROUP_NAME":"长牌","SHOWCLS":"red","ODDS":6.70,"NUM":"16","NUM_NAME":"1,6","CODE":"gzk34","SORT":4.0,"STATE":0,"ST":false,"BET_AMT":null,"ODDS_A":0.0,"ODDS_B":0.0,"ODDS_C":0.0},"gzk34_23":{"ID":7833,"P_3ID":1760,"P_1ID":1707,"GROUP_NAME":"长牌","SHOWCLS":"red","ODDS":6.70,"NUM":"23","NUM_NAME":"2,3","CODE":"gzk34","SORT":5.0,"STATE":0,"ST":false,"BET_AMT":null,"ODDS_A":0.0,"ODDS_B":0.0,"ODDS_C":0.0},"gzk34_24":{"ID":7834,"P_3ID":1760,"P_1ID":1707,"GROUP_NAME":"长牌","SHOWCLS":"red","ODDS":6.70,"NUM":"24","NUM_NAME":"2,4","CODE":"gzk34","SORT":6.0,"STATE":0,"ST":false,"BET_AMT":null,"ODDS_A":0.0,"ODDS_B":0.0,"ODDS_C":0.0},"gzk34_25":{"ID":7835,"P_3ID":1760,"P_1ID":1707,"GROUP_NAME":"长牌","SHOWCLS":"red","ODDS":6.70,"NUM":"25","NUM_NAME":"2,5","CODE":"gzk34","SORT":7.0,"STATE":0,"ST":false,"BET_AMT":null,"ODDS_A":0.0,"ODDS_B":0.0,"ODDS_C":0.0},"gzk34_26":{"ID":7836,"P_3ID":1760,"P_1ID":1707,"GROUP_NAME":"长牌","SHOWCLS":"red","ODDS":6.70,"NUM":"26","NUM_NAME":"2,6","CODE":"gzk34","SORT":8.0,"STATE":0,"ST":false,"BET_AMT":null,"ODDS_A":0.0,"ODDS_B":0.0,"ODDS_C":0.0},"gzk34_34":{"ID":7837,"P_3ID":1760,"P_1ID":1707,"GROUP_NAME":"长牌","SHOWCLS":"red","ODDS":6.70,"NUM":"34","NUM_NAME":"3,4","CODE":"gzk34","SORT":9.0,"STATE":0,"ST":false,"BET_AMT":null,"ODDS_A":0.0,"ODDS_B":0.0,"ODDS_C":0.0},"gzk34_35":{"ID":7838,"P_3ID":1760,"P_1ID":1707,"GROUP_NAME":"长牌","SHOWCLS":"red","ODDS":6.70,"NUM":"35","NUM_NAME":"3,5","CODE":"gzk34","SORT":10.0,"STATE":0,"ST":false,"BET_AMT":null,"ODDS_A":0.0,"ODDS_B":0.0,"ODDS_C":0.0},"gzk34_36":{"ID":7839,"P_3ID":1760,"P_1ID":1707,"GROUP_NAME":"长牌","SHOWCLS":"red","ODDS":6.70,"NUM":"36","NUM_NAME":"3,6","CODE":"gzk34","SORT":11.0,"STATE":0,"ST":false,"BET_AMT":null,"ODDS_A":0.0,"ODDS_B":0.0,"ODDS_C":0.0},"gzk34_45":{"ID":7840,"P_3ID":1760,"P_1ID":1707,"GROUP_NAME":"长牌","SHOWCLS":"red","ODDS":6.70,"NUM":"45","NUM_NAME":"4,5","CODE":"gzk34","SORT":12.0,"STATE":0,"ST":false,"BET_AMT":null,"ODDS_A":0.0,"ODDS_B":0.0,"ODDS_C":0.0},"gzk34_46":{"ID":7841,"P_3ID":1760,"P_1ID":1707,"GROUP_NAME":"长牌","SHOWCLS":"red","ODDS":6.70,"NUM":"46","NUM_NAME":"4,6","CODE":"gzk34","SORT":13.0,"STATE":0,"ST":false,"BET_AMT":null,"ODDS_A":0.0,"ODDS_B":0.0,"ODDS_C":0.0},"gzk34_56":{"ID":7842,"P_3ID":1760,"P_1ID":1707,"GROUP_NAME":"长牌","SHOWCLS":"red","ODDS":6.70,"NUM":"56","NUM_NAME":"5,6","CODE":"gzk34","SORT":14.10,"STATE":0,"ST":false,"BET_AMT":null,"ODDS_A":0.0,"ODDS_B":0.0,"ODDS_C":0.0}},"gzk35":{"gzk35_1":{"ID":7795,"P_3ID":1757,"P_1ID":1707,"GROUP_NAME":"三军","SHOWCLS":"red","ODDS":2.0,"NUM":"1","NUM_NAME":"1","CODE":"gzk35","SORT":0.0,"STATE":0,"ST":false,"BET_AMT":null,"ODDS_A":0.0,"ODDS_B":0.0,"ODDS_C":0.0},"gzk35_2":{"ID":7796,"P_3ID":1757,"P_1ID":1707,"GROUP_NAME":"三军","SHOWCLS":"red","ODDS":2.0,"NUM":"2","NUM_NAME":"2","CODE":"gzk35","SORT":1.0,"STATE":0,"ST":false,"BET_AMT":null,"ODDS_A":0.0,"ODDS_B":0.0,"ODDS_C":0.0},"gzk35_3":{"ID":7797,"P_3ID":1757,"P_1ID":1707,"GROUP_NAME":"三军","SHOWCLS":"red","ODDS":2.0,"NUM":"3","NUM_NAME":"3","CODE":"gzk35","SORT":2.0,"STATE":0,"ST":false,"BET_AMT":null,"ODDS_A":0.0,"ODDS_B":0.0,"ODDS_C":0.0},"gzk35_4":{"ID":7798,"P_3ID":1757,"P_1ID":1707,"GROUP_NAME":"三军","SHOWCLS":"red","ODDS":2.0,"NUM":"4","NUM_NAME":"4","CODE":"gzk35","SORT":3.0,"STATE":0,"ST":false,"BET_AMT":null,"ODDS_A":0.0,"ODDS_B":0.0,"ODDS_C":0.0},"gzk35_5":{"ID":7799,"P_3ID":1757,"P_1ID":1707,"GROUP_NAME":"三军","SHOWCLS":"red","ODDS":2.0,"NUM":"5","NUM_NAME":"5","CODE":"gzk35","SORT":4.0,"STATE":0,"ST":false,"BET_AMT":null,"ODDS_A":0.0,"ODDS_B":0.0,"ODDS_C":0.0},"gzk35_6":{"ID":7800,"P_3ID":1757,"P_1ID":1707,"GROUP_NAME":"三军","SHOWCLS":"red","ODDS":2.0,"NUM":"6","NUM_NAME":"6","CODE":"gzk35","SORT":5.0,"STATE":0,"ST":false,"BET_AMT":null,"ODDS_A":0.0,"ODDS_B":0.0,"ODDS_C":0.0}},"gzk36":{"gzk36_124":{"ID":7869,"P_3ID":1763,"P_1ID":1707,"GROUP_NAME":"杂牌组合","SHOWCLS":"blue","ODDS":32.50,"NUM":"124","NUM_NAME":"1,2,4","CODE":"gzk36","SORT":0.0,"STATE":0,"ST":false,"BET_AMT":null,"ODDS_A":0.0,"ODDS_B":0.0,"ODDS_C":0.0},"gzk36_125":{"ID":7855,"P_3ID":1763,"P_1ID":1707,"GROUP_NAME":"杂牌组合","SHOWCLS":"blue","ODDS":32.50,"NUM":"125","NUM_NAME":"1,2,5","CODE":"gzk36","SORT":1.0,"STATE":0,"ST":false,"BET_AMT":null,"ODDS_A":0.0,"ODDS_B":0.0,"ODDS_C":0.0},"gzk36_126":{"ID":7856,"P_3ID":1763,"P_1ID":1707,"GROUP_NAME":"杂牌组合","SHOWCLS":"blue","ODDS":32.50,"NUM":"126","NUM_NAME":"1,2,6","CODE":"gzk36","SORT":2.0,"STATE":0,"ST":false,"BET_AMT":null,"ODDS_A":0.0,"ODDS_B":0.0,"ODDS_C":0.0},"gzk36_134":{"ID":7857,"P_3ID":1763,"P_1ID":1707,"GROUP_NAME":"杂牌组合","SHOWCLS":"blue","ODDS":32.50,"NUM":"134","NUM_NAME":"1,3,4","CODE":"gzk36","SORT":3.0,"STATE":0,"ST":false,"BET_AMT":null,"ODDS_A":0.0,"ODDS_B":0.0,"ODDS_C":0.0},"gzk36_135":{"ID":7858,"P_3ID":1763,"P_1ID":1707,"GROUP_NAME":"杂牌组合","SHOWCLS":"blue","ODDS":32.50,"NUM":"135","NUM_NAME":"1,3,5","CODE":"gzk36","SORT":4.0,"STATE":0,"ST":false,"BET_AMT":null,"ODDS_A":0.0,"ODDS_B":0.0,"ODDS_C":0.0},"gzk36_136":{"ID":7859,"P_3ID":1763,"P_1ID":1707,"GROUP_NAME":"杂牌组合","SHOWCLS":"blue","ODDS":32.50,"NUM":"136","NUM_NAME":"1,3,6","CODE":"gzk36","SORT":5.0,"STATE":0,"ST":false,"BET_AMT":null,"ODDS_A":0.0,"ODDS_B":0.0,"ODDS_C":0.0},"gzk36_145":{"ID":7860,"P_3ID":1763,"P_1ID":1707,"GROUP_NAME":"杂牌组合","SHOWCLS":"blue","ODDS":32.50,"NUM":"145","NUM_NAME":"1,4,5","CODE":"gzk36","SORT":6.0,"STATE":0,"ST":false,"BET_AMT":null,"ODDS_A":0.0,"ODDS_B":0.0,"ODDS_C":0.0},"gzk36_146":{"ID":7861,"P_3ID":1763,"P_1ID":1707,"GROUP_NAME":"杂牌组合","SHOWCLS":"blue","ODDS":32.50,"NUM":"146","NUM_NAME":"1,4,6","CODE":"gzk36","SORT":7.0,"STATE":0,"ST":false,"BET_AMT":null,"ODDS_A":0.0,"ODDS_B":0.0,"ODDS_C":0.0},"gzk36_235":{"ID":7862,"P_3ID":1763,"P_1ID":1707,"GROUP_NAME":"杂牌组合","SHOWCLS":"blue","ODDS":32.50,"NUM":"235","NUM_NAME":"2,3,5","CODE":"gzk36","SORT":8.0,"STATE":0,"ST":false,"BET_AMT":null,"ODDS_A":0.0,"ODDS_B":0.0,"ODDS_C":0.0},"gzk36_236":{"ID":7863,"P_3ID":1763,"P_1ID":1707,"GROUP_NAME":"杂牌组合","SHOWCLS":"blue","ODDS":32.50,"NUM":"236","NUM_NAME":"2,3,6","CODE":"gzk36","SORT":9.0,"STATE":0,"ST":false,"BET_AMT":null,"ODDS_A":0.0,"ODDS_B":0.0,"ODDS_C":0.0},"gzk36_245":{"ID":7864,"P_3ID":1763,"P_1ID":1707,"GROUP_NAME":"杂牌组合","SHOWCLS":"blue","ODDS":32.50,"NUM":"245","NUM_NAME":"2,4,5","CODE":"gzk36","SORT":10.0,"STATE":0,"ST":false,"BET_AMT":null,"ODDS_A":0.0,"ODDS_B":0.0,"ODDS_C":0.0},"gzk36_246":{"ID":7865,"P_3ID":1763,"P_1ID":1707,"GROUP_NAME":"杂牌组合","SHOWCLS":"blue","ODDS":32.50,"NUM":"246","NUM_NAME":"2,4,6","CODE":"gzk36","SORT":11.0,"STATE":0,"ST":false,"BET_AMT":null,"ODDS_A":0.0,"ODDS_B":0.0,"ODDS_C":0.0},"gzk36_256":{"ID":7866,"P_3ID":1763,"P_1ID":1707,"GROUP_NAME":"杂牌组合","SHOWCLS":"blue","ODDS":32.50,"NUM":"256","NUM_NAME":"2,5,6","CODE":"gzk36","SORT":12.0,"STATE":0,"ST":false,"BET_AMT":null,"ODDS_A":0.0,"ODDS_B":0.0,"ODDS_C":0.0},"gzk36_346":{"ID":7867,"P_3ID":1763,"P_1ID":1707,"GROUP_NAME":"杂牌组合","SHOWCLS":"blue","ODDS":32.50,"NUM":"346","NUM_NAME":"3,4,6","CODE":"gzk36","SORT":13.0,"STATE":0,"ST":false,"BET_AMT":null,"ODDS_A":0.0,"ODDS_B":0.0,"ODDS_C":0.0},"gzk36_356":{"ID":7868,"P_3ID":1763,"P_1ID":1707,"GROUP_NAME":"杂牌组合","SHOWCLS":"blue","ODDS":32.50,"NUM":"356","NUM_NAME":"3,5,6","CODE":"gzk36","SORT":14.10,"STATE":0,"ST":false,"BET_AMT":null,"ODDS_A":0.0,"ODDS_B":0.0,"ODDS_C":0.0}}}
