{"hub11x50":{"hub11x50_1":{"ID":6431,"P_3ID":1157,"P_1ID":1156,"GROUP_NAME":"第一球","SHOWCLS":"blue","ODDS":10.80,"NUM":"1","NUM_NAME":"1","CODE":"hub11x50","SORT":1.0,"STATE":0,"ST":false,"BET_AMT":null,"ODDS_A":0.0,"ODDS_B":0.0,"ODDS_C":0.0},"hub11x50_2":{"ID":6432,"P_3ID":1157,"P_1ID":1156,"GROUP_NAME":"第一球","SHOWCLS":"blue","ODDS":10.80,"NUM":"2","NUM_NAME":"2","CODE":"hub11x50","SORT":2.0,"STATE":0,"ST":false,"BET_AMT":null,"ODDS_A":0.0,"ODDS_B":0.0,"ODDS_C":0.0},"hub11x50_3":{"ID":6433,"P_3ID":1157,"P_1ID":1156,"GROUP_NAME":"第一球","SHOWCLS":"blue","ODDS":10.80,"NUM":"3","NUM_NAME":"3","CODE":"hub11x50","SORT":3.0,"STATE":0,"ST":false,"BET_AMT":null,"ODDS_A":0.0,"ODDS_B":0.0,"ODDS_C":0.0},"hub11x50_4":{"ID":6434,"P_3ID":1157,"P_1ID":1156,"GROUP_NAME":"第一球","SHOWCLS":"blue","ODDS":10.80,"NUM":"4","NUM_NAME":"4","CODE":"hub11x50","SORT":4.0,"STATE":0,"ST":false,"BET_AMT":null,"ODDS_A":0.0,"ODDS_B":0.0,"ODDS_C":0.0},"hub11x50_5":{"ID":6435,"P_3ID":1157,"P_1ID":1156,"GROUP_NAME":"第一球","SHOWCLS":"blue","ODDS":10.80,"NUM":"5","NUM_NAME":"5","CODE":"hub11x50","SORT":5.0,"STATE":0,"ST":false,"BET_AMT":null,"ODDS_A":0.0,"ODDS_B":0.0,"ODDS_C":0.0},"hub11x50_6":{"ID":6436,"P_3ID":1157,"P_1ID":1156,"GROUP_NAME":"第一球","SHOWCLS":"blue","ODDS":10.80,"NUM":"6","NUM_NAME":"6","CODE":"hub11x50","SORT":6.0,"STATE":0,"ST":false,"BET_AMT":null,"ODDS_A":0.0,"ODDS_B":0.0,"ODDS_C":0.0},"hub11x50_7":{"ID":6437,"P_3ID":1157,"P_1ID":1156,"GROUP_NAME":"第一球","SHOWCLS":"blue","ODDS":10.80,"NUM":"7","NUM_NAME":"7","CODE":"hub11x50","SORT":7.0,"STATE":0,"ST":false,"BET_AMT":null,"ODDS_A":0.0,"ODDS_B":0.0,"ODDS_C":0.0},"hub11x50_8":{"ID":6438,"P_3ID":1157,"P_1ID":1156,"GROUP_NAME":"第一球","SHOWCLS":"blue","ODDS":10.80,"NUM":"8","NUM_NAME":"8","CODE":"hub11x50","SORT":8.0,"STATE":0,"ST":false,"BET_AMT":null,"ODDS_A":0.0,"ODDS_B":0.0,"ODDS_C":0.0},"hub11x50_9":{"ID":6439,"P_3ID":1157,"P_1ID":1156,"GROUP_NAME":"第一球","SHOWCLS":"blue","ODDS":10.80,"NUM":"9","NUM_NAME":"9","CODE":"hub11x50","SORT":9.0,"STATE":0,"ST":false,"BET_AMT":null,"ODDS_A":0.0,"ODDS_B":0.0,"ODDS_C":0.0},"hub11x50_10":{"ID":6440,"P_3ID":1157,"P_1ID":1156,"GROUP_NAME":"第一球","SHOWCLS":"blue","ODDS":10.80,"NUM":"10","NUM_NAME":"10","CODE":"hub11x50","SORT":10.0,"STATE":0,"ST":false,"BET_AMT":null,"ODDS_A":0.0,"ODDS_B":0.0,"ODDS_C":0.0},"hub11x50_11":{"ID":6441,"P_3ID":1157,"P_1ID":1156,"GROUP_NAME":"第一球","SHOWCLS":"blue","ODDS":10.80,"NUM":"11","NUM_NAME":"11","CODE":"hub11x50","SORT":11.0,"STATE":0,"ST":false,"BET_AMT":null,"ODDS_A":0.0,"ODDS_B":0.0,"ODDS_C":0.0},"hub11x50_大":{"ID":6442,"P_3ID":1157,"P_1ID":1156,"GROUP_NAME":"第一球","SHOWCLS":"text","ODDS":1.96,"NUM":"大","NUM_NAME":"大","CODE":"hub11x50","SORT":12.0,"STATE":0,"ST":false,"BET_AMT":null,"ODDS_A":0.0,"ODDS_B":0.0,"ODDS_C":0.0},"hub11x50_小":{"ID":6443,"P_3ID":1157,"P_1ID":1156,"GROUP_NAME":"第一球","SHOWCLS":"text","ODDS":1.96,"NUM":"小","NUM_NAME":"小","CODE":"hub11x50","SORT":13.0,"STATE":0,"ST":false,"BET_AMT":null,"ODDS_A":0.0,"ODDS_B":0.0,"ODDS_C":0.0},"hub11x50_单":{"ID":6444,"P_3ID":1157,"P_1ID":1156,"GROUP_NAME":"第一球","SHOWCLS":"text","ODDS":1.96,"NUM":"单","NUM_NAME":"单","CODE":"hub11x50","SORT":14.0,"STATE":0,"ST":false,"BET_AMT":null,"ODDS_A":0.0,"ODDS_B":0.0,"ODDS_C":0.0},"hub11x50_双":{"ID":6445,"P_3ID":1157,"P_1ID":1156,"GROUP_NAME":"第一球","SHOWCLS":"text","ODDS":1.96,"NUM":"双","NUM_NAME":"双","CODE":"hub11x50","SORT":15.0,"STATE":0,"ST":false,"BET_AMT":null,"ODDS_A":0.0,"ODDS_B":0.0,"ODDS_C":0.0}},"hub11x51":{"hub11x51_1":{"ID":6446,"P_3ID":1158,"P_1ID":1156,"GROUP_NAME":"第二球","SHOWCLS":"blue","ODDS":10.80,"NUM":"1","NUM_NAME":"1","CODE":"hub11x51","SORT":1.0,"STATE":0,"ST":false,"BET_AMT":null,"ODDS_A":0.0,"ODDS_B":0.0,"ODDS_C":0.0},"hub11x51_2":{"ID":6447,"P_3ID":1158,"P_1ID":1156,"GROUP_NAME":"第二球","SHOWCLS":"blue","ODDS":10.80,"NUM":"2","NUM_NAME":"2","CODE":"hub11x51","SORT":2.0,"STATE":0,"ST":false,"BET_AMT":null,"ODDS_A":0.0,"ODDS_B":0.0,"ODDS_C":0.0},"hub11x51_3":{"ID":6448,"P_3ID":1158,"P_1ID":1156,"GROUP_NAME":"第二球","SHOWCLS":"blue","ODDS":10.80,"NUM":"3","NUM_NAME":"3","CODE":"hub11x51","SORT":3.0,"STATE":0,"ST":false,"BET_AMT":null,"ODDS_A":0.0,"ODDS_B":0.0,"ODDS_C":0.0},"hub11x51_4":{"ID":6449,"P_3ID":1158,"P_1ID":1156,"GROUP_NAME":"第二球","SHOWCLS":"blue","ODDS":10.80,"NUM":"4","NUM_NAME":"4","CODE":"hub11x51","SORT":4.0,"STATE":0,"ST":false,"BET_AMT":null,"ODDS_A":0.0,"ODDS_B":0.0,"ODDS_C":0.0},"hub11x51_5":{"ID":6450,"P_3ID":1158,"P_1ID":1156,"GROUP_NAME":"第二球","SHOWCLS":"blue","ODDS":10.80,"NUM":"5","NUM_NAME":"5","CODE":"hub11x51","SORT":5.0,"STATE":0,"ST":false,"BET_AMT":null,"ODDS_A":0.0,"ODDS_B":0.0,"ODDS_C":0.0},"hub11x51_6":{"ID":6451,"P_3ID":1158,"P_1ID":1156,"GROUP_NAME":"第二球","SHOWCLS":"blue","ODDS":10.80,"NUM":"6","NUM_NAME":"6","CODE":"hub11x51","SORT":6.0,"STATE":0,"ST":false,"BET_AMT":null,"ODDS_A":0.0,"ODDS_B":0.0,"ODDS_C":0.0},"hub11x51_7":{"ID":6452,"P_3ID":1158,"P_1ID":1156,"GROUP_NAME":"第二球","SHOWCLS":"blue","ODDS":10.80,"NUM":"7","NUM_NAME":"7","CODE":"hub11x51","SORT":7.0,"STATE":0,"ST":false,"BET_AMT":null,"ODDS_A":0.0,"ODDS_B":0.0,"ODDS_C":0.0},"hub11x51_8":{"ID":6453,"P_3ID":1158,"P_1ID":1156,"GROUP_NAME":"第二球","SHOWCLS":"blue","ODDS":10.80,"NUM":"8","NUM_NAME":"8","CODE":"hub11x51","SORT":8.0,"STATE":0,"ST":false,"BET_AMT":null,"ODDS_A":0.0,"ODDS_B":0.0,"ODDS_C":0.0},"hub11x51_9":{"ID":6454,"P_3ID":1158,"P_1ID":1156,"GROUP_NAME":"第二球","SHOWCLS":"blue","ODDS":10.80,"NUM":"9","NUM_NAME":"9","CODE":"hub11x51","SORT":9.0,"STATE":0,"ST":false,"BET_AMT":null,"ODDS_A":0.0,"ODDS_B":0.0,"ODDS_C":0.0},"hub11x51_10":{"ID":6455,"P_3ID":1158,"P_1ID":1156,"GROUP_NAME":"第二球","SHOWCLS":"blue","ODDS":10.80,"NUM":"10","NUM_NAME":"10","CODE":"hub11x51","SORT":10.0,"STATE":0,"ST":false,"BET_AMT":null,"ODDS_A":0.0,"ODDS_B":0.0,"ODDS_C":0.0},"hub11x51_11":{"ID":6456,"P_3ID":1158,"P_1ID":1156,"GROUP_NAME":"第二球","SHOWCLS":"blue","ODDS":10.80,"NUM":"11","NUM_NAME":"11","CODE":"hub11x51","SORT":11.0,"STATE":0,"ST":false,"BET_AMT":null,"ODDS_A":0.0,"ODDS_B":0.0,"ODDS_C":0.0},"hub11x51_大":{"ID":6457,"P_3ID":1158,"P_1ID":1156,"GROUP_NAME":"第二球","SHOWCLS":"text","ODDS":1.96,"NUM":"大","NUM_NAME":"大","CODE":"hub11x51","SORT":12.0,"STATE":0,"ST":false,"BET_AMT":null,"ODDS_A":0.0,"ODDS_B":0.0,"ODDS_C":0.0},"hub11x51_小":{"ID":6458,"P_3ID":1158,"P_1ID":1156,"GROUP_NAME":"第二球","SHOWCLS":"text","ODDS":1.96,"NUM":"小","NUM_NAME":"小","CODE":"hub11x51","SORT":13.0,"STATE":0,"ST":false,"BET_AMT":null,"ODDS_A":0.0,"ODDS_B":0.0,"ODDS_C":0.0},"hub11x51_单":{"ID":6459,"P_3ID":1158,"P_1ID":1156,"GROUP_NAME":"第二球","SHOWCLS":"text","ODDS":1.96,"NUM":"单","NUM_NAME":"单","CODE":"hub11x51","SORT":14.0,"STATE":0,"ST":false,"BET_AMT":null,"ODDS_A":0.0,"ODDS_B":0.0,"ODDS_C":0.0},"hub11x51_双":{"ID":6460,"P_3ID":1158,"P_1ID":1156,"GROUP_NAME":"第二球","SHOWCLS":"text","ODDS":1.96,"NUM":"双","NUM_NAME":"双","CODE":"hub11x51","SORT":15.0,"STATE":0,"ST":false,"BET_AMT":null,"ODDS_A":0.0,"ODDS_B":0.0,"ODDS_C":0.0}},"hub11x52":{"hub11x52_1":{"ID":6461,"P_3ID":1159,"P_1ID":1156,"GROUP_NAME":"第三球","SHOWCLS":"blue","ODDS":10.80,"NUM":"1","NUM_NAME":"1","CODE":"hub11x52","SORT":1.0,"STATE":0,"ST":false,"BET_AMT":null,"ODDS_A":0.0,"ODDS_B":0.0,"ODDS_C":0.0},"hub11x52_2":{"ID":6462,"P_3ID":1159,"P_1ID":1156,"GROUP_NAME":"第三球","SHOWCLS":"blue","ODDS":10.80,"NUM":"2","NUM_NAME":"2","CODE":"hub11x52","SORT":2.0,"STATE":0,"ST":false,"BET_AMT":null,"ODDS_A":0.0,"ODDS_B":0.0,"ODDS_C":0.0},"hub11x52_3":{"ID":6463,"P_3ID":1159,"P_1ID":1156,"GROUP_NAME":"第三球","SHOWCLS":"blue","ODDS":10.80,"NUM":"3","NUM_NAME":"3","CODE":"hub11x52","SORT":3.0,"STATE":0,"ST":false,"BET_AMT":null,"ODDS_A":0.0,"ODDS_B":0.0,"ODDS_C":0.0},"hub11x52_4":{"ID":6464,"P_3ID":1159,"P_1ID":1156,"GROUP_NAME":"第三球","SHOWCLS":"blue","ODDS":10.80,"NUM":"4","NUM_NAME":"4","CODE":"hub11x52","SORT":4.0,"STATE":0,"ST":false,"BET_AMT":null,"ODDS_A":0.0,"ODDS_B":0.0,"ODDS_C":0.0},"hub11x52_5":{"ID":6465,"P_3ID":1159,"P_1ID":1156,"GROUP_NAME":"第三球","SHOWCLS":"blue","ODDS":10.80,"NUM":"5","NUM_NAME":"5","CODE":"hub11x52","SORT":5.0,"STATE":0,"ST":false,"BET_AMT":null,"ODDS_A":0.0,"ODDS_B":0.0,"ODDS_C":0.0},"hub11x52_6":{"ID":6466,"P_3ID":1159,"P_1ID":1156,"GROUP_NAME":"第三球","SHOWCLS":"blue","ODDS":10.80,"NUM":"6","NUM_NAME":"6","CODE":"hub11x52","SORT":6.0,"STATE":0,"ST":false,"BET_AMT":null,"ODDS_A":0.0,"ODDS_B":0.0,"ODDS_C":0.0},"hub11x52_7":{"ID":6467,"P_3ID":1159,"P_1ID":1156,"GROUP_NAME":"第三球","SHOWCLS":"blue","ODDS":10.80,"NUM":"7","NUM_NAME":"7","CODE":"hub11x52","SORT":7.0,"STATE":0,"ST":false,"BET_AMT":null,"ODDS_A":0.0,"ODDS_B":0.0,"ODDS_C":0.0},"hub11x52_8":{"ID":6468,"P_3ID":1159,"P_1ID":1156,"GROUP_NAME":"第三球","SHOWCLS":"blue","ODDS":10.80,"NUM":"8","NUM_NAME":"8","CODE":"hub11x52","SORT":8.0,"STATE":0,"ST":false,"BET_AMT":null,"ODDS_A":0.0,"ODDS_B":0.0,"ODDS_C":0.0},"hub11x52_9":{"ID":6469,"P_3ID":1159,"P_1ID":1156,"GROUP_NAME":"第三球","SHOWCLS":"blue","ODDS":10.80,"NUM":"9","NUM_NAME":"9","CODE":"hub11x52","SORT":9.0,"STATE":0,"ST":false,"BET_AMT":null,"ODDS_A":0.0,"ODDS_B":0.0,"ODDS_C":0.0},"hub11x52_10":{"ID":6470,"P_3ID":1159,"P_1ID":1156,"GROUP_NAME":"第三球","SHOWCLS":"blue","ODDS":10.80,"NUM":"10","NUM_NAME":"10","CODE":"hub11x52","SORT":10.0,"STATE":0,"ST":false,"BET_AMT":null,"ODDS_A":0.0,"ODDS_B":0.0,"ODDS_C":0.0},"hub11x52_11":{"ID":6471,"P_3ID":1159,"P_1ID":1156,"GROUP_NAME":"第三球","SHOWCLS":"blue","ODDS":10.80,"NUM":"11","NUM_NAME":"11","CODE":"hub11x52","SORT":11.0,"STATE":0,"ST":false,"BET_AMT":null,"ODDS_A":0.0,"ODDS_B":0.0,"ODDS_C":0.0},"hub11x52_大":{"ID":6472,"P_3ID":1159,"P_1ID":1156,"GROUP_NAME":"第三球","SHOWCLS":"text","ODDS":1.96,"NUM":"大","NUM_NAME":"大","CODE":"hub11x52","SORT":12.0,"STATE":0,"ST":false,"BET_AMT":null,"ODDS_A":0.0,"ODDS_B":0.0,"ODDS_C":0.0},"hub11x52_小":{"ID":6473,"P_3ID":1159,"P_1ID":1156,"GROUP_NAME":"第三球","SHOWCLS":"text","ODDS":1.96,"NUM":"小","NUM_NAME":"小","CODE":"hub11x52","SORT":13.0,"STATE":0,"ST":false,"BET_AMT":null,"ODDS_A":0.0,"ODDS_B":0.0,"ODDS_C":0.0},"hub11x52_单":{"ID":6474,"P_3ID":1159,"P_1ID":1156,"GROUP_NAME":"第三球","SHOWCLS":"text","ODDS":1.96,"NUM":"单","NUM_NAME":"单","CODE":"hub11x52","SORT":14.0,"STATE":0,"ST":false,"BET_AMT":null,"ODDS_A":0.0,"ODDS_B":0.0,"ODDS_C":0.0},"hub11x52_双":{"ID":6475,"P_3ID":1159,"P_1ID":1156,"GROUP_NAME":"第三球","SHOWCLS":"text","ODDS":1.96,"NUM":"双","NUM_NAME":"双","CODE":"hub11x52","SORT":15.0,"STATE":0,"ST":false,"BET_AMT":null,"ODDS_A":0.0,"ODDS_B":0.0,"ODDS_C":0.0}},"hub11x53":{"hub11x53_1":{"ID":6476,"P_3ID":1160,"P_1ID":1156,"GROUP_NAME":"第四球","SHOWCLS":"blue","ODDS":10.80,"NUM":"1","NUM_NAME":"1","CODE":"hub11x53","SORT":1.0,"STATE":0,"ST":false,"BET_AMT":null,"ODDS_A":0.0,"ODDS_B":0.0,"ODDS_C":0.0},"hub11x53_2":{"ID":6477,"P_3ID":1160,"P_1ID":1156,"GROUP_NAME":"第四球","SHOWCLS":"blue","ODDS":10.80,"NUM":"2","NUM_NAME":"2","CODE":"hub11x53","SORT":2.0,"STATE":0,"ST":false,"BET_AMT":null,"ODDS_A":0.0,"ODDS_B":0.0,"ODDS_C":0.0},"hub11x53_3":{"ID":6478,"P_3ID":1160,"P_1ID":1156,"GROUP_NAME":"第四球","SHOWCLS":"blue","ODDS":10.80,"NUM":"3","NUM_NAME":"3","CODE":"hub11x53","SORT":3.0,"STATE":0,"ST":false,"BET_AMT":null,"ODDS_A":0.0,"ODDS_B":0.0,"ODDS_C":0.0},"hub11x53_4":{"ID":6479,"P_3ID":1160,"P_1ID":1156,"GROUP_NAME":"第四球","SHOWCLS":"blue","ODDS":10.80,"NUM":"4","NUM_NAME":"4","CODE":"hub11x53","SORT":4.0,"STATE":0,"ST":false,"BET_AMT":null,"ODDS_A":0.0,"ODDS_B":0.0,"ODDS_C":0.0},"hub11x53_5":{"ID":6480,"P_3ID":1160,"P_1ID":1156,"GROUP_NAME":"第四球","SHOWCLS":"blue","ODDS":10.80,"NUM":"5","NUM_NAME":"5","CODE":"hub11x53","SORT":5.0,"STATE":0,"ST":false,"BET_AMT":null,"ODDS_A":0.0,"ODDS_B":0.0,"ODDS_C":0.0},"hub11x53_6":{"ID":6481,"P_3ID":1160,"P_1ID":1156,"GROUP_NAME":"第四球","SHOWCLS":"blue","ODDS":10.80,"NUM":"6","NUM_NAME":"6","CODE":"hub11x53","SORT":6.0,"STATE":0,"ST":false,"BET_AMT":null,"ODDS_A":0.0,"ODDS_B":0.0,"ODDS_C":0.0},"hub11x53_7":{"ID":6482,"P_3ID":1160,"P_1ID":1156,"GROUP_NAME":"第四球","SHOWCLS":"blue","ODDS":10.80,"NUM":"7","NUM_NAME":"7","CODE":"hub11x53","SORT":7.0,"STATE":0,"ST":false,"BET_AMT":null,"ODDS_A":0.0,"ODDS_B":0.0,"ODDS_C":0.0},"hub11x53_8":{"ID":6483,"P_3ID":1160,"P_1ID":1156,"GROUP_NAME":"第四球","SHOWCLS":"blue","ODDS":10.80,"NUM":"8","NUM_NAME":"8","CODE":"hub11x53","SORT":8.0,"STATE":0,"ST":false,"BET_AMT":null,"ODDS_A":0.0,"ODDS_B":0.0,"ODDS_C":0.0},"hub11x53_9":{"ID":6484,"P_3ID":1160,"P_1ID":1156,"GROUP_NAME":"第四球","SHOWCLS":"blue","ODDS":10.80,"NUM":"9","NUM_NAME":"9","CODE":"hub11x53","SORT":9.0,"STATE":0,"ST":false,"BET_AMT":null,"ODDS_A":0.0,"ODDS_B":0.0,"ODDS_C":0.0},"hub11x53_10":{"ID":6485,"P_3ID":1160,"P_1ID":1156,"GROUP_NAME":"第四球","SHOWCLS":"blue","ODDS":10.80,"NUM":"10","NUM_NAME":"10","CODE":"hub11x53","SORT":10.0,"STATE":0,"ST":false,"BET_AMT":null,"ODDS_A":0.0,"ODDS_B":0.0,"ODDS_C":0.0},"hub11x53_11":{"ID":6486,"P_3ID":1160,"P_1ID":1156,"GROUP_NAME":"第四球","SHOWCLS":"blue","ODDS":10.80,"NUM":"11","NUM_NAME":"11","CODE":"hub11x53","SORT":11.0,"STATE":0,"ST":false,"BET_AMT":null,"ODDS_A":0.0,"ODDS_B":0.0,"ODDS_C":0.0},"hub11x53_大":{"ID":6487,"P_3ID":1160,"P_1ID":1156,"GROUP_NAME":"第四球","SHOWCLS":"text","ODDS":1.96,"NUM":"大","NUM_NAME":"大","CODE":"hub11x53","SORT":12.0,"STATE":0,"ST":false,"BET_AMT":null,"ODDS_A":0.0,"ODDS_B":0.0,"ODDS_C":0.0},"hub11x53_小":{"ID":6488,"P_3ID":1160,"P_1ID":1156,"GROUP_NAME":"第四球","SHOWCLS":"text","ODDS":1.96,"NUM":"小","NUM_NAME":"小","CODE":"hub11x53","SORT":13.0,"STATE":0,"ST":false,"BET_AMT":null,"ODDS_A":0.0,"ODDS_B":0.0,"ODDS_C":0.0},"hub11x53_单":{"ID":6489,"P_3ID":1160,"P_1ID":1156,"GROUP_NAME":"第四球","SHOWCLS":"text","ODDS":1.96,"NUM":"单","NUM_NAME":"单","CODE":"hub11x53","SORT":14.0,"STATE":0,"ST":false,"BET_AMT":null,"ODDS_A":0.0,"ODDS_B":0.0,"ODDS_C":0.0},"hub11x53_双":{"ID":6490,"P_3ID":1160,"P_1ID":1156,"GROUP_NAME":"第四球","SHOWCLS":"text","ODDS":1.96,"NUM":"双","NUM_NAME":"双","CODE":"hub11x53","SORT":15.0,"STATE":0,"ST":false,"BET_AMT":null,"ODDS_A":0.0,"ODDS_B":0.0,"ODDS_C":0.0}},"hub11x54":{"hub11x54_1":{"ID":6491,"P_3ID":1161,"P_1ID":1156,"GROUP_NAME":"第五球","SHOWCLS":"blue","ODDS":10.80,"NUM":"1","NUM_NAME":"1","CODE":"hub11x54","SORT":1.0,"STATE":0,"ST":false,"BET_AMT":null,"ODDS_A":0.0,"ODDS_B":0.0,"ODDS_C":0.0},"hub11x54_2":{"ID":6492,"P_3ID":1161,"P_1ID":1156,"GROUP_NAME":"第五球","SHOWCLS":"blue","ODDS":10.80,"NUM":"2","NUM_NAME":"2","CODE":"hub11x54","SORT":2.0,"STATE":0,"ST":false,"BET_AMT":null,"ODDS_A":0.0,"ODDS_B":0.0,"ODDS_C":0.0},"hub11x54_3":{"ID":6493,"P_3ID":1161,"P_1ID":1156,"GROUP_NAME":"第五球","SHOWCLS":"blue","ODDS":10.80,"NUM":"3","NUM_NAME":"3","CODE":"hub11x54","SORT":3.0,"STATE":0,"ST":false,"BET_AMT":null,"ODDS_A":0.0,"ODDS_B":0.0,"ODDS_C":0.0},"hub11x54_4":{"ID":6494,"P_3ID":1161,"P_1ID":1156,"GROUP_NAME":"第五球","SHOWCLS":"blue","ODDS":10.80,"NUM":"4","NUM_NAME":"4","CODE":"hub11x54","SORT":4.0,"STATE":0,"ST":false,"BET_AMT":null,"ODDS_A":0.0,"ODDS_B":0.0,"ODDS_C":0.0},"hub11x54_5":{"ID":6495,"P_3ID":1161,"P_1ID":1156,"GROUP_NAME":"第五球","SHOWCLS":"blue","ODDS":10.80,"NUM":"5","NUM_NAME":"5","CODE":"hub11x54","SORT":5.0,"STATE":0,"ST":false,"BET_AMT":null,"ODDS_A":0.0,"ODDS_B":0.0,"ODDS_C":0.0},"hub11x54_6":{"ID":6496,"P_3ID":1161,"P_1ID":1156,"GROUP_NAME":"第五球","SHOWCLS":"blue","ODDS":10.80,"NUM":"6","NUM_NAME":"6","CODE":"hub11x54","SORT":6.0,"STATE":0,"ST":false,"BET_AMT":null,"ODDS_A":0.0,"ODDS_B":0.0,"ODDS_C":0.0},"hub11x54_7":{"ID":6497,"P_3ID":1161,"P_1ID":1156,"GROUP_NAME":"第五球","SHOWCLS":"blue","ODDS":10.80,"NUM":"7","NUM_NAME":"7","CODE":"hub11x54","SORT":7.0,"STATE":0,"ST":false,"BET_AMT":null,"ODDS_A":0.0,"ODDS_B":0.0,"ODDS_C":0.0},"hub11x54_8":{"ID":6498,"P_3ID":1161,"P_1ID":1156,"GROUP_NAME":"第五球","SHOWCLS":"blue","ODDS":10.80,"NUM":"8","NUM_NAME":"8","CODE":"hub11x54","SORT":8.0,"STATE":0,"ST":false,"BET_AMT":null,"ODDS_A":0.0,"ODDS_B":0.0,"ODDS_C":0.0},"hub11x54_9":{"ID":6499,"P_3ID":1161,"P_1ID":1156,"GROUP_NAME":"第五球","SHOWCLS":"blue","ODDS":10.80,"NUM":"9","NUM_NAME":"9","CODE":"hub11x54","SORT":9.0,"STATE":0,"ST":false,"BET_AMT":null,"ODDS_A":0.0,"ODDS_B":0.0,"ODDS_C":0.0},"hub11x54_10":{"ID":6500,"P_3ID":1161,"P_1ID":1156,"GROUP_NAME":"第五球","SHOWCLS":"blue","ODDS":10.80,"NUM":"10","NUM_NAME":"10","CODE":"hub11x54","SORT":10.0,"STATE":0,"ST":false,"BET_AMT":null,"ODDS_A":0.0,"ODDS_B":0.0,"ODDS_C":0.0},"hub11x54_11":{"ID":6501,"P_3ID":1161,"P_1ID":1156,"GROUP_NAME":"第五球","SHOWCLS":"blue","ODDS":10.80,"NUM":"11","NUM_NAME":"11","CODE":"hub11x54","SORT":11.0,"STATE":0,"ST":false,"BET_AMT":null,"ODDS_A":0.0,"ODDS_B":0.0,"ODDS_C":0.0},"hub11x54_大":{"ID":6502,"P_3ID":1161,"P_1ID":1156,"GROUP_NAME":"第五球","SHOWCLS":"text","ODDS":1.96,"NUM":"大","NUM_NAME":"大","CODE":"hub11x54","SORT":12.0,"STATE":0,"ST":false,"BET_AMT":null,"ODDS_A":0.0,"ODDS_B":0.0,"ODDS_C":0.0},"hub11x54_小":{"ID":6503,"P_3ID":1161,"P_1ID":1156,"GROUP_NAME":"第五球","SHOWCLS":"text","ODDS":1.96,"NUM":"小","NUM_NAME":"小","CODE":"hub11x54","SORT":13.0,"STATE":0,"ST":false,"BET_AMT":null,"ODDS_A":0.0,"ODDS_B":0.0,"ODDS_C":0.0},"hub11x54_单":{"ID":6504,"P_3ID":1161,"P_1ID":1156,"GROUP_NAME":"第五球","SHOWCLS":"text","ODDS":1.96,"NUM":"单","NUM_NAME":"单","CODE":"hub11x54","SORT":14.0,"STATE":0,"ST":false,"BET_AMT":null,"ODDS_A":0.0,"ODDS_B":0.0,"ODDS_C":0.0},"hub11x54_双":{"ID":6505,"P_3ID":1161,"P_1ID":1156,"GROUP_NAME":"第五球","SHOWCLS":"text","ODDS":1.96,"NUM":"双","NUM_NAME":"双","CODE":"hub11x54","SORT":15.0,"STATE":0,"ST":false,"BET_AMT":null,"ODDS_A":0.0,"ODDS_B":0.0,"ODDS_C":0.0}},"hub11x55":{"hub11x55_前二":{"ID":6506,"P_3ID":1162,"P_1ID":1156,"GROUP_NAME":"直选","SHOWCLS":"text","ODDS":100.0,"NUM":"前二","NUM_NAME":"前二","CODE":"hub11x55","SORT":2.0,"STATE":0,"ST":false,"BET_AMT":null,"ODDS_A":0.0,"ODDS_B":0.0,"ODDS_C":0.0},"hub11x55_前三":{"ID":6507,"P_3ID":1162,"P_1ID":1156,"GROUP_NAME":"直选","SHOWCLS":"text","ODDS":900.0,"NUM":"前三","NUM_NAME":"前三","CODE":"hub11x55","SORT":3.0,"STATE":0,"ST":false,"BET_AMT":null,"ODDS_A":0.0,"ODDS_B":0.0,"ODDS_C":0.0}},"hub11x56":{"hub11x56_前二":{"ID":6508,"P_3ID":1163,"P_1ID":1156,"GROUP_NAME":"组选","SHOWCLS":"text","ODDS":50.0,"NUM":"前二","NUM_NAME":"前二","CODE":"hub11x56","SORT":2.0,"STATE":0,"ST":false,"BET_AMT":null,"ODDS_A":0.0,"ODDS_B":0.0,"ODDS_C":0.0},"hub11x56_前三":{"ID":6509,"P_3ID":1163,"P_1ID":1156,"GROUP_NAME":"组选","SHOWCLS":"text","ODDS":150.0,"NUM":"前三","NUM_NAME":"前三","CODE":"hub11x56","SORT":3.0,"STATE":0,"ST":false,"BET_AMT":null,"ODDS_A":0.0,"ODDS_B":0.0,"ODDS_C":0.0}},"hub11x57":{"hub11x57_一中一":{"ID":6510,"P_3ID":1164,"P_1ID":1156,"GROUP_NAME":"任选","SHOWCLS":"text","ODDS":1.90,"NUM":"一中一","NUM_NAME":"一中一","CODE":"hub11x57","SORT":1.0,"STATE":0,"ST":false,"BET_AMT":null,"ODDS_A":0.0,"ODDS_B":0.0,"ODDS_C":0.0},"hub11x57_二中二":{"ID":6511,"P_3ID":1164,"P_1ID":1156,"GROUP_NAME":"任选","SHOWCLS":"text","ODDS":5.10,"NUM":"二中二","NUM_NAME":"二中二","CODE":"hub11x57","SORT":2.0,"STATE":0,"ST":false,"BET_AMT":null,"ODDS_A":0.0,"ODDS_B":0.0,"ODDS_C":0.0},"hub11x57_三中三":{"ID":6512,"P_3ID":1164,"P_1ID":1156,"GROUP_NAME":"任选","SHOWCLS":"text","ODDS":15.0,"NUM":"三中三","NUM_NAME":"三中三","CODE":"hub11x57","SORT":3.0,"STATE":0,"ST":false,"BET_AMT":null,"ODDS_A":0.0,"ODDS_B":0.0,"ODDS_C":0.0},"hub11x57_四中四":{"ID":6513,"P_3ID":1164,"P_1ID":1156,"GROUP_NAME":"任选","SHOWCLS":"text","ODDS":60.0,"NUM":"四中四","NUM_NAME":"四中四","CODE":"hub11x57","SORT":4.0,"STATE":0,"ST":false,"BET_AMT":null,"ODDS_A":0.0,"ODDS_B":0.0,"ODDS_C":0.0},"hub11x57_五中五":{"ID":6514,"P_3ID":1164,"P_1ID":1156,"GROUP_NAME":"任选","SHOWCLS":"text","ODDS":420.0,"NUM":"五中五","NUM_NAME":"五中五","CODE":"hub11x57","SORT":5.0,"STATE":0,"ST":false,"BET_AMT":null,"ODDS_A":0.0,"ODDS_B":0.0,"ODDS_C":0.0},"hub11x57_六中五":{"ID":6515,"P_3ID":1164,"P_1ID":1156,"GROUP_NAME":"任选","SHOWCLS":"text","ODDS":70.0,"NUM":"六中五","NUM_NAME":"六中五","CODE":"hub11x57","SORT":6.0,"STATE":0,"ST":false,"BET_AMT":null,"ODDS_A":0.0,"ODDS_B":0.0,"ODDS_C":0.0},"hub11x57_七中五":{"ID":6516,"P_3ID":1164,"P_1ID":1156,"GROUP_NAME":"任选","SHOWCLS":"text","ODDS":20.0,"NUM":"七中五","NUM_NAME":"七中五","CODE":"hub11x57","SORT":7.0,"STATE":0,"ST":false,"BET_AMT":null,"ODDS_A":0.0,"ODDS_B":0.0,"ODDS_C":0.0},"hub11x57_八中五":{"ID":6517,"P_3ID":1164,"P_1ID":1156,"GROUP_NAME":"任选","SHOWCLS":"text","ODDS":7.50,"NUM":"八中五","NUM_NAME":"八中五","CODE":"hub11x57","SORT":8.0,"STATE":0,"ST":false,"BET_AMT":null,"ODDS_A":0.0,"ODDS_B":0.0,"ODDS_C":0.0}},"hub11x58":{"hub11x58_总和大":{"ID":6518,"P_3ID":1165,"P_1ID":1156,"GROUP_NAME":"总和-龙虎","SHOWCLS":"text","ODDS":1.96,"NUM":"总和大","NUM_NAME":"总和大","CODE":"hub11x58","SORT":1.0,"STATE":0,"ST":false,"BET_AMT":null,"ODDS_A":0.0,"ODDS_B":0.0,"ODDS_C":0.0},"hub11x58_总和小":{"ID":6519,"P_3ID":1165,"P_1ID":1156,"GROUP_NAME":"总和-龙虎","SHOWCLS":"text","ODDS":1.96,"NUM":"总和小","NUM_NAME":"总和小","CODE":"hub11x58","SORT":2.0,"STATE":0,"ST":false,"BET_AMT":null,"ODDS_A":0.0,"ODDS_B":0.0,"ODDS_C":0.0},"hub11x58_总和单":{"ID":6520,"P_3ID":1165,"P_1ID":1156,"GROUP_NAME":"总和-龙虎","SHOWCLS":"text","ODDS":1.96,"NUM":"总和单","NUM_NAME":"总和单","CODE":"hub11x58","SORT":3.0,"STATE":0,"ST":false,"BET_AMT":null,"ODDS_A":0.0,"ODDS_B":0.0,"ODDS_C":0.0},"hub11x58_总和双":{"ID":6521,"P_3ID":1165,"P_1ID":1156,"GROUP_NAME":"总和-龙虎","SHOWCLS":"text","ODDS":1.96,"NUM":"总和双","NUM_NAME":"总和双","CODE":"hub11x58","SORT":4.0,"STATE":0,"ST":false,"BET_AMT":null,"ODDS_A":0.0,"ODDS_B":0.0,"ODDS_C":0.0},"hub11x58_尾大":{"ID":6522,"P_3ID":1165,"P_1ID":1156,"GROUP_NAME":"总和-龙虎","SHOWCLS":"text","ODDS":1.96,"NUM":"尾大","NUM_NAME":"总尾大","CODE":"hub11x58","SORT":5.0,"STATE":0,"ST":false,"BET_AMT":null,"ODDS_A":0.0,"ODDS_B":0.0,"ODDS_C":0.0},"hub11x58_尾小":{"ID":6523,"P_3ID":1165,"P_1ID":1156,"GROUP_NAME":"总和-龙虎","SHOWCLS":"text","ODDS":1.96,"NUM":"尾小","NUM_NAME":"总尾小","CODE":"hub11x58","SORT":6.0,"STATE":0,"ST":false,"BET_AMT":null,"ODDS_A":0.0,"ODDS_B":0.0,"ODDS_C":0.0},"hub11x58_尾单":{"ID":6524,"P_3ID":1165,"P_1ID":1156,"GROUP_NAME":"总和-龙虎","SHOWCLS":"text","ODDS":1.96,"NUM":"尾单","NUM_NAME":"总尾单","CODE":"hub11x58","SORT":7.0,"STATE":0,"ST":false,"BET_AMT":null,"ODDS_A":0.0,"ODDS_B":0.0,"ODDS_C":0.0},"hub11x58_尾双":{"ID":6525,"P_3ID":1165,"P_1ID":1156,"GROUP_NAME":"总和-龙虎","SHOWCLS":"text","ODDS":1.96,"NUM":"尾双","NUM_NAME":"总尾双","CODE":"hub11x58","SORT":8.0,"STATE":0,"ST":false,"BET_AMT":null,"ODDS_A":0.0,"ODDS_B":0.0,"ODDS_C":0.0},"hub11x58_龙":{"ID":6526,"P_3ID":1165,"P_1ID":1156,"GROUP_NAME":"总和-龙虎","SHOWCLS":"text","ODDS":1.96,"NUM":"龙","NUM_NAME":"龙","CODE":"hub11x58","SORT":9.0,"STATE":0,"ST":false,"BET_AMT":null,"ODDS_A":0.0,"ODDS_B":0.0,"ODDS_C":0.0},"hub11x58_虎":{"ID":6527,"P_3ID":1165,"P_1ID":1156,"GROUP_NAME":"总和-龙虎","SHOWCLS":"text","ODDS":1.96,"NUM":"虎","NUM_NAME":"虎","CODE":"hub11x58","SORT":10.0,"STATE":0,"ST":false,"BET_AMT":null,"ODDS_A":0.0,"ODDS_B":0.0,"ODDS_C":0.0}}}
