{"hubk30":{"hubk30_3":{"ID":7899,"P_3ID":1773,"P_1ID":1709,"GROUP_NAME":"和值点数","SHOWCLS":"text","ODDS":200.0,"NUM":"3","NUM_NAME":"3点","CODE":"hubk30","SORT":0.0,"STATE":0,"ST":false,"BET_AMT":null,"ODDS_A":0.0,"ODDS_B":0.0,"ODDS_C":0.0},"hubk30_4":{"ID":7883,"P_3ID":1773,"P_1ID":1709,"GROUP_NAME":"和值点数","SHOWCLS":"text","ODDS":62.0,"NUM":"4","NUM_NAME":"4点","CODE":"hubk30","SORT":1.0,"STATE":0,"ST":false,"BET_AMT":null,"ODDS_A":0.0,"ODDS_B":0.0,"ODDS_C":0.0},"hubk30_5":{"ID":7884,"P_3ID":1773,"P_1ID":1709,"GROUP_NAME":"和值点数","SHOWCLS":"text","ODDS":32.50,"NUM":"5","NUM_NAME":"5点","CODE":"hubk30","SORT":2.0,"STATE":0,"ST":false,"BET_AMT":null,"ODDS_A":0.0,"ODDS_B":0.0,"ODDS_C":0.0},"hubk30_6":{"ID":7885,"P_3ID":1773,"P_1ID":1709,"GROUP_NAME":"和值点数","SHOWCLS":"text","ODDS":20.50,"NUM":"6","NUM_NAME":"6点","CODE":"hubk30","SORT":3.0,"STATE":0,"ST":false,"BET_AMT":null,"ODDS_A":0.0,"ODDS_B":0.0,"ODDS_C":0.0},"hubk30_7":{"ID":7886,"P_3ID":1773,"P_1ID":1709,"GROUP_NAME":"和值点数","SHOWCLS":"text","ODDS":12.50,"NUM":"7","NUM_NAME":"7点","CODE":"hubk30","SORT":4.0,"STATE":0,"ST":false,"BET_AMT":null,"ODDS_A":0.0,"ODDS_B":0.0,"ODDS_C":0.0},"hubk30_8":{"ID":7887,"P_3ID":1773,"P_1ID":1709,"GROUP_NAME":"和值点数","SHOWCLS":"text","ODDS":9.50,"NUM":"8","NUM_NAME":"8点","CODE":"hubk30","SORT":5.0,"STATE":0,"ST":false,"BET_AMT":null,"ODDS_A":0.0,"ODDS_B":0.0,"ODDS_C":0.0},"hubk30_9":{"ID":7888,"P_3ID":1773,"P_1ID":1709,"GROUP_NAME":"和值点数","SHOWCLS":"text","ODDS":8.50,"NUM":"9","NUM_NAME":"9点","CODE":"hubk30","SORT":6.0,"STATE":0,"ST":false,"BET_AMT":null,"ODDS_A":0.0,"ODDS_B":0.0,"ODDS_C":0.0},"hubk30_10":{"ID":7889,"P_3ID":1773,"P_1ID":1709,"GROUP_NAME":"和值点数","SHOWCLS":"text","ODDS":7.50,"NUM":"10","NUM_NAME":"10点","CODE":"hubk30","SORT":7.0,"STATE":0,"ST":false,"BET_AMT":null,"ODDS_A":0.0,"ODDS_B":0.0,"ODDS_C":0.0},"hubk30_11":{"ID":7890,"P_3ID":1773,"P_1ID":1709,"GROUP_NAME":"和值点数","SHOWCLS":"text","ODDS":7.50,"NUM":"11","NUM_NAME":"11点","CODE":"hubk30","SORT":8.0,"STATE":0,"ST":false,"BET_AMT":null,"ODDS_A":0.0,"ODDS_B":0.0,"ODDS_C":0.0},"hubk30_12":{"ID":7891,"P_3ID":1773,"P_1ID":1709,"GROUP_NAME":"和值点数","SHOWCLS":"text","ODDS":8.50,"NUM":"12","NUM_NAME":"12点","CODE":"hubk30","SORT":9.0,"STATE":0,"ST":false,"BET_AMT":null,"ODDS_A":0.0,"ODDS_B":0.0,"ODDS_C":0.0},"hubk30_13":{"ID":7892,"P_3ID":1773,"P_1ID":1709,"GROUP_NAME":"和值点数","SHOWCLS":"text","ODDS":9.50,"NUM":"13","NUM_NAME":"13点","CODE":"hubk30","SORT":10.0,"STATE":0,"ST":false,"BET_AMT":null,"ODDS_A":0.0,"ODDS_B":0.0,"ODDS_C":0.0},"hubk30_14":{"ID":7893,"P_3ID":1773,"P_1ID":1709,"GROUP_NAME":"和值点数","SHOWCLS":"text","ODDS":12.50,"NUM":"14","NUM_NAME":"14点","CODE":"hubk30","SORT":11.0,"STATE":0,"ST":false,"BET_AMT":null,"ODDS_A":0.0,"ODDS_B":0.0,"ODDS_C":0.0},"hubk30_15":{"ID":7894,"P_3ID":1773,"P_1ID":1709,"GROUP_NAME":"和值点数","SHOWCLS":"text","ODDS":20.50,"NUM":"15","NUM_NAME":"15点","CODE":"hubk30","SORT":12.0,"STATE":0,"ST":false,"BET_AMT":null,"ODDS_A":0.0,"ODDS_B":0.0,"ODDS_C":0.0},"hubk30_16":{"ID":7895,"P_3ID":1773,"P_1ID":1709,"GROUP_NAME":"和值点数","SHOWCLS":"text","ODDS":32.50,"NUM":"16","NUM_NAME":"16点","CODE":"hubk30","SORT":13.0,"STATE":0,"ST":false,"BET_AMT":null,"ODDS_A":0.0,"ODDS_B":0.0,"ODDS_C":0.0},"hubk30_17":{"ID":7896,"P_3ID":1773,"P_1ID":1709,"GROUP_NAME":"和值点数","SHOWCLS":"text","ODDS":62.0,"NUM":"17","NUM_NAME":"17点","CODE":"hubk30","SORT":14.0,"STATE":0,"ST":false,"BET_AMT":null,"ODDS_A":0.0,"ODDS_B":0.0,"ODDS_C":0.0},"hubk30_18":{"ID":7900,"P_3ID":1773,"P_1ID":1709,"GROUP_NAME":"和值点数","SHOWCLS":"text","ODDS":200.0,"NUM":"18","NUM_NAME":"18点","CODE":"hubk30","SORT":15.0,"STATE":0,"ST":false,"BET_AMT":null,"ODDS_A":0.0,"ODDS_B":0.0,"ODDS_C":0.0},"hubk30_大":{"ID":7897,"P_3ID":1773,"P_1ID":1709,"GROUP_NAME":"和值点数","SHOWCLS":"text","ODDS":1.96,"NUM":"大","NUM_NAME":"大","CODE":"hubk30","SORT":16.0,"STATE":0,"ST":false,"BET_AMT":null,"ODDS_A":0.0,"ODDS_B":0.0,"ODDS_C":0.0},"hubk30_小":{"ID":7898,"P_3ID":1773,"P_1ID":1709,"GROUP_NAME":"和值点数","SHOWCLS":"text","ODDS":1.96,"NUM":"小","NUM_NAME":"小","CODE":"hubk30","SORT":17.0,"STATE":0,"ST":false,"BET_AMT":null,"ODDS_A":0.0,"ODDS_B":0.0,"ODDS_C":0.0},"hubk30_单":{"ID":7901,"P_3ID":1773,"P_1ID":1709,"GROUP_NAME":"和值点数","SHOWCLS":"text","ODDS":1.96,"NUM":"单","NUM_NAME":"单","CODE":"hubk30","SORT":18.0,"STATE":0,"ST":false,"BET_AMT":null,"ODDS_A":0.0,"ODDS_B":0.0,"ODDS_C":0.0},"hubk30_双":{"ID":7902,"P_3ID":1773,"P_1ID":1709,"GROUP_NAME":"和值点数","SHOWCLS":"text","ODDS":1.96,"NUM":"双","NUM_NAME":"双","CODE":"hubk30","SORT":19.0,"STATE":0,"ST":false,"BET_AMT":null,"ODDS_A":0.0,"ODDS_B":0.0,"ODDS_C":0.0}},"hubk31":{"hubk31_111":{"ID":7876,"P_3ID":1772,"P_1ID":1709,"GROUP_NAME":"豹子","SHOWCLS":"red","ODDS":200.0,"NUM":"111","NUM_NAME":"1,1,1","CODE":"hubk31","SORT":0.0,"STATE":0,"ST":false,"BET_AMT":null,"ODDS_A":0.0,"ODDS_B":0.0,"ODDS_C":0.0},"hubk31_222":{"ID":7877,"P_3ID":1772,"P_1ID":1709,"GROUP_NAME":"豹子","SHOWCLS":"red","ODDS":200.0,"NUM":"222","NUM_NAME":"2,2,2","CODE":"hubk31","SORT":1.0,"STATE":0,"ST":false,"BET_AMT":null,"ODDS_A":0.0,"ODDS_B":0.0,"ODDS_C":0.0},"hubk31_333":{"ID":7878,"P_3ID":1772,"P_1ID":1709,"GROUP_NAME":"豹子","SHOWCLS":"red","ODDS":200.0,"NUM":"333","NUM_NAME":"3,3,3","CODE":"hubk31","SORT":2.0,"STATE":0,"ST":false,"BET_AMT":null,"ODDS_A":0.0,"ODDS_B":0.0,"ODDS_C":0.0},"hubk31_444":{"ID":7879,"P_3ID":1772,"P_1ID":1709,"GROUP_NAME":"豹子","SHOWCLS":"red","ODDS":200.0,"NUM":"444","NUM_NAME":"4,4,4","CODE":"hubk31","SORT":3.0,"STATE":0,"ST":false,"BET_AMT":null,"ODDS_A":0.0,"ODDS_B":0.0,"ODDS_C":0.0},"hubk31_555":{"ID":7880,"P_3ID":1772,"P_1ID":1709,"GROUP_NAME":"豹子","SHOWCLS":"red","ODDS":200.0,"NUM":"555","NUM_NAME":"5,5,5","CODE":"hubk31","SORT":4.0,"STATE":0,"ST":false,"BET_AMT":null,"ODDS_A":0.0,"ODDS_B":0.0,"ODDS_C":0.0},"hubk31_666":{"ID":7881,"P_3ID":1772,"P_1ID":1709,"GROUP_NAME":"豹子","SHOWCLS":"red","ODDS":200.0,"NUM":"666","NUM_NAME":"6,6,6","CODE":"hubk31","SORT":5.0,"STATE":0,"ST":false,"BET_AMT":null,"ODDS_A":0.0,"ODDS_B":0.0,"ODDS_C":0.0},"hubk31_全骰":{"ID":7882,"P_3ID":1772,"P_1ID":1709,"GROUP_NAME":"豹子","SHOWCLS":"text","ODDS":30.0,"NUM":"全骰","NUM_NAME":"全包豹子","CODE":"hubk31","SORT":6.10,"STATE":0,"ST":false,"BET_AMT":null,"ODDS_A":0.0,"ODDS_B":0.0,"ODDS_C":0.0}},"hubk32":{"hubk32_123":{"ID":7925,"P_3ID":1776,"P_1ID":1709,"GROUP_NAME":"顺子","SHOWCLS":"red","ODDS":33.80,"NUM":"123","NUM_NAME":"1,2,3","CODE":"hubk32","SORT":0.0,"STATE":0,"ST":false,"BET_AMT":null,"ODDS_A":0.0,"ODDS_B":0.0,"ODDS_C":0.0},"hubk32_234":{"ID":7926,"P_3ID":1776,"P_1ID":1709,"GROUP_NAME":"顺子","SHOWCLS":"red","ODDS":33.80,"NUM":"234","NUM_NAME":"2,3,4","CODE":"hubk32","SORT":1.0,"STATE":0,"ST":false,"BET_AMT":null,"ODDS_A":0.0,"ODDS_B":0.0,"ODDS_C":0.0},"hubk32_345":{"ID":7927,"P_3ID":1776,"P_1ID":1709,"GROUP_NAME":"顺子","SHOWCLS":"red","ODDS":33.80,"NUM":"345","NUM_NAME":"3,4,5","CODE":"hubk32","SORT":2.0,"STATE":0,"ST":false,"BET_AMT":null,"ODDS_A":0.0,"ODDS_B":0.0,"ODDS_C":0.0},"hubk32_456":{"ID":7928,"P_3ID":1776,"P_1ID":1709,"GROUP_NAME":"顺子","SHOWCLS":"red","ODDS":33.80,"NUM":"456","NUM_NAME":"4,5,6","CODE":"hubk32","SORT":3.0,"STATE":0,"ST":false,"BET_AMT":null,"ODDS_A":0.0,"ODDS_B":0.0,"ODDS_C":0.0},"hubk32_全包顺子":{"ID":7929,"P_3ID":1776,"P_1ID":1709,"GROUP_NAME":"顺子","SHOWCLS":"text","ODDS":8.50,"NUM":"全包顺子","NUM_NAME":"全包顺子","CODE":"hubk32","SORT":4.10,"STATE":0,"ST":false,"BET_AMT":null,"ODDS_A":0.0,"ODDS_B":0.0,"ODDS_C":0.0}},"hubk33":{"hubk33_11":{"ID":7918,"P_3ID":1775,"P_1ID":1709,"GROUP_NAME":"短牌","SHOWCLS":"red","ODDS":11.50,"NUM":"11","NUM_NAME":"1,1","CODE":"hubk33","SORT":0.0,"STATE":0,"ST":false,"BET_AMT":null,"ODDS_A":0.0,"ODDS_B":0.0,"ODDS_C":0.0},"hubk33_22":{"ID":7919,"P_3ID":1775,"P_1ID":1709,"GROUP_NAME":"短牌","SHOWCLS":"red","ODDS":11.50,"NUM":"22","NUM_NAME":"2,2","CODE":"hubk33","SORT":1.0,"STATE":0,"ST":false,"BET_AMT":null,"ODDS_A":0.0,"ODDS_B":0.0,"ODDS_C":0.0},"hubk33_33":{"ID":7920,"P_3ID":1775,"P_1ID":1709,"GROUP_NAME":"短牌","SHOWCLS":"red","ODDS":11.50,"NUM":"33","NUM_NAME":"3,3","CODE":"hubk33","SORT":2.0,"STATE":0,"ST":false,"BET_AMT":null,"ODDS_A":0.0,"ODDS_B":0.0,"ODDS_C":0.0},"hubk33_44":{"ID":7921,"P_3ID":1775,"P_1ID":1709,"GROUP_NAME":"短牌","SHOWCLS":"red","ODDS":11.50,"NUM":"44","NUM_NAME":"4,4","CODE":"hubk33","SORT":3.0,"STATE":0,"ST":false,"BET_AMT":null,"ODDS_A":0.0,"ODDS_B":0.0,"ODDS_C":0.0},"hubk33_55":{"ID":7922,"P_3ID":1775,"P_1ID":1709,"GROUP_NAME":"短牌","SHOWCLS":"red","ODDS":11.50,"NUM":"55","NUM_NAME":"5,5","CODE":"hubk33","SORT":4.0,"STATE":0,"ST":false,"BET_AMT":null,"ODDS_A":0.0,"ODDS_B":0.0,"ODDS_C":0.0},"hubk33_66":{"ID":7923,"P_3ID":1775,"P_1ID":1709,"GROUP_NAME":"短牌","SHOWCLS":"red","ODDS":11.50,"NUM":"66","NUM_NAME":"6,6","CODE":"hubk33","SORT":5.0,"STATE":0,"ST":false,"BET_AMT":null,"ODDS_A":0.0,"ODDS_B":0.0,"ODDS_C":0.0},"hubk33_全包对子":{"ID":7924,"P_3ID":1775,"P_1ID":1709,"GROUP_NAME":"一对","SHOWCLS":"text","ODDS":1.88,"NUM":"全包对子","NUM_NAME":"全包对子","CODE":"hubk33","SORT":6.10,"STATE":0,"ST":false,"BET_AMT":null,"ODDS_A":0.0,"ODDS_B":0.0,"ODDS_C":0.0}},"hubk34":{"hubk34_12":{"ID":7903,"P_3ID":1774,"P_1ID":1709,"GROUP_NAME":"长牌","SHOWCLS":"red","ODDS":6.70,"NUM":"12","NUM_NAME":"1,2","CODE":"hubk34","SORT":0.0,"STATE":0,"ST":false,"BET_AMT":null,"ODDS_A":0.0,"ODDS_B":0.0,"ODDS_C":0.0},"hubk34_13":{"ID":7904,"P_3ID":1774,"P_1ID":1709,"GROUP_NAME":"长牌","SHOWCLS":"red","ODDS":6.70,"NUM":"13","NUM_NAME":"1,3","CODE":"hubk34","SORT":1.0,"STATE":0,"ST":false,"BET_AMT":null,"ODDS_A":0.0,"ODDS_B":0.0,"ODDS_C":0.0},"hubk34_14":{"ID":7905,"P_3ID":1774,"P_1ID":1709,"GROUP_NAME":"长牌","SHOWCLS":"red","ODDS":6.70,"NUM":"14","NUM_NAME":"1,4","CODE":"hubk34","SORT":2.0,"STATE":0,"ST":false,"BET_AMT":null,"ODDS_A":0.0,"ODDS_B":0.0,"ODDS_C":0.0},"hubk34_15":{"ID":7906,"P_3ID":1774,"P_1ID":1709,"GROUP_NAME":"长牌","SHOWCLS":"red","ODDS":6.70,"NUM":"15","NUM_NAME":"1,5","CODE":"hubk34","SORT":3.0,"STATE":0,"ST":false,"BET_AMT":null,"ODDS_A":0.0,"ODDS_B":0.0,"ODDS_C":0.0},"hubk34_16":{"ID":7907,"P_3ID":1774,"P_1ID":1709,"GROUP_NAME":"长牌","SHOWCLS":"red","ODDS":6.70,"NUM":"16","NUM_NAME":"1,6","CODE":"hubk34","SORT":4.0,"STATE":0,"ST":false,"BET_AMT":null,"ODDS_A":0.0,"ODDS_B":0.0,"ODDS_C":0.0},"hubk34_23":{"ID":7908,"P_3ID":1774,"P_1ID":1709,"GROUP_NAME":"长牌","SHOWCLS":"red","ODDS":6.70,"NUM":"23","NUM_NAME":"2,3","CODE":"hubk34","SORT":5.0,"STATE":0,"ST":false,"BET_AMT":null,"ODDS_A":0.0,"ODDS_B":0.0,"ODDS_C":0.0},"hubk34_24":{"ID":7909,"P_3ID":1774,"P_1ID":1709,"GROUP_NAME":"长牌","SHOWCLS":"red","ODDS":6.70,"NUM":"24","NUM_NAME":"2,4","CODE":"hubk34","SORT":6.0,"STATE":0,"ST":false,"BET_AMT":null,"ODDS_A":0.0,"ODDS_B":0.0,"ODDS_C":0.0},"hubk34_25":{"ID":7910,"P_3ID":1774,"P_1ID":1709,"GROUP_NAME":"长牌","SHOWCLS":"red","ODDS":6.70,"NUM":"25","NUM_NAME":"2,5","CODE":"hubk34","SORT":7.0,"STATE":0,"ST":false,"BET_AMT":null,"ODDS_A":0.0,"ODDS_B":0.0,"ODDS_C":0.0},"hubk34_26":{"ID":7911,"P_3ID":1774,"P_1ID":1709,"GROUP_NAME":"长牌","SHOWCLS":"red","ODDS":6.70,"NUM":"26","NUM_NAME":"2,6","CODE":"hubk34","SORT":8.0,"STATE":0,"ST":false,"BET_AMT":null,"ODDS_A":0.0,"ODDS_B":0.0,"ODDS_C":0.0},"hubk34_34":{"ID":7912,"P_3ID":1774,"P_1ID":1709,"GROUP_NAME":"长牌","SHOWCLS":"red","ODDS":6.70,"NUM":"34","NUM_NAME":"3,4","CODE":"hubk34","SORT":9.0,"STATE":0,"ST":false,"BET_AMT":null,"ODDS_A":0.0,"ODDS_B":0.0,"ODDS_C":0.0},"hubk34_35":{"ID":7913,"P_3ID":1774,"P_1ID":1709,"GROUP_NAME":"长牌","SHOWCLS":"red","ODDS":6.70,"NUM":"35","NUM_NAME":"3,5","CODE":"hubk34","SORT":10.0,"STATE":0,"ST":false,"BET_AMT":null,"ODDS_A":0.0,"ODDS_B":0.0,"ODDS_C":0.0},"hubk34_36":{"ID":7914,"P_3ID":1774,"P_1ID":1709,"GROUP_NAME":"长牌","SHOWCLS":"red","ODDS":6.70,"NUM":"36","NUM_NAME":"3,6","CODE":"hubk34","SORT":11.0,"STATE":0,"ST":false,"BET_AMT":null,"ODDS_A":0.0,"ODDS_B":0.0,"ODDS_C":0.0},"hubk34_45":{"ID":7915,"P_3ID":1774,"P_1ID":1709,"GROUP_NAME":"长牌","SHOWCLS":"red","ODDS":6.70,"NUM":"45","NUM_NAME":"4,5","CODE":"hubk34","SORT":12.0,"STATE":0,"ST":false,"BET_AMT":null,"ODDS_A":0.0,"ODDS_B":0.0,"ODDS_C":0.0},"hubk34_46":{"ID":7916,"P_3ID":1774,"P_1ID":1709,"GROUP_NAME":"长牌","SHOWCLS":"red","ODDS":6.70,"NUM":"46","NUM_NAME":"4,6","CODE":"hubk34","SORT":13.0,"STATE":0,"ST":false,"BET_AMT":null,"ODDS_A":0.0,"ODDS_B":0.0,"ODDS_C":0.0},"hubk34_56":{"ID":7917,"P_3ID":1774,"P_1ID":1709,"GROUP_NAME":"长牌","SHOWCLS":"red","ODDS":6.70,"NUM":"56","NUM_NAME":"5,6","CODE":"hubk34","SORT":14.10,"STATE":0,"ST":false,"BET_AMT":null,"ODDS_A":0.0,"ODDS_B":0.0,"ODDS_C":0.0}},"hubk35":{"hubk35_1":{"ID":7870,"P_3ID":1771,"P_1ID":1709,"GROUP_NAME":"三军","SHOWCLS":"red","ODDS":2.0,"NUM":"1","NUM_NAME":"1","CODE":"hubk35","SORT":0.0,"STATE":0,"ST":false,"BET_AMT":null,"ODDS_A":0.0,"ODDS_B":0.0,"ODDS_C":0.0},"hubk35_2":{"ID":7871,"P_3ID":1771,"P_1ID":1709,"GROUP_NAME":"三军","SHOWCLS":"red","ODDS":2.0,"NUM":"2","NUM_NAME":"2","CODE":"hubk35","SORT":1.0,"STATE":0,"ST":false,"BET_AMT":null,"ODDS_A":0.0,"ODDS_B":0.0,"ODDS_C":0.0},"hubk35_3":{"ID":7872,"P_3ID":1771,"P_1ID":1709,"GROUP_NAME":"三军","SHOWCLS":"red","ODDS":2.0,"NUM":"3","NUM_NAME":"3","CODE":"hubk35","SORT":2.0,"STATE":0,"ST":false,"BET_AMT":null,"ODDS_A":0.0,"ODDS_B":0.0,"ODDS_C":0.0},"hubk35_4":{"ID":7873,"P_3ID":1771,"P_1ID":1709,"GROUP_NAME":"三军","SHOWCLS":"red","ODDS":2.0,"NUM":"4","NUM_NAME":"4","CODE":"hubk35","SORT":3.0,"STATE":0,"ST":false,"BET_AMT":null,"ODDS_A":0.0,"ODDS_B":0.0,"ODDS_C":0.0},"hubk35_5":{"ID":7874,"P_3ID":1771,"P_1ID":1709,"GROUP_NAME":"三军","SHOWCLS":"red","ODDS":2.0,"NUM":"5","NUM_NAME":"5","CODE":"hubk35","SORT":4.0,"STATE":0,"ST":false,"BET_AMT":null,"ODDS_A":0.0,"ODDS_B":0.0,"ODDS_C":0.0},"hubk35_6":{"ID":7875,"P_3ID":1771,"P_1ID":1709,"GROUP_NAME":"三军","SHOWCLS":"red","ODDS":2.0,"NUM":"6","NUM_NAME":"6","CODE":"hubk35","SORT":5.0,"STATE":0,"ST":false,"BET_AMT":null,"ODDS_A":0.0,"ODDS_B":0.0,"ODDS_C":0.0}},"hubk36":{"hubk36_124":{"ID":7944,"P_3ID":1777,"P_1ID":1709,"GROUP_NAME":"杂牌组合","SHOWCLS":"blue","ODDS":32.50,"NUM":"124","NUM_NAME":"1,2,4","CODE":"hubk36","SORT":0.0,"STATE":0,"ST":false,"BET_AMT":null,"ODDS_A":0.0,"ODDS_B":0.0,"ODDS_C":0.0},"hubk36_125":{"ID":7930,"P_3ID":1777,"P_1ID":1709,"GROUP_NAME":"杂牌组合","SHOWCLS":"blue","ODDS":32.50,"NUM":"125","NUM_NAME":"1,2,5","CODE":"hubk36","SORT":1.0,"STATE":0,"ST":false,"BET_AMT":null,"ODDS_A":0.0,"ODDS_B":0.0,"ODDS_C":0.0},"hubk36_126":{"ID":7931,"P_3ID":1777,"P_1ID":1709,"GROUP_NAME":"杂牌组合","SHOWCLS":"blue","ODDS":32.50,"NUM":"126","NUM_NAME":"1,2,6","CODE":"hubk36","SORT":2.0,"STATE":0,"ST":false,"BET_AMT":null,"ODDS_A":0.0,"ODDS_B":0.0,"ODDS_C":0.0},"hubk36_134":{"ID":7932,"P_3ID":1777,"P_1ID":1709,"GROUP_NAME":"杂牌组合","SHOWCLS":"blue","ODDS":32.50,"NUM":"134","NUM_NAME":"1,3,4","CODE":"hubk36","SORT":3.0,"STATE":0,"ST":false,"BET_AMT":null,"ODDS_A":0.0,"ODDS_B":0.0,"ODDS_C":0.0},"hubk36_135":{"ID":7933,"P_3ID":1777,"P_1ID":1709,"GROUP_NAME":"杂牌组合","SHOWCLS":"blue","ODDS":32.50,"NUM":"135","NUM_NAME":"1,3,5","CODE":"hubk36","SORT":4.0,"STATE":0,"ST":false,"BET_AMT":null,"ODDS_A":0.0,"ODDS_B":0.0,"ODDS_C":0.0},"hubk36_136":{"ID":7934,"P_3ID":1777,"P_1ID":1709,"GROUP_NAME":"杂牌组合","SHOWCLS":"blue","ODDS":32.50,"NUM":"136","NUM_NAME":"1,3,6","CODE":"hubk36","SORT":5.0,"STATE":0,"ST":false,"BET_AMT":null,"ODDS_A":0.0,"ODDS_B":0.0,"ODDS_C":0.0},"hubk36_145":{"ID":7935,"P_3ID":1777,"P_1ID":1709,"GROUP_NAME":"杂牌组合","SHOWCLS":"blue","ODDS":32.50,"NUM":"145","NUM_NAME":"1,4,5","CODE":"hubk36","SORT":6.0,"STATE":0,"ST":false,"BET_AMT":null,"ODDS_A":0.0,"ODDS_B":0.0,"ODDS_C":0.0},"hubk36_146":{"ID":7936,"P_3ID":1777,"P_1ID":1709,"GROUP_NAME":"杂牌组合","SHOWCLS":"blue","ODDS":32.50,"NUM":"146","NUM_NAME":"1,4,6","CODE":"hubk36","SORT":7.0,"STATE":0,"ST":false,"BET_AMT":null,"ODDS_A":0.0,"ODDS_B":0.0,"ODDS_C":0.0},"hubk36_235":{"ID":7937,"P_3ID":1777,"P_1ID":1709,"GROUP_NAME":"杂牌组合","SHOWCLS":"blue","ODDS":32.50,"NUM":"235","NUM_NAME":"2,3,5","CODE":"hubk36","SORT":8.0,"STATE":0,"ST":false,"BET_AMT":null,"ODDS_A":0.0,"ODDS_B":0.0,"ODDS_C":0.0},"hubk36_236":{"ID":7938,"P_3ID":1777,"P_1ID":1709,"GROUP_NAME":"杂牌组合","SHOWCLS":"blue","ODDS":32.50,"NUM":"236","NUM_NAME":"2,3,6","CODE":"hubk36","SORT":9.0,"STATE":0,"ST":false,"BET_AMT":null,"ODDS_A":0.0,"ODDS_B":0.0,"ODDS_C":0.0},"hubk36_245":{"ID":7939,"P_3ID":1777,"P_1ID":1709,"GROUP_NAME":"杂牌组合","SHOWCLS":"blue","ODDS":32.50,"NUM":"245","NUM_NAME":"2,4,5","CODE":"hubk36","SORT":10.0,"STATE":0,"ST":false,"BET_AMT":null,"ODDS_A":0.0,"ODDS_B":0.0,"ODDS_C":0.0},"hubk36_246":{"ID":7940,"P_3ID":1777,"P_1ID":1709,"GROUP_NAME":"杂牌组合","SHOWCLS":"blue","ODDS":32.50,"NUM":"246","NUM_NAME":"2,4,6","CODE":"hubk36","SORT":11.0,"STATE":0,"ST":false,"BET_AMT":null,"ODDS_A":0.0,"ODDS_B":0.0,"ODDS_C":0.0},"hubk36_256":{"ID":7941,"P_3ID":1777,"P_1ID":1709,"GROUP_NAME":"杂牌组合","SHOWCLS":"blue","ODDS":32.50,"NUM":"256","NUM_NAME":"2,5,6","CODE":"hubk36","SORT":12.0,"STATE":0,"ST":false,"BET_AMT":null,"ODDS_A":0.0,"ODDS_B":0.0,"ODDS_C":0.0},"hubk36_346":{"ID":7942,"P_3ID":1777,"P_1ID":1709,"GROUP_NAME":"杂牌组合","SHOWCLS":"blue","ODDS":32.50,"NUM":"346","NUM_NAME":"3,4,6","CODE":"hubk36","SORT":13.0,"STATE":0,"ST":false,"BET_AMT":null,"ODDS_A":0.0,"ODDS_B":0.0,"ODDS_C":0.0},"hubk36_356":{"ID":7943,"P_3ID":1777,"P_1ID":1709,"GROUP_NAME":"杂牌组合","SHOWCLS":"blue","ODDS":32.50,"NUM":"356","NUM_NAME":"3,5,6","CODE":"hubk36","SORT":14.10,"STATE":0,"ST":false,"BET_AMT":null,"ODDS_A":0.0,"ODDS_B":0.0,"ODDS_C":0.0}}}
