{"jisuk30":{"jisuk30_3":{"ID":7674,"P_3ID":1808,"P_1ID":1713,"GROUP_NAME":"和值点数","SHOWCLS":"text","ODDS":"0.00","NUM":"3","NUM_NAME":"3点","CODE":"jisuk30","SORT":0.0,"STATE":0,"ST":false,"BET_AMT":null,"ODDS_A":0.0,"ODDS_B":0.0,"ODDS_C":0.0},"jisuk30_4":{"ID":7658,"P_3ID":1808,"P_1ID":1713,"GROUP_NAME":"和值点数","SHOWCLS":"text","ODDS":"0.00","NUM":"4","NUM_NAME":"4点","CODE":"jisuk30","SORT":1.0,"STATE":0,"ST":false,"BET_AMT":null,"ODDS_A":0.0,"ODDS_B":0.0,"ODDS_C":0.0},"jisuk30_5":{"ID":7659,"P_3ID":1808,"P_1ID":1713,"GROUP_NAME":"和值点数","SHOWCLS":"text","ODDS":"0.00","NUM":"5","NUM_NAME":"5点","CODE":"jisuk30","SORT":2.0,"STATE":0,"ST":false,"BET_AMT":null,"ODDS_A":0.0,"ODDS_B":0.0,"ODDS_C":0.0},"jisuk30_6":{"ID":7660,"P_3ID":1808,"P_1ID":1713,"GROUP_NAME":"和值点数","SHOWCLS":"text","ODDS":"0.00","NUM":"6","NUM_NAME":"6点","CODE":"jisuk30","SORT":3.0,"STATE":0,"ST":false,"BET_AMT":null,"ODDS_A":0.0,"ODDS_B":0.0,"ODDS_C":0.0},"jisuk30_7":{"ID":7661,"P_3ID":1808,"P_1ID":1713,"GROUP_NAME":"和值点数","SHOWCLS":"text","ODDS":"0.00","NUM":"7","NUM_NAME":"7点","CODE":"jisuk30","SORT":4.0,"STATE":0,"ST":false,"BET_AMT":null,"ODDS_A":0.0,"ODDS_B":0.0,"ODDS_C":0.0},"jisuk30_8":{"ID":7662,"P_3ID":1808,"P_1ID":1713,"GROUP_NAME":"和值点数","SHOWCLS":"text","ODDS":"0.00","NUM":"8","NUM_NAME":"8点","CODE":"jisuk30","SORT":5.0,"STATE":0,"ST":false,"BET_AMT":null,"ODDS_A":0.0,"ODDS_B":0.0,"ODDS_C":0.0},"jisuk30_9":{"ID":7663,"P_3ID":1808,"P_1ID":1713,"GROUP_NAME":"和值点数","SHOWCLS":"text","ODDS":"0.00","NUM":"9","NUM_NAME":"9点","CODE":"jisuk30","SORT":6.0,"STATE":0,"ST":false,"BET_AMT":null,"ODDS_A":0.0,"ODDS_B":0.0,"ODDS_C":0.0},"jisuk30_10":{"ID":7664,"P_3ID":1808,"P_1ID":1713,"GROUP_NAME":"和值点数","SHOWCLS":"text","ODDS":"0.00","NUM":"10","NUM_NAME":"10点","CODE":"jisuk30","SORT":7.0,"STATE":0,"ST":false,"BET_AMT":null,"ODDS_A":0.0,"ODDS_B":0.0,"ODDS_C":0.0},"jisuk30_11":{"ID":7665,"P_3ID":1808,"P_1ID":1713,"GROUP_NAME":"和值点数","SHOWCLS":"text","ODDS":"0.00","NUM":"11","NUM_NAME":"11点","CODE":"jisuk30","SORT":8.0,"STATE":0,"ST":false,"BET_AMT":null,"ODDS_A":0.0,"ODDS_B":0.0,"ODDS_C":0.0},"jisuk30_12":{"ID":7666,"P_3ID":1808,"P_1ID":1713,"GROUP_NAME":"和值点数","SHOWCLS":"text","ODDS":"0.00","NUM":"12","NUM_NAME":"12点","CODE":"jisuk30","SORT":9.0,"STATE":0,"ST":false,"BET_AMT":null,"ODDS_A":0.0,"ODDS_B":0.0,"ODDS_C":0.0},"jisuk30_13":{"ID":7667,"P_3ID":1808,"P_1ID":1713,"GROUP_NAME":"和值点数","SHOWCLS":"text","ODDS":"0.00","NUM":"13","NUM_NAME":"13点","CODE":"jisuk30","SORT":10.0,"STATE":0,"ST":false,"BET_AMT":null,"ODDS_A":0.0,"ODDS_B":0.0,"ODDS_C":0.0},"jisuk30_14":{"ID":7668,"P_3ID":1808,"P_1ID":1713,"GROUP_NAME":"和值点数","SHOWCLS":"text","ODDS":"0.00","NUM":"14","NUM_NAME":"14点","CODE":"jisuk30","SORT":11.0,"STATE":0,"ST":false,"BET_AMT":null,"ODDS_A":0.0,"ODDS_B":0.0,"ODDS_C":0.0},"jisuk30_15":{"ID":7669,"P_3ID":1808,"P_1ID":1713,"GROUP_NAME":"和值点数","SHOWCLS":"text","ODDS":"0.00","NUM":"15","NUM_NAME":"15点","CODE":"jisuk30","SORT":12.0,"STATE":0,"ST":false,"BET_AMT":null,"ODDS_A":0.0,"ODDS_B":0.0,"ODDS_C":0.0},"jisuk30_16":{"ID":7670,"P_3ID":1808,"P_1ID":1713,"GROUP_NAME":"和值点数","SHOWCLS":"text","ODDS":"0.00","NUM":"16","NUM_NAME":"16点","CODE":"jisuk30","SORT":13.0,"STATE":0,"ST":false,"BET_AMT":null,"ODDS_A":0.0,"ODDS_B":0.0,"ODDS_C":0.0},"jisuk30_17":{"ID":7671,"P_3ID":1808,"P_1ID":1713,"GROUP_NAME":"和值点数","SHOWCLS":"text","ODDS":"0.00","NUM":"17","NUM_NAME":"17点","CODE":"jisuk30","SORT":14.0,"STATE":0,"ST":false,"BET_AMT":null,"ODDS_A":0.0,"ODDS_B":0.0,"ODDS_C":0.0},"jisuk30_18":{"ID":7675,"P_3ID":1808,"P_1ID":1713,"GROUP_NAME":"和值点数","SHOWCLS":"text","ODDS":"0.00","NUM":"18","NUM_NAME":"18点","CODE":"jisuk30","SORT":15.0,"STATE":0,"ST":false,"BET_AMT":null,"ODDS_A":0.0,"ODDS_B":0.0,"ODDS_C":0.0},"jisuk30_大":{"ID":7672,"P_3ID":1808,"P_1ID":1713,"GROUP_NAME":"和值点数","SHOWCLS":"text","ODDS":"0.00","NUM":"大","NUM_NAME":"大","CODE":"jisuk30","SORT":16.0,"STATE":0,"ST":false,"BET_AMT":null,"ODDS_A":0.0,"ODDS_B":0.0,"ODDS_C":0.0},"jisuk30_小":{"ID":7673,"P_3ID":1808,"P_1ID":1713,"GROUP_NAME":"和值点数","SHOWCLS":"text","ODDS":"0.00","NUM":"小","NUM_NAME":"小","CODE":"jisuk30","SORT":17.0,"STATE":0,"ST":false,"BET_AMT":null,"ODDS_A":0.0,"ODDS_B":0.0,"ODDS_C":0.0},"jisuk30_单":{"ID":7676,"P_3ID":1808,"P_1ID":1713,"GROUP_NAME":"和值点数","SHOWCLS":"text","ODDS":"0.00","NUM":"单","NUM_NAME":"单","CODE":"jisuk30","SORT":18.0,"STATE":0,"ST":false,"BET_AMT":null,"ODDS_A":0.0,"ODDS_B":0.0,"ODDS_C":0.0},"jisuk30_双":{"ID":7677,"P_3ID":1808,"P_1ID":1713,"GROUP_NAME":"和值点数","SHOWCLS":"text","ODDS":"0.00","NUM":"双","NUM_NAME":"双","CODE":"jisuk30","SORT":19.0,"STATE":0,"ST":false,"BET_AMT":null,"ODDS_A":0.0,"ODDS_B":0.0,"ODDS_C":0.0}},"jisuk31":{"jisuk31_111":{"ID":7651,"P_3ID":1807,"P_1ID":1713,"GROUP_NAME":"豹子","SHOWCLS":"red","ODDS":"0.00","NUM":"111","NUM_NAME":"1,1,1","CODE":"jisuk31","SORT":0.0,"STATE":0,"ST":false,"BET_AMT":null,"ODDS_A":0.0,"ODDS_B":0.0,"ODDS_C":0.0},"jisuk31_222":{"ID":7652,"P_3ID":1807,"P_1ID":1713,"GROUP_NAME":"豹子","SHOWCLS":"red","ODDS":"0.00","NUM":"222","NUM_NAME":"2,2,2","CODE":"jisuk31","SORT":1.0,"STATE":0,"ST":false,"BET_AMT":null,"ODDS_A":0.0,"ODDS_B":0.0,"ODDS_C":0.0},"jisuk31_333":{"ID":7653,"P_3ID":1807,"P_1ID":1713,"GROUP_NAME":"豹子","SHOWCLS":"red","ODDS":"0.00","NUM":"333","NUM_NAME":"3,3,3","CODE":"jisuk31","SORT":2.0,"STATE":0,"ST":false,"BET_AMT":null,"ODDS_A":0.0,"ODDS_B":0.0,"ODDS_C":0.0},"jisuk31_444":{"ID":7654,"P_3ID":1807,"P_1ID":1713,"GROUP_NAME":"豹子","SHOWCLS":"red","ODDS":"0.00","NUM":"444","NUM_NAME":"4,4,4","CODE":"jisuk31","SORT":3.0,"STATE":0,"ST":false,"BET_AMT":null,"ODDS_A":0.0,"ODDS_B":0.0,"ODDS_C":0.0},"jisuk31_555":{"ID":7655,"P_3ID":1807,"P_1ID":1713,"GROUP_NAME":"豹子","SHOWCLS":"red","ODDS":"0.00","NUM":"555","NUM_NAME":"5,5,5","CODE":"jisuk31","SORT":4.0,"STATE":0,"ST":false,"BET_AMT":null,"ODDS_A":0.0,"ODDS_B":0.0,"ODDS_C":0.0},"jisuk31_666":{"ID":7656,"P_3ID":1807,"P_1ID":1713,"GROUP_NAME":"豹子","SHOWCLS":"red","ODDS":"0.00","NUM":"666","NUM_NAME":"6,6,6","CODE":"jisuk31","SORT":5.0,"STATE":0,"ST":false,"BET_AMT":null,"ODDS_A":0.0,"ODDS_B":0.0,"ODDS_C":0.0},"jisuk31_全骰":{"ID":7657,"P_3ID":1807,"P_1ID":1713,"GROUP_NAME":"豹子","SHOWCLS":"text","ODDS":"0.00","NUM":"全骰","NUM_NAME":"全包豹子","CODE":"jisuk31","SORT":6.10,"STATE":0,"ST":false,"BET_AMT":null,"ODDS_A":0.0,"ODDS_B":0.0,"ODDS_C":0.0}},"jisuk32":{"jisuk32_123":{"ID":7700,"P_3ID":1811,"P_1ID":1713,"GROUP_NAME":"顺子","SHOWCLS":"red","ODDS":"0.00","NUM":"123","NUM_NAME":"1,2,3","CODE":"jisuk32","SORT":0.0,"STATE":0,"ST":false,"BET_AMT":null,"ODDS_A":0.0,"ODDS_B":0.0,"ODDS_C":0.0},"jisuk32_234":{"ID":7701,"P_3ID":1811,"P_1ID":1713,"GROUP_NAME":"顺子","SHOWCLS":"red","ODDS":"0.00","NUM":"234","NUM_NAME":"2,3,4","CODE":"jisuk32","SORT":1.0,"STATE":0,"ST":false,"BET_AMT":null,"ODDS_A":0.0,"ODDS_B":0.0,"ODDS_C":0.0},"jisuk32_345":{"ID":7702,"P_3ID":1811,"P_1ID":1713,"GROUP_NAME":"顺子","SHOWCLS":"red","ODDS":"0.00","NUM":"345","NUM_NAME":"3,4,5","CODE":"jisuk32","SORT":2.0,"STATE":0,"ST":false,"BET_AMT":null,"ODDS_A":0.0,"ODDS_B":0.0,"ODDS_C":0.0},"jisuk32_456":{"ID":7703,"P_3ID":1811,"P_1ID":1713,"GROUP_NAME":"顺子","SHOWCLS":"red","ODDS":"0.00","NUM":"456","NUM_NAME":"4,5,6","CODE":"jisuk32","SORT":3.0,"STATE":0,"ST":false,"BET_AMT":null,"ODDS_A":0.0,"ODDS_B":0.0,"ODDS_C":0.0},"jisuk32_全包顺子":{"ID":7704,"P_3ID":1811,"P_1ID":1713,"GROUP_NAME":"顺子","SHOWCLS":"text","ODDS":"0.00","NUM":"全包顺子","NUM_NAME":"全包顺子","CODE":"jisuk32","SORT":4.10,"STATE":0,"ST":false,"BET_AMT":null,"ODDS_A":0.0,"ODDS_B":0.0,"ODDS_C":0.0}},"jisuk33":{"jisuk33_11":{"ID":7693,"P_3ID":1810,"P_1ID":1713,"GROUP_NAME":"短牌","SHOWCLS":"red","ODDS":"0.00","NUM":"11","NUM_NAME":"1,1","CODE":"jisuk33","SORT":0.0,"STATE":0,"ST":false,"BET_AMT":null,"ODDS_A":0.0,"ODDS_B":0.0,"ODDS_C":0.0},"jisuk33_22":{"ID":7694,"P_3ID":1810,"P_1ID":1713,"GROUP_NAME":"短牌","SHOWCLS":"red","ODDS":"0.00","NUM":"22","NUM_NAME":"2,2","CODE":"jisuk33","SORT":1.0,"STATE":0,"ST":false,"BET_AMT":null,"ODDS_A":0.0,"ODDS_B":0.0,"ODDS_C":0.0},"jisuk33_33":{"ID":7695,"P_3ID":1810,"P_1ID":1713,"GROUP_NAME":"短牌","SHOWCLS":"red","ODDS":"0.00","NUM":"33","NUM_NAME":"3,3","CODE":"jisuk33","SORT":2.0,"STATE":0,"ST":false,"BET_AMT":null,"ODDS_A":0.0,"ODDS_B":0.0,"ODDS_C":0.0},"jisuk33_44":{"ID":7696,"P_3ID":1810,"P_1ID":1713,"GROUP_NAME":"短牌","SHOWCLS":"red","ODDS":"0.00","NUM":"44","NUM_NAME":"4,4","CODE":"jisuk33","SORT":3.0,"STATE":0,"ST":false,"BET_AMT":null,"ODDS_A":0.0,"ODDS_B":0.0,"ODDS_C":0.0},"jisuk33_55":{"ID":7697,"P_3ID":1810,"P_1ID":1713,"GROUP_NAME":"短牌","SHOWCLS":"red","ODDS":"0.00","NUM":"55","NUM_NAME":"5,5","CODE":"jisuk33","SORT":4.0,"STATE":0,"ST":false,"BET_AMT":null,"ODDS_A":0.0,"ODDS_B":0.0,"ODDS_C":0.0},"jisuk33_66":{"ID":7698,"P_3ID":1810,"P_1ID":1713,"GROUP_NAME":"短牌","SHOWCLS":"red","ODDS":"0.00","NUM":"66","NUM_NAME":"6,6","CODE":"jisuk33","SORT":5.0,"STATE":0,"ST":false,"BET_AMT":null,"ODDS_A":0.0,"ODDS_B":0.0,"ODDS_C":0.0},"jisuk33_全包对子":{"ID":7699,"P_3ID":1810,"P_1ID":1713,"GROUP_NAME":"一对","SHOWCLS":"text","ODDS":"0.00","NUM":"全包对子","NUM_NAME":"全包对子","CODE":"jisuk33","SORT":6.10,"STATE":0,"ST":false,"BET_AMT":null,"ODDS_A":0.0,"ODDS_B":0.0,"ODDS_C":0.0}},"jisuk34":{"jisuk34_12":{"ID":7678,"P_3ID":1809,"P_1ID":1713,"GROUP_NAME":"长牌","SHOWCLS":"red","ODDS":"0.00","NUM":"12","NUM_NAME":"1,2","CODE":"jisuk34","SORT":0.0,"STATE":0,"ST":false,"BET_AMT":null,"ODDS_A":0.0,"ODDS_B":0.0,"ODDS_C":0.0},"jisuk34_13":{"ID":7679,"P_3ID":1809,"P_1ID":1713,"GROUP_NAME":"长牌","SHOWCLS":"red","ODDS":"0.00","NUM":"13","NUM_NAME":"1,3","CODE":"jisuk34","SORT":1.0,"STATE":0,"ST":false,"BET_AMT":null,"ODDS_A":0.0,"ODDS_B":0.0,"ODDS_C":0.0},"jisuk34_14":{"ID":7680,"P_3ID":1809,"P_1ID":1713,"GROUP_NAME":"长牌","SHOWCLS":"red","ODDS":"0.00","NUM":"14","NUM_NAME":"1,4","CODE":"jisuk34","SORT":2.0,"STATE":0,"ST":false,"BET_AMT":null,"ODDS_A":0.0,"ODDS_B":0.0,"ODDS_C":0.0},"jisuk34_15":{"ID":7681,"P_3ID":1809,"P_1ID":1713,"GROUP_NAME":"长牌","SHOWCLS":"red","ODDS":"0.00","NUM":"15","NUM_NAME":"1,5","CODE":"jisuk34","SORT":3.0,"STATE":0,"ST":false,"BET_AMT":null,"ODDS_A":0.0,"ODDS_B":0.0,"ODDS_C":0.0},"jisuk34_16":{"ID":7682,"P_3ID":1809,"P_1ID":1713,"GROUP_NAME":"长牌","SHOWCLS":"red","ODDS":"0.00","NUM":"16","NUM_NAME":"1,6","CODE":"jisuk34","SORT":4.0,"STATE":0,"ST":false,"BET_AMT":null,"ODDS_A":0.0,"ODDS_B":0.0,"ODDS_C":0.0},"jisuk34_23":{"ID":7683,"P_3ID":1809,"P_1ID":1713,"GROUP_NAME":"长牌","SHOWCLS":"red","ODDS":"0.00","NUM":"23","NUM_NAME":"2,3","CODE":"jisuk34","SORT":5.0,"STATE":0,"ST":false,"BET_AMT":null,"ODDS_A":0.0,"ODDS_B":0.0,"ODDS_C":0.0},"jisuk34_24":{"ID":7684,"P_3ID":1809,"P_1ID":1713,"GROUP_NAME":"长牌","SHOWCLS":"red","ODDS":"0.00","NUM":"24","NUM_NAME":"2,4","CODE":"jisuk34","SORT":6.0,"STATE":0,"ST":false,"BET_AMT":null,"ODDS_A":0.0,"ODDS_B":0.0,"ODDS_C":0.0},"jisuk34_25":{"ID":7685,"P_3ID":1809,"P_1ID":1713,"GROUP_NAME":"长牌","SHOWCLS":"red","ODDS":"0.00","NUM":"25","NUM_NAME":"2,5","CODE":"jisuk34","SORT":7.0,"STATE":0,"ST":false,"BET_AMT":null,"ODDS_A":0.0,"ODDS_B":0.0,"ODDS_C":0.0},"jisuk34_26":{"ID":7686,"P_3ID":1809,"P_1ID":1713,"GROUP_NAME":"长牌","SHOWCLS":"red","ODDS":"0.00","NUM":"26","NUM_NAME":"2,6","CODE":"jisuk34","SORT":8.0,"STATE":0,"ST":false,"BET_AMT":null,"ODDS_A":0.0,"ODDS_B":0.0,"ODDS_C":0.0},"jisuk34_34":{"ID":7687,"P_3ID":1809,"P_1ID":1713,"GROUP_NAME":"长牌","SHOWCLS":"red","ODDS":"0.00","NUM":"34","NUM_NAME":"3,4","CODE":"jisuk34","SORT":9.0,"STATE":0,"ST":false,"BET_AMT":null,"ODDS_A":0.0,"ODDS_B":0.0,"ODDS_C":0.0},"jisuk34_35":{"ID":7688,"P_3ID":1809,"P_1ID":1713,"GROUP_NAME":"长牌","SHOWCLS":"red","ODDS":"0.00","NUM":"35","NUM_NAME":"3,5","CODE":"jisuk34","SORT":10.0,"STATE":0,"ST":false,"BET_AMT":null,"ODDS_A":0.0,"ODDS_B":0.0,"ODDS_C":0.0},"jisuk34_36":{"ID":7689,"P_3ID":1809,"P_1ID":1713,"GROUP_NAME":"长牌","SHOWCLS":"red","ODDS":"0.00","NUM":"36","NUM_NAME":"3,6","CODE":"jisuk34","SORT":11.0,"STATE":0,"ST":false,"BET_AMT":null,"ODDS_A":0.0,"ODDS_B":0.0,"ODDS_C":0.0},"jisuk34_45":{"ID":7690,"P_3ID":1809,"P_1ID":1713,"GROUP_NAME":"长牌","SHOWCLS":"red","ODDS":"0.00","NUM":"45","NUM_NAME":"4,5","CODE":"jisuk34","SORT":12.0,"STATE":0,"ST":false,"BET_AMT":null,"ODDS_A":0.0,"ODDS_B":0.0,"ODDS_C":0.0},"jisuk34_46":{"ID":7691,"P_3ID":1809,"P_1ID":1713,"GROUP_NAME":"长牌","SHOWCLS":"red","ODDS":"0.00","NUM":"46","NUM_NAME":"4,6","CODE":"jisuk34","SORT":13.0,"STATE":0,"ST":false,"BET_AMT":null,"ODDS_A":0.0,"ODDS_B":0.0,"ODDS_C":0.0},"jisuk34_56":{"ID":7692,"P_3ID":1809,"P_1ID":1713,"GROUP_NAME":"长牌","SHOWCLS":"red","ODDS":"0.00","NUM":"56","NUM_NAME":"5,6","CODE":"jisuk34","SORT":14.10,"STATE":0,"ST":false,"BET_AMT":null,"ODDS_A":0.0,"ODDS_B":0.0,"ODDS_C":0.0}},"jisuk35":{"jisuk35_1":{"ID":7645,"P_3ID":1806,"P_1ID":1713,"GROUP_NAME":"三军","SHOWCLS":"red","ODDS":"0.00","NUM":"1","NUM_NAME":"1","CODE":"jisuk35","SORT":0.0,"STATE":0,"ST":false,"BET_AMT":null,"ODDS_A":0.0,"ODDS_B":0.0,"ODDS_C":0.0},"jisuk35_2":{"ID":7646,"P_3ID":1806,"P_1ID":1713,"GROUP_NAME":"三军","SHOWCLS":"red","ODDS":"0.00","NUM":"2","NUM_NAME":"2","CODE":"jisuk35","SORT":1.0,"STATE":0,"ST":false,"BET_AMT":null,"ODDS_A":0.0,"ODDS_B":0.0,"ODDS_C":0.0},"jisuk35_3":{"ID":7647,"P_3ID":1806,"P_1ID":1713,"GROUP_NAME":"三军","SHOWCLS":"red","ODDS":"0.00","NUM":"3","NUM_NAME":"3","CODE":"jisuk35","SORT":2.0,"STATE":0,"ST":false,"BET_AMT":null,"ODDS_A":0.0,"ODDS_B":0.0,"ODDS_C":0.0},"jisuk35_4":{"ID":7648,"P_3ID":1806,"P_1ID":1713,"GROUP_NAME":"三军","SHOWCLS":"red","ODDS":"0.00","NUM":"4","NUM_NAME":"4","CODE":"jisuk35","SORT":3.0,"STATE":0,"ST":false,"BET_AMT":null,"ODDS_A":0.0,"ODDS_B":0.0,"ODDS_C":0.0},"jisuk35_5":{"ID":7649,"P_3ID":1806,"P_1ID":1713,"GROUP_NAME":"三军","SHOWCLS":"red","ODDS":"0.00","NUM":"5","NUM_NAME":"5","CODE":"jisuk35","SORT":4.0,"STATE":0,"ST":false,"BET_AMT":null,"ODDS_A":0.0,"ODDS_B":0.0,"ODDS_C":0.0},"jisuk35_6":{"ID":7650,"P_3ID":1806,"P_1ID":1713,"GROUP_NAME":"三军","SHOWCLS":"red","ODDS":"0.00","NUM":"6","NUM_NAME":"6","CODE":"jisuk35","SORT":5.0,"STATE":0,"ST":false,"BET_AMT":null,"ODDS_A":0.0,"ODDS_B":0.0,"ODDS_C":0.0}},"jisuk36":{"jisuk36_124":{"ID":7719,"P_3ID":1812,"P_1ID":1713,"GROUP_NAME":"杂牌组合","SHOWCLS":"blue","ODDS":"0.00","NUM":"124","NUM_NAME":"1,2,4","CODE":"jisuk36","SORT":0.0,"STATE":0,"ST":false,"BET_AMT":null,"ODDS_A":0.0,"ODDS_B":0.0,"ODDS_C":0.0},"jisuk36_125":{"ID":7705,"P_3ID":1812,"P_1ID":1713,"GROUP_NAME":"杂牌组合","SHOWCLS":"blue","ODDS":"0.00","NUM":"125","NUM_NAME":"1,2,5","CODE":"jisuk36","SORT":1.0,"STATE":0,"ST":false,"BET_AMT":null,"ODDS_A":0.0,"ODDS_B":0.0,"ODDS_C":0.0},"jisuk36_126":{"ID":7706,"P_3ID":1812,"P_1ID":1713,"GROUP_NAME":"杂牌组合","SHOWCLS":"blue","ODDS":"0.00","NUM":"126","NUM_NAME":"1,2,6","CODE":"jisuk36","SORT":2.0,"STATE":0,"ST":false,"BET_AMT":null,"ODDS_A":0.0,"ODDS_B":0.0,"ODDS_C":0.0},"jisuk36_134":{"ID":7707,"P_3ID":1812,"P_1ID":1713,"GROUP_NAME":"杂牌组合","SHOWCLS":"blue","ODDS":"0.00","NUM":"134","NUM_NAME":"1,3,4","CODE":"jisuk36","SORT":3.0,"STATE":0,"ST":false,"BET_AMT":null,"ODDS_A":0.0,"ODDS_B":0.0,"ODDS_C":0.0},"jisuk36_135":{"ID":7708,"P_3ID":1812,"P_1ID":1713,"GROUP_NAME":"杂牌组合","SHOWCLS":"blue","ODDS":"0.00","NUM":"135","NUM_NAME":"1,3,5","CODE":"jisuk36","SORT":4.0,"STATE":0,"ST":false,"BET_AMT":null,"ODDS_A":0.0,"ODDS_B":0.0,"ODDS_C":0.0},"jisuk36_136":{"ID":7709,"P_3ID":1812,"P_1ID":1713,"GROUP_NAME":"杂牌组合","SHOWCLS":"blue","ODDS":"0.00","NUM":"136","NUM_NAME":"1,3,6","CODE":"jisuk36","SORT":5.0,"STATE":0,"ST":false,"BET_AMT":null,"ODDS_A":0.0,"ODDS_B":0.0,"ODDS_C":0.0},"jisuk36_145":{"ID":7710,"P_3ID":1812,"P_1ID":1713,"GROUP_NAME":"杂牌组合","SHOWCLS":"blue","ODDS":"0.00","NUM":"145","NUM_NAME":"1,4,5","CODE":"jisuk36","SORT":6.0,"STATE":0,"ST":false,"BET_AMT":null,"ODDS_A":0.0,"ODDS_B":0.0,"ODDS_C":0.0},"jisuk36_146":{"ID":7711,"P_3ID":1812,"P_1ID":1713,"GROUP_NAME":"杂牌组合","SHOWCLS":"blue","ODDS":"0.00","NUM":"146","NUM_NAME":"1,4,6","CODE":"jisuk36","SORT":7.0,"STATE":0,"ST":false,"BET_AMT":null,"ODDS_A":0.0,"ODDS_B":0.0,"ODDS_C":0.0},"jisuk36_235":{"ID":7712,"P_3ID":1812,"P_1ID":1713,"GROUP_NAME":"杂牌组合","SHOWCLS":"blue","ODDS":"0.00","NUM":"235","NUM_NAME":"2,3,5","CODE":"jisuk36","SORT":8.0,"STATE":0,"ST":false,"BET_AMT":null,"ODDS_A":0.0,"ODDS_B":0.0,"ODDS_C":0.0},"jisuk36_236":{"ID":7713,"P_3ID":1812,"P_1ID":1713,"GROUP_NAME":"杂牌组合","SHOWCLS":"blue","ODDS":"0.00","NUM":"236","NUM_NAME":"2,3,6","CODE":"jisuk36","SORT":9.0,"STATE":0,"ST":false,"BET_AMT":null,"ODDS_A":0.0,"ODDS_B":0.0,"ODDS_C":0.0},"jisuk36_245":{"ID":7714,"P_3ID":1812,"P_1ID":1713,"GROUP_NAME":"杂牌组合","SHOWCLS":"blue","ODDS":"0.00","NUM":"245","NUM_NAME":"2,4,5","CODE":"jisuk36","SORT":10.0,"STATE":0,"ST":false,"BET_AMT":null,"ODDS_A":0.0,"ODDS_B":0.0,"ODDS_C":0.0},"jisuk36_246":{"ID":7715,"P_3ID":1812,"P_1ID":1713,"GROUP_NAME":"杂牌组合","SHOWCLS":"blue","ODDS":"0.00","NUM":"246","NUM_NAME":"2,4,6","CODE":"jisuk36","SORT":11.0,"STATE":0,"ST":false,"BET_AMT":null,"ODDS_A":0.0,"ODDS_B":0.0,"ODDS_C":0.0},"jisuk36_256":{"ID":7716,"P_3ID":1812,"P_1ID":1713,"GROUP_NAME":"杂牌组合","SHOWCLS":"blue","ODDS":"0.00","NUM":"256","NUM_NAME":"2,5,6","CODE":"jisuk36","SORT":12.0,"STATE":0,"ST":false,"BET_AMT":null,"ODDS_A":0.0,"ODDS_B":0.0,"ODDS_C":0.0},"jisuk36_346":{"ID":7717,"P_3ID":1812,"P_1ID":1713,"GROUP_NAME":"杂牌组合","SHOWCLS":"blue","ODDS":"0.00","NUM":"346","NUM_NAME":"3,4,6","CODE":"jisuk36","SORT":13.0,"STATE":0,"ST":false,"BET_AMT":null,"ODDS_A":0.0,"ODDS_B":0.0,"ODDS_C":0.0},"jisuk36_356":{"ID":7718,"P_3ID":1812,"P_1ID":1713,"GROUP_NAME":"杂牌组合","SHOWCLS":"blue","ODDS":"0.00","NUM":"356","NUM_NAME":"3,5,6","CODE":"jisuk36","SORT":14.10,"STATE":0,"ST":false,"BET_AMT":null,"ODDS_A":0.0,"ODDS_B":0.0,"ODDS_C":0.0}}}
