{"jisu11x50":{"jisu11x50_1":{"ID":8036,"P_3ID":1818,"P_1ID":1817,"GROUP_NAME":"第一球","SHOWCLS":"blue","ODDS":"0.00","NUM":"1","NUM_NAME":"1","CODE":"jisu11x50","SORT":1.0,"STATE":0,"ST":false,"BET_AMT":null,"ODDS_A":0.0,"ODDS_B":0.0,"ODDS_C":0.0},"jisu11x50_2":{"ID":8037,"P_3ID":1818,"P_1ID":1817,"GROUP_NAME":"第一球","SHOWCLS":"blue","ODDS":"0.00","NUM":"2","NUM_NAME":"2","CODE":"jisu11x50","SORT":2.0,"STATE":0,"ST":false,"BET_AMT":null,"ODDS_A":0.0,"ODDS_B":0.0,"ODDS_C":0.0},"jisu11x50_3":{"ID":8038,"P_3ID":1818,"P_1ID":1817,"GROUP_NAME":"第一球","SHOWCLS":"blue","ODDS":"0.00","NUM":"3","NUM_NAME":"3","CODE":"jisu11x50","SORT":3.0,"STATE":0,"ST":false,"BET_AMT":null,"ODDS_A":0.0,"ODDS_B":0.0,"ODDS_C":0.0},"jisu11x50_4":{"ID":8039,"P_3ID":1818,"P_1ID":1817,"GROUP_NAME":"第一球","SHOWCLS":"blue","ODDS":"0.00","NUM":"4","NUM_NAME":"4","CODE":"jisu11x50","SORT":4.0,"STATE":0,"ST":false,"BET_AMT":null,"ODDS_A":0.0,"ODDS_B":0.0,"ODDS_C":0.0},"jisu11x50_5":{"ID":8040,"P_3ID":1818,"P_1ID":1817,"GROUP_NAME":"第一球","SHOWCLS":"blue","ODDS":"0.00","NUM":"5","NUM_NAME":"5","CODE":"jisu11x50","SORT":5.0,"STATE":0,"ST":false,"BET_AMT":null,"ODDS_A":0.0,"ODDS_B":0.0,"ODDS_C":0.0},"jisu11x50_6":{"ID":8041,"P_3ID":1818,"P_1ID":1817,"GROUP_NAME":"第一球","SHOWCLS":"blue","ODDS":"0.00","NUM":"6","NUM_NAME":"6","CODE":"jisu11x50","SORT":6.0,"STATE":0,"ST":false,"BET_AMT":null,"ODDS_A":0.0,"ODDS_B":0.0,"ODDS_C":0.0},"jisu11x50_7":{"ID":8042,"P_3ID":1818,"P_1ID":1817,"GROUP_NAME":"第一球","SHOWCLS":"blue","ODDS":"0.00","NUM":"7","NUM_NAME":"7","CODE":"jisu11x50","SORT":7.0,"STATE":0,"ST":false,"BET_AMT":null,"ODDS_A":0.0,"ODDS_B":0.0,"ODDS_C":0.0},"jisu11x50_8":{"ID":8043,"P_3ID":1818,"P_1ID":1817,"GROUP_NAME":"第一球","SHOWCLS":"blue","ODDS":"0.00","NUM":"8","NUM_NAME":"8","CODE":"jisu11x50","SORT":8.0,"STATE":0,"ST":false,"BET_AMT":null,"ODDS_A":0.0,"ODDS_B":0.0,"ODDS_C":0.0},"jisu11x50_9":{"ID":8044,"P_3ID":1818,"P_1ID":1817,"GROUP_NAME":"第一球","SHOWCLS":"blue","ODDS":"0.00","NUM":"9","NUM_NAME":"9","CODE":"jisu11x50","SORT":9.0,"STATE":0,"ST":false,"BET_AMT":null,"ODDS_A":0.0,"ODDS_B":0.0,"ODDS_C":0.0},"jisu11x50_10":{"ID":8045,"P_3ID":1818,"P_1ID":1817,"GROUP_NAME":"第一球","SHOWCLS":"blue","ODDS":"0.00","NUM":"10","NUM_NAME":"10","CODE":"jisu11x50","SORT":10.0,"STATE":0,"ST":false,"BET_AMT":null,"ODDS_A":0.0,"ODDS_B":0.0,"ODDS_C":0.0},"jisu11x50_11":{"ID":8046,"P_3ID":1818,"P_1ID":1817,"GROUP_NAME":"第一球","SHOWCLS":"blue","ODDS":"0.00","NUM":"11","NUM_NAME":"11","CODE":"jisu11x50","SORT":11.0,"STATE":0,"ST":false,"BET_AMT":null,"ODDS_A":0.0,"ODDS_B":0.0,"ODDS_C":0.0},"jisu11x50_大":{"ID":8047,"P_3ID":1818,"P_1ID":1817,"GROUP_NAME":"第一球","SHOWCLS":"text","ODDS":"0.00","NUM":"大","NUM_NAME":"大","CODE":"jisu11x50","SORT":12.0,"STATE":0,"ST":false,"BET_AMT":null,"ODDS_A":0.0,"ODDS_B":0.0,"ODDS_C":0.0},"jisu11x50_小":{"ID":8048,"P_3ID":1818,"P_1ID":1817,"GROUP_NAME":"第一球","SHOWCLS":"text","ODDS":"0.00","NUM":"小","NUM_NAME":"小","CODE":"jisu11x50","SORT":13.0,"STATE":0,"ST":false,"BET_AMT":null,"ODDS_A":0.0,"ODDS_B":0.0,"ODDS_C":0.0},"jisu11x50_单":{"ID":8049,"P_3ID":1818,"P_1ID":1817,"GROUP_NAME":"第一球","SHOWCLS":"text","ODDS":"0.00","NUM":"单","NUM_NAME":"单","CODE":"jisu11x50","SORT":14.0,"STATE":0,"ST":false,"BET_AMT":null,"ODDS_A":0.0,"ODDS_B":0.0,"ODDS_C":0.0},"jisu11x50_双":{"ID":8050,"P_3ID":1818,"P_1ID":1817,"GROUP_NAME":"第一球","SHOWCLS":"text","ODDS":"0.00","NUM":"双","NUM_NAME":"双","CODE":"jisu11x50","SORT":15.0,"STATE":0,"ST":false,"BET_AMT":null,"ODDS_A":0.0,"ODDS_B":0.0,"ODDS_C":0.0}},"jisu11x51":{"jisu11x51_1":{"ID":8055,"P_3ID":1819,"P_1ID":1817,"GROUP_NAME":"第二球","SHOWCLS":"blue","ODDS":"0.00","NUM":"1","NUM_NAME":"1","CODE":"jisu11x51","SORT":1.0,"STATE":0,"ST":false,"BET_AMT":null,"ODDS_A":0.0,"ODDS_B":0.0,"ODDS_C":0.0},"jisu11x51_2":{"ID":8056,"P_3ID":1819,"P_1ID":1817,"GROUP_NAME":"第二球","SHOWCLS":"blue","ODDS":"0.00","NUM":"2","NUM_NAME":"2","CODE":"jisu11x51","SORT":2.0,"STATE":0,"ST":false,"BET_AMT":null,"ODDS_A":0.0,"ODDS_B":0.0,"ODDS_C":0.0},"jisu11x51_3":{"ID":8057,"P_3ID":1819,"P_1ID":1817,"GROUP_NAME":"第二球","SHOWCLS":"blue","ODDS":"0.00","NUM":"3","NUM_NAME":"3","CODE":"jisu11x51","SORT":3.0,"STATE":0,"ST":false,"BET_AMT":null,"ODDS_A":0.0,"ODDS_B":0.0,"ODDS_C":0.0},"jisu11x51_4":{"ID":8058,"P_3ID":1819,"P_1ID":1817,"GROUP_NAME":"第二球","SHOWCLS":"blue","ODDS":"0.00","NUM":"4","NUM_NAME":"4","CODE":"jisu11x51","SORT":4.0,"STATE":0,"ST":false,"BET_AMT":null,"ODDS_A":0.0,"ODDS_B":0.0,"ODDS_C":0.0},"jisu11x51_5":{"ID":8059,"P_3ID":1819,"P_1ID":1817,"GROUP_NAME":"第二球","SHOWCLS":"blue","ODDS":"0.00","NUM":"5","NUM_NAME":"5","CODE":"jisu11x51","SORT":5.0,"STATE":0,"ST":false,"BET_AMT":null,"ODDS_A":0.0,"ODDS_B":0.0,"ODDS_C":0.0},"jisu11x51_6":{"ID":8060,"P_3ID":1819,"P_1ID":1817,"GROUP_NAME":"第二球","SHOWCLS":"blue","ODDS":"0.00","NUM":"6","NUM_NAME":"6","CODE":"jisu11x51","SORT":6.0,"STATE":0,"ST":false,"BET_AMT":null,"ODDS_A":0.0,"ODDS_B":0.0,"ODDS_C":0.0},"jisu11x51_7":{"ID":8061,"P_3ID":1819,"P_1ID":1817,"GROUP_NAME":"第二球","SHOWCLS":"blue","ODDS":"0.00","NUM":"7","NUM_NAME":"7","CODE":"jisu11x51","SORT":7.0,"STATE":0,"ST":false,"BET_AMT":null,"ODDS_A":0.0,"ODDS_B":0.0,"ODDS_C":0.0},"jisu11x51_8":{"ID":8062,"P_3ID":1819,"P_1ID":1817,"GROUP_NAME":"第二球","SHOWCLS":"blue","ODDS":"0.00","NUM":"8","NUM_NAME":"8","CODE":"jisu11x51","SORT":8.0,"STATE":0,"ST":false,"BET_AMT":null,"ODDS_A":0.0,"ODDS_B":0.0,"ODDS_C":0.0},"jisu11x51_9":{"ID":8063,"P_3ID":1819,"P_1ID":1817,"GROUP_NAME":"第二球","SHOWCLS":"blue","ODDS":"0.00","NUM":"9","NUM_NAME":"9","CODE":"jisu11x51","SORT":9.0,"STATE":0,"ST":false,"BET_AMT":null,"ODDS_A":0.0,"ODDS_B":0.0,"ODDS_C":0.0},"jisu11x51_10":{"ID":8064,"P_3ID":1819,"P_1ID":1817,"GROUP_NAME":"第二球","SHOWCLS":"blue","ODDS":"0.00","NUM":"10","NUM_NAME":"10","CODE":"jisu11x51","SORT":10.0,"STATE":0,"ST":false,"BET_AMT":null,"ODDS_A":0.0,"ODDS_B":0.0,"ODDS_C":0.0},"jisu11x51_11":{"ID":8065,"P_3ID":1819,"P_1ID":1817,"GROUP_NAME":"第二球","SHOWCLS":"blue","ODDS":"0.00","NUM":"11","NUM_NAME":"11","CODE":"jisu11x51","SORT":11.0,"STATE":0,"ST":false,"BET_AMT":null,"ODDS_A":0.0,"ODDS_B":0.0,"ODDS_C":0.0},"jisu11x51_大":{"ID":8051,"P_3ID":1819,"P_1ID":1817,"GROUP_NAME":"第二球","SHOWCLS":"text","ODDS":"0.00","NUM":"大","NUM_NAME":"大","CODE":"jisu11x51","SORT":12.0,"STATE":0,"ST":false,"BET_AMT":null,"ODDS_A":0.0,"ODDS_B":0.0,"ODDS_C":0.0},"jisu11x51_小":{"ID":8052,"P_3ID":1819,"P_1ID":1817,"GROUP_NAME":"第二球","SHOWCLS":"text","ODDS":"0.00","NUM":"小","NUM_NAME":"小","CODE":"jisu11x51","SORT":13.0,"STATE":0,"ST":false,"BET_AMT":null,"ODDS_A":0.0,"ODDS_B":0.0,"ODDS_C":0.0},"jisu11x51_单":{"ID":8053,"P_3ID":1819,"P_1ID":1817,"GROUP_NAME":"第二球","SHOWCLS":"text","ODDS":"0.00","NUM":"单","NUM_NAME":"单","CODE":"jisu11x51","SORT":14.0,"STATE":0,"ST":false,"BET_AMT":null,"ODDS_A":0.0,"ODDS_B":0.0,"ODDS_C":0.0},"jisu11x51_双":{"ID":8054,"P_3ID":1819,"P_1ID":1817,"GROUP_NAME":"第二球","SHOWCLS":"text","ODDS":"0.00","NUM":"双","NUM_NAME":"双","CODE":"jisu11x51","SORT":15.0,"STATE":0,"ST":false,"BET_AMT":null,"ODDS_A":0.0,"ODDS_B":0.0,"ODDS_C":0.0}},"jisu11x52":{"jisu11x52_1":{"ID":8066,"P_3ID":1820,"P_1ID":1817,"GROUP_NAME":"第三球","SHOWCLS":"blue","ODDS":"0.00","NUM":"1","NUM_NAME":"1","CODE":"jisu11x52","SORT":1.0,"STATE":0,"ST":false,"BET_AMT":null,"ODDS_A":0.0,"ODDS_B":0.0,"ODDS_C":0.0},"jisu11x52_2":{"ID":8067,"P_3ID":1820,"P_1ID":1817,"GROUP_NAME":"第三球","SHOWCLS":"blue","ODDS":"0.00","NUM":"2","NUM_NAME":"2","CODE":"jisu11x52","SORT":2.0,"STATE":0,"ST":false,"BET_AMT":null,"ODDS_A":0.0,"ODDS_B":0.0,"ODDS_C":0.0},"jisu11x52_3":{"ID":8068,"P_3ID":1820,"P_1ID":1817,"GROUP_NAME":"第三球","SHOWCLS":"blue","ODDS":"0.00","NUM":"3","NUM_NAME":"3","CODE":"jisu11x52","SORT":3.0,"STATE":0,"ST":false,"BET_AMT":null,"ODDS_A":0.0,"ODDS_B":0.0,"ODDS_C":0.0},"jisu11x52_4":{"ID":8069,"P_3ID":1820,"P_1ID":1817,"GROUP_NAME":"第三球","SHOWCLS":"blue","ODDS":"0.00","NUM":"4","NUM_NAME":"4","CODE":"jisu11x52","SORT":4.0,"STATE":0,"ST":false,"BET_AMT":null,"ODDS_A":0.0,"ODDS_B":0.0,"ODDS_C":0.0},"jisu11x52_5":{"ID":8070,"P_3ID":1820,"P_1ID":1817,"GROUP_NAME":"第三球","SHOWCLS":"blue","ODDS":"0.00","NUM":"5","NUM_NAME":"5","CODE":"jisu11x52","SORT":5.0,"STATE":0,"ST":false,"BET_AMT":null,"ODDS_A":0.0,"ODDS_B":0.0,"ODDS_C":0.0},"jisu11x52_6":{"ID":8071,"P_3ID":1820,"P_1ID":1817,"GROUP_NAME":"第三球","SHOWCLS":"blue","ODDS":"0.00","NUM":"6","NUM_NAME":"6","CODE":"jisu11x52","SORT":6.0,"STATE":0,"ST":false,"BET_AMT":null,"ODDS_A":0.0,"ODDS_B":0.0,"ODDS_C":0.0},"jisu11x52_7":{"ID":8072,"P_3ID":1820,"P_1ID":1817,"GROUP_NAME":"第三球","SHOWCLS":"blue","ODDS":"0.00","NUM":"7","NUM_NAME":"7","CODE":"jisu11x52","SORT":7.0,"STATE":0,"ST":false,"BET_AMT":null,"ODDS_A":0.0,"ODDS_B":0.0,"ODDS_C":0.0},"jisu11x52_8":{"ID":8073,"P_3ID":1820,"P_1ID":1817,"GROUP_NAME":"第三球","SHOWCLS":"blue","ODDS":"0.00","NUM":"8","NUM_NAME":"8","CODE":"jisu11x52","SORT":8.0,"STATE":0,"ST":false,"BET_AMT":null,"ODDS_A":0.0,"ODDS_B":0.0,"ODDS_C":0.0},"jisu11x52_9":{"ID":8074,"P_3ID":1820,"P_1ID":1817,"GROUP_NAME":"第三球","SHOWCLS":"blue","ODDS":"0.00","NUM":"9","NUM_NAME":"9","CODE":"jisu11x52","SORT":9.0,"STATE":0,"ST":false,"BET_AMT":null,"ODDS_A":0.0,"ODDS_B":0.0,"ODDS_C":0.0},"jisu11x52_10":{"ID":8075,"P_3ID":1820,"P_1ID":1817,"GROUP_NAME":"第三球","SHOWCLS":"blue","ODDS":"0.00","NUM":"10","NUM_NAME":"10","CODE":"jisu11x52","SORT":10.0,"STATE":0,"ST":false,"BET_AMT":null,"ODDS_A":0.0,"ODDS_B":0.0,"ODDS_C":0.0},"jisu11x52_11":{"ID":8076,"P_3ID":1820,"P_1ID":1817,"GROUP_NAME":"第三球","SHOWCLS":"blue","ODDS":"0.00","NUM":"11","NUM_NAME":"11","CODE":"jisu11x52","SORT":11.0,"STATE":0,"ST":false,"BET_AMT":null,"ODDS_A":0.0,"ODDS_B":0.0,"ODDS_C":0.0},"jisu11x52_大":{"ID":8077,"P_3ID":1820,"P_1ID":1817,"GROUP_NAME":"第三球","SHOWCLS":"text","ODDS":"0.00","NUM":"大","NUM_NAME":"大","CODE":"jisu11x52","SORT":12.0,"STATE":0,"ST":false,"BET_AMT":null,"ODDS_A":0.0,"ODDS_B":0.0,"ODDS_C":0.0},"jisu11x52_小":{"ID":8078,"P_3ID":1820,"P_1ID":1817,"GROUP_NAME":"第三球","SHOWCLS":"text","ODDS":"0.00","NUM":"小","NUM_NAME":"小","CODE":"jisu11x52","SORT":13.0,"STATE":0,"ST":false,"BET_AMT":null,"ODDS_A":0.0,"ODDS_B":0.0,"ODDS_C":0.0},"jisu11x52_单":{"ID":8079,"P_3ID":1820,"P_1ID":1817,"GROUP_NAME":"第三球","SHOWCLS":"text","ODDS":"0.00","NUM":"单","NUM_NAME":"单","CODE":"jisu11x52","SORT":14.0,"STATE":0,"ST":false,"BET_AMT":null,"ODDS_A":0.0,"ODDS_B":0.0,"ODDS_C":0.0},"jisu11x52_双":{"ID":8080,"P_3ID":1820,"P_1ID":1817,"GROUP_NAME":"第三球","SHOWCLS":"text","ODDS":"0.00","NUM":"双","NUM_NAME":"双","CODE":"jisu11x52","SORT":15.0,"STATE":0,"ST":false,"BET_AMT":null,"ODDS_A":0.0,"ODDS_B":0.0,"ODDS_C":0.0}},"jisu11x53":{"jisu11x53_1":{"ID":8081,"P_3ID":1821,"P_1ID":1817,"GROUP_NAME":"第四球","SHOWCLS":"blue","ODDS":"0.00","NUM":"1","NUM_NAME":"1","CODE":"jisu11x53","SORT":1.0,"STATE":0,"ST":false,"BET_AMT":null,"ODDS_A":0.0,"ODDS_B":0.0,"ODDS_C":0.0},"jisu11x53_2":{"ID":8082,"P_3ID":1821,"P_1ID":1817,"GROUP_NAME":"第四球","SHOWCLS":"blue","ODDS":"0.00","NUM":"2","NUM_NAME":"2","CODE":"jisu11x53","SORT":2.0,"STATE":0,"ST":false,"BET_AMT":null,"ODDS_A":0.0,"ODDS_B":0.0,"ODDS_C":0.0},"jisu11x53_3":{"ID":8083,"P_3ID":1821,"P_1ID":1817,"GROUP_NAME":"第四球","SHOWCLS":"blue","ODDS":"0.00","NUM":"3","NUM_NAME":"3","CODE":"jisu11x53","SORT":3.0,"STATE":0,"ST":false,"BET_AMT":null,"ODDS_A":0.0,"ODDS_B":0.0,"ODDS_C":0.0},"jisu11x53_4":{"ID":8084,"P_3ID":1821,"P_1ID":1817,"GROUP_NAME":"第四球","SHOWCLS":"blue","ODDS":"0.00","NUM":"4","NUM_NAME":"4","CODE":"jisu11x53","SORT":4.0,"STATE":0,"ST":false,"BET_AMT":null,"ODDS_A":0.0,"ODDS_B":0.0,"ODDS_C":0.0},"jisu11x53_5":{"ID":8085,"P_3ID":1821,"P_1ID":1817,"GROUP_NAME":"第四球","SHOWCLS":"blue","ODDS":"0.00","NUM":"5","NUM_NAME":"5","CODE":"jisu11x53","SORT":5.0,"STATE":0,"ST":false,"BET_AMT":null,"ODDS_A":0.0,"ODDS_B":0.0,"ODDS_C":0.0},"jisu11x53_6":{"ID":8086,"P_3ID":1821,"P_1ID":1817,"GROUP_NAME":"第四球","SHOWCLS":"blue","ODDS":"0.00","NUM":"6","NUM_NAME":"6","CODE":"jisu11x53","SORT":6.0,"STATE":0,"ST":false,"BET_AMT":null,"ODDS_A":0.0,"ODDS_B":0.0,"ODDS_C":0.0},"jisu11x53_7":{"ID":8087,"P_3ID":1821,"P_1ID":1817,"GROUP_NAME":"第四球","SHOWCLS":"blue","ODDS":"0.00","NUM":"7","NUM_NAME":"7","CODE":"jisu11x53","SORT":7.0,"STATE":0,"ST":false,"BET_AMT":null,"ODDS_A":0.0,"ODDS_B":0.0,"ODDS_C":0.0},"jisu11x53_8":{"ID":8088,"P_3ID":1821,"P_1ID":1817,"GROUP_NAME":"第四球","SHOWCLS":"blue","ODDS":"0.00","NUM":"8","NUM_NAME":"8","CODE":"jisu11x53","SORT":8.0,"STATE":0,"ST":false,"BET_AMT":null,"ODDS_A":0.0,"ODDS_B":0.0,"ODDS_C":0.0},"jisu11x53_9":{"ID":8089,"P_3ID":1821,"P_1ID":1817,"GROUP_NAME":"第四球","SHOWCLS":"blue","ODDS":"0.00","NUM":"9","NUM_NAME":"9","CODE":"jisu11x53","SORT":9.0,"STATE":0,"ST":false,"BET_AMT":null,"ODDS_A":0.0,"ODDS_B":0.0,"ODDS_C":0.0},"jisu11x53_10":{"ID":8090,"P_3ID":1821,"P_1ID":1817,"GROUP_NAME":"第四球","SHOWCLS":"blue","ODDS":"0.00","NUM":"10","NUM_NAME":"10","CODE":"jisu11x53","SORT":10.0,"STATE":0,"ST":false,"BET_AMT":null,"ODDS_A":0.0,"ODDS_B":0.0,"ODDS_C":0.0},"jisu11x53_11":{"ID":8091,"P_3ID":1821,"P_1ID":1817,"GROUP_NAME":"第四球","SHOWCLS":"blue","ODDS":"0.00","NUM":"11","NUM_NAME":"11","CODE":"jisu11x53","SORT":11.0,"STATE":0,"ST":false,"BET_AMT":null,"ODDS_A":0.0,"ODDS_B":0.0,"ODDS_C":0.0},"jisu11x53_大":{"ID":8092,"P_3ID":1821,"P_1ID":1817,"GROUP_NAME":"第四球","SHOWCLS":"text","ODDS":"0.00","NUM":"大","NUM_NAME":"大","CODE":"jisu11x53","SORT":12.0,"STATE":0,"ST":false,"BET_AMT":null,"ODDS_A":0.0,"ODDS_B":0.0,"ODDS_C":0.0},"jisu11x53_小":{"ID":8093,"P_3ID":1821,"P_1ID":1817,"GROUP_NAME":"第四球","SHOWCLS":"text","ODDS":"0.00","NUM":"小","NUM_NAME":"小","CODE":"jisu11x53","SORT":13.0,"STATE":0,"ST":false,"BET_AMT":null,"ODDS_A":0.0,"ODDS_B":0.0,"ODDS_C":0.0},"jisu11x53_单":{"ID":8094,"P_3ID":1821,"P_1ID":1817,"GROUP_NAME":"第四球","SHOWCLS":"text","ODDS":"0.00","NUM":"单","NUM_NAME":"单","CODE":"jisu11x53","SORT":14.0,"STATE":0,"ST":false,"BET_AMT":null,"ODDS_A":0.0,"ODDS_B":0.0,"ODDS_C":0.0},"jisu11x53_双":{"ID":8095,"P_3ID":1821,"P_1ID":1817,"GROUP_NAME":"第四球","SHOWCLS":"text","ODDS":"0.00","NUM":"双","NUM_NAME":"双","CODE":"jisu11x53","SORT":15.0,"STATE":0,"ST":false,"BET_AMT":null,"ODDS_A":0.0,"ODDS_B":0.0,"ODDS_C":0.0}},"jisu11x54":{"jisu11x54_1":{"ID":8096,"P_3ID":1822,"P_1ID":1817,"GROUP_NAME":"第五球","SHOWCLS":"blue","ODDS":"0.00","NUM":"1","NUM_NAME":"1","CODE":"jisu11x54","SORT":1.0,"STATE":0,"ST":false,"BET_AMT":null,"ODDS_A":0.0,"ODDS_B":0.0,"ODDS_C":0.0},"jisu11x54_2":{"ID":8097,"P_3ID":1822,"P_1ID":1817,"GROUP_NAME":"第五球","SHOWCLS":"blue","ODDS":"0.00","NUM":"2","NUM_NAME":"2","CODE":"jisu11x54","SORT":2.0,"STATE":0,"ST":false,"BET_AMT":null,"ODDS_A":0.0,"ODDS_B":0.0,"ODDS_C":0.0},"jisu11x54_3":{"ID":8098,"P_3ID":1822,"P_1ID":1817,"GROUP_NAME":"第五球","SHOWCLS":"blue","ODDS":"0.00","NUM":"3","NUM_NAME":"3","CODE":"jisu11x54","SORT":3.0,"STATE":0,"ST":false,"BET_AMT":null,"ODDS_A":0.0,"ODDS_B":0.0,"ODDS_C":0.0},"jisu11x54_4":{"ID":8099,"P_3ID":1822,"P_1ID":1817,"GROUP_NAME":"第五球","SHOWCLS":"blue","ODDS":"0.00","NUM":"4","NUM_NAME":"4","CODE":"jisu11x54","SORT":4.0,"STATE":0,"ST":false,"BET_AMT":null,"ODDS_A":0.0,"ODDS_B":0.0,"ODDS_C":0.0},"jisu11x54_5":{"ID":8100,"P_3ID":1822,"P_1ID":1817,"GROUP_NAME":"第五球","SHOWCLS":"blue","ODDS":"0.00","NUM":"5","NUM_NAME":"5","CODE":"jisu11x54","SORT":5.0,"STATE":0,"ST":false,"BET_AMT":null,"ODDS_A":0.0,"ODDS_B":0.0,"ODDS_C":0.0},"jisu11x54_6":{"ID":8101,"P_3ID":1822,"P_1ID":1817,"GROUP_NAME":"第五球","SHOWCLS":"blue","ODDS":"0.00","NUM":"6","NUM_NAME":"6","CODE":"jisu11x54","SORT":6.0,"STATE":0,"ST":false,"BET_AMT":null,"ODDS_A":0.0,"ODDS_B":0.0,"ODDS_C":0.0},"jisu11x54_7":{"ID":8102,"P_3ID":1822,"P_1ID":1817,"GROUP_NAME":"第五球","SHOWCLS":"blue","ODDS":"0.00","NUM":"7","NUM_NAME":"7","CODE":"jisu11x54","SORT":7.0,"STATE":0,"ST":false,"BET_AMT":null,"ODDS_A":0.0,"ODDS_B":0.0,"ODDS_C":0.0},"jisu11x54_8":{"ID":8103,"P_3ID":1822,"P_1ID":1817,"GROUP_NAME":"第五球","SHOWCLS":"blue","ODDS":"0.00","NUM":"8","NUM_NAME":"8","CODE":"jisu11x54","SORT":8.0,"STATE":0,"ST":false,"BET_AMT":null,"ODDS_A":0.0,"ODDS_B":0.0,"ODDS_C":0.0},"jisu11x54_9":{"ID":8104,"P_3ID":1822,"P_1ID":1817,"GROUP_NAME":"第五球","SHOWCLS":"blue","ODDS":"0.00","NUM":"9","NUM_NAME":"9","CODE":"jisu11x54","SORT":9.0,"STATE":0,"ST":false,"BET_AMT":null,"ODDS_A":0.0,"ODDS_B":0.0,"ODDS_C":0.0},"jisu11x54_10":{"ID":8105,"P_3ID":1822,"P_1ID":1817,"GROUP_NAME":"第五球","SHOWCLS":"blue","ODDS":"0.00","NUM":"10","NUM_NAME":"10","CODE":"jisu11x54","SORT":10.0,"STATE":0,"ST":false,"BET_AMT":null,"ODDS_A":0.0,"ODDS_B":0.0,"ODDS_C":0.0},"jisu11x54_11":{"ID":8106,"P_3ID":1822,"P_1ID":1817,"GROUP_NAME":"第五球","SHOWCLS":"blue","ODDS":"0.00","NUM":"11","NUM_NAME":"11","CODE":"jisu11x54","SORT":11.0,"STATE":0,"ST":false,"BET_AMT":null,"ODDS_A":0.0,"ODDS_B":0.0,"ODDS_C":0.0},"jisu11x54_大":{"ID":8107,"P_3ID":1822,"P_1ID":1817,"GROUP_NAME":"第五球","SHOWCLS":"text","ODDS":"0.00","NUM":"大","NUM_NAME":"大","CODE":"jisu11x54","SORT":12.0,"STATE":0,"ST":false,"BET_AMT":null,"ODDS_A":0.0,"ODDS_B":0.0,"ODDS_C":0.0},"jisu11x54_小":{"ID":8108,"P_3ID":1822,"P_1ID":1817,"GROUP_NAME":"第五球","SHOWCLS":"text","ODDS":"0.00","NUM":"小","NUM_NAME":"小","CODE":"jisu11x54","SORT":13.0,"STATE":0,"ST":false,"BET_AMT":null,"ODDS_A":0.0,"ODDS_B":0.0,"ODDS_C":0.0},"jisu11x54_单":{"ID":8109,"P_3ID":1822,"P_1ID":1817,"GROUP_NAME":"第五球","SHOWCLS":"text","ODDS":"0.00","NUM":"单","NUM_NAME":"单","CODE":"jisu11x54","SORT":14.0,"STATE":0,"ST":false,"BET_AMT":null,"ODDS_A":0.0,"ODDS_B":0.0,"ODDS_C":0.0},"jisu11x54_双":{"ID":8110,"P_3ID":1822,"P_1ID":1817,"GROUP_NAME":"第五球","SHOWCLS":"text","ODDS":"0.00","NUM":"双","NUM_NAME":"双","CODE":"jisu11x54","SORT":15.0,"STATE":0,"ST":false,"BET_AMT":null,"ODDS_A":0.0,"ODDS_B":0.0,"ODDS_C":0.0}},"jisu11x55":{"jisu11x55_前二":{"ID":8111,"P_3ID":1823,"P_1ID":1817,"GROUP_NAME":"直选","SHOWCLS":"text","ODDS":"0.00","NUM":"前二","NUM_NAME":"前二","CODE":"jisu11x55","SORT":2.0,"STATE":0,"ST":false,"BET_AMT":null,"ODDS_A":0.0,"ODDS_B":0.0,"ODDS_C":0.0},"jisu11x55_前三":{"ID":8112,"P_3ID":1823,"P_1ID":1817,"GROUP_NAME":"直选","SHOWCLS":"text","ODDS":"0.00","NUM":"前三","NUM_NAME":"前三","CODE":"jisu11x55","SORT":3.0,"STATE":0,"ST":false,"BET_AMT":null,"ODDS_A":0.0,"ODDS_B":0.0,"ODDS_C":0.0}},"jisu11x56":{"jisu11x56_前二":{"ID":8113,"P_3ID":1824,"P_1ID":1817,"GROUP_NAME":"组选","SHOWCLS":"text","ODDS":"0.00","NUM":"前二","NUM_NAME":"前二","CODE":"jisu11x56","SORT":2.0,"STATE":0,"ST":false,"BET_AMT":null,"ODDS_A":0.0,"ODDS_B":0.0,"ODDS_C":0.0},"jisu11x56_前三":{"ID":8114,"P_3ID":1824,"P_1ID":1817,"GROUP_NAME":"组选","SHOWCLS":"text","ODDS":"0.00","NUM":"前三","NUM_NAME":"前三","CODE":"jisu11x56","SORT":3.0,"STATE":0,"ST":false,"BET_AMT":null,"ODDS_A":0.0,"ODDS_B":0.0,"ODDS_C":0.0}},"jisu11x57":{"jisu11x57_一中一":{"ID":8115,"P_3ID":1825,"P_1ID":1817,"GROUP_NAME":"任选","SHOWCLS":"text","ODDS":"0.00","NUM":"一中一","NUM_NAME":"一中一","CODE":"jisu11x57","SORT":1.0,"STATE":0,"ST":false,"BET_AMT":null,"ODDS_A":0.0,"ODDS_B":0.0,"ODDS_C":0.0},"jisu11x57_二中二":{"ID":8116,"P_3ID":1825,"P_1ID":1817,"GROUP_NAME":"任选","SHOWCLS":"text","ODDS":"0.00","NUM":"二中二","NUM_NAME":"二中二","CODE":"jisu11x57","SORT":2.0,"STATE":0,"ST":false,"BET_AMT":null,"ODDS_A":0.0,"ODDS_B":0.0,"ODDS_C":0.0},"jisu11x57_三中三":{"ID":8117,"P_3ID":1825,"P_1ID":1817,"GROUP_NAME":"任选","SHOWCLS":"text","ODDS":"0.00","NUM":"三中三","NUM_NAME":"三中三","CODE":"jisu11x57","SORT":3.0,"STATE":0,"ST":false,"BET_AMT":null,"ODDS_A":0.0,"ODDS_B":0.0,"ODDS_C":0.0},"jisu11x57_四中四":{"ID":8118,"P_3ID":1825,"P_1ID":1817,"GROUP_NAME":"任选","SHOWCLS":"text","ODDS":"0.00","NUM":"四中四","NUM_NAME":"四中四","CODE":"jisu11x57","SORT":4.0,"STATE":0,"ST":false,"BET_AMT":null,"ODDS_A":0.0,"ODDS_B":0.0,"ODDS_C":0.0},"jisu11x57_五中五":{"ID":8119,"P_3ID":1825,"P_1ID":1817,"GROUP_NAME":"任选","SHOWCLS":"text","ODDS":"0.00","NUM":"五中五","NUM_NAME":"五中五","CODE":"jisu11x57","SORT":5.0,"STATE":0,"ST":false,"BET_AMT":null,"ODDS_A":0.0,"ODDS_B":0.0,"ODDS_C":0.0},"jisu11x57_六中五":{"ID":8120,"P_3ID":1825,"P_1ID":1817,"GROUP_NAME":"任选","SHOWCLS":"text","ODDS":"0.00","NUM":"六中五","NUM_NAME":"六中五","CODE":"jisu11x57","SORT":6.0,"STATE":0,"ST":false,"BET_AMT":null,"ODDS_A":0.0,"ODDS_B":0.0,"ODDS_C":0.0},"jisu11x57_七中五":{"ID":8121,"P_3ID":1825,"P_1ID":1817,"GROUP_NAME":"任选","SHOWCLS":"text","ODDS":"0.00","NUM":"七中五","NUM_NAME":"七中五","CODE":"jisu11x57","SORT":7.0,"STATE":0,"ST":false,"BET_AMT":null,"ODDS_A":0.0,"ODDS_B":0.0,"ODDS_C":0.0},"jisu11x57_八中五":{"ID":8122,"P_3ID":1825,"P_1ID":1817,"GROUP_NAME":"任选","SHOWCLS":"text","ODDS":"0.00","NUM":"八中五","NUM_NAME":"八中五","CODE":"jisu11x57","SORT":8.0,"STATE":0,"ST":false,"BET_AMT":null,"ODDS_A":0.0,"ODDS_B":0.0,"ODDS_C":0.0}},"jisu11x58":{"jisu11x58_总和大":{"ID":8123,"P_3ID":1826,"P_1ID":1817,"GROUP_NAME":"总和-龙虎","SHOWCLS":"text","ODDS":"0.00","NUM":"总和大","NUM_NAME":"总和大","CODE":"jisu11x58","SORT":1.0,"STATE":0,"ST":false,"BET_AMT":null,"ODDS_A":0.0,"ODDS_B":0.0,"ODDS_C":0.0},"jisu11x58_总和小":{"ID":8124,"P_3ID":1826,"P_1ID":1817,"GROUP_NAME":"总和-龙虎","SHOWCLS":"text","ODDS":"0.00","NUM":"总和小","NUM_NAME":"总和小","CODE":"jisu11x58","SORT":2.0,"STATE":0,"ST":false,"BET_AMT":null,"ODDS_A":0.0,"ODDS_B":0.0,"ODDS_C":0.0},"jisu11x58_总和单":{"ID":8125,"P_3ID":1826,"P_1ID":1817,"GROUP_NAME":"总和-龙虎","SHOWCLS":"text","ODDS":"0.00","NUM":"总和单","NUM_NAME":"总和单","CODE":"jisu11x58","SORT":3.0,"STATE":0,"ST":false,"BET_AMT":null,"ODDS_A":0.0,"ODDS_B":0.0,"ODDS_C":0.0},"jisu11x58_总和双":{"ID":8126,"P_3ID":1826,"P_1ID":1817,"GROUP_NAME":"总和-龙虎","SHOWCLS":"text","ODDS":"0.00","NUM":"总和双","NUM_NAME":"总和双","CODE":"jisu11x58","SORT":4.0,"STATE":0,"ST":false,"BET_AMT":null,"ODDS_A":0.0,"ODDS_B":0.0,"ODDS_C":0.0},"jisu11x58_尾大":{"ID":8127,"P_3ID":1826,"P_1ID":1817,"GROUP_NAME":"总和-龙虎","SHOWCLS":"text","ODDS":"0.00","NUM":"尾大","NUM_NAME":"总尾大","CODE":"jisu11x58","SORT":5.0,"STATE":0,"ST":false,"BET_AMT":null,"ODDS_A":0.0,"ODDS_B":0.0,"ODDS_C":0.0},"jisu11x58_尾小":{"ID":8128,"P_3ID":1826,"P_1ID":1817,"GROUP_NAME":"总和-龙虎","SHOWCLS":"text","ODDS":"0.00","NUM":"尾小","NUM_NAME":"总尾小","CODE":"jisu11x58","SORT":6.0,"STATE":0,"ST":false,"BET_AMT":null,"ODDS_A":0.0,"ODDS_B":0.0,"ODDS_C":0.0},"jisu11x58_尾单":{"ID":8129,"P_3ID":1826,"P_1ID":1817,"GROUP_NAME":"总和-龙虎","SHOWCLS":"text","ODDS":"0.00","NUM":"尾单","NUM_NAME":"总尾单","CODE":"jisu11x58","SORT":7.0,"STATE":0,"ST":false,"BET_AMT":null,"ODDS_A":0.0,"ODDS_B":0.0,"ODDS_C":0.0},"jisu11x58_尾双":{"ID":8130,"P_3ID":1826,"P_1ID":1817,"GROUP_NAME":"总和-龙虎","SHOWCLS":"text","ODDS":"0.00","NUM":"尾双","NUM_NAME":"总尾双","CODE":"jisu11x58","SORT":8.0,"STATE":0,"ST":false,"BET_AMT":null,"ODDS_A":0.0,"ODDS_B":0.0,"ODDS_C":0.0},"jisu11x58_龙":{"ID":8131,"P_3ID":1826,"P_1ID":1817,"GROUP_NAME":"总和-龙虎","SHOWCLS":"text","ODDS":"0.00","NUM":"龙","NUM_NAME":"龙","CODE":"jisu11x58","SORT":9.0,"STATE":0,"ST":false,"BET_AMT":null,"ODDS_A":0.0,"ODDS_B":0.0,"ODDS_C":0.0},"jisu11x58_虎":{"ID":8132,"P_3ID":1826,"P_1ID":1817,"GROUP_NAME":"总和-龙虎","SHOWCLS":"text","ODDS":"0.00","NUM":"虎","NUM_NAME":"虎","CODE":"jisu11x58","SORT":10.0,"STATE":0,"ST":false,"BET_AMT":null,"ODDS_A":0.0,"ODDS_B":0.0,"ODDS_C":0.0}}}
