[{"id":"1835","text":"特码","value":"2","parentnodes":"0","showcheck":false,"isexpand":false,"complete":true,"extendProperty":"jisuhk6-1","hasChildren":false,"ChildNodes":[]},{"id":"1835","text":"特码生肖","value":"2","parentnodes":"0","showcheck":false,"isexpand":false,"complete":true,"extendProperty":"jisuhk6-1","hasChildren":true,"ChildNodes":[]},{"id":"1837","text":"正码特","value":"2","parentnodes":"0","showcheck":false,"isexpand":false,"complete":true,"extendProperty":"jisuhk6-2","hasChildren":false,"ChildNodes":[]},{"id":"1836","text":"正码","value":"2","parentnodes":"0","showcheck":false,"isexpand":false,"complete":true,"extendProperty":"jisuhk6-3","hasChildren":false,"ChildNodes":[]},{"id":"1828","text":"总和","value":"2","parentnodes":"0","showcheck":false,"isexpand":false,"complete":true,"extendProperty":"jisuhk6-5","hasChildren":false,"ChildNodes":[]},{"id":"1829","text":"一肖/尾数","value":"2","parentnodes":"0","showcheck":false,"isexpand":false,"complete":true,"extendProperty":"jisuhk6-6","hasChildren":false,"ChildNodes":[]},{"id":"1830","text":"连码","value":"2","parentnodes":"0","showcheck":false,"isexpand":false,"complete":true,"extendProperty":"jisuhk6-7","hasChildren":false,"ChildNodes":[]},{"id":"1831","text":"合肖","value":"2","parentnodes":"0","showcheck":false,"isexpand":false,"complete":true,"extendProperty":"jisuhk6-8","hasChildren":false,"ChildNodes":[]},{"id":"1832","text":"生肖连","value":"2","parentnodes":"0","showcheck":false,"isexpand":false,"complete":true,"extendProperty":"jisuhk6-9","hasChildren":false,"ChildNodes":[]},{"id":"1833","text":"尾数连","value":"2","parentnodes":"0","showcheck":false,"isexpand":false,"complete":true,"extendProperty":"jisuhk6-10","hasChildren":false,"ChildNodes":[]},{"id":"1834","text":"全不中","value":"2","parentnodes":"0","showcheck":false,"isexpand":false,"complete":true,"extendProperty":"jisuhk6-11","hasChildren":false,"ChildNodes":[]}]