{"jspk100":{"jspk100_3":{"ID":5956,"P_3ID":1056,"P_1ID":1055,"GROUP_NAME":"冠亚和","SHOWCLS":"blue","ODDS":42.50,"NUM":"3","NUM_NAME":"3","CODE":"jspk100","SORT":1.0,"STATE":0,"ST":false,"BET_AMT":null,"ODDS_A":42.0,"ODDS_B":42.0,"ODDS_C":42.0},"jspk100_4":{"ID":5957,"P_3ID":1056,"P_1ID":1055,"GROUP_NAME":"冠亚和","SHOWCLS":"blue","ODDS":42.50,"NUM":"4","NUM_NAME":"4","CODE":"jspk100","SORT":2.0,"STATE":0,"ST":false,"BET_AMT":null,"ODDS_A":42.0,"ODDS_B":42.0,"ODDS_C":42.0},"jspk100_5":{"ID":5958,"P_3ID":1056,"P_1ID":1055,"GROUP_NAME":"冠亚和","SHOWCLS":"blue","ODDS":21.50,"NUM":"5","NUM_NAME":"5","CODE":"jspk100","SORT":3.0,"STATE":0,"ST":false,"BET_AMT":null,"ODDS_A":20.0,"ODDS_B":20.0,"ODDS_C":20.0},"jspk100_6":{"ID":5959,"P_3ID":1056,"P_1ID":1055,"GROUP_NAME":"冠亚和","SHOWCLS":"blue","ODDS":21.50,"NUM":"6","NUM_NAME":"6","CODE":"jspk100","SORT":4.0,"STATE":0,"ST":false,"BET_AMT":null,"ODDS_A":20.0,"ODDS_B":20.0,"ODDS_C":20.0},"jspk100_7":{"ID":5960,"P_3ID":1056,"P_1ID":1055,"GROUP_NAME":"冠亚和","SHOWCLS":"blue","ODDS":14.50,"NUM":"7","NUM_NAME":"7","CODE":"jspk100","SORT":5.0,"STATE":0,"ST":false,"BET_AMT":null,"ODDS_A":13.0,"ODDS_B":13.0,"ODDS_C":13.0},"jspk100_8":{"ID":5961,"P_3ID":1056,"P_1ID":1055,"GROUP_NAME":"冠亚和","SHOWCLS":"blue","ODDS":14.50,"NUM":"8","NUM_NAME":"8","CODE":"jspk100","SORT":6.0,"STATE":0,"ST":false,"BET_AMT":null,"ODDS_A":13.0,"ODDS_B":13.0,"ODDS_C":13.0},"jspk100_9":{"ID":5962,"P_3ID":1056,"P_1ID":1055,"GROUP_NAME":"冠亚和","SHOWCLS":"blue","ODDS":10.50,"NUM":"9","NUM_NAME":"9","CODE":"jspk100","SORT":7.0,"STATE":0,"ST":false,"BET_AMT":null,"ODDS_A":10.0,"ODDS_B":10.0,"ODDS_C":10.0},"jspk100_10":{"ID":5963,"P_3ID":1056,"P_1ID":1055,"GROUP_NAME":"冠亚和","SHOWCLS":"blue","ODDS":10.50,"NUM":"10","NUM_NAME":"10","CODE":"jspk100","SORT":8.0,"STATE":0,"ST":false,"BET_AMT":null,"ODDS_A":10.0,"ODDS_B":10.0,"ODDS_C":10.0},"jspk100_11":{"ID":5943,"P_3ID":1056,"P_1ID":1055,"GROUP_NAME":"冠亚和","SHOWCLS":"blue","ODDS":8.50,"NUM":"11","NUM_NAME":"11","CODE":"jspk100","SORT":9.0,"STATE":0,"ST":false,"BET_AMT":null,"ODDS_A":8.0,"ODDS_B":8.0,"ODDS_C":8.0},"jspk100_12":{"ID":5944,"P_3ID":1056,"P_1ID":1055,"GROUP_NAME":"冠亚和","SHOWCLS":"blue","ODDS":10.50,"NUM":"12","NUM_NAME":"12","CODE":"jspk100","SORT":10.0,"STATE":0,"ST":false,"BET_AMT":null,"ODDS_A":10.0,"ODDS_B":10.0,"ODDS_C":10.0},"jspk100_13":{"ID":5945,"P_3ID":1056,"P_1ID":1055,"GROUP_NAME":"冠亚和","SHOWCLS":"blue","ODDS":10.50,"NUM":"13","NUM_NAME":"13","CODE":"jspk100","SORT":11.0,"STATE":0,"ST":false,"BET_AMT":null,"ODDS_A":10.0,"ODDS_B":10.0,"ODDS_C":10.0},"jspk100_14":{"ID":5946,"P_3ID":1056,"P_1ID":1055,"GROUP_NAME":"冠亚和","SHOWCLS":"blue","ODDS":14.50,"NUM":"14","NUM_NAME":"14","CODE":"jspk100","SORT":12.0,"STATE":0,"ST":false,"BET_AMT":null,"ODDS_A":13.0,"ODDS_B":13.0,"ODDS_C":13.0},"jspk100_15":{"ID":5954,"P_3ID":1056,"P_1ID":1055,"GROUP_NAME":"冠亚和","SHOWCLS":"blue","ODDS":14.50,"NUM":"15","NUM_NAME":"15","CODE":"jspk100","SORT":13.0,"STATE":0,"ST":false,"BET_AMT":null,"ODDS_A":13.0,"ODDS_B":13.0,"ODDS_C":13.0},"jspk100_16":{"ID":5947,"P_3ID":1056,"P_1ID":1055,"GROUP_NAME":"冠亚和","SHOWCLS":"blue","ODDS":21.50,"NUM":"16","NUM_NAME":"16","CODE":"jspk100","SORT":14.0,"STATE":0,"ST":false,"BET_AMT":null,"ODDS_A":20.0,"ODDS_B":20.0,"ODDS_C":20.0},"jspk100_17":{"ID":5948,"P_3ID":1056,"P_1ID":1055,"GROUP_NAME":"冠亚和","SHOWCLS":"blue","ODDS":21.50,"NUM":"17","NUM_NAME":"17","CODE":"jspk100","SORT":15.0,"STATE":0,"ST":false,"BET_AMT":null,"ODDS_A":20.0,"ODDS_B":20.0,"ODDS_C":20.0},"jspk100_18":{"ID":5949,"P_3ID":1056,"P_1ID":1055,"GROUP_NAME":"冠亚和","SHOWCLS":"blue","ODDS":42.50,"NUM":"18","NUM_NAME":"18","CODE":"jspk100","SORT":16.0,"STATE":0,"ST":false,"BET_AMT":null,"ODDS_A":42.0,"ODDS_B":42.0,"ODDS_C":42.0},"jspk100_19":{"ID":5955,"P_3ID":1056,"P_1ID":1055,"GROUP_NAME":"冠亚和","SHOWCLS":"blue","ODDS":42.50,"NUM":"19","NUM_NAME":"19","CODE":"jspk100","SORT":17.0,"STATE":0,"ST":false,"BET_AMT":null,"ODDS_A":42.0,"ODDS_B":42.0,"ODDS_C":42.0},"jspk100_大":{"ID":5950,"P_3ID":1056,"P_1ID":1055,"GROUP_NAME":"冠亚和","SHOWCLS":"text","ODDS":1.96,"NUM":"大","NUM_NAME":"冠亚大","CODE":"jspk100","SORT":18.0,"STATE":0,"ST":false,"BET_AMT":null,"ODDS_A":2.0,"ODDS_B":2.0,"ODDS_C":2.0},"jspk100_小":{"ID":5951,"P_3ID":1056,"P_1ID":1055,"GROUP_NAME":"冠亚和","SHOWCLS":"text","ODDS":1.96,"NUM":"小","NUM_NAME":"冠亚小","CODE":"jspk100","SORT":19.0,"STATE":0,"ST":false,"BET_AMT":null,"ODDS_A":1.70,"ODDS_B":1.70,"ODDS_C":1.70},"jspk100_单":{"ID":5952,"P_3ID":1056,"P_1ID":1055,"GROUP_NAME":"冠亚和","SHOWCLS":"text","ODDS":1.96,"NUM":"单","NUM_NAME":"冠亚单","CODE":"jspk100","SORT":20.0,"STATE":0,"ST":false,"BET_AMT":null,"ODDS_A":1.70,"ODDS_B":1.70,"ODDS_C":1.70},"jspk100_双":{"ID":5953,"P_3ID":1056,"P_1ID":1055,"GROUP_NAME":"冠亚和","SHOWCLS":"text","ODDS":1.96,"NUM":"双","NUM_NAME":"冠亚双","CODE":"jspk100","SORT":21.0,"STATE":0,"ST":false,"BET_AMT":null,"ODDS_A":2.0,"ODDS_B":2.0,"ODDS_C":2.0}},"jspk101":{"jspk101_6":{"ID":5964,"P_3ID":1057,"P_1ID":1055,"GROUP_NAME":"冠亚季和","SHOWCLS":"blue","ODDS":41.85,"NUM":"6","NUM_NAME":"6","CODE":"jspk101","SORT":1.0,"STATE":0,"ST":false,"BET_AMT":null,"ODDS_A":42.0,"ODDS_B":42.0,"ODDS_C":42.0},"jspk101_7":{"ID":5965,"P_3ID":1057,"P_1ID":1055,"GROUP_NAME":"冠亚季和","SHOWCLS":"blue","ODDS":38.85,"NUM":"7","NUM_NAME":"7","CODE":"jspk101","SORT":2.0,"STATE":0,"ST":false,"BET_AMT":null,"ODDS_A":39.0,"ODDS_B":39.0,"ODDS_C":39.0},"jspk101_8":{"ID":5966,"P_3ID":1057,"P_1ID":1055,"GROUP_NAME":"冠亚季和","SHOWCLS":"blue","ODDS":19.85,"NUM":"8","NUM_NAME":"8","CODE":"jspk101","SORT":3.0,"STATE":0,"ST":false,"BET_AMT":null,"ODDS_A":20.0,"ODDS_B":20.0,"ODDS_C":20.0},"jspk101_9":{"ID":5967,"P_3ID":1057,"P_1ID":1055,"GROUP_NAME":"冠亚季和","SHOWCLS":"blue","ODDS":19.85,"NUM":"9","NUM_NAME":"9","CODE":"jspk101","SORT":4.0,"STATE":0,"ST":false,"BET_AMT":null,"ODDS_A":20.0,"ODDS_B":20.0,"ODDS_C":20.0},"jspk101_10":{"ID":5968,"P_3ID":1057,"P_1ID":1055,"GROUP_NAME":"冠亚季和","SHOWCLS":"blue","ODDS":12.85,"NUM":"10","NUM_NAME":"10","CODE":"jspk101","SORT":5.0,"STATE":0,"ST":false,"BET_AMT":null,"ODDS_A":13.0,"ODDS_B":13.0,"ODDS_C":13.0},"jspk101_11":{"ID":5969,"P_3ID":1057,"P_1ID":1055,"GROUP_NAME":"冠亚季和","SHOWCLS":"blue","ODDS":12.85,"NUM":"11","NUM_NAME":"11","CODE":"jspk101","SORT":6.0,"STATE":0,"ST":false,"BET_AMT":null,"ODDS_A":13.0,"ODDS_B":13.0,"ODDS_C":13.0},"jspk101_12":{"ID":5970,"P_3ID":1057,"P_1ID":1055,"GROUP_NAME":"冠亚季和","SHOWCLS":"blue","ODDS":9.85,"NUM":"12","NUM_NAME":"12","CODE":"jspk101","SORT":7.0,"STATE":0,"ST":false,"BET_AMT":null,"ODDS_A":10.0,"ODDS_B":10.0,"ODDS_C":10.0},"jspk101_13":{"ID":5971,"P_3ID":1057,"P_1ID":1055,"GROUP_NAME":"冠亚季和","SHOWCLS":"blue","ODDS":9.85,"NUM":"13","NUM_NAME":"13","CODE":"jspk101","SORT":8.0,"STATE":0,"ST":false,"BET_AMT":null,"ODDS_A":10.0,"ODDS_B":10.0,"ODDS_C":10.0},"jspk101_14":{"ID":5972,"P_3ID":1057,"P_1ID":1055,"GROUP_NAME":"冠亚季和","SHOWCLS":"blue","ODDS":7.85,"NUM":"14","NUM_NAME":"14","CODE":"jspk101","SORT":9.0,"STATE":0,"ST":false,"BET_AMT":null,"ODDS_A":8.0,"ODDS_B":8.0,"ODDS_C":8.0},"jspk101_15":{"ID":5973,"P_3ID":1057,"P_1ID":1055,"GROUP_NAME":"冠亚季和","SHOWCLS":"blue","ODDS":7.85,"NUM":"15","NUM_NAME":"15","CODE":"jspk101","SORT":10.0,"STATE":0,"ST":false,"BET_AMT":null,"ODDS_A":8.0,"ODDS_B":8.0,"ODDS_C":8.0},"jspk101_16":{"ID":5974,"P_3ID":1057,"P_1ID":1055,"GROUP_NAME":"冠亚季和","SHOWCLS":"blue","ODDS":4.85,"NUM":"16","NUM_NAME":"16","CODE":"jspk101","SORT":11.0,"STATE":0,"ST":false,"BET_AMT":null,"ODDS_A":5.0,"ODDS_B":5.0,"ODDS_C":5.0},"jspk101_17":{"ID":5975,"P_3ID":1057,"P_1ID":1055,"GROUP_NAME":"冠亚季和","SHOWCLS":"blue","ODDS":4.85,"NUM":"17","NUM_NAME":"17","CODE":"jspk101","SORT":12.0,"STATE":0,"ST":false,"BET_AMT":null,"ODDS_A":5.0,"ODDS_B":5.0,"ODDS_C":5.0},"jspk101_18":{"ID":5976,"P_3ID":1057,"P_1ID":1055,"GROUP_NAME":"冠亚季和","SHOWCLS":"blue","ODDS":7.85,"NUM":"18","NUM_NAME":"18","CODE":"jspk101","SORT":13.0,"STATE":0,"ST":false,"BET_AMT":null,"ODDS_A":8.0,"ODDS_B":8.0,"ODDS_C":8.0},"jspk101_19":{"ID":5977,"P_3ID":1057,"P_1ID":1055,"GROUP_NAME":"冠亚季和","SHOWCLS":"blue","ODDS":7.85,"NUM":"19","NUM_NAME":"19","CODE":"jspk101","SORT":14.0,"STATE":0,"ST":false,"BET_AMT":null,"ODDS_A":8.0,"ODDS_B":8.0,"ODDS_C":8.0},"jspk101_20":{"ID":5978,"P_3ID":1057,"P_1ID":1055,"GROUP_NAME":"冠亚季和","SHOWCLS":"blue","ODDS":9.85,"NUM":"20","NUM_NAME":"20","CODE":"jspk101","SORT":15.0,"STATE":0,"ST":false,"BET_AMT":null,"ODDS_A":10.0,"ODDS_B":10.0,"ODDS_C":10.0},"jspk101_21":{"ID":5979,"P_3ID":1057,"P_1ID":1055,"GROUP_NAME":"冠亚季和","SHOWCLS":"blue","ODDS":9.85,"NUM":"21","NUM_NAME":"21","CODE":"jspk101","SORT":16.0,"STATE":0,"ST":false,"BET_AMT":null,"ODDS_A":10.0,"ODDS_B":10.0,"ODDS_C":10.0},"jspk101_22":{"ID":5980,"P_3ID":1057,"P_1ID":1055,"GROUP_NAME":"冠亚季和","SHOWCLS":"blue","ODDS":12.85,"NUM":"22","NUM_NAME":"22","CODE":"jspk101","SORT":17.0,"STATE":0,"ST":false,"BET_AMT":null,"ODDS_A":13.0,"ODDS_B":13.0,"ODDS_C":13.0},"jspk101_23":{"ID":5981,"P_3ID":1057,"P_1ID":1055,"GROUP_NAME":"冠亚季和","SHOWCLS":"blue","ODDS":12.85,"NUM":"23","NUM_NAME":"23","CODE":"jspk101","SORT":18.0,"STATE":0,"ST":false,"BET_AMT":null,"ODDS_A":13.0,"ODDS_B":13.0,"ODDS_C":13.0},"jspk101_24":{"ID":5982,"P_3ID":1057,"P_1ID":1055,"GROUP_NAME":"冠亚季和","SHOWCLS":"blue","ODDS":19.85,"NUM":"24","NUM_NAME":"24","CODE":"jspk101","SORT":19.0,"STATE":0,"ST":false,"BET_AMT":null,"ODDS_A":20.0,"ODDS_B":20.0,"ODDS_C":20.0},"jspk101_25":{"ID":5983,"P_3ID":1057,"P_1ID":1055,"GROUP_NAME":"冠亚季和","SHOWCLS":"blue","ODDS":19.85,"NUM":"25","NUM_NAME":"25","CODE":"jspk101","SORT":20.0,"STATE":0,"ST":false,"BET_AMT":null,"ODDS_A":20.0,"ODDS_B":20.0,"ODDS_C":20.0},"jspk101_26":{"ID":5984,"P_3ID":1057,"P_1ID":1055,"GROUP_NAME":"冠亚季和","SHOWCLS":"blue","ODDS":38.85,"NUM":"26","NUM_NAME":"26","CODE":"jspk101","SORT":21.0,"STATE":0,"ST":false,"BET_AMT":null,"ODDS_A":39.0,"ODDS_B":39.0,"ODDS_C":39.0},"jspk101_27":{"ID":5988,"P_3ID":1057,"P_1ID":1055,"GROUP_NAME":"冠亚季和","SHOWCLS":"blue","ODDS":41.85,"NUM":"27","NUM_NAME":"27","CODE":"jspk101","SORT":22.0,"STATE":0,"ST":false,"BET_AMT":null,"ODDS_A":42.0,"ODDS_B":42.0,"ODDS_C":42.0},"jspk101_大":{"ID":5989,"P_3ID":1057,"P_1ID":1055,"GROUP_NAME":"冠亚季和","SHOWCLS":"text","ODDS":1.96,"NUM":"大","NUM_NAME":"大","CODE":"jspk101","SORT":23.0,"STATE":0,"ST":false,"BET_AMT":null,"ODDS_A":2.0,"ODDS_B":2.0,"ODDS_C":2.0},"jspk101_小":{"ID":5985,"P_3ID":1057,"P_1ID":1055,"GROUP_NAME":"冠亚季和","SHOWCLS":"text","ODDS":1.96,"NUM":"小","NUM_NAME":"小","CODE":"jspk101","SORT":24.0,"STATE":0,"ST":false,"BET_AMT":null,"ODDS_A":1.70,"ODDS_B":1.70,"ODDS_C":1.70},"jspk101_单":{"ID":5986,"P_3ID":1057,"P_1ID":1055,"GROUP_NAME":"冠亚季和","SHOWCLS":"text","ODDS":1.96,"NUM":"单","NUM_NAME":"单","CODE":"jspk101","SORT":25.0,"STATE":0,"ST":false,"BET_AMT":null,"ODDS_A":1.70,"ODDS_B":1.70,"ODDS_C":1.70},"jspk101_双":{"ID":5987,"P_3ID":1057,"P_1ID":1055,"GROUP_NAME":"冠亚季和","SHOWCLS":"text","ODDS":1.96,"NUM":"双","NUM_NAME":"双","CODE":"jspk101","SORT":26.0,"STATE":0,"ST":false,"BET_AMT":null,"ODDS_A":2.0,"ODDS_B":2.0,"ODDS_C":2.0}},"jspk1010":{"jspk1010_1":{"ID":6102,"P_3ID":1066,"P_1ID":1055,"GROUP_NAME":"第九名","SHOWCLS":"blue","ODDS":9.86,"NUM":"1","NUM_NAME":"1","CODE":"jspk1010","SORT":1.0,"STATE":0,"ST":false,"BET_AMT":null,"ODDS_A":9.86,"ODDS_B":9.80,"ODDS_C":9.80},"jspk1010_2":{"ID":6103,"P_3ID":1066,"P_1ID":1055,"GROUP_NAME":"第九名","SHOWCLS":"blue","ODDS":9.86,"NUM":"2","NUM_NAME":"2","CODE":"jspk1010","SORT":2.0,"STATE":0,"ST":false,"BET_AMT":null,"ODDS_A":9.86,"ODDS_B":9.80,"ODDS_C":9.80},"jspk1010_3":{"ID":6104,"P_3ID":1066,"P_1ID":1055,"GROUP_NAME":"第九名","SHOWCLS":"blue","ODDS":9.86,"NUM":"3","NUM_NAME":"3","CODE":"jspk1010","SORT":3.0,"STATE":0,"ST":false,"BET_AMT":null,"ODDS_A":9.86,"ODDS_B":9.80,"ODDS_C":9.80},"jspk1010_4":{"ID":6105,"P_3ID":1066,"P_1ID":1055,"GROUP_NAME":"第九名","SHOWCLS":"blue","ODDS":9.86,"NUM":"4","NUM_NAME":"4","CODE":"jspk1010","SORT":4.0,"STATE":0,"ST":false,"BET_AMT":null,"ODDS_A":9.86,"ODDS_B":9.80,"ODDS_C":9.80},"jspk1010_5":{"ID":6106,"P_3ID":1066,"P_1ID":1055,"GROUP_NAME":"第九名","SHOWCLS":"blue","ODDS":9.86,"NUM":"5","NUM_NAME":"5","CODE":"jspk1010","SORT":5.0,"STATE":0,"ST":false,"BET_AMT":null,"ODDS_A":9.86,"ODDS_B":9.80,"ODDS_C":9.80},"jspk1010_6":{"ID":6107,"P_3ID":1066,"P_1ID":1055,"GROUP_NAME":"第九名","SHOWCLS":"blue","ODDS":9.86,"NUM":"6","NUM_NAME":"6","CODE":"jspk1010","SORT":6.0,"STATE":0,"ST":false,"BET_AMT":null,"ODDS_A":9.86,"ODDS_B":9.80,"ODDS_C":9.80},"jspk1010_7":{"ID":6108,"P_3ID":1066,"P_1ID":1055,"GROUP_NAME":"第九名","SHOWCLS":"blue","ODDS":9.86,"NUM":"7","NUM_NAME":"7","CODE":"jspk1010","SORT":7.0,"STATE":0,"ST":false,"BET_AMT":null,"ODDS_A":9.86,"ODDS_B":9.80,"ODDS_C":9.80},"jspk1010_8":{"ID":6109,"P_3ID":1066,"P_1ID":1055,"GROUP_NAME":"第九名","SHOWCLS":"blue","ODDS":9.86,"NUM":"8","NUM_NAME":"8","CODE":"jspk1010","SORT":8.0,"STATE":0,"ST":false,"BET_AMT":null,"ODDS_A":9.86,"ODDS_B":9.80,"ODDS_C":9.80},"jspk1010_9":{"ID":6110,"P_3ID":1066,"P_1ID":1055,"GROUP_NAME":"第九名","SHOWCLS":"blue","ODDS":9.86,"NUM":"9","NUM_NAME":"9","CODE":"jspk1010","SORT":9.0,"STATE":0,"ST":false,"BET_AMT":null,"ODDS_A":9.86,"ODDS_B":9.80,"ODDS_C":9.80},"jspk1010_10":{"ID":6111,"P_3ID":1066,"P_1ID":1055,"GROUP_NAME":"第九名","SHOWCLS":"blue","ODDS":9.86,"NUM":"10","NUM_NAME":"10","CODE":"jspk1010","SORT":10.0,"STATE":0,"ST":false,"BET_AMT":null,"ODDS_A":9.86,"ODDS_B":9.80,"ODDS_C":9.80},"jspk1010_大":{"ID":6112,"P_3ID":1066,"P_1ID":1055,"GROUP_NAME":"第九名","SHOWCLS":"red","ODDS":1.96,"NUM":"大","NUM_NAME":"大","CODE":"jspk1010","SORT":11.0,"STATE":0,"ST":false,"BET_AMT":null,"ODDS_A":1.96,"ODDS_B":1.98,"ODDS_C":1.98},"jspk1010_小":{"ID":6113,"P_3ID":1066,"P_1ID":1055,"GROUP_NAME":"第九名","SHOWCLS":"green","ODDS":1.96,"NUM":"小","NUM_NAME":"小","CODE":"jspk1010","SORT":12.0,"STATE":0,"ST":false,"BET_AMT":null,"ODDS_A":1.96,"ODDS_B":1.98,"ODDS_C":1.98},"jspk1010_单":{"ID":6114,"P_3ID":1066,"P_1ID":1055,"GROUP_NAME":"第九名","SHOWCLS":"red","ODDS":1.96,"NUM":"单","NUM_NAME":"单","CODE":"jspk1010","SORT":13.0,"STATE":0,"ST":false,"BET_AMT":null,"ODDS_A":1.96,"ODDS_B":1.98,"ODDS_C":1.98},"jspk1010_双":{"ID":6115,"P_3ID":1066,"P_1ID":1055,"GROUP_NAME":"第九名","SHOWCLS":"green","ODDS":1.96,"NUM":"双","NUM_NAME":"双","CODE":"jspk1010","SORT":14.0,"STATE":0,"ST":false,"BET_AMT":null,"ODDS_A":1.96,"ODDS_B":1.98,"ODDS_C":1.98}},"jspk1011":{"jspk1011_1":{"ID":6116,"P_3ID":1067,"P_1ID":1055,"GROUP_NAME":"第十名","SHOWCLS":"blue","ODDS":9.86,"NUM":"1","NUM_NAME":"1","CODE":"jspk1011","SORT":1.0,"STATE":0,"ST":false,"BET_AMT":null,"ODDS_A":9.86,"ODDS_B":9.80,"ODDS_C":9.80},"jspk1011_2":{"ID":6117,"P_3ID":1067,"P_1ID":1055,"GROUP_NAME":"第十名","SHOWCLS":"blue","ODDS":9.86,"NUM":"2","NUM_NAME":"2","CODE":"jspk1011","SORT":2.0,"STATE":0,"ST":false,"BET_AMT":null,"ODDS_A":9.86,"ODDS_B":9.80,"ODDS_C":9.80},"jspk1011_3":{"ID":6118,"P_3ID":1067,"P_1ID":1055,"GROUP_NAME":"第十名","SHOWCLS":"blue","ODDS":9.86,"NUM":"3","NUM_NAME":"3","CODE":"jspk1011","SORT":3.0,"STATE":0,"ST":false,"BET_AMT":null,"ODDS_A":9.86,"ODDS_B":9.80,"ODDS_C":9.80},"jspk1011_4":{"ID":6119,"P_3ID":1067,"P_1ID":1055,"GROUP_NAME":"第十名","SHOWCLS":"blue","ODDS":9.86,"NUM":"4","NUM_NAME":"4","CODE":"jspk1011","SORT":4.0,"STATE":0,"ST":false,"BET_AMT":null,"ODDS_A":9.86,"ODDS_B":9.80,"ODDS_C":9.80},"jspk1011_5":{"ID":6120,"P_3ID":1067,"P_1ID":1055,"GROUP_NAME":"第十名","SHOWCLS":"blue","ODDS":9.86,"NUM":"5","NUM_NAME":"5","CODE":"jspk1011","SORT":5.0,"STATE":0,"ST":false,"BET_AMT":null,"ODDS_A":9.86,"ODDS_B":9.80,"ODDS_C":9.80},"jspk1011_6":{"ID":6121,"P_3ID":1067,"P_1ID":1055,"GROUP_NAME":"第十名","SHOWCLS":"blue","ODDS":9.86,"NUM":"6","NUM_NAME":"6","CODE":"jspk1011","SORT":6.0,"STATE":0,"ST":false,"BET_AMT":null,"ODDS_A":9.86,"ODDS_B":9.80,"ODDS_C":9.80},"jspk1011_7":{"ID":6122,"P_3ID":1067,"P_1ID":1055,"GROUP_NAME":"第十名","SHOWCLS":"blue","ODDS":9.86,"NUM":"7","NUM_NAME":"7","CODE":"jspk1011","SORT":7.0,"STATE":0,"ST":false,"BET_AMT":null,"ODDS_A":9.86,"ODDS_B":9.80,"ODDS_C":9.80},"jspk1011_8":{"ID":6123,"P_3ID":1067,"P_1ID":1055,"GROUP_NAME":"第十名","SHOWCLS":"blue","ODDS":9.86,"NUM":"8","NUM_NAME":"8","CODE":"jspk1011","SORT":8.0,"STATE":0,"ST":false,"BET_AMT":null,"ODDS_A":9.86,"ODDS_B":9.80,"ODDS_C":9.80},"jspk1011_9":{"ID":6124,"P_3ID":1067,"P_1ID":1055,"GROUP_NAME":"第十名","SHOWCLS":"blue","ODDS":9.86,"NUM":"9","NUM_NAME":"9","CODE":"jspk1011","SORT":9.0,"STATE":0,"ST":false,"BET_AMT":null,"ODDS_A":9.86,"ODDS_B":9.80,"ODDS_C":9.80},"jspk1011_10":{"ID":6125,"P_3ID":1067,"P_1ID":1055,"GROUP_NAME":"第十名","SHOWCLS":"blue","ODDS":9.86,"NUM":"10","NUM_NAME":"10","CODE":"jspk1011","SORT":10.0,"STATE":0,"ST":false,"BET_AMT":null,"ODDS_A":9.86,"ODDS_B":9.80,"ODDS_C":9.80},"jspk1011_大":{"ID":6126,"P_3ID":1067,"P_1ID":1055,"GROUP_NAME":"第十名","SHOWCLS":"red","ODDS":1.96,"NUM":"大","NUM_NAME":"大","CODE":"jspk1011","SORT":11.0,"STATE":0,"ST":false,"BET_AMT":null,"ODDS_A":1.96,"ODDS_B":1.98,"ODDS_C":1.98},"jspk1011_小":{"ID":6127,"P_3ID":1067,"P_1ID":1055,"GROUP_NAME":"第十名","SHOWCLS":"green","ODDS":1.96,"NUM":"小","NUM_NAME":"小","CODE":"jspk1011","SORT":12.0,"STATE":0,"ST":false,"BET_AMT":null,"ODDS_A":1.96,"ODDS_B":1.98,"ODDS_C":1.98},"jspk1011_单":{"ID":6128,"P_3ID":1067,"P_1ID":1055,"GROUP_NAME":"第十名","SHOWCLS":"red","ODDS":1.96,"NUM":"单","NUM_NAME":"单","CODE":"jspk1011","SORT":13.0,"STATE":0,"ST":false,"BET_AMT":null,"ODDS_A":1.96,"ODDS_B":1.98,"ODDS_C":1.98},"jspk1011_双":{"ID":6129,"P_3ID":1067,"P_1ID":1055,"GROUP_NAME":"第十名","SHOWCLS":"green","ODDS":1.96,"NUM":"双","NUM_NAME":"双","CODE":"jspk1011","SORT":14.0,"STATE":0,"ST":false,"BET_AMT":null,"ODDS_A":1.96,"ODDS_B":1.98,"ODDS_C":1.98}},"jspk1012":{"jspk1012_1v10龙":{"ID":6130,"P_3ID":1068,"P_1ID":1055,"GROUP_NAME":"龙虎","SHOWCLS":"text","ODDS":1.96,"NUM":"1v10龙","NUM_NAME":"龙","CODE":"jspk1012","SORT":1.0,"STATE":0,"ST":false,"BET_AMT":null,"ODDS_A":1.96,"ODDS_B":1.98,"ODDS_C":1.98},"jspk1012_1v10虎":{"ID":6131,"P_3ID":1068,"P_1ID":1055,"GROUP_NAME":"龙虎","SHOWCLS":"text","ODDS":1.96,"NUM":"1v10虎","NUM_NAME":"虎","CODE":"jspk1012","SORT":2.0,"STATE":0,"ST":false,"BET_AMT":null,"ODDS_A":1.96,"ODDS_B":1.98,"ODDS_C":1.98},"jspk1012_2v9龙":{"ID":6132,"P_3ID":1068,"P_1ID":1055,"GROUP_NAME":"龙虎","SHOWCLS":"text","ODDS":1.96,"NUM":"2v9龙","NUM_NAME":"龙","CODE":"jspk1012","SORT":3.0,"STATE":0,"ST":false,"BET_AMT":null,"ODDS_A":1.96,"ODDS_B":1.98,"ODDS_C":1.98},"jspk1012_2v9虎":{"ID":6133,"P_3ID":1068,"P_1ID":1055,"GROUP_NAME":"龙虎","SHOWCLS":"text","ODDS":1.96,"NUM":"2v9虎","NUM_NAME":"虎","CODE":"jspk1012","SORT":4.0,"STATE":0,"ST":false,"BET_AMT":null,"ODDS_A":1.96,"ODDS_B":1.98,"ODDS_C":1.98},"jspk1012_3v8龙":{"ID":6134,"P_3ID":1068,"P_1ID":1055,"GROUP_NAME":"龙虎","SHOWCLS":"text","ODDS":1.96,"NUM":"3v8龙","NUM_NAME":"龙","CODE":"jspk1012","SORT":5.0,"STATE":0,"ST":false,"BET_AMT":null,"ODDS_A":1.96,"ODDS_B":1.98,"ODDS_C":1.98},"jspk1012_3v8虎":{"ID":6135,"P_3ID":1068,"P_1ID":1055,"GROUP_NAME":"龙虎","SHOWCLS":"text","ODDS":1.96,"NUM":"3v8虎","NUM_NAME":"虎","CODE":"jspk1012","SORT":6.0,"STATE":0,"ST":false,"BET_AMT":null,"ODDS_A":1.96,"ODDS_B":1.98,"ODDS_C":1.98},"jspk1012_4v7龙":{"ID":6136,"P_3ID":1068,"P_1ID":1055,"GROUP_NAME":"龙虎","SHOWCLS":"text","ODDS":1.96,"NUM":"4v7龙","NUM_NAME":"龙","CODE":"jspk1012","SORT":7.0,"STATE":0,"ST":false,"BET_AMT":null,"ODDS_A":1.96,"ODDS_B":1.98,"ODDS_C":1.98},"jspk1012_4v7虎":{"ID":6137,"P_3ID":1068,"P_1ID":1055,"GROUP_NAME":"龙虎","SHOWCLS":"text","ODDS":1.96,"NUM":"4v7虎","NUM_NAME":"虎","CODE":"jspk1012","SORT":8.0,"STATE":0,"ST":false,"BET_AMT":null,"ODDS_A":1.96,"ODDS_B":1.98,"ODDS_C":1.98},"jspk1012_5v6龙":{"ID":6138,"P_3ID":1068,"P_1ID":1055,"GROUP_NAME":"龙虎","SHOWCLS":"text","ODDS":1.96,"NUM":"5v6龙","NUM_NAME":"龙","CODE":"jspk1012","SORT":9.0,"STATE":0,"ST":false,"BET_AMT":null,"ODDS_A":1.96,"ODDS_B":1.98,"ODDS_C":1.98},"jspk1012_5v6虎":{"ID":6139,"P_3ID":1068,"P_1ID":1055,"GROUP_NAME":"龙虎","SHOWCLS":"text","ODDS":1.96,"NUM":"5v6虎","NUM_NAME":"虎","CODE":"jspk1012","SORT":10.0,"STATE":0,"ST":false,"BET_AMT":null,"ODDS_A":1.96,"ODDS_B":1.98,"ODDS_C":1.98}},"jspk102":{"jspk102_1":{"ID":5990,"P_3ID":1058,"P_1ID":1055,"GROUP_NAME":"冠军","SHOWCLS":"blue","ODDS":9.86,"NUM":"1","NUM_NAME":"1","CODE":"jspk102","SORT":1.0,"STATE":0,"ST":false,"BET_AMT":null,"ODDS_A":9.86,"ODDS_B":9.80,"ODDS_C":9.80},"jspk102_2":{"ID":5991,"P_3ID":1058,"P_1ID":1055,"GROUP_NAME":"冠军","SHOWCLS":"blue","ODDS":9.86,"NUM":"2","NUM_NAME":"2","CODE":"jspk102","SORT":2.0,"STATE":0,"ST":false,"BET_AMT":null,"ODDS_A":9.86,"ODDS_B":9.80,"ODDS_C":9.80},"jspk102_3":{"ID":5992,"P_3ID":1058,"P_1ID":1055,"GROUP_NAME":"冠军","SHOWCLS":"blue","ODDS":9.86,"NUM":"3","NUM_NAME":"3","CODE":"jspk102","SORT":3.0,"STATE":0,"ST":false,"BET_AMT":null,"ODDS_A":9.86,"ODDS_B":9.80,"ODDS_C":9.80},"jspk102_4":{"ID":5993,"P_3ID":1058,"P_1ID":1055,"GROUP_NAME":"冠军","SHOWCLS":"blue","ODDS":9.86,"NUM":"4","NUM_NAME":"4","CODE":"jspk102","SORT":4.0,"STATE":0,"ST":false,"BET_AMT":null,"ODDS_A":9.86,"ODDS_B":9.80,"ODDS_C":9.80},"jspk102_5":{"ID":5994,"P_3ID":1058,"P_1ID":1055,"GROUP_NAME":"冠军","SHOWCLS":"blue","ODDS":9.86,"NUM":"5","NUM_NAME":"5","CODE":"jspk102","SORT":5.0,"STATE":0,"ST":false,"BET_AMT":null,"ODDS_A":9.86,"ODDS_B":9.80,"ODDS_C":9.80},"jspk102_6":{"ID":5995,"P_3ID":1058,"P_1ID":1055,"GROUP_NAME":"冠军","SHOWCLS":"blue","ODDS":9.86,"NUM":"6","NUM_NAME":"6","CODE":"jspk102","SORT":6.0,"STATE":0,"ST":false,"BET_AMT":null,"ODDS_A":9.86,"ODDS_B":9.80,"ODDS_C":9.80},"jspk102_7":{"ID":5996,"P_3ID":1058,"P_1ID":1055,"GROUP_NAME":"冠军","SHOWCLS":"blue","ODDS":9.86,"NUM":"7","NUM_NAME":"7","CODE":"jspk102","SORT":7.0,"STATE":0,"ST":false,"BET_AMT":null,"ODDS_A":9.86,"ODDS_B":9.80,"ODDS_C":9.80},"jspk102_8":{"ID":5997,"P_3ID":1058,"P_1ID":1055,"GROUP_NAME":"冠军","SHOWCLS":"blue","ODDS":9.86,"NUM":"8","NUM_NAME":"8","CODE":"jspk102","SORT":8.0,"STATE":0,"ST":false,"BET_AMT":null,"ODDS_A":9.86,"ODDS_B":9.80,"ODDS_C":9.80},"jspk102_9":{"ID":5998,"P_3ID":1058,"P_1ID":1055,"GROUP_NAME":"冠军","SHOWCLS":"blue","ODDS":9.86,"NUM":"9","NUM_NAME":"9","CODE":"jspk102","SORT":9.0,"STATE":0,"ST":false,"BET_AMT":null,"ODDS_A":9.86,"ODDS_B":9.80,"ODDS_C":9.80},"jspk102_10":{"ID":5999,"P_3ID":1058,"P_1ID":1055,"GROUP_NAME":"冠军","SHOWCLS":"blue","ODDS":9.86,"NUM":"10","NUM_NAME":"10","CODE":"jspk102","SORT":10.0,"STATE":0,"ST":false,"BET_AMT":null,"ODDS_A":9.86,"ODDS_B":9.80,"ODDS_C":9.80},"jspk102_大":{"ID":6000,"P_3ID":1058,"P_1ID":1055,"GROUP_NAME":"冠军","SHOWCLS":"red","ODDS":1.96,"NUM":"大","NUM_NAME":"大","CODE":"jspk102","SORT":11.0,"STATE":0,"ST":false,"BET_AMT":null,"ODDS_A":1.96,"ODDS_B":1.98,"ODDS_C":1.98},"jspk102_小":{"ID":6001,"P_3ID":1058,"P_1ID":1055,"GROUP_NAME":"冠军","SHOWCLS":"green","ODDS":1.96,"NUM":"小","NUM_NAME":"小","CODE":"jspk102","SORT":12.0,"STATE":0,"ST":false,"BET_AMT":null,"ODDS_A":1.96,"ODDS_B":1.98,"ODDS_C":1.98},"jspk102_单":{"ID":6002,"P_3ID":1058,"P_1ID":1055,"GROUP_NAME":"冠军","SHOWCLS":"red","ODDS":1.96,"NUM":"单","NUM_NAME":"单","CODE":"jspk102","SORT":13.0,"STATE":0,"ST":false,"BET_AMT":null,"ODDS_A":1.96,"ODDS_B":1.98,"ODDS_C":1.98},"jspk102_双":{"ID":6003,"P_3ID":1058,"P_1ID":1055,"GROUP_NAME":"冠军","SHOWCLS":"green","ODDS":1.96,"NUM":"双","NUM_NAME":"双","CODE":"jspk102","SORT":14.0,"STATE":0,"ST":false,"BET_AMT":null,"ODDS_A":1.96,"ODDS_B":1.98,"ODDS_C":1.98}},"jspk103":{"jspk103_1":{"ID":6010,"P_3ID":1059,"P_1ID":1055,"GROUP_NAME":"亚军","SHOWCLS":"blue","ODDS":9.86,"NUM":"1","NUM_NAME":"1","CODE":"jspk103","SORT":1.0,"STATE":0,"ST":false,"BET_AMT":null,"ODDS_A":9.86,"ODDS_B":9.80,"ODDS_C":9.80},"jspk103_2":{"ID":6011,"P_3ID":1059,"P_1ID":1055,"GROUP_NAME":"亚军","SHOWCLS":"blue","ODDS":9.86,"NUM":"2","NUM_NAME":"2","CODE":"jspk103","SORT":2.0,"STATE":0,"ST":false,"BET_AMT":null,"ODDS_A":9.86,"ODDS_B":9.80,"ODDS_C":9.80},"jspk103_3":{"ID":6012,"P_3ID":1059,"P_1ID":1055,"GROUP_NAME":"亚军","SHOWCLS":"blue","ODDS":9.86,"NUM":"3","NUM_NAME":"3","CODE":"jspk103","SORT":3.0,"STATE":0,"ST":false,"BET_AMT":null,"ODDS_A":9.86,"ODDS_B":9.80,"ODDS_C":9.80},"jspk103_4":{"ID":6013,"P_3ID":1059,"P_1ID":1055,"GROUP_NAME":"亚军","SHOWCLS":"blue","ODDS":9.86,"NUM":"4","NUM_NAME":"4","CODE":"jspk103","SORT":4.0,"STATE":0,"ST":false,"BET_AMT":null,"ODDS_A":9.86,"ODDS_B":9.80,"ODDS_C":9.80},"jspk103_5":{"ID":6014,"P_3ID":1059,"P_1ID":1055,"GROUP_NAME":"亚军","SHOWCLS":"blue","ODDS":9.86,"NUM":"5","NUM_NAME":"5","CODE":"jspk103","SORT":5.0,"STATE":0,"ST":false,"BET_AMT":null,"ODDS_A":9.86,"ODDS_B":9.80,"ODDS_C":9.80},"jspk103_6":{"ID":6015,"P_3ID":1059,"P_1ID":1055,"GROUP_NAME":"亚军","SHOWCLS":"blue","ODDS":9.86,"NUM":"6","NUM_NAME":"6","CODE":"jspk103","SORT":6.0,"STATE":0,"ST":false,"BET_AMT":null,"ODDS_A":9.86,"ODDS_B":9.80,"ODDS_C":9.80},"jspk103_7":{"ID":6016,"P_3ID":1059,"P_1ID":1055,"GROUP_NAME":"亚军","SHOWCLS":"blue","ODDS":9.86,"NUM":"7","NUM_NAME":"7","CODE":"jspk103","SORT":7.0,"STATE":0,"ST":false,"BET_AMT":null,"ODDS_A":9.86,"ODDS_B":9.80,"ODDS_C":9.80},"jspk103_8":{"ID":6017,"P_3ID":1059,"P_1ID":1055,"GROUP_NAME":"亚军","SHOWCLS":"blue","ODDS":9.86,"NUM":"8","NUM_NAME":"8","CODE":"jspk103","SORT":8.0,"STATE":0,"ST":false,"BET_AMT":null,"ODDS_A":9.86,"ODDS_B":9.80,"ODDS_C":9.80},"jspk103_9":{"ID":6004,"P_3ID":1059,"P_1ID":1055,"GROUP_NAME":"亚军","SHOWCLS":"blue","ODDS":9.86,"NUM":"9","NUM_NAME":"9","CODE":"jspk103","SORT":9.0,"STATE":0,"ST":false,"BET_AMT":null,"ODDS_A":9.86,"ODDS_B":9.80,"ODDS_C":9.80},"jspk103_10":{"ID":6005,"P_3ID":1059,"P_1ID":1055,"GROUP_NAME":"亚军","SHOWCLS":"blue","ODDS":9.86,"NUM":"10","NUM_NAME":"10","CODE":"jspk103","SORT":10.0,"STATE":0,"ST":false,"BET_AMT":null,"ODDS_A":9.86,"ODDS_B":9.80,"ODDS_C":9.80},"jspk103_大":{"ID":6006,"P_3ID":1059,"P_1ID":1055,"GROUP_NAME":"亚军","SHOWCLS":"red","ODDS":1.96,"NUM":"大","NUM_NAME":"大","CODE":"jspk103","SORT":11.0,"STATE":0,"ST":false,"BET_AMT":null,"ODDS_A":1.96,"ODDS_B":1.98,"ODDS_C":1.98},"jspk103_小":{"ID":6007,"P_3ID":1059,"P_1ID":1055,"GROUP_NAME":"亚军","SHOWCLS":"green","ODDS":1.96,"NUM":"小","NUM_NAME":"小","CODE":"jspk103","SORT":12.0,"STATE":0,"ST":false,"BET_AMT":null,"ODDS_A":1.96,"ODDS_B":1.98,"ODDS_C":1.98},"jspk103_单":{"ID":6008,"P_3ID":1059,"P_1ID":1055,"GROUP_NAME":"亚军","SHOWCLS":"red","ODDS":1.96,"NUM":"单","NUM_NAME":"单","CODE":"jspk103","SORT":13.0,"STATE":0,"ST":false,"BET_AMT":null,"ODDS_A":1.96,"ODDS_B":1.98,"ODDS_C":1.98},"jspk103_双":{"ID":6009,"P_3ID":1059,"P_1ID":1055,"GROUP_NAME":"亚军","SHOWCLS":"green","ODDS":1.96,"NUM":"双","NUM_NAME":"双","CODE":"jspk103","SORT":14.0,"STATE":0,"ST":false,"BET_AMT":null,"ODDS_A":1.96,"ODDS_B":1.98,"ODDS_C":1.98}},"jspk104":{"jspk104_1":{"ID":6024,"P_3ID":1060,"P_1ID":1055,"GROUP_NAME":"第三名","SHOWCLS":"blue","ODDS":9.86,"NUM":"1","NUM_NAME":"1","CODE":"jspk104","SORT":1.0,"STATE":0,"ST":false,"BET_AMT":null,"ODDS_A":9.86,"ODDS_B":9.80,"ODDS_C":9.80},"jspk104_2":{"ID":6025,"P_3ID":1060,"P_1ID":1055,"GROUP_NAME":"第三名","SHOWCLS":"blue","ODDS":9.86,"NUM":"2","NUM_NAME":"2","CODE":"jspk104","SORT":2.0,"STATE":0,"ST":false,"BET_AMT":null,"ODDS_A":9.86,"ODDS_B":9.80,"ODDS_C":9.80},"jspk104_3":{"ID":6026,"P_3ID":1060,"P_1ID":1055,"GROUP_NAME":"第三名","SHOWCLS":"blue","ODDS":9.86,"NUM":"3","NUM_NAME":"3","CODE":"jspk104","SORT":3.0,"STATE":0,"ST":false,"BET_AMT":null,"ODDS_A":9.86,"ODDS_B":9.80,"ODDS_C":9.80},"jspk104_4":{"ID":6027,"P_3ID":1060,"P_1ID":1055,"GROUP_NAME":"第三名","SHOWCLS":"blue","ODDS":9.86,"NUM":"4","NUM_NAME":"4","CODE":"jspk104","SORT":4.0,"STATE":0,"ST":false,"BET_AMT":null,"ODDS_A":9.86,"ODDS_B":9.80,"ODDS_C":9.80},"jspk104_5":{"ID":6028,"P_3ID":1060,"P_1ID":1055,"GROUP_NAME":"第三名","SHOWCLS":"blue","ODDS":9.86,"NUM":"5","NUM_NAME":"5","CODE":"jspk104","SORT":5.0,"STATE":0,"ST":false,"BET_AMT":null,"ODDS_A":9.86,"ODDS_B":9.80,"ODDS_C":9.80},"jspk104_6":{"ID":6029,"P_3ID":1060,"P_1ID":1055,"GROUP_NAME":"第三名","SHOWCLS":"blue","ODDS":9.86,"NUM":"6","NUM_NAME":"6","CODE":"jspk104","SORT":6.0,"STATE":0,"ST":false,"BET_AMT":null,"ODDS_A":9.86,"ODDS_B":9.80,"ODDS_C":9.80},"jspk104_7":{"ID":6030,"P_3ID":1060,"P_1ID":1055,"GROUP_NAME":"第三名","SHOWCLS":"blue","ODDS":9.86,"NUM":"7","NUM_NAME":"7","CODE":"jspk104","SORT":7.0,"STATE":0,"ST":false,"BET_AMT":null,"ODDS_A":9.86,"ODDS_B":9.80,"ODDS_C":9.80},"jspk104_8":{"ID":6031,"P_3ID":1060,"P_1ID":1055,"GROUP_NAME":"第三名","SHOWCLS":"blue","ODDS":9.86,"NUM":"8","NUM_NAME":"8","CODE":"jspk104","SORT":8.0,"STATE":0,"ST":false,"BET_AMT":null,"ODDS_A":9.86,"ODDS_B":9.80,"ODDS_C":9.80},"jspk104_9":{"ID":6018,"P_3ID":1060,"P_1ID":1055,"GROUP_NAME":"第三名","SHOWCLS":"blue","ODDS":9.86,"NUM":"9","NUM_NAME":"9","CODE":"jspk104","SORT":9.0,"STATE":0,"ST":false,"BET_AMT":null,"ODDS_A":9.86,"ODDS_B":9.80,"ODDS_C":9.80},"jspk104_10":{"ID":6019,"P_3ID":1060,"P_1ID":1055,"GROUP_NAME":"第三名","SHOWCLS":"blue","ODDS":9.86,"NUM":"10","NUM_NAME":"10","CODE":"jspk104","SORT":10.0,"STATE":0,"ST":false,"BET_AMT":null,"ODDS_A":9.86,"ODDS_B":9.80,"ODDS_C":9.80},"jspk104_大":{"ID":6020,"P_3ID":1060,"P_1ID":1055,"GROUP_NAME":"第三名","SHOWCLS":"red","ODDS":1.96,"NUM":"大","NUM_NAME":"大","CODE":"jspk104","SORT":11.0,"STATE":0,"ST":false,"BET_AMT":null,"ODDS_A":1.96,"ODDS_B":1.98,"ODDS_C":1.98},"jspk104_小":{"ID":6021,"P_3ID":1060,"P_1ID":1055,"GROUP_NAME":"第三名","SHOWCLS":"green","ODDS":1.96,"NUM":"小","NUM_NAME":"小","CODE":"jspk104","SORT":12.0,"STATE":0,"ST":false,"BET_AMT":null,"ODDS_A":1.96,"ODDS_B":1.98,"ODDS_C":1.98},"jspk104_单":{"ID":6022,"P_3ID":1060,"P_1ID":1055,"GROUP_NAME":"第三名","SHOWCLS":"red","ODDS":1.96,"NUM":"单","NUM_NAME":"单","CODE":"jspk104","SORT":13.0,"STATE":0,"ST":false,"BET_AMT":null,"ODDS_A":1.96,"ODDS_B":1.98,"ODDS_C":1.98},"jspk104_双":{"ID":6023,"P_3ID":1060,"P_1ID":1055,"GROUP_NAME":"第三名","SHOWCLS":"green","ODDS":1.96,"NUM":"双","NUM_NAME":"双","CODE":"jspk104","SORT":14.0,"STATE":0,"ST":false,"BET_AMT":null,"ODDS_A":1.96,"ODDS_B":1.98,"ODDS_C":1.98}},"jspk105":{"jspk105_1":{"ID":6034,"P_3ID":1061,"P_1ID":1055,"GROUP_NAME":"第四名","SHOWCLS":"blue","ODDS":9.86,"NUM":"1","NUM_NAME":"1","CODE":"jspk105","SORT":1.0,"STATE":0,"ST":false,"BET_AMT":null,"ODDS_A":9.86,"ODDS_B":9.80,"ODDS_C":9.80},"jspk105_2":{"ID":6035,"P_3ID":1061,"P_1ID":1055,"GROUP_NAME":"第四名","SHOWCLS":"blue","ODDS":9.86,"NUM":"2","NUM_NAME":"2","CODE":"jspk105","SORT":2.0,"STATE":0,"ST":false,"BET_AMT":null,"ODDS_A":9.86,"ODDS_B":9.80,"ODDS_C":9.80},"jspk105_3":{"ID":6036,"P_3ID":1061,"P_1ID":1055,"GROUP_NAME":"第四名","SHOWCLS":"blue","ODDS":9.86,"NUM":"3","NUM_NAME":"3","CODE":"jspk105","SORT":3.0,"STATE":0,"ST":false,"BET_AMT":null,"ODDS_A":9.86,"ODDS_B":9.80,"ODDS_C":9.80},"jspk105_4":{"ID":6037,"P_3ID":1061,"P_1ID":1055,"GROUP_NAME":"第四名","SHOWCLS":"blue","ODDS":9.86,"NUM":"4","NUM_NAME":"4","CODE":"jspk105","SORT":4.0,"STATE":0,"ST":false,"BET_AMT":null,"ODDS_A":9.86,"ODDS_B":9.80,"ODDS_C":9.80},"jspk105_5":{"ID":6038,"P_3ID":1061,"P_1ID":1055,"GROUP_NAME":"第四名","SHOWCLS":"blue","ODDS":9.86,"NUM":"5","NUM_NAME":"5","CODE":"jspk105","SORT":5.0,"STATE":0,"ST":false,"BET_AMT":null,"ODDS_A":9.86,"ODDS_B":9.80,"ODDS_C":9.80},"jspk105_6":{"ID":6039,"P_3ID":1061,"P_1ID":1055,"GROUP_NAME":"第四名","SHOWCLS":"blue","ODDS":9.86,"NUM":"6","NUM_NAME":"6","CODE":"jspk105","SORT":6.0,"STATE":0,"ST":false,"BET_AMT":null,"ODDS_A":9.86,"ODDS_B":9.80,"ODDS_C":9.80},"jspk105_7":{"ID":6040,"P_3ID":1061,"P_1ID":1055,"GROUP_NAME":"第四名","SHOWCLS":"blue","ODDS":9.86,"NUM":"7","NUM_NAME":"7","CODE":"jspk105","SORT":7.0,"STATE":0,"ST":false,"BET_AMT":null,"ODDS_A":9.86,"ODDS_B":9.80,"ODDS_C":9.80},"jspk105_8":{"ID":6041,"P_3ID":1061,"P_1ID":1055,"GROUP_NAME":"第四名","SHOWCLS":"blue","ODDS":9.86,"NUM":"8","NUM_NAME":"8","CODE":"jspk105","SORT":8.0,"STATE":0,"ST":false,"BET_AMT":null,"ODDS_A":9.86,"ODDS_B":9.80,"ODDS_C":9.80},"jspk105_9":{"ID":6042,"P_3ID":1061,"P_1ID":1055,"GROUP_NAME":"第四名","SHOWCLS":"blue","ODDS":9.86,"NUM":"9","NUM_NAME":"9","CODE":"jspk105","SORT":9.0,"STATE":0,"ST":false,"BET_AMT":null,"ODDS_A":9.86,"ODDS_B":9.80,"ODDS_C":9.80},"jspk105_10":{"ID":6043,"P_3ID":1061,"P_1ID":1055,"GROUP_NAME":"第四名","SHOWCLS":"blue","ODDS":9.86,"NUM":"10","NUM_NAME":"10","CODE":"jspk105","SORT":10.0,"STATE":0,"ST":false,"BET_AMT":null,"ODDS_A":9.86,"ODDS_B":9.80,"ODDS_C":9.80},"jspk105_大":{"ID":6044,"P_3ID":1061,"P_1ID":1055,"GROUP_NAME":"第四名","SHOWCLS":"red","ODDS":1.96,"NUM":"大","NUM_NAME":"大","CODE":"jspk105","SORT":11.0,"STATE":0,"ST":false,"BET_AMT":null,"ODDS_A":1.96,"ODDS_B":1.98,"ODDS_C":1.98},"jspk105_小":{"ID":6045,"P_3ID":1061,"P_1ID":1055,"GROUP_NAME":"第四名","SHOWCLS":"green","ODDS":1.96,"NUM":"小","NUM_NAME":"小","CODE":"jspk105","SORT":12.0,"STATE":0,"ST":false,"BET_AMT":null,"ODDS_A":1.96,"ODDS_B":1.98,"ODDS_C":1.98},"jspk105_单":{"ID":6032,"P_3ID":1061,"P_1ID":1055,"GROUP_NAME":"第四名","SHOWCLS":"red","ODDS":1.96,"NUM":"单","NUM_NAME":"单","CODE":"jspk105","SORT":13.0,"STATE":0,"ST":false,"BET_AMT":null,"ODDS_A":1.96,"ODDS_B":1.98,"ODDS_C":1.98},"jspk105_双":{"ID":6033,"P_3ID":1061,"P_1ID":1055,"GROUP_NAME":"第四名","SHOWCLS":"green","ODDS":1.96,"NUM":"双","NUM_NAME":"双","CODE":"jspk105","SORT":14.0,"STATE":0,"ST":false,"BET_AMT":null,"ODDS_A":1.96,"ODDS_B":1.98,"ODDS_C":1.98}},"jspk106":{"jspk106_1":{"ID":6046,"P_3ID":1062,"P_1ID":1055,"GROUP_NAME":"第五名","SHOWCLS":"blue","ODDS":9.86,"NUM":"1","NUM_NAME":"1","CODE":"jspk106","SORT":1.0,"STATE":0,"ST":false,"BET_AMT":null,"ODDS_A":9.86,"ODDS_B":9.80,"ODDS_C":9.80},"jspk106_2":{"ID":6047,"P_3ID":1062,"P_1ID":1055,"GROUP_NAME":"第五名","SHOWCLS":"blue","ODDS":9.86,"NUM":"2","NUM_NAME":"2","CODE":"jspk106","SORT":2.0,"STATE":0,"ST":false,"BET_AMT":null,"ODDS_A":9.86,"ODDS_B":9.80,"ODDS_C":9.80},"jspk106_3":{"ID":6048,"P_3ID":1062,"P_1ID":1055,"GROUP_NAME":"第五名","SHOWCLS":"blue","ODDS":9.86,"NUM":"3","NUM_NAME":"3","CODE":"jspk106","SORT":3.0,"STATE":0,"ST":false,"BET_AMT":null,"ODDS_A":9.86,"ODDS_B":9.80,"ODDS_C":9.80},"jspk106_4":{"ID":6049,"P_3ID":1062,"P_1ID":1055,"GROUP_NAME":"第五名","SHOWCLS":"blue","ODDS":9.86,"NUM":"4","NUM_NAME":"4","CODE":"jspk106","SORT":4.0,"STATE":0,"ST":false,"BET_AMT":null,"ODDS_A":9.86,"ODDS_B":9.80,"ODDS_C":9.80},"jspk106_5":{"ID":6050,"P_3ID":1062,"P_1ID":1055,"GROUP_NAME":"第五名","SHOWCLS":"blue","ODDS":9.86,"NUM":"5","NUM_NAME":"5","CODE":"jspk106","SORT":5.0,"STATE":0,"ST":false,"BET_AMT":null,"ODDS_A":9.86,"ODDS_B":9.80,"ODDS_C":9.80},"jspk106_6":{"ID":6051,"P_3ID":1062,"P_1ID":1055,"GROUP_NAME":"第五名","SHOWCLS":"blue","ODDS":9.86,"NUM":"6","NUM_NAME":"6","CODE":"jspk106","SORT":6.0,"STATE":0,"ST":false,"BET_AMT":null,"ODDS_A":9.86,"ODDS_B":9.80,"ODDS_C":9.80},"jspk106_7":{"ID":6052,"P_3ID":1062,"P_1ID":1055,"GROUP_NAME":"第五名","SHOWCLS":"blue","ODDS":9.86,"NUM":"7","NUM_NAME":"7","CODE":"jspk106","SORT":7.0,"STATE":0,"ST":false,"BET_AMT":null,"ODDS_A":9.86,"ODDS_B":9.80,"ODDS_C":9.80},"jspk106_8":{"ID":6053,"P_3ID":1062,"P_1ID":1055,"GROUP_NAME":"第五名","SHOWCLS":"blue","ODDS":9.86,"NUM":"8","NUM_NAME":"8","CODE":"jspk106","SORT":8.0,"STATE":0,"ST":false,"BET_AMT":null,"ODDS_A":9.86,"ODDS_B":9.80,"ODDS_C":9.80},"jspk106_9":{"ID":6054,"P_3ID":1062,"P_1ID":1055,"GROUP_NAME":"第五名","SHOWCLS":"blue","ODDS":9.86,"NUM":"9","NUM_NAME":"9","CODE":"jspk106","SORT":9.0,"STATE":0,"ST":false,"BET_AMT":null,"ODDS_A":9.86,"ODDS_B":9.80,"ODDS_C":9.80},"jspk106_10":{"ID":6055,"P_3ID":1062,"P_1ID":1055,"GROUP_NAME":"第五名","SHOWCLS":"blue","ODDS":9.86,"NUM":"10","NUM_NAME":"10","CODE":"jspk106","SORT":10.0,"STATE":0,"ST":false,"BET_AMT":null,"ODDS_A":9.86,"ODDS_B":9.80,"ODDS_C":9.80},"jspk106_大":{"ID":6056,"P_3ID":1062,"P_1ID":1055,"GROUP_NAME":"第五名","SHOWCLS":"red","ODDS":1.96,"NUM":"大","NUM_NAME":"大","CODE":"jspk106","SORT":11.0,"STATE":0,"ST":false,"BET_AMT":null,"ODDS_A":1.96,"ODDS_B":1.98,"ODDS_C":1.98},"jspk106_小":{"ID":6057,"P_3ID":1062,"P_1ID":1055,"GROUP_NAME":"第五名","SHOWCLS":"green","ODDS":1.96,"NUM":"小","NUM_NAME":"小","CODE":"jspk106","SORT":12.0,"STATE":0,"ST":false,"BET_AMT":null,"ODDS_A":1.96,"ODDS_B":1.98,"ODDS_C":1.98},"jspk106_单":{"ID":6058,"P_3ID":1062,"P_1ID":1055,"GROUP_NAME":"第五名","SHOWCLS":"red","ODDS":1.96,"NUM":"单","NUM_NAME":"单","CODE":"jspk106","SORT":13.0,"STATE":0,"ST":false,"BET_AMT":null,"ODDS_A":1.96,"ODDS_B":1.98,"ODDS_C":1.98},"jspk106_双":{"ID":6059,"P_3ID":1062,"P_1ID":1055,"GROUP_NAME":"第五名","SHOWCLS":"green","ODDS":1.96,"NUM":"双","NUM_NAME":"双","CODE":"jspk106","SORT":14.0,"STATE":0,"ST":false,"BET_AMT":null,"ODDS_A":1.96,"ODDS_B":1.98,"ODDS_C":1.98}},"jspk107":{"jspk107_1":{"ID":6060,"P_3ID":1063,"P_1ID":1055,"GROUP_NAME":"第六名","SHOWCLS":"blue","ODDS":9.86,"NUM":"1","NUM_NAME":"1","CODE":"jspk107","SORT":1.0,"STATE":0,"ST":false,"BET_AMT":null,"ODDS_A":9.86,"ODDS_B":9.80,"ODDS_C":9.80},"jspk107_2":{"ID":6061,"P_3ID":1063,"P_1ID":1055,"GROUP_NAME":"第六名","SHOWCLS":"blue","ODDS":9.86,"NUM":"2","NUM_NAME":"2","CODE":"jspk107","SORT":2.0,"STATE":0,"ST":false,"BET_AMT":null,"ODDS_A":9.86,"ODDS_B":9.80,"ODDS_C":9.80},"jspk107_3":{"ID":6062,"P_3ID":1063,"P_1ID":1055,"GROUP_NAME":"第六名","SHOWCLS":"blue","ODDS":9.86,"NUM":"3","NUM_NAME":"3","CODE":"jspk107","SORT":3.0,"STATE":0,"ST":false,"BET_AMT":null,"ODDS_A":9.86,"ODDS_B":9.80,"ODDS_C":9.80},"jspk107_4":{"ID":6063,"P_3ID":1063,"P_1ID":1055,"GROUP_NAME":"第六名","SHOWCLS":"blue","ODDS":9.86,"NUM":"4","NUM_NAME":"4","CODE":"jspk107","SORT":4.0,"STATE":0,"ST":false,"BET_AMT":null,"ODDS_A":9.86,"ODDS_B":9.80,"ODDS_C":9.80},"jspk107_5":{"ID":6064,"P_3ID":1063,"P_1ID":1055,"GROUP_NAME":"第六名","SHOWCLS":"blue","ODDS":9.86,"NUM":"5","NUM_NAME":"5","CODE":"jspk107","SORT":5.0,"STATE":0,"ST":false,"BET_AMT":null,"ODDS_A":9.86,"ODDS_B":9.80,"ODDS_C":9.80},"jspk107_6":{"ID":6065,"P_3ID":1063,"P_1ID":1055,"GROUP_NAME":"第六名","SHOWCLS":"blue","ODDS":9.86,"NUM":"6","NUM_NAME":"6","CODE":"jspk107","SORT":6.0,"STATE":0,"ST":false,"BET_AMT":null,"ODDS_A":9.86,"ODDS_B":9.80,"ODDS_C":9.80},"jspk107_7":{"ID":6066,"P_3ID":1063,"P_1ID":1055,"GROUP_NAME":"第六名","SHOWCLS":"blue","ODDS":9.86,"NUM":"7","NUM_NAME":"7","CODE":"jspk107","SORT":7.0,"STATE":0,"ST":false,"BET_AMT":null,"ODDS_A":9.86,"ODDS_B":9.80,"ODDS_C":9.80},"jspk107_8":{"ID":6067,"P_3ID":1063,"P_1ID":1055,"GROUP_NAME":"第六名","SHOWCLS":"blue","ODDS":9.86,"NUM":"8","NUM_NAME":"8","CODE":"jspk107","SORT":8.0,"STATE":0,"ST":false,"BET_AMT":null,"ODDS_A":9.86,"ODDS_B":9.80,"ODDS_C":9.80},"jspk107_9":{"ID":6068,"P_3ID":1063,"P_1ID":1055,"GROUP_NAME":"第六名","SHOWCLS":"blue","ODDS":9.86,"NUM":"9","NUM_NAME":"9","CODE":"jspk107","SORT":9.0,"STATE":0,"ST":false,"BET_AMT":null,"ODDS_A":9.86,"ODDS_B":9.80,"ODDS_C":9.80},"jspk107_10":{"ID":6069,"P_3ID":1063,"P_1ID":1055,"GROUP_NAME":"第六名","SHOWCLS":"blue","ODDS":9.86,"NUM":"10","NUM_NAME":"10","CODE":"jspk107","SORT":10.0,"STATE":0,"ST":false,"BET_AMT":null,"ODDS_A":9.86,"ODDS_B":9.80,"ODDS_C":9.80},"jspk107_大":{"ID":6070,"P_3ID":1063,"P_1ID":1055,"GROUP_NAME":"第六名","SHOWCLS":"red","ODDS":1.96,"NUM":"大","NUM_NAME":"大","CODE":"jspk107","SORT":11.0,"STATE":0,"ST":false,"BET_AMT":null,"ODDS_A":1.96,"ODDS_B":1.98,"ODDS_C":1.98},"jspk107_小":{"ID":6071,"P_3ID":1063,"P_1ID":1055,"GROUP_NAME":"第六名","SHOWCLS":"green","ODDS":1.96,"NUM":"小","NUM_NAME":"小","CODE":"jspk107","SORT":12.0,"STATE":0,"ST":false,"BET_AMT":null,"ODDS_A":1.96,"ODDS_B":1.98,"ODDS_C":1.98},"jspk107_单":{"ID":6072,"P_3ID":1063,"P_1ID":1055,"GROUP_NAME":"第六名","SHOWCLS":"red","ODDS":1.96,"NUM":"单","NUM_NAME":"单","CODE":"jspk107","SORT":13.0,"STATE":0,"ST":false,"BET_AMT":null,"ODDS_A":1.96,"ODDS_B":1.98,"ODDS_C":1.98},"jspk107_双":{"ID":6073,"P_3ID":1063,"P_1ID":1055,"GROUP_NAME":"第六名","SHOWCLS":"green","ODDS":1.96,"NUM":"双","NUM_NAME":"双","CODE":"jspk107","SORT":14.0,"STATE":0,"ST":false,"BET_AMT":null,"ODDS_A":1.96,"ODDS_B":1.98,"ODDS_C":1.98}},"jspk108":{"jspk108_1":{"ID":6079,"P_3ID":1064,"P_1ID":1055,"GROUP_NAME":"第七名","SHOWCLS":"blue","ODDS":9.86,"NUM":"1","NUM_NAME":"1","CODE":"jspk108","SORT":1.0,"STATE":0,"ST":false,"BET_AMT":null,"ODDS_A":9.86,"ODDS_B":9.80,"ODDS_C":9.80},"jspk108_2":{"ID":6080,"P_3ID":1064,"P_1ID":1055,"GROUP_NAME":"第七名","SHOWCLS":"blue","ODDS":9.86,"NUM":"2","NUM_NAME":"2","CODE":"jspk108","SORT":2.0,"STATE":0,"ST":false,"BET_AMT":null,"ODDS_A":9.86,"ODDS_B":9.80,"ODDS_C":9.80},"jspk108_3":{"ID":6081,"P_3ID":1064,"P_1ID":1055,"GROUP_NAME":"第七名","SHOWCLS":"blue","ODDS":9.86,"NUM":"3","NUM_NAME":"3","CODE":"jspk108","SORT":3.0,"STATE":0,"ST":false,"BET_AMT":null,"ODDS_A":9.86,"ODDS_B":9.80,"ODDS_C":9.80},"jspk108_4":{"ID":6074,"P_3ID":1064,"P_1ID":1055,"GROUP_NAME":"第七名","SHOWCLS":"blue","ODDS":9.86,"NUM":"4","NUM_NAME":"4","CODE":"jspk108","SORT":4.0,"STATE":0,"ST":false,"BET_AMT":null,"ODDS_A":9.86,"ODDS_B":9.80,"ODDS_C":9.80},"jspk108_5":{"ID":6075,"P_3ID":1064,"P_1ID":1055,"GROUP_NAME":"第七名","SHOWCLS":"blue","ODDS":9.86,"NUM":"5","NUM_NAME":"5","CODE":"jspk108","SORT":5.0,"STATE":0,"ST":false,"BET_AMT":null,"ODDS_A":9.86,"ODDS_B":9.80,"ODDS_C":9.80},"jspk108_6":{"ID":6076,"P_3ID":1064,"P_1ID":1055,"GROUP_NAME":"第七名","SHOWCLS":"blue","ODDS":9.86,"NUM":"6","NUM_NAME":"6","CODE":"jspk108","SORT":6.0,"STATE":0,"ST":false,"BET_AMT":null,"ODDS_A":9.86,"ODDS_B":9.80,"ODDS_C":9.80},"jspk108_7":{"ID":6077,"P_3ID":1064,"P_1ID":1055,"GROUP_NAME":"第七名","SHOWCLS":"blue","ODDS":9.86,"NUM":"7","NUM_NAME":"7","CODE":"jspk108","SORT":7.0,"STATE":0,"ST":false,"BET_AMT":null,"ODDS_A":9.86,"ODDS_B":9.80,"ODDS_C":9.80},"jspk108_8":{"ID":6078,"P_3ID":1064,"P_1ID":1055,"GROUP_NAME":"第七名","SHOWCLS":"blue","ODDS":9.86,"NUM":"8","NUM_NAME":"8","CODE":"jspk108","SORT":8.0,"STATE":0,"ST":false,"BET_AMT":null,"ODDS_A":9.86,"ODDS_B":9.80,"ODDS_C":9.80},"jspk108_9":{"ID":6082,"P_3ID":1064,"P_1ID":1055,"GROUP_NAME":"第七名","SHOWCLS":"blue","ODDS":9.86,"NUM":"9","NUM_NAME":"9","CODE":"jspk108","SORT":9.0,"STATE":0,"ST":false,"BET_AMT":null,"ODDS_A":9.86,"ODDS_B":9.80,"ODDS_C":9.80},"jspk108_10":{"ID":6083,"P_3ID":1064,"P_1ID":1055,"GROUP_NAME":"第七名","SHOWCLS":"blue","ODDS":9.86,"NUM":"10","NUM_NAME":"10","CODE":"jspk108","SORT":10.0,"STATE":0,"ST":false,"BET_AMT":null,"ODDS_A":9.86,"ODDS_B":9.80,"ODDS_C":9.80},"jspk108_大":{"ID":6084,"P_3ID":1064,"P_1ID":1055,"GROUP_NAME":"第七名","SHOWCLS":"red","ODDS":1.96,"NUM":"大","NUM_NAME":"大","CODE":"jspk108","SORT":11.0,"STATE":0,"ST":false,"BET_AMT":null,"ODDS_A":1.96,"ODDS_B":1.98,"ODDS_C":1.98},"jspk108_小":{"ID":6085,"P_3ID":1064,"P_1ID":1055,"GROUP_NAME":"第七名","SHOWCLS":"green","ODDS":1.96,"NUM":"小","NUM_NAME":"小","CODE":"jspk108","SORT":12.0,"STATE":0,"ST":false,"BET_AMT":null,"ODDS_A":1.96,"ODDS_B":1.98,"ODDS_C":1.98},"jspk108_单":{"ID":6086,"P_3ID":1064,"P_1ID":1055,"GROUP_NAME":"第七名","SHOWCLS":"red","ODDS":1.96,"NUM":"单","NUM_NAME":"单","CODE":"jspk108","SORT":13.0,"STATE":0,"ST":false,"BET_AMT":null,"ODDS_A":1.96,"ODDS_B":1.98,"ODDS_C":1.98},"jspk108_双":{"ID":6087,"P_3ID":1064,"P_1ID":1055,"GROUP_NAME":"第七名","SHOWCLS":"green","ODDS":1.96,"NUM":"双","NUM_NAME":"双","CODE":"jspk108","SORT":14.0,"STATE":0,"ST":false,"BET_AMT":null,"ODDS_A":1.96,"ODDS_B":1.98,"ODDS_C":1.98}},"jspk109":{"jspk109_1":{"ID":6088,"P_3ID":1065,"P_1ID":1055,"GROUP_NAME":"第八名","SHOWCLS":"blue","ODDS":9.86,"NUM":"1","NUM_NAME":"1","CODE":"jspk109","SORT":1.0,"STATE":0,"ST":false,"BET_AMT":null,"ODDS_A":9.86,"ODDS_B":9.80,"ODDS_C":9.80},"jspk109_2":{"ID":6089,"P_3ID":1065,"P_1ID":1055,"GROUP_NAME":"第八名","SHOWCLS":"blue","ODDS":9.86,"NUM":"2","NUM_NAME":"2","CODE":"jspk109","SORT":2.0,"STATE":0,"ST":false,"BET_AMT":null,"ODDS_A":9.86,"ODDS_B":9.80,"ODDS_C":9.80},"jspk109_3":{"ID":6090,"P_3ID":1065,"P_1ID":1055,"GROUP_NAME":"第八名","SHOWCLS":"blue","ODDS":9.86,"NUM":"3","NUM_NAME":"3","CODE":"jspk109","SORT":3.0,"STATE":0,"ST":false,"BET_AMT":null,"ODDS_A":9.86,"ODDS_B":9.80,"ODDS_C":9.80},"jspk109_4":{"ID":6091,"P_3ID":1065,"P_1ID":1055,"GROUP_NAME":"第八名","SHOWCLS":"blue","ODDS":9.86,"NUM":"4","NUM_NAME":"4","CODE":"jspk109","SORT":4.0,"STATE":0,"ST":false,"BET_AMT":null,"ODDS_A":9.86,"ODDS_B":9.80,"ODDS_C":9.80},"jspk109_5":{"ID":6092,"P_3ID":1065,"P_1ID":1055,"GROUP_NAME":"第八名","SHOWCLS":"blue","ODDS":9.86,"NUM":"5","NUM_NAME":"5","CODE":"jspk109","SORT":5.0,"STATE":0,"ST":false,"BET_AMT":null,"ODDS_A":9.86,"ODDS_B":9.80,"ODDS_C":9.80},"jspk109_6":{"ID":6093,"P_3ID":1065,"P_1ID":1055,"GROUP_NAME":"第八名","SHOWCLS":"blue","ODDS":9.86,"NUM":"6","NUM_NAME":"6","CODE":"jspk109","SORT":6.0,"STATE":0,"ST":false,"BET_AMT":null,"ODDS_A":9.86,"ODDS_B":9.80,"ODDS_C":9.80},"jspk109_7":{"ID":6094,"P_3ID":1065,"P_1ID":1055,"GROUP_NAME":"第八名","SHOWCLS":"blue","ODDS":9.86,"NUM":"7","NUM_NAME":"7","CODE":"jspk109","SORT":7.0,"STATE":0,"ST":false,"BET_AMT":null,"ODDS_A":9.86,"ODDS_B":9.80,"ODDS_C":9.80},"jspk109_8":{"ID":6095,"P_3ID":1065,"P_1ID":1055,"GROUP_NAME":"第八名","SHOWCLS":"blue","ODDS":9.86,"NUM":"8","NUM_NAME":"8","CODE":"jspk109","SORT":8.0,"STATE":0,"ST":false,"BET_AMT":null,"ODDS_A":9.86,"ODDS_B":9.80,"ODDS_C":9.80},"jspk109_9":{"ID":6096,"P_3ID":1065,"P_1ID":1055,"GROUP_NAME":"第八名","SHOWCLS":"blue","ODDS":9.86,"NUM":"9","NUM_NAME":"9","CODE":"jspk109","SORT":9.0,"STATE":0,"ST":false,"BET_AMT":null,"ODDS_A":9.86,"ODDS_B":9.80,"ODDS_C":9.80},"jspk109_10":{"ID":6097,"P_3ID":1065,"P_1ID":1055,"GROUP_NAME":"第八名","SHOWCLS":"blue","ODDS":9.86,"NUM":"10","NUM_NAME":"10","CODE":"jspk109","SORT":10.0,"STATE":0,"ST":false,"BET_AMT":null,"ODDS_A":9.86,"ODDS_B":9.80,"ODDS_C":9.80},"jspk109_大":{"ID":6098,"P_3ID":1065,"P_1ID":1055,"GROUP_NAME":"第八名","SHOWCLS":"red","ODDS":1.96,"NUM":"大","NUM_NAME":"大","CODE":"jspk109","SORT":11.0,"STATE":0,"ST":false,"BET_AMT":null,"ODDS_A":1.96,"ODDS_B":1.98,"ODDS_C":1.98},"jspk109_小":{"ID":6099,"P_3ID":1065,"P_1ID":1055,"GROUP_NAME":"第八名","SHOWCLS":"green","ODDS":1.96,"NUM":"小","NUM_NAME":"小","CODE":"jspk109","SORT":12.0,"STATE":0,"ST":false,"BET_AMT":null,"ODDS_A":1.96,"ODDS_B":1.98,"ODDS_C":1.98},"jspk109_单":{"ID":6100,"P_3ID":1065,"P_1ID":1055,"GROUP_NAME":"第八名","SHOWCLS":"red","ODDS":1.96,"NUM":"单","NUM_NAME":"单","CODE":"jspk109","SORT":13.0,"STATE":0,"ST":false,"BET_AMT":null,"ODDS_A":1.96,"ODDS_B":1.98,"ODDS_C":1.98},"jspk109_双":{"ID":6101,"P_3ID":1065,"P_1ID":1055,"GROUP_NAME":"第八名","SHOWCLS":"green","ODDS":1.96,"NUM":"双","NUM_NAME":"双","CODE":"jspk109","SORT":14.0,"STATE":0,"ST":false,"BET_AMT":null,"ODDS_A":1.96,"ODDS_B":1.98,"ODDS_C":1.98}}}
