{"jsssc0":{"jsssc0_0":{"ID":5828,"P_3ID":1044,"P_1ID":1043,"GROUP_NAME":"第一球","SHOWCLS":"blue","ODDS":9.86,"NUM":"0","NUM_NAME":"0","CODE":"jsssc0","SORT":1.0,"STATE":0,"ST":false,"BET_AMT":null,"ODDS_A":0.0,"ODDS_B":0.0,"ODDS_C":0.0},"jsssc0_1":{"ID":5829,"P_3ID":1044,"P_1ID":1043,"GROUP_NAME":"第一球","SHOWCLS":"blue","ODDS":9.86,"NUM":"1","NUM_NAME":"1","CODE":"jsssc0","SORT":2.0,"STATE":0,"ST":false,"BET_AMT":null,"ODDS_A":0.0,"ODDS_B":0.0,"ODDS_C":0.0},"jsssc0_2":{"ID":5830,"P_3ID":1044,"P_1ID":1043,"GROUP_NAME":"第一球","SHOWCLS":"blue","ODDS":9.86,"NUM":"2","NUM_NAME":"2","CODE":"jsssc0","SORT":3.0,"STATE":0,"ST":false,"BET_AMT":null,"ODDS_A":0.0,"ODDS_B":0.0,"ODDS_C":0.0},"jsssc0_3":{"ID":5831,"P_3ID":1044,"P_1ID":1043,"GROUP_NAME":"第一球","SHOWCLS":"blue","ODDS":9.86,"NUM":"3","NUM_NAME":"3","CODE":"jsssc0","SORT":4.0,"STATE":0,"ST":false,"BET_AMT":null,"ODDS_A":0.0,"ODDS_B":0.0,"ODDS_C":0.0},"jsssc0_4":{"ID":5832,"P_3ID":1044,"P_1ID":1043,"GROUP_NAME":"第一球","SHOWCLS":"blue","ODDS":9.86,"NUM":"4","NUM_NAME":"4","CODE":"jsssc0","SORT":5.0,"STATE":0,"ST":false,"BET_AMT":null,"ODDS_A":0.0,"ODDS_B":0.0,"ODDS_C":0.0},"jsssc0_5":{"ID":5833,"P_3ID":1044,"P_1ID":1043,"GROUP_NAME":"第一球","SHOWCLS":"blue","ODDS":9.86,"NUM":"5","NUM_NAME":"5","CODE":"jsssc0","SORT":6.0,"STATE":0,"ST":false,"BET_AMT":null,"ODDS_A":0.0,"ODDS_B":0.0,"ODDS_C":0.0},"jsssc0_6":{"ID":5834,"P_3ID":1044,"P_1ID":1043,"GROUP_NAME":"第一球","SHOWCLS":"blue","ODDS":9.86,"NUM":"6","NUM_NAME":"6","CODE":"jsssc0","SORT":7.0,"STATE":0,"ST":false,"BET_AMT":null,"ODDS_A":0.0,"ODDS_B":0.0,"ODDS_C":0.0},"jsssc0_7":{"ID":5835,"P_3ID":1044,"P_1ID":1043,"GROUP_NAME":"第一球","SHOWCLS":"blue","ODDS":9.86,"NUM":"7","NUM_NAME":"7","CODE":"jsssc0","SORT":8.0,"STATE":0,"ST":false,"BET_AMT":null,"ODDS_A":0.0,"ODDS_B":0.0,"ODDS_C":0.0},"jsssc0_8":{"ID":5836,"P_3ID":1044,"P_1ID":1043,"GROUP_NAME":"第一球","SHOWCLS":"blue","ODDS":9.86,"NUM":"8","NUM_NAME":"8","CODE":"jsssc0","SORT":9.0,"STATE":0,"ST":false,"BET_AMT":null,"ODDS_A":0.0,"ODDS_B":0.0,"ODDS_C":0.0},"jsssc0_9":{"ID":5837,"P_3ID":1044,"P_1ID":1043,"GROUP_NAME":"第一球","SHOWCLS":"blue","ODDS":9.86,"NUM":"9","NUM_NAME":"9","CODE":"jsssc0","SORT":10.0,"STATE":0,"ST":false,"BET_AMT":null,"ODDS_A":0.0,"ODDS_B":0.0,"ODDS_C":0.0},"jsssc0_大":{"ID":5838,"P_3ID":1044,"P_1ID":1043,"GROUP_NAME":"第一球","SHOWCLS":"green","ODDS":1.96,"NUM":"大","NUM_NAME":"大","CODE":"jsssc0","SORT":11.0,"STATE":0,"ST":false,"BET_AMT":null,"ODDS_A":0.0,"ODDS_B":0.0,"ODDS_C":0.0},"jsssc0_小":{"ID":5839,"P_3ID":1044,"P_1ID":1043,"GROUP_NAME":"第一球","SHOWCLS":"green","ODDS":1.96,"NUM":"小","NUM_NAME":"小","CODE":"jsssc0","SORT":12.0,"STATE":0,"ST":false,"BET_AMT":null,"ODDS_A":0.0,"ODDS_B":0.0,"ODDS_C":0.0},"jsssc0_单":{"ID":5840,"P_3ID":1044,"P_1ID":1043,"GROUP_NAME":"第一球","SHOWCLS":"green","ODDS":1.96,"NUM":"单","NUM_NAME":"单","CODE":"jsssc0","SORT":13.0,"STATE":0,"ST":false,"BET_AMT":null,"ODDS_A":0.0,"ODDS_B":0.0,"ODDS_C":0.0},"jsssc0_双":{"ID":5841,"P_3ID":1044,"P_1ID":1043,"GROUP_NAME":"第一球","SHOWCLS":"green","ODDS":1.96,"NUM":"双","NUM_NAME":"双","CODE":"jsssc0","SORT":14.0,"STATE":0,"ST":false,"BET_AMT":null,"ODDS_A":0.0,"ODDS_B":0.0,"ODDS_C":0.0}},"jsssc1":{"jsssc1_0":{"ID":5842,"P_3ID":1045,"P_1ID":1043,"GROUP_NAME":"第二球","SHOWCLS":"blue","ODDS":9.86,"NUM":"0","NUM_NAME":"0","CODE":"jsssc1","SORT":0.0,"STATE":0,"ST":false,"BET_AMT":null,"ODDS_A":0.0,"ODDS_B":0.0,"ODDS_C":0.0},"jsssc1_1":{"ID":5843,"P_3ID":1045,"P_1ID":1043,"GROUP_NAME":"第二球","SHOWCLS":"blue","ODDS":9.86,"NUM":"1","NUM_NAME":"1","CODE":"jsssc1","SORT":1.0,"STATE":0,"ST":false,"BET_AMT":null,"ODDS_A":0.0,"ODDS_B":0.0,"ODDS_C":0.0},"jsssc1_2":{"ID":5844,"P_3ID":1045,"P_1ID":1043,"GROUP_NAME":"第二球","SHOWCLS":"blue","ODDS":9.86,"NUM":"2","NUM_NAME":"2","CODE":"jsssc1","SORT":2.0,"STATE":0,"ST":false,"BET_AMT":null,"ODDS_A":0.0,"ODDS_B":0.0,"ODDS_C":0.0},"jsssc1_3":{"ID":5845,"P_3ID":1045,"P_1ID":1043,"GROUP_NAME":"第二球","SHOWCLS":"blue","ODDS":9.86,"NUM":"3","NUM_NAME":"3","CODE":"jsssc1","SORT":3.0,"STATE":0,"ST":false,"BET_AMT":null,"ODDS_A":0.0,"ODDS_B":0.0,"ODDS_C":0.0},"jsssc1_4":{"ID":5846,"P_3ID":1045,"P_1ID":1043,"GROUP_NAME":"第二球","SHOWCLS":"blue","ODDS":9.86,"NUM":"4","NUM_NAME":"4","CODE":"jsssc1","SORT":4.0,"STATE":0,"ST":false,"BET_AMT":null,"ODDS_A":0.0,"ODDS_B":0.0,"ODDS_C":0.0},"jsssc1_5":{"ID":5847,"P_3ID":1045,"P_1ID":1043,"GROUP_NAME":"第二球","SHOWCLS":"blue","ODDS":9.86,"NUM":"5","NUM_NAME":"5","CODE":"jsssc1","SORT":5.0,"STATE":0,"ST":false,"BET_AMT":null,"ODDS_A":0.0,"ODDS_B":0.0,"ODDS_C":0.0},"jsssc1_6":{"ID":5848,"P_3ID":1045,"P_1ID":1043,"GROUP_NAME":"第二球","SHOWCLS":"blue","ODDS":9.86,"NUM":"6","NUM_NAME":"6","CODE":"jsssc1","SORT":6.0,"STATE":0,"ST":false,"BET_AMT":null,"ODDS_A":0.0,"ODDS_B":0.0,"ODDS_C":0.0},"jsssc1_7":{"ID":5849,"P_3ID":1045,"P_1ID":1043,"GROUP_NAME":"第二球","SHOWCLS":"blue","ODDS":9.86,"NUM":"7","NUM_NAME":"7","CODE":"jsssc1","SORT":7.0,"STATE":0,"ST":false,"BET_AMT":null,"ODDS_A":0.0,"ODDS_B":0.0,"ODDS_C":0.0},"jsssc1_8":{"ID":5850,"P_3ID":1045,"P_1ID":1043,"GROUP_NAME":"第二球","SHOWCLS":"blue","ODDS":9.86,"NUM":"8","NUM_NAME":"8","CODE":"jsssc1","SORT":8.0,"STATE":0,"ST":false,"BET_AMT":null,"ODDS_A":0.0,"ODDS_B":0.0,"ODDS_C":0.0},"jsssc1_9":{"ID":5851,"P_3ID":1045,"P_1ID":1043,"GROUP_NAME":"第二球","SHOWCLS":"blue","ODDS":9.86,"NUM":"9","NUM_NAME":"9","CODE":"jsssc1","SORT":9.0,"STATE":0,"ST":false,"BET_AMT":null,"ODDS_A":0.0,"ODDS_B":0.0,"ODDS_C":0.0},"jsssc1_大":{"ID":5852,"P_3ID":1045,"P_1ID":1043,"GROUP_NAME":"第二球","SHOWCLS":"green","ODDS":1.96,"NUM":"大","NUM_NAME":"大","CODE":"jsssc1","SORT":10.0,"STATE":0,"ST":false,"BET_AMT":null,"ODDS_A":0.0,"ODDS_B":0.0,"ODDS_C":0.0},"jsssc1_小":{"ID":5853,"P_3ID":1045,"P_1ID":1043,"GROUP_NAME":"第二球","SHOWCLS":"green","ODDS":1.96,"NUM":"小","NUM_NAME":"小","CODE":"jsssc1","SORT":11.0,"STATE":0,"ST":false,"BET_AMT":null,"ODDS_A":0.0,"ODDS_B":0.0,"ODDS_C":0.0},"jsssc1_单":{"ID":5854,"P_3ID":1045,"P_1ID":1043,"GROUP_NAME":"第二球","SHOWCLS":"green","ODDS":1.96,"NUM":"单","NUM_NAME":"单","CODE":"jsssc1","SORT":12.0,"STATE":0,"ST":false,"BET_AMT":null,"ODDS_A":0.0,"ODDS_B":0.0,"ODDS_C":0.0},"jsssc1_双":{"ID":5855,"P_3ID":1045,"P_1ID":1043,"GROUP_NAME":"第二球","SHOWCLS":"green","ODDS":1.96,"NUM":"双","NUM_NAME":"双","CODE":"jsssc1","SORT":13.0,"STATE":0,"ST":false,"BET_AMT":null,"ODDS_A":0.0,"ODDS_B":0.0,"ODDS_C":0.0}},"jsssc10":{"jsssc10_五条":{"ID":5935,"P_3ID":1054,"P_1ID":1043,"GROUP_NAME":"梭哈","SHOWCLS":"text","ODDS":98.85,"NUM":"五条","NUM_NAME":"五条","CODE":"jsssc10","SORT":0.0,"STATE":0,"ST":false,"BET_AMT":null,"ODDS_A":0.0,"ODDS_B":0.0,"ODDS_C":0.0},"jsssc10_四条":{"ID":5936,"P_3ID":1054,"P_1ID":1043,"GROUP_NAME":"梭哈","SHOWCLS":"text","ODDS":98.85,"NUM":"四条","NUM_NAME":"四条","CODE":"jsssc10","SORT":1.0,"STATE":0,"ST":false,"BET_AMT":null,"ODDS_A":0.0,"ODDS_B":0.0,"ODDS_C":0.0},"jsssc10_葫芦":{"ID":5937,"P_3ID":1054,"P_1ID":1043,"GROUP_NAME":"梭哈","SHOWCLS":"text","ODDS":69.85,"NUM":"葫芦","NUM_NAME":"葫芦","CODE":"jsssc10","SORT":2.0,"STATE":0,"ST":false,"BET_AMT":null,"ODDS_A":0.0,"ODDS_B":0.0,"ODDS_C":0.0},"jsssc10_顺子":{"ID":5938,"P_3ID":1054,"P_1ID":1043,"GROUP_NAME":"梭哈","SHOWCLS":"text","ODDS":59.85,"NUM":"顺子","NUM_NAME":"顺子","CODE":"jsssc10","SORT":3.0,"STATE":0,"ST":false,"BET_AMT":null,"ODDS_A":0.0,"ODDS_B":0.0,"ODDS_C":0.0},"jsssc10_三条":{"ID":5939,"P_3ID":1054,"P_1ID":1043,"GROUP_NAME":"梭哈","SHOWCLS":"text","ODDS":10.75,"NUM":"三条","NUM_NAME":"三条","CODE":"jsssc10","SORT":4.0,"STATE":0,"ST":false,"BET_AMT":null,"ODDS_A":0.0,"ODDS_B":0.0,"ODDS_C":0.0},"jsssc10_两对":{"ID":5940,"P_3ID":1054,"P_1ID":1043,"GROUP_NAME":"梭哈","SHOWCLS":"text","ODDS":7.15,"NUM":"两对","NUM_NAME":"两对","CODE":"jsssc10","SORT":5.0,"STATE":0,"ST":false,"BET_AMT":null,"ODDS_A":0.0,"ODDS_B":0.0,"ODDS_C":0.0},"jsssc10_一对":{"ID":5941,"P_3ID":1054,"P_1ID":1043,"GROUP_NAME":"梭哈","SHOWCLS":"text","ODDS":1.71,"NUM":"一对","NUM_NAME":"一对","CODE":"jsssc10","SORT":6.0,"STATE":0,"ST":false,"BET_AMT":null,"ODDS_A":0.0,"ODDS_B":0.0,"ODDS_C":0.0},"jsssc10_散号":{"ID":5942,"P_3ID":1054,"P_1ID":1043,"GROUP_NAME":"梭哈","SHOWCLS":"text","ODDS":2.71,"NUM":"散号","NUM_NAME":"散号","CODE":"jsssc10","SORT":7.0,"STATE":0,"ST":false,"BET_AMT":null,"ODDS_A":0.0,"ODDS_B":0.0,"ODDS_C":0.0}},"jsssc2":{"jsssc2_0":{"ID":5856,"P_3ID":1046,"P_1ID":1043,"GROUP_NAME":"第三球","SHOWCLS":"blue","ODDS":9.86,"NUM":"0","NUM_NAME":"0","CODE":"jsssc2","SORT":0.0,"STATE":0,"ST":false,"BET_AMT":null,"ODDS_A":0.0,"ODDS_B":0.0,"ODDS_C":0.0},"jsssc2_1":{"ID":5857,"P_3ID":1046,"P_1ID":1043,"GROUP_NAME":"第三球","SHOWCLS":"blue","ODDS":9.86,"NUM":"1","NUM_NAME":"1","CODE":"jsssc2","SORT":1.0,"STATE":0,"ST":false,"BET_AMT":null,"ODDS_A":0.0,"ODDS_B":0.0,"ODDS_C":0.0},"jsssc2_2":{"ID":5858,"P_3ID":1046,"P_1ID":1043,"GROUP_NAME":"第三球","SHOWCLS":"blue","ODDS":9.86,"NUM":"2","NUM_NAME":"2","CODE":"jsssc2","SORT":2.0,"STATE":0,"ST":false,"BET_AMT":null,"ODDS_A":0.0,"ODDS_B":0.0,"ODDS_C":0.0},"jsssc2_3":{"ID":5859,"P_3ID":1046,"P_1ID":1043,"GROUP_NAME":"第三球","SHOWCLS":"blue","ODDS":9.86,"NUM":"3","NUM_NAME":"3","CODE":"jsssc2","SORT":3.0,"STATE":0,"ST":false,"BET_AMT":null,"ODDS_A":0.0,"ODDS_B":0.0,"ODDS_C":0.0},"jsssc2_4":{"ID":5860,"P_3ID":1046,"P_1ID":1043,"GROUP_NAME":"第三球","SHOWCLS":"blue","ODDS":9.86,"NUM":"4","NUM_NAME":"4","CODE":"jsssc2","SORT":4.0,"STATE":0,"ST":false,"BET_AMT":null,"ODDS_A":0.0,"ODDS_B":0.0,"ODDS_C":0.0},"jsssc2_5":{"ID":5861,"P_3ID":1046,"P_1ID":1043,"GROUP_NAME":"第三球","SHOWCLS":"blue","ODDS":9.86,"NUM":"5","NUM_NAME":"5","CODE":"jsssc2","SORT":5.0,"STATE":0,"ST":false,"BET_AMT":null,"ODDS_A":0.0,"ODDS_B":0.0,"ODDS_C":0.0},"jsssc2_6":{"ID":5862,"P_3ID":1046,"P_1ID":1043,"GROUP_NAME":"第三球","SHOWCLS":"blue","ODDS":9.86,"NUM":"6","NUM_NAME":"6","CODE":"jsssc2","SORT":6.0,"STATE":0,"ST":false,"BET_AMT":null,"ODDS_A":0.0,"ODDS_B":0.0,"ODDS_C":0.0},"jsssc2_7":{"ID":5863,"P_3ID":1046,"P_1ID":1043,"GROUP_NAME":"第三球","SHOWCLS":"blue","ODDS":9.86,"NUM":"7","NUM_NAME":"7","CODE":"jsssc2","SORT":7.0,"STATE":0,"ST":false,"BET_AMT":null,"ODDS_A":0.0,"ODDS_B":0.0,"ODDS_C":0.0},"jsssc2_8":{"ID":5864,"P_3ID":1046,"P_1ID":1043,"GROUP_NAME":"第三球","SHOWCLS":"blue","ODDS":9.86,"NUM":"8","NUM_NAME":"8","CODE":"jsssc2","SORT":8.0,"STATE":0,"ST":false,"BET_AMT":null,"ODDS_A":0.0,"ODDS_B":0.0,"ODDS_C":0.0},"jsssc2_9":{"ID":5865,"P_3ID":1046,"P_1ID":1043,"GROUP_NAME":"第三球","SHOWCLS":"blue","ODDS":9.86,"NUM":"9","NUM_NAME":"9","CODE":"jsssc2","SORT":9.0,"STATE":0,"ST":false,"BET_AMT":null,"ODDS_A":0.0,"ODDS_B":0.0,"ODDS_C":0.0},"jsssc2_大":{"ID":5866,"P_3ID":1046,"P_1ID":1043,"GROUP_NAME":"第三球","SHOWCLS":"green","ODDS":1.96,"NUM":"大","NUM_NAME":"大","CODE":"jsssc2","SORT":10.0,"STATE":0,"ST":false,"BET_AMT":null,"ODDS_A":0.0,"ODDS_B":0.0,"ODDS_C":0.0},"jsssc2_小":{"ID":5867,"P_3ID":1046,"P_1ID":1043,"GROUP_NAME":"第三球","SHOWCLS":"green","ODDS":1.96,"NUM":"小","NUM_NAME":"小","CODE":"jsssc2","SORT":11.0,"STATE":0,"ST":false,"BET_AMT":null,"ODDS_A":0.0,"ODDS_B":0.0,"ODDS_C":0.0},"jsssc2_单":{"ID":5868,"P_3ID":1046,"P_1ID":1043,"GROUP_NAME":"第三球","SHOWCLS":"green","ODDS":1.96,"NUM":"单","NUM_NAME":"单","CODE":"jsssc2","SORT":12.0,"STATE":0,"ST":false,"BET_AMT":null,"ODDS_A":0.0,"ODDS_B":0.0,"ODDS_C":0.0},"jsssc2_双":{"ID":5869,"P_3ID":1046,"P_1ID":1043,"GROUP_NAME":"第三球","SHOWCLS":"green","ODDS":1.96,"NUM":"双","NUM_NAME":"双","CODE":"jsssc2","SORT":13.0,"STATE":0,"ST":false,"BET_AMT":null,"ODDS_A":0.0,"ODDS_B":0.0,"ODDS_C":0.0}},"jsssc3":{"jsssc3_0":{"ID":5870,"P_3ID":1047,"P_1ID":1043,"GROUP_NAME":"第四球","SHOWCLS":"blue","ODDS":9.86,"NUM":"0","NUM_NAME":"0","CODE":"jsssc3","SORT":0.0,"STATE":0,"ST":false,"BET_AMT":null,"ODDS_A":0.0,"ODDS_B":0.0,"ODDS_C":0.0},"jsssc3_1":{"ID":5871,"P_3ID":1047,"P_1ID":1043,"GROUP_NAME":"第四球","SHOWCLS":"blue","ODDS":9.86,"NUM":"1","NUM_NAME":"1","CODE":"jsssc3","SORT":1.0,"STATE":0,"ST":false,"BET_AMT":null,"ODDS_A":0.0,"ODDS_B":0.0,"ODDS_C":0.0},"jsssc3_2":{"ID":5872,"P_3ID":1047,"P_1ID":1043,"GROUP_NAME":"第四球","SHOWCLS":"blue","ODDS":9.86,"NUM":"2","NUM_NAME":"2","CODE":"jsssc3","SORT":2.0,"STATE":0,"ST":false,"BET_AMT":null,"ODDS_A":0.0,"ODDS_B":0.0,"ODDS_C":0.0},"jsssc3_3":{"ID":5873,"P_3ID":1047,"P_1ID":1043,"GROUP_NAME":"第四球","SHOWCLS":"blue","ODDS":9.86,"NUM":"3","NUM_NAME":"3","CODE":"jsssc3","SORT":3.0,"STATE":0,"ST":false,"BET_AMT":null,"ODDS_A":0.0,"ODDS_B":0.0,"ODDS_C":0.0},"jsssc3_4":{"ID":5874,"P_3ID":1047,"P_1ID":1043,"GROUP_NAME":"第四球","SHOWCLS":"blue","ODDS":9.86,"NUM":"4","NUM_NAME":"4","CODE":"jsssc3","SORT":4.0,"STATE":0,"ST":false,"BET_AMT":null,"ODDS_A":0.0,"ODDS_B":0.0,"ODDS_C":0.0},"jsssc3_5":{"ID":5875,"P_3ID":1047,"P_1ID":1043,"GROUP_NAME":"第四球","SHOWCLS":"blue","ODDS":9.86,"NUM":"5","NUM_NAME":"5","CODE":"jsssc3","SORT":5.0,"STATE":0,"ST":false,"BET_AMT":null,"ODDS_A":0.0,"ODDS_B":0.0,"ODDS_C":0.0},"jsssc3_6":{"ID":5876,"P_3ID":1047,"P_1ID":1043,"GROUP_NAME":"第四球","SHOWCLS":"blue","ODDS":9.86,"NUM":"6","NUM_NAME":"6","CODE":"jsssc3","SORT":6.0,"STATE":0,"ST":false,"BET_AMT":null,"ODDS_A":0.0,"ODDS_B":0.0,"ODDS_C":0.0},"jsssc3_7":{"ID":5877,"P_3ID":1047,"P_1ID":1043,"GROUP_NAME":"第四球","SHOWCLS":"blue","ODDS":9.86,"NUM":"7","NUM_NAME":"7","CODE":"jsssc3","SORT":7.0,"STATE":0,"ST":false,"BET_AMT":null,"ODDS_A":0.0,"ODDS_B":0.0,"ODDS_C":0.0},"jsssc3_8":{"ID":5878,"P_3ID":1047,"P_1ID":1043,"GROUP_NAME":"第四球","SHOWCLS":"blue","ODDS":9.86,"NUM":"8","NUM_NAME":"8","CODE":"jsssc3","SORT":8.0,"STATE":0,"ST":false,"BET_AMT":null,"ODDS_A":0.0,"ODDS_B":0.0,"ODDS_C":0.0},"jsssc3_9":{"ID":5879,"P_3ID":1047,"P_1ID":1043,"GROUP_NAME":"第四球","SHOWCLS":"blue","ODDS":9.86,"NUM":"9","NUM_NAME":"9","CODE":"jsssc3","SORT":9.0,"STATE":0,"ST":false,"BET_AMT":null,"ODDS_A":0.0,"ODDS_B":0.0,"ODDS_C":0.0},"jsssc3_大":{"ID":5880,"P_3ID":1047,"P_1ID":1043,"GROUP_NAME":"第四球","SHOWCLS":"green","ODDS":1.96,"NUM":"大","NUM_NAME":"大","CODE":"jsssc3","SORT":10.0,"STATE":0,"ST":false,"BET_AMT":null,"ODDS_A":0.0,"ODDS_B":0.0,"ODDS_C":0.0},"jsssc3_小":{"ID":5881,"P_3ID":1047,"P_1ID":1043,"GROUP_NAME":"第四球","SHOWCLS":"green","ODDS":1.96,"NUM":"小","NUM_NAME":"小","CODE":"jsssc3","SORT":11.0,"STATE":0,"ST":false,"BET_AMT":null,"ODDS_A":0.0,"ODDS_B":0.0,"ODDS_C":0.0},"jsssc3_单":{"ID":5882,"P_3ID":1047,"P_1ID":1043,"GROUP_NAME":"第四球","SHOWCLS":"green","ODDS":1.96,"NUM":"单","NUM_NAME":"单","CODE":"jsssc3","SORT":12.0,"STATE":0,"ST":false,"BET_AMT":null,"ODDS_A":0.0,"ODDS_B":0.0,"ODDS_C":0.0},"jsssc3_双":{"ID":5883,"P_3ID":1047,"P_1ID":1043,"GROUP_NAME":"第四球","SHOWCLS":"green","ODDS":1.96,"NUM":"双","NUM_NAME":"双","CODE":"jsssc3","SORT":13.0,"STATE":0,"ST":false,"BET_AMT":null,"ODDS_A":0.0,"ODDS_B":0.0,"ODDS_C":0.0}},"jsssc4":{"jsssc4_0":{"ID":5884,"P_3ID":1048,"P_1ID":1043,"GROUP_NAME":"第五球","SHOWCLS":"blue","ODDS":9.86,"NUM":"0","NUM_NAME":"0","CODE":"jsssc4","SORT":0.0,"STATE":0,"ST":false,"BET_AMT":null,"ODDS_A":0.0,"ODDS_B":0.0,"ODDS_C":0.0},"jsssc4_1":{"ID":5885,"P_3ID":1048,"P_1ID":1043,"GROUP_NAME":"第五球","SHOWCLS":"blue","ODDS":9.86,"NUM":"1","NUM_NAME":"1","CODE":"jsssc4","SORT":1.0,"STATE":0,"ST":false,"BET_AMT":null,"ODDS_A":0.0,"ODDS_B":0.0,"ODDS_C":0.0},"jsssc4_2":{"ID":5886,"P_3ID":1048,"P_1ID":1043,"GROUP_NAME":"第五球","SHOWCLS":"blue","ODDS":9.86,"NUM":"2","NUM_NAME":"2","CODE":"jsssc4","SORT":2.0,"STATE":0,"ST":false,"BET_AMT":null,"ODDS_A":0.0,"ODDS_B":0.0,"ODDS_C":0.0},"jsssc4_3":{"ID":5887,"P_3ID":1048,"P_1ID":1043,"GROUP_NAME":"第五球","SHOWCLS":"blue","ODDS":9.86,"NUM":"3","NUM_NAME":"3","CODE":"jsssc4","SORT":3.0,"STATE":0,"ST":false,"BET_AMT":null,"ODDS_A":0.0,"ODDS_B":0.0,"ODDS_C":0.0},"jsssc4_4":{"ID":5888,"P_3ID":1048,"P_1ID":1043,"GROUP_NAME":"第五球","SHOWCLS":"blue","ODDS":9.86,"NUM":"4","NUM_NAME":"4","CODE":"jsssc4","SORT":4.0,"STATE":0,"ST":false,"BET_AMT":null,"ODDS_A":0.0,"ODDS_B":0.0,"ODDS_C":0.0},"jsssc4_5":{"ID":5889,"P_3ID":1048,"P_1ID":1043,"GROUP_NAME":"第五球","SHOWCLS":"blue","ODDS":9.86,"NUM":"5","NUM_NAME":"5","CODE":"jsssc4","SORT":5.0,"STATE":0,"ST":false,"BET_AMT":null,"ODDS_A":0.0,"ODDS_B":0.0,"ODDS_C":0.0},"jsssc4_6":{"ID":5890,"P_3ID":1048,"P_1ID":1043,"GROUP_NAME":"第五球","SHOWCLS":"blue","ODDS":9.86,"NUM":"6","NUM_NAME":"6","CODE":"jsssc4","SORT":6.0,"STATE":0,"ST":false,"BET_AMT":null,"ODDS_A":0.0,"ODDS_B":0.0,"ODDS_C":0.0},"jsssc4_7":{"ID":5891,"P_3ID":1048,"P_1ID":1043,"GROUP_NAME":"第五球","SHOWCLS":"blue","ODDS":9.86,"NUM":"7","NUM_NAME":"7","CODE":"jsssc4","SORT":7.0,"STATE":0,"ST":false,"BET_AMT":null,"ODDS_A":0.0,"ODDS_B":0.0,"ODDS_C":0.0},"jsssc4_8":{"ID":5892,"P_3ID":1048,"P_1ID":1043,"GROUP_NAME":"第五球","SHOWCLS":"blue","ODDS":9.86,"NUM":"8","NUM_NAME":"8","CODE":"jsssc4","SORT":8.0,"STATE":0,"ST":false,"BET_AMT":null,"ODDS_A":0.0,"ODDS_B":0.0,"ODDS_C":0.0},"jsssc4_9":{"ID":5893,"P_3ID":1048,"P_1ID":1043,"GROUP_NAME":"第五球","SHOWCLS":"blue","ODDS":9.86,"NUM":"9","NUM_NAME":"9","CODE":"jsssc4","SORT":9.0,"STATE":0,"ST":false,"BET_AMT":null,"ODDS_A":0.0,"ODDS_B":0.0,"ODDS_C":0.0},"jsssc4_大":{"ID":5894,"P_3ID":1048,"P_1ID":1043,"GROUP_NAME":"第五球","SHOWCLS":"green","ODDS":1.96,"NUM":"大","NUM_NAME":"大","CODE":"jsssc4","SORT":10.0,"STATE":0,"ST":false,"BET_AMT":null,"ODDS_A":0.0,"ODDS_B":0.0,"ODDS_C":0.0},"jsssc4_小":{"ID":5895,"P_3ID":1048,"P_1ID":1043,"GROUP_NAME":"第五球","SHOWCLS":"green","ODDS":1.96,"NUM":"小","NUM_NAME":"小","CODE":"jsssc4","SORT":11.0,"STATE":0,"ST":false,"BET_AMT":null,"ODDS_A":0.0,"ODDS_B":0.0,"ODDS_C":0.0},"jsssc4_单":{"ID":5896,"P_3ID":1048,"P_1ID":1043,"GROUP_NAME":"第五球","SHOWCLS":"green","ODDS":1.96,"NUM":"单","NUM_NAME":"单","CODE":"jsssc4","SORT":12.0,"STATE":0,"ST":false,"BET_AMT":null,"ODDS_A":0.0,"ODDS_B":0.0,"ODDS_C":0.0},"jsssc4_双":{"ID":5897,"P_3ID":1048,"P_1ID":1043,"GROUP_NAME":"第五球","SHOWCLS":"green","ODDS":1.96,"NUM":"双","NUM_NAME":"双","CODE":"jsssc4","SORT":13.0,"STATE":0,"ST":false,"BET_AMT":null,"ODDS_A":0.0,"ODDS_B":0.0,"ODDS_C":0.0}},"jsssc5":{"jsssc5_大":{"ID":5898,"P_3ID":1049,"P_1ID":1043,"GROUP_NAME":"总和-龙虎","SHOWCLS":"text","ODDS":1.96,"NUM":"大","NUM_NAME":"总和大","CODE":"jsssc5","SORT":1.0,"STATE":0,"ST":false,"BET_AMT":null,"ODDS_A":0.0,"ODDS_B":0.0,"ODDS_C":0.0},"jsssc5_小":{"ID":5899,"P_3ID":1049,"P_1ID":1043,"GROUP_NAME":"总和-龙虎","SHOWCLS":"text","ODDS":1.96,"NUM":"小","NUM_NAME":"总和小","CODE":"jsssc5","SORT":2.0,"STATE":0,"ST":false,"BET_AMT":null,"ODDS_A":0.0,"ODDS_B":0.0,"ODDS_C":0.0},"jsssc5_单":{"ID":5900,"P_3ID":1049,"P_1ID":1043,"GROUP_NAME":"总和-龙虎","SHOWCLS":"text","ODDS":1.96,"NUM":"单","NUM_NAME":"总和单","CODE":"jsssc5","SORT":3.0,"STATE":0,"ST":false,"BET_AMT":null,"ODDS_A":0.0,"ODDS_B":0.0,"ODDS_C":0.0},"jsssc5_双":{"ID":5901,"P_3ID":1049,"P_1ID":1043,"GROUP_NAME":"总和-龙虎","SHOWCLS":"text","ODDS":1.96,"NUM":"双","NUM_NAME":"总和双","CODE":"jsssc5","SORT":4.0,"STATE":0,"ST":false,"BET_AMT":null,"ODDS_A":0.0,"ODDS_B":0.0,"ODDS_C":0.0},"jsssc5_龙":{"ID":5902,"P_3ID":1049,"P_1ID":1043,"GROUP_NAME":"总和-龙虎","SHOWCLS":"text","ODDS":1.96,"NUM":"龙","NUM_NAME":"龙","CODE":"jsssc5","SORT":5.0,"STATE":0,"ST":false,"BET_AMT":null,"ODDS_A":0.0,"ODDS_B":0.0,"ODDS_C":0.0},"jsssc5_虎":{"ID":5903,"P_3ID":1049,"P_1ID":1043,"GROUP_NAME":"总和-龙虎","SHOWCLS":"text","ODDS":1.96,"NUM":"虎","NUM_NAME":"虎","CODE":"jsssc5","SORT":6.0,"STATE":0,"ST":false,"BET_AMT":null,"ODDS_A":0.0,"ODDS_B":0.0,"ODDS_C":0.0},"jsssc5_和":{"ID":5904,"P_3ID":1049,"P_1ID":1043,"GROUP_NAME":"总和-龙虎","SHOWCLS":"text","ODDS":9.0,"NUM":"和","NUM_NAME":"和","CODE":"jsssc5","SORT":7.0,"STATE":0,"ST":false,"BET_AMT":null,"ODDS_A":0.0,"ODDS_B":0.0,"ODDS_C":0.0}},"jsssc6":{"jsssc6_豹子":{"ID":5905,"P_3ID":1050,"P_1ID":1043,"GROUP_NAME":"前三球","SHOWCLS":"text","ODDS":75.0,"NUM":"豹子","NUM_NAME":"豹子","CODE":"jsssc6","SORT":0.0,"STATE":0,"ST":false,"BET_AMT":null,"ODDS_A":0.0,"ODDS_B":0.0,"ODDS_C":0.0},"jsssc6_顺子":{"ID":5906,"P_3ID":1050,"P_1ID":1043,"GROUP_NAME":"前三球","SHOWCLS":"text","ODDS":12.0,"NUM":"顺子","NUM_NAME":"顺子","CODE":"jsssc6","SORT":1.0,"STATE":0,"ST":false,"BET_AMT":null,"ODDS_A":0.0,"ODDS_B":0.0,"ODDS_C":0.0},"jsssc6_对子":{"ID":5907,"P_3ID":1050,"P_1ID":1043,"GROUP_NAME":"前三球","SHOWCLS":"text","ODDS":2.65,"NUM":"对子","NUM_NAME":"对子","CODE":"jsssc6","SORT":2.0,"STATE":0,"ST":false,"BET_AMT":null,"ODDS_A":0.0,"ODDS_B":0.0,"ODDS_C":0.0},"jsssc6_半顺":{"ID":5908,"P_3ID":1050,"P_1ID":1043,"GROUP_NAME":"前三球","SHOWCLS":"text","ODDS":2.0,"NUM":"半顺","NUM_NAME":"半顺","CODE":"jsssc6","SORT":3.0,"STATE":0,"ST":false,"BET_AMT":null,"ODDS_A":0.0,"ODDS_B":0.0,"ODDS_C":0.0},"jsssc6_杂六":{"ID":5909,"P_3ID":1050,"P_1ID":1043,"GROUP_NAME":"前三球","SHOWCLS":"text","ODDS":2.20,"NUM":"杂六","NUM_NAME":"杂六","CODE":"jsssc6","SORT":4.0,"STATE":0,"ST":false,"BET_AMT":null,"ODDS_A":0.0,"ODDS_B":0.0,"ODDS_C":0.0}},"jsssc7":{"jsssc7_豹子":{"ID":5910,"P_3ID":1051,"P_1ID":1043,"GROUP_NAME":"中三球","SHOWCLS":"text","ODDS":75.0,"NUM":"豹子","NUM_NAME":"豹子","CODE":"jsssc7","SORT":0.0,"STATE":0,"ST":false,"BET_AMT":null,"ODDS_A":0.0,"ODDS_B":0.0,"ODDS_C":0.0},"jsssc7_顺子":{"ID":5911,"P_3ID":1051,"P_1ID":1043,"GROUP_NAME":"中三球","SHOWCLS":"text","ODDS":12.0,"NUM":"顺子","NUM_NAME":"顺子","CODE":"jsssc7","SORT":1.0,"STATE":0,"ST":false,"BET_AMT":null,"ODDS_A":0.0,"ODDS_B":0.0,"ODDS_C":0.0},"jsssc7_对子":{"ID":5912,"P_3ID":1051,"P_1ID":1043,"GROUP_NAME":"中三球","SHOWCLS":"text","ODDS":2.65,"NUM":"对子","NUM_NAME":"对子","CODE":"jsssc7","SORT":2.0,"STATE":0,"ST":false,"BET_AMT":null,"ODDS_A":0.0,"ODDS_B":0.0,"ODDS_C":0.0},"jsssc7_半顺":{"ID":5913,"P_3ID":1051,"P_1ID":1043,"GROUP_NAME":"中三球","SHOWCLS":"text","ODDS":2.0,"NUM":"半顺","NUM_NAME":"半顺","CODE":"jsssc7","SORT":3.0,"STATE":0,"ST":false,"BET_AMT":null,"ODDS_A":0.0,"ODDS_B":0.0,"ODDS_C":0.0},"jsssc7_杂六":{"ID":5914,"P_3ID":1051,"P_1ID":1043,"GROUP_NAME":"中三球","SHOWCLS":"text","ODDS":2.20,"NUM":"杂六","NUM_NAME":"杂六","CODE":"jsssc7","SORT":4.0,"STATE":0,"ST":false,"BET_AMT":null,"ODDS_A":0.0,"ODDS_B":0.0,"ODDS_C":0.0}},"jsssc8":{"jsssc8_豹子":{"ID":5915,"P_3ID":1052,"P_1ID":1043,"GROUP_NAME":"后三球","SHOWCLS":"text","ODDS":75.0,"NUM":"豹子","NUM_NAME":"豹子","CODE":"jsssc8","SORT":0.0,"STATE":0,"ST":false,"BET_AMT":null,"ODDS_A":0.0,"ODDS_B":0.0,"ODDS_C":0.0},"jsssc8_顺子":{"ID":5916,"P_3ID":1052,"P_1ID":1043,"GROUP_NAME":"后三球","SHOWCLS":"text","ODDS":12.0,"NUM":"顺子","NUM_NAME":"顺子","CODE":"jsssc8","SORT":1.0,"STATE":0,"ST":false,"BET_AMT":null,"ODDS_A":0.0,"ODDS_B":0.0,"ODDS_C":0.0},"jsssc8_对子":{"ID":5917,"P_3ID":1052,"P_1ID":1043,"GROUP_NAME":"后三球","SHOWCLS":"text","ODDS":2.65,"NUM":"对子","NUM_NAME":"对子","CODE":"jsssc8","SORT":2.0,"STATE":0,"ST":false,"BET_AMT":null,"ODDS_A":0.0,"ODDS_B":0.0,"ODDS_C":0.0},"jsssc8_半顺":{"ID":5918,"P_3ID":1052,"P_1ID":1043,"GROUP_NAME":"后三球","SHOWCLS":"text","ODDS":2.0,"NUM":"半顺","NUM_NAME":"半顺","CODE":"jsssc8","SORT":3.0,"STATE":0,"ST":false,"BET_AMT":null,"ODDS_A":0.0,"ODDS_B":0.0,"ODDS_C":0.0},"jsssc8_杂六":{"ID":5919,"P_3ID":1052,"P_1ID":1043,"GROUP_NAME":"后三球","SHOWCLS":"text","ODDS":2.20,"NUM":"杂六","NUM_NAME":"杂六","CODE":"jsssc8","SORT":4.0,"STATE":0,"ST":false,"BET_AMT":null,"ODDS_A":0.0,"ODDS_B":0.0,"ODDS_C":0.0}},"jsssc9":{"jsssc9_没牛":{"ID":5920,"P_3ID":1053,"P_1ID":1043,"GROUP_NAME":"斗牛","SHOWCLS":"text","ODDS":1.95,"NUM":"没牛","NUM_NAME":"没牛","CODE":"jsssc9","SORT":0.0,"STATE":0,"ST":false,"BET_AMT":null,"ODDS_A":0.0,"ODDS_B":0.0,"ODDS_C":0.0},"jsssc9_牛1":{"ID":5921,"P_3ID":1053,"P_1ID":1043,"GROUP_NAME":"斗牛","SHOWCLS":"text","ODDS":9.07,"NUM":"牛1","NUM_NAME":"牛1","CODE":"jsssc9","SORT":1.0,"STATE":0,"ST":false,"BET_AMT":null,"ODDS_A":0.0,"ODDS_B":0.0,"ODDS_C":0.0},"jsssc9_牛2":{"ID":5922,"P_3ID":1053,"P_1ID":1043,"GROUP_NAME":"斗牛","SHOWCLS":"text","ODDS":9.07,"NUM":"牛2","NUM_NAME":"牛2","CODE":"jsssc9","SORT":2.0,"STATE":0,"ST":false,"BET_AMT":null,"ODDS_A":0.0,"ODDS_B":0.0,"ODDS_C":0.0},"jsssc9_牛3":{"ID":5923,"P_3ID":1053,"P_1ID":1043,"GROUP_NAME":"斗牛","SHOWCLS":"text","ODDS":9.07,"NUM":"牛3","NUM_NAME":"牛3","CODE":"jsssc9","SORT":3.0,"STATE":0,"ST":false,"BET_AMT":null,"ODDS_A":0.0,"ODDS_B":0.0,"ODDS_C":0.0},"jsssc9_牛4":{"ID":5924,"P_3ID":1053,"P_1ID":1043,"GROUP_NAME":"斗牛","SHOWCLS":"text","ODDS":9.07,"NUM":"牛4","NUM_NAME":"牛4","CODE":"jsssc9","SORT":4.0,"STATE":0,"ST":false,"BET_AMT":null,"ODDS_A":0.0,"ODDS_B":0.0,"ODDS_C":0.0},"jsssc9_牛5":{"ID":5925,"P_3ID":1053,"P_1ID":1043,"GROUP_NAME":"斗牛","SHOWCLS":"text","ODDS":9.07,"NUM":"牛5","NUM_NAME":"牛5","CODE":"jsssc9","SORT":5.0,"STATE":0,"ST":false,"BET_AMT":null,"ODDS_A":0.0,"ODDS_B":0.0,"ODDS_C":0.0},"jsssc9_牛6":{"ID":5926,"P_3ID":1053,"P_1ID":1043,"GROUP_NAME":"斗牛","SHOWCLS":"text","ODDS":9.07,"NUM":"牛6","NUM_NAME":"牛6","CODE":"jsssc9","SORT":6.0,"STATE":0,"ST":false,"BET_AMT":null,"ODDS_A":0.0,"ODDS_B":0.0,"ODDS_C":0.0},"jsssc9_牛7":{"ID":5927,"P_3ID":1053,"P_1ID":1043,"GROUP_NAME":"斗牛","SHOWCLS":"text","ODDS":9.07,"NUM":"牛7","NUM_NAME":"牛7","CODE":"jsssc9","SORT":7.0,"STATE":0,"ST":false,"BET_AMT":null,"ODDS_A":0.0,"ODDS_B":0.0,"ODDS_C":0.0},"jsssc9_牛8":{"ID":5928,"P_3ID":1053,"P_1ID":1043,"GROUP_NAME":"斗牛","SHOWCLS":"text","ODDS":9.07,"NUM":"牛8","NUM_NAME":"牛8","CODE":"jsssc9","SORT":8.0,"STATE":0,"ST":false,"BET_AMT":null,"ODDS_A":0.0,"ODDS_B":0.0,"ODDS_C":0.0},"jsssc9_牛9":{"ID":5929,"P_3ID":1053,"P_1ID":1043,"GROUP_NAME":"斗牛","SHOWCLS":"text","ODDS":9.07,"NUM":"牛9","NUM_NAME":"牛9","CODE":"jsssc9","SORT":9.0,"STATE":0,"ST":false,"BET_AMT":null,"ODDS_A":0.0,"ODDS_B":0.0,"ODDS_C":0.0},"jsssc9_牛牛":{"ID":5930,"P_3ID":1053,"P_1ID":1043,"GROUP_NAME":"斗牛","SHOWCLS":"text","ODDS":9.07,"NUM":"牛牛","NUM_NAME":"牛牛","CODE":"jsssc9","SORT":10.0,"STATE":0,"ST":false,"BET_AMT":null,"ODDS_A":0.0,"ODDS_B":0.0,"ODDS_C":0.0},"jsssc9_牛大":{"ID":5931,"P_3ID":1053,"P_1ID":1043,"GROUP_NAME":"斗牛","SHOWCLS":"text","ODDS":1.96,"NUM":"牛大","NUM_NAME":"牛大","CODE":"jsssc9","SORT":11.0,"STATE":0,"ST":false,"BET_AMT":null,"ODDS_A":0.0,"ODDS_B":0.0,"ODDS_C":0.0},"jsssc9_牛小":{"ID":5932,"P_3ID":1053,"P_1ID":1043,"GROUP_NAME":"斗牛","SHOWCLS":"text","ODDS":1.96,"NUM":"牛小","NUM_NAME":"牛小","CODE":"jsssc9","SORT":12.0,"STATE":0,"ST":false,"BET_AMT":null,"ODDS_A":0.0,"ODDS_B":0.0,"ODDS_C":0.0},"jsssc9_牛单":{"ID":5933,"P_3ID":1053,"P_1ID":1043,"GROUP_NAME":"斗牛","SHOWCLS":"text","ODDS":1.96,"NUM":"牛单","NUM_NAME":"牛单","CODE":"jsssc9","SORT":13.0,"STATE":0,"ST":false,"BET_AMT":null,"ODDS_A":0.0,"ODDS_B":0.0,"ODDS_C":0.0},"jsssc9_牛双":{"ID":5934,"P_3ID":1053,"P_1ID":1043,"GROUP_NAME":"斗牛","SHOWCLS":"text","ODDS":1.96,"NUM":"牛双","NUM_NAME":"牛双","CODE":"jsssc9","SORT":14.0,"STATE":0,"ST":false,"BET_AMT":null,"ODDS_A":0.0,"ODDS_B":0.0,"ODDS_C":0.0}}}
