{"jx11x50":{"jx11x50_1":{"ID":6680,"P_3ID":1197,"P_1ID":1196,"GROUP_NAME":"第一球","SHOWCLS":"blue","ODDS":10.80,"NUM":"1","NUM_NAME":"1","CODE":"jx11x50","SORT":1.0,"STATE":0,"ST":false,"BET_AMT":null,"ODDS_A":0.0,"ODDS_B":0.0,"ODDS_C":0.0},"jx11x50_2":{"ID":6681,"P_3ID":1197,"P_1ID":1196,"GROUP_NAME":"第一球","SHOWCLS":"blue","ODDS":10.80,"NUM":"2","NUM_NAME":"2","CODE":"jx11x50","SORT":2.0,"STATE":0,"ST":false,"BET_AMT":null,"ODDS_A":0.0,"ODDS_B":0.0,"ODDS_C":0.0},"jx11x50_3":{"ID":6682,"P_3ID":1197,"P_1ID":1196,"GROUP_NAME":"第一球","SHOWCLS":"blue","ODDS":10.80,"NUM":"3","NUM_NAME":"3","CODE":"jx11x50","SORT":3.0,"STATE":0,"ST":false,"BET_AMT":null,"ODDS_A":0.0,"ODDS_B":0.0,"ODDS_C":0.0},"jx11x50_4":{"ID":6683,"P_3ID":1197,"P_1ID":1196,"GROUP_NAME":"第一球","SHOWCLS":"blue","ODDS":10.80,"NUM":"4","NUM_NAME":"4","CODE":"jx11x50","SORT":4.0,"STATE":0,"ST":false,"BET_AMT":null,"ODDS_A":0.0,"ODDS_B":0.0,"ODDS_C":0.0},"jx11x50_5":{"ID":6684,"P_3ID":1197,"P_1ID":1196,"GROUP_NAME":"第一球","SHOWCLS":"blue","ODDS":10.80,"NUM":"5","NUM_NAME":"5","CODE":"jx11x50","SORT":5.0,"STATE":0,"ST":false,"BET_AMT":null,"ODDS_A":0.0,"ODDS_B":0.0,"ODDS_C":0.0},"jx11x50_6":{"ID":6685,"P_3ID":1197,"P_1ID":1196,"GROUP_NAME":"第一球","SHOWCLS":"blue","ODDS":10.80,"NUM":"6","NUM_NAME":"6","CODE":"jx11x50","SORT":6.0,"STATE":0,"ST":false,"BET_AMT":null,"ODDS_A":0.0,"ODDS_B":0.0,"ODDS_C":0.0},"jx11x50_7":{"ID":6686,"P_3ID":1197,"P_1ID":1196,"GROUP_NAME":"第一球","SHOWCLS":"blue","ODDS":10.80,"NUM":"7","NUM_NAME":"7","CODE":"jx11x50","SORT":7.0,"STATE":0,"ST":false,"BET_AMT":null,"ODDS_A":0.0,"ODDS_B":0.0,"ODDS_C":0.0},"jx11x50_8":{"ID":6687,"P_3ID":1197,"P_1ID":1196,"GROUP_NAME":"第一球","SHOWCLS":"blue","ODDS":10.80,"NUM":"8","NUM_NAME":"8","CODE":"jx11x50","SORT":8.0,"STATE":0,"ST":false,"BET_AMT":null,"ODDS_A":0.0,"ODDS_B":0.0,"ODDS_C":0.0},"jx11x50_9":{"ID":6688,"P_3ID":1197,"P_1ID":1196,"GROUP_NAME":"第一球","SHOWCLS":"blue","ODDS":10.80,"NUM":"9","NUM_NAME":"9","CODE":"jx11x50","SORT":9.0,"STATE":0,"ST":false,"BET_AMT":null,"ODDS_A":0.0,"ODDS_B":0.0,"ODDS_C":0.0},"jx11x50_10":{"ID":6689,"P_3ID":1197,"P_1ID":1196,"GROUP_NAME":"第一球","SHOWCLS":"blue","ODDS":10.80,"NUM":"10","NUM_NAME":"10","CODE":"jx11x50","SORT":10.0,"STATE":0,"ST":false,"BET_AMT":null,"ODDS_A":0.0,"ODDS_B":0.0,"ODDS_C":0.0},"jx11x50_11":{"ID":6690,"P_3ID":1197,"P_1ID":1196,"GROUP_NAME":"第一球","SHOWCLS":"blue","ODDS":10.80,"NUM":"11","NUM_NAME":"11","CODE":"jx11x50","SORT":11.0,"STATE":0,"ST":false,"BET_AMT":null,"ODDS_A":0.0,"ODDS_B":0.0,"ODDS_C":0.0},"jx11x50_大":{"ID":6691,"P_3ID":1197,"P_1ID":1196,"GROUP_NAME":"第一球","SHOWCLS":"text","ODDS":1.96,"NUM":"大","NUM_NAME":"大","CODE":"jx11x50","SORT":12.0,"STATE":0,"ST":false,"BET_AMT":null,"ODDS_A":0.0,"ODDS_B":0.0,"ODDS_C":0.0},"jx11x50_小":{"ID":6692,"P_3ID":1197,"P_1ID":1196,"GROUP_NAME":"第一球","SHOWCLS":"text","ODDS":1.96,"NUM":"小","NUM_NAME":"小","CODE":"jx11x50","SORT":13.0,"STATE":0,"ST":false,"BET_AMT":null,"ODDS_A":0.0,"ODDS_B":0.0,"ODDS_C":0.0},"jx11x50_单":{"ID":6693,"P_3ID":1197,"P_1ID":1196,"GROUP_NAME":"第一球","SHOWCLS":"text","ODDS":1.96,"NUM":"单","NUM_NAME":"单","CODE":"jx11x50","SORT":14.0,"STATE":0,"ST":false,"BET_AMT":null,"ODDS_A":0.0,"ODDS_B":0.0,"ODDS_C":0.0},"jx11x50_双":{"ID":6694,"P_3ID":1197,"P_1ID":1196,"GROUP_NAME":"第一球","SHOWCLS":"text","ODDS":1.96,"NUM":"双","NUM_NAME":"双","CODE":"jx11x50","SORT":15.0,"STATE":0,"ST":false,"BET_AMT":null,"ODDS_A":0.0,"ODDS_B":0.0,"ODDS_C":0.0}},"jx11x51":{"jx11x51_1":{"ID":6695,"P_3ID":1198,"P_1ID":1196,"GROUP_NAME":"第二球","SHOWCLS":"blue","ODDS":10.80,"NUM":"1","NUM_NAME":"1","CODE":"jx11x51","SORT":1.0,"STATE":0,"ST":false,"BET_AMT":null,"ODDS_A":0.0,"ODDS_B":0.0,"ODDS_C":0.0},"jx11x51_2":{"ID":6696,"P_3ID":1198,"P_1ID":1196,"GROUP_NAME":"第二球","SHOWCLS":"blue","ODDS":10.80,"NUM":"2","NUM_NAME":"2","CODE":"jx11x51","SORT":2.0,"STATE":0,"ST":false,"BET_AMT":null,"ODDS_A":0.0,"ODDS_B":0.0,"ODDS_C":0.0},"jx11x51_3":{"ID":6697,"P_3ID":1198,"P_1ID":1196,"GROUP_NAME":"第二球","SHOWCLS":"blue","ODDS":10.80,"NUM":"3","NUM_NAME":"3","CODE":"jx11x51","SORT":3.0,"STATE":0,"ST":false,"BET_AMT":null,"ODDS_A":0.0,"ODDS_B":0.0,"ODDS_C":0.0},"jx11x51_4":{"ID":6698,"P_3ID":1198,"P_1ID":1196,"GROUP_NAME":"第二球","SHOWCLS":"blue","ODDS":10.80,"NUM":"4","NUM_NAME":"4","CODE":"jx11x51","SORT":4.0,"STATE":0,"ST":false,"BET_AMT":null,"ODDS_A":0.0,"ODDS_B":0.0,"ODDS_C":0.0},"jx11x51_5":{"ID":6699,"P_3ID":1198,"P_1ID":1196,"GROUP_NAME":"第二球","SHOWCLS":"blue","ODDS":10.80,"NUM":"5","NUM_NAME":"5","CODE":"jx11x51","SORT":5.0,"STATE":0,"ST":false,"BET_AMT":null,"ODDS_A":0.0,"ODDS_B":0.0,"ODDS_C":0.0},"jx11x51_6":{"ID":6700,"P_3ID":1198,"P_1ID":1196,"GROUP_NAME":"第二球","SHOWCLS":"blue","ODDS":10.80,"NUM":"6","NUM_NAME":"6","CODE":"jx11x51","SORT":6.0,"STATE":0,"ST":false,"BET_AMT":null,"ODDS_A":0.0,"ODDS_B":0.0,"ODDS_C":0.0},"jx11x51_7":{"ID":6701,"P_3ID":1198,"P_1ID":1196,"GROUP_NAME":"第二球","SHOWCLS":"blue","ODDS":10.80,"NUM":"7","NUM_NAME":"7","CODE":"jx11x51","SORT":7.0,"STATE":0,"ST":false,"BET_AMT":null,"ODDS_A":0.0,"ODDS_B":0.0,"ODDS_C":0.0},"jx11x51_8":{"ID":6702,"P_3ID":1198,"P_1ID":1196,"GROUP_NAME":"第二球","SHOWCLS":"blue","ODDS":10.80,"NUM":"8","NUM_NAME":"8","CODE":"jx11x51","SORT":8.0,"STATE":0,"ST":false,"BET_AMT":null,"ODDS_A":0.0,"ODDS_B":0.0,"ODDS_C":0.0},"jx11x51_9":{"ID":6703,"P_3ID":1198,"P_1ID":1196,"GROUP_NAME":"第二球","SHOWCLS":"blue","ODDS":10.80,"NUM":"9","NUM_NAME":"9","CODE":"jx11x51","SORT":9.0,"STATE":0,"ST":false,"BET_AMT":null,"ODDS_A":0.0,"ODDS_B":0.0,"ODDS_C":0.0},"jx11x51_10":{"ID":6704,"P_3ID":1198,"P_1ID":1196,"GROUP_NAME":"第二球","SHOWCLS":"blue","ODDS":10.80,"NUM":"10","NUM_NAME":"10","CODE":"jx11x51","SORT":10.0,"STATE":0,"ST":false,"BET_AMT":null,"ODDS_A":0.0,"ODDS_B":0.0,"ODDS_C":0.0},"jx11x51_11":{"ID":6705,"P_3ID":1198,"P_1ID":1196,"GROUP_NAME":"第二球","SHOWCLS":"blue","ODDS":10.80,"NUM":"11","NUM_NAME":"11","CODE":"jx11x51","SORT":11.0,"STATE":0,"ST":false,"BET_AMT":null,"ODDS_A":0.0,"ODDS_B":0.0,"ODDS_C":0.0},"jx11x51_大":{"ID":6706,"P_3ID":1198,"P_1ID":1196,"GROUP_NAME":"第二球","SHOWCLS":"text","ODDS":1.96,"NUM":"大","NUM_NAME":"大","CODE":"jx11x51","SORT":12.0,"STATE":0,"ST":false,"BET_AMT":null,"ODDS_A":0.0,"ODDS_B":0.0,"ODDS_C":0.0},"jx11x51_小":{"ID":6707,"P_3ID":1198,"P_1ID":1196,"GROUP_NAME":"第二球","SHOWCLS":"text","ODDS":1.96,"NUM":"小","NUM_NAME":"小","CODE":"jx11x51","SORT":13.0,"STATE":0,"ST":false,"BET_AMT":null,"ODDS_A":0.0,"ODDS_B":0.0,"ODDS_C":0.0},"jx11x51_单":{"ID":6708,"P_3ID":1198,"P_1ID":1196,"GROUP_NAME":"第二球","SHOWCLS":"text","ODDS":1.96,"NUM":"单","NUM_NAME":"单","CODE":"jx11x51","SORT":14.0,"STATE":0,"ST":false,"BET_AMT":null,"ODDS_A":0.0,"ODDS_B":0.0,"ODDS_C":0.0},"jx11x51_双":{"ID":6709,"P_3ID":1198,"P_1ID":1196,"GROUP_NAME":"第二球","SHOWCLS":"text","ODDS":1.96,"NUM":"双","NUM_NAME":"双","CODE":"jx11x51","SORT":15.0,"STATE":0,"ST":false,"BET_AMT":null,"ODDS_A":0.0,"ODDS_B":0.0,"ODDS_C":0.0}},"jx11x52":{"jx11x52_1":{"ID":6710,"P_3ID":1199,"P_1ID":1196,"GROUP_NAME":"第三球","SHOWCLS":"blue","ODDS":10.80,"NUM":"1","NUM_NAME":"1","CODE":"jx11x52","SORT":1.0,"STATE":0,"ST":false,"BET_AMT":null,"ODDS_A":0.0,"ODDS_B":0.0,"ODDS_C":0.0},"jx11x52_2":{"ID":6711,"P_3ID":1199,"P_1ID":1196,"GROUP_NAME":"第三球","SHOWCLS":"blue","ODDS":10.80,"NUM":"2","NUM_NAME":"2","CODE":"jx11x52","SORT":2.0,"STATE":0,"ST":false,"BET_AMT":null,"ODDS_A":0.0,"ODDS_B":0.0,"ODDS_C":0.0},"jx11x52_3":{"ID":6712,"P_3ID":1199,"P_1ID":1196,"GROUP_NAME":"第三球","SHOWCLS":"blue","ODDS":10.80,"NUM":"3","NUM_NAME":"3","CODE":"jx11x52","SORT":3.0,"STATE":0,"ST":false,"BET_AMT":null,"ODDS_A":0.0,"ODDS_B":0.0,"ODDS_C":0.0},"jx11x52_4":{"ID":6713,"P_3ID":1199,"P_1ID":1196,"GROUP_NAME":"第三球","SHOWCLS":"blue","ODDS":10.80,"NUM":"4","NUM_NAME":"4","CODE":"jx11x52","SORT":4.0,"STATE":0,"ST":false,"BET_AMT":null,"ODDS_A":0.0,"ODDS_B":0.0,"ODDS_C":0.0},"jx11x52_5":{"ID":6714,"P_3ID":1199,"P_1ID":1196,"GROUP_NAME":"第三球","SHOWCLS":"blue","ODDS":10.80,"NUM":"5","NUM_NAME":"5","CODE":"jx11x52","SORT":5.0,"STATE":0,"ST":false,"BET_AMT":null,"ODDS_A":0.0,"ODDS_B":0.0,"ODDS_C":0.0},"jx11x52_6":{"ID":6715,"P_3ID":1199,"P_1ID":1196,"GROUP_NAME":"第三球","SHOWCLS":"blue","ODDS":10.80,"NUM":"6","NUM_NAME":"6","CODE":"jx11x52","SORT":6.0,"STATE":0,"ST":false,"BET_AMT":null,"ODDS_A":0.0,"ODDS_B":0.0,"ODDS_C":0.0},"jx11x52_7":{"ID":6716,"P_3ID":1199,"P_1ID":1196,"GROUP_NAME":"第三球","SHOWCLS":"blue","ODDS":10.80,"NUM":"7","NUM_NAME":"7","CODE":"jx11x52","SORT":7.0,"STATE":0,"ST":false,"BET_AMT":null,"ODDS_A":0.0,"ODDS_B":0.0,"ODDS_C":0.0},"jx11x52_8":{"ID":6717,"P_3ID":1199,"P_1ID":1196,"GROUP_NAME":"第三球","SHOWCLS":"blue","ODDS":10.80,"NUM":"8","NUM_NAME":"8","CODE":"jx11x52","SORT":8.0,"STATE":0,"ST":false,"BET_AMT":null,"ODDS_A":0.0,"ODDS_B":0.0,"ODDS_C":0.0},"jx11x52_9":{"ID":6718,"P_3ID":1199,"P_1ID":1196,"GROUP_NAME":"第三球","SHOWCLS":"blue","ODDS":10.80,"NUM":"9","NUM_NAME":"9","CODE":"jx11x52","SORT":9.0,"STATE":0,"ST":false,"BET_AMT":null,"ODDS_A":0.0,"ODDS_B":0.0,"ODDS_C":0.0},"jx11x52_10":{"ID":6719,"P_3ID":1199,"P_1ID":1196,"GROUP_NAME":"第三球","SHOWCLS":"blue","ODDS":10.80,"NUM":"10","NUM_NAME":"10","CODE":"jx11x52","SORT":10.0,"STATE":0,"ST":false,"BET_AMT":null,"ODDS_A":0.0,"ODDS_B":0.0,"ODDS_C":0.0},"jx11x52_11":{"ID":6720,"P_3ID":1199,"P_1ID":1196,"GROUP_NAME":"第三球","SHOWCLS":"blue","ODDS":10.80,"NUM":"11","NUM_NAME":"11","CODE":"jx11x52","SORT":11.0,"STATE":0,"ST":false,"BET_AMT":null,"ODDS_A":0.0,"ODDS_B":0.0,"ODDS_C":0.0},"jx11x52_大":{"ID":6721,"P_3ID":1199,"P_1ID":1196,"GROUP_NAME":"第三球","SHOWCLS":"text","ODDS":1.96,"NUM":"大","NUM_NAME":"大","CODE":"jx11x52","SORT":12.0,"STATE":0,"ST":false,"BET_AMT":null,"ODDS_A":0.0,"ODDS_B":0.0,"ODDS_C":0.0},"jx11x52_小":{"ID":6722,"P_3ID":1199,"P_1ID":1196,"GROUP_NAME":"第三球","SHOWCLS":"text","ODDS":1.96,"NUM":"小","NUM_NAME":"小","CODE":"jx11x52","SORT":13.0,"STATE":0,"ST":false,"BET_AMT":null,"ODDS_A":0.0,"ODDS_B":0.0,"ODDS_C":0.0},"jx11x52_单":{"ID":6723,"P_3ID":1199,"P_1ID":1196,"GROUP_NAME":"第三球","SHOWCLS":"text","ODDS":1.96,"NUM":"单","NUM_NAME":"单","CODE":"jx11x52","SORT":14.0,"STATE":0,"ST":false,"BET_AMT":null,"ODDS_A":0.0,"ODDS_B":0.0,"ODDS_C":0.0},"jx11x52_双":{"ID":6724,"P_3ID":1199,"P_1ID":1196,"GROUP_NAME":"第三球","SHOWCLS":"text","ODDS":1.96,"NUM":"双","NUM_NAME":"双","CODE":"jx11x52","SORT":15.0,"STATE":0,"ST":false,"BET_AMT":null,"ODDS_A":0.0,"ODDS_B":0.0,"ODDS_C":0.0}},"jx11x53":{"jx11x53_1":{"ID":6725,"P_3ID":1200,"P_1ID":1196,"GROUP_NAME":"第四球","SHOWCLS":"blue","ODDS":10.80,"NUM":"1","NUM_NAME":"1","CODE":"jx11x53","SORT":1.0,"STATE":0,"ST":false,"BET_AMT":null,"ODDS_A":0.0,"ODDS_B":0.0,"ODDS_C":0.0},"jx11x53_2":{"ID":6726,"P_3ID":1200,"P_1ID":1196,"GROUP_NAME":"第四球","SHOWCLS":"blue","ODDS":10.80,"NUM":"2","NUM_NAME":"2","CODE":"jx11x53","SORT":2.0,"STATE":0,"ST":false,"BET_AMT":null,"ODDS_A":0.0,"ODDS_B":0.0,"ODDS_C":0.0},"jx11x53_3":{"ID":6727,"P_3ID":1200,"P_1ID":1196,"GROUP_NAME":"第四球","SHOWCLS":"blue","ODDS":10.80,"NUM":"3","NUM_NAME":"3","CODE":"jx11x53","SORT":3.0,"STATE":0,"ST":false,"BET_AMT":null,"ODDS_A":0.0,"ODDS_B":0.0,"ODDS_C":0.0},"jx11x53_4":{"ID":6728,"P_3ID":1200,"P_1ID":1196,"GROUP_NAME":"第四球","SHOWCLS":"blue","ODDS":10.80,"NUM":"4","NUM_NAME":"4","CODE":"jx11x53","SORT":4.0,"STATE":0,"ST":false,"BET_AMT":null,"ODDS_A":0.0,"ODDS_B":0.0,"ODDS_C":0.0},"jx11x53_5":{"ID":6729,"P_3ID":1200,"P_1ID":1196,"GROUP_NAME":"第四球","SHOWCLS":"blue","ODDS":10.80,"NUM":"5","NUM_NAME":"5","CODE":"jx11x53","SORT":5.0,"STATE":0,"ST":false,"BET_AMT":null,"ODDS_A":0.0,"ODDS_B":0.0,"ODDS_C":0.0},"jx11x53_6":{"ID":6730,"P_3ID":1200,"P_1ID":1196,"GROUP_NAME":"第四球","SHOWCLS":"blue","ODDS":10.80,"NUM":"6","NUM_NAME":"6","CODE":"jx11x53","SORT":6.0,"STATE":0,"ST":false,"BET_AMT":null,"ODDS_A":0.0,"ODDS_B":0.0,"ODDS_C":0.0},"jx11x53_7":{"ID":6731,"P_3ID":1200,"P_1ID":1196,"GROUP_NAME":"第四球","SHOWCLS":"blue","ODDS":10.80,"NUM":"7","NUM_NAME":"7","CODE":"jx11x53","SORT":7.0,"STATE":0,"ST":false,"BET_AMT":null,"ODDS_A":0.0,"ODDS_B":0.0,"ODDS_C":0.0},"jx11x53_8":{"ID":6732,"P_3ID":1200,"P_1ID":1196,"GROUP_NAME":"第四球","SHOWCLS":"blue","ODDS":10.80,"NUM":"8","NUM_NAME":"8","CODE":"jx11x53","SORT":8.0,"STATE":0,"ST":false,"BET_AMT":null,"ODDS_A":0.0,"ODDS_B":0.0,"ODDS_C":0.0},"jx11x53_9":{"ID":6733,"P_3ID":1200,"P_1ID":1196,"GROUP_NAME":"第四球","SHOWCLS":"blue","ODDS":10.80,"NUM":"9","NUM_NAME":"9","CODE":"jx11x53","SORT":9.0,"STATE":0,"ST":false,"BET_AMT":null,"ODDS_A":0.0,"ODDS_B":0.0,"ODDS_C":0.0},"jx11x53_10":{"ID":6734,"P_3ID":1200,"P_1ID":1196,"GROUP_NAME":"第四球","SHOWCLS":"blue","ODDS":10.80,"NUM":"10","NUM_NAME":"10","CODE":"jx11x53","SORT":10.0,"STATE":0,"ST":false,"BET_AMT":null,"ODDS_A":0.0,"ODDS_B":0.0,"ODDS_C":0.0},"jx11x53_11":{"ID":6735,"P_3ID":1200,"P_1ID":1196,"GROUP_NAME":"第四球","SHOWCLS":"blue","ODDS":10.80,"NUM":"11","NUM_NAME":"11","CODE":"jx11x53","SORT":11.0,"STATE":0,"ST":false,"BET_AMT":null,"ODDS_A":0.0,"ODDS_B":0.0,"ODDS_C":0.0},"jx11x53_大":{"ID":6736,"P_3ID":1200,"P_1ID":1196,"GROUP_NAME":"第四球","SHOWCLS":"text","ODDS":1.96,"NUM":"大","NUM_NAME":"大","CODE":"jx11x53","SORT":12.0,"STATE":0,"ST":false,"BET_AMT":null,"ODDS_A":0.0,"ODDS_B":0.0,"ODDS_C":0.0},"jx11x53_小":{"ID":6737,"P_3ID":1200,"P_1ID":1196,"GROUP_NAME":"第四球","SHOWCLS":"text","ODDS":1.96,"NUM":"小","NUM_NAME":"小","CODE":"jx11x53","SORT":13.0,"STATE":0,"ST":false,"BET_AMT":null,"ODDS_A":0.0,"ODDS_B":0.0,"ODDS_C":0.0},"jx11x53_单":{"ID":6738,"P_3ID":1200,"P_1ID":1196,"GROUP_NAME":"第四球","SHOWCLS":"text","ODDS":1.96,"NUM":"单","NUM_NAME":"单","CODE":"jx11x53","SORT":14.0,"STATE":0,"ST":false,"BET_AMT":null,"ODDS_A":0.0,"ODDS_B":0.0,"ODDS_C":0.0},"jx11x53_双":{"ID":6739,"P_3ID":1200,"P_1ID":1196,"GROUP_NAME":"第四球","SHOWCLS":"text","ODDS":1.96,"NUM":"双","NUM_NAME":"双","CODE":"jx11x53","SORT":15.0,"STATE":0,"ST":false,"BET_AMT":null,"ODDS_A":0.0,"ODDS_B":0.0,"ODDS_C":0.0}},"jx11x54":{"jx11x54_1":{"ID":6740,"P_3ID":1201,"P_1ID":1196,"GROUP_NAME":"第五球","SHOWCLS":"blue","ODDS":10.80,"NUM":"1","NUM_NAME":"1","CODE":"jx11x54","SORT":1.0,"STATE":0,"ST":false,"BET_AMT":null,"ODDS_A":0.0,"ODDS_B":0.0,"ODDS_C":0.0},"jx11x54_2":{"ID":6741,"P_3ID":1201,"P_1ID":1196,"GROUP_NAME":"第五球","SHOWCLS":"blue","ODDS":10.80,"NUM":"2","NUM_NAME":"2","CODE":"jx11x54","SORT":2.0,"STATE":0,"ST":false,"BET_AMT":null,"ODDS_A":0.0,"ODDS_B":0.0,"ODDS_C":0.0},"jx11x54_3":{"ID":6742,"P_3ID":1201,"P_1ID":1196,"GROUP_NAME":"第五球","SHOWCLS":"blue","ODDS":10.80,"NUM":"3","NUM_NAME":"3","CODE":"jx11x54","SORT":3.0,"STATE":0,"ST":false,"BET_AMT":null,"ODDS_A":0.0,"ODDS_B":0.0,"ODDS_C":0.0},"jx11x54_4":{"ID":6743,"P_3ID":1201,"P_1ID":1196,"GROUP_NAME":"第五球","SHOWCLS":"blue","ODDS":10.80,"NUM":"4","NUM_NAME":"4","CODE":"jx11x54","SORT":4.0,"STATE":0,"ST":false,"BET_AMT":null,"ODDS_A":0.0,"ODDS_B":0.0,"ODDS_C":0.0},"jx11x54_5":{"ID":6744,"P_3ID":1201,"P_1ID":1196,"GROUP_NAME":"第五球","SHOWCLS":"blue","ODDS":10.80,"NUM":"5","NUM_NAME":"5","CODE":"jx11x54","SORT":5.0,"STATE":0,"ST":false,"BET_AMT":null,"ODDS_A":0.0,"ODDS_B":0.0,"ODDS_C":0.0},"jx11x54_6":{"ID":6745,"P_3ID":1201,"P_1ID":1196,"GROUP_NAME":"第五球","SHOWCLS":"blue","ODDS":10.80,"NUM":"6","NUM_NAME":"6","CODE":"jx11x54","SORT":6.0,"STATE":0,"ST":false,"BET_AMT":null,"ODDS_A":0.0,"ODDS_B":0.0,"ODDS_C":0.0},"jx11x54_7":{"ID":6746,"P_3ID":1201,"P_1ID":1196,"GROUP_NAME":"第五球","SHOWCLS":"blue","ODDS":10.80,"NUM":"7","NUM_NAME":"7","CODE":"jx11x54","SORT":7.0,"STATE":0,"ST":false,"BET_AMT":null,"ODDS_A":0.0,"ODDS_B":0.0,"ODDS_C":0.0},"jx11x54_8":{"ID":6747,"P_3ID":1201,"P_1ID":1196,"GROUP_NAME":"第五球","SHOWCLS":"blue","ODDS":10.80,"NUM":"8","NUM_NAME":"8","CODE":"jx11x54","SORT":8.0,"STATE":0,"ST":false,"BET_AMT":null,"ODDS_A":0.0,"ODDS_B":0.0,"ODDS_C":0.0},"jx11x54_9":{"ID":6748,"P_3ID":1201,"P_1ID":1196,"GROUP_NAME":"第五球","SHOWCLS":"blue","ODDS":10.80,"NUM":"9","NUM_NAME":"9","CODE":"jx11x54","SORT":9.0,"STATE":0,"ST":false,"BET_AMT":null,"ODDS_A":0.0,"ODDS_B":0.0,"ODDS_C":0.0},"jx11x54_10":{"ID":6749,"P_3ID":1201,"P_1ID":1196,"GROUP_NAME":"第五球","SHOWCLS":"blue","ODDS":10.80,"NUM":"10","NUM_NAME":"10","CODE":"jx11x54","SORT":10.0,"STATE":0,"ST":false,"BET_AMT":null,"ODDS_A":0.0,"ODDS_B":0.0,"ODDS_C":0.0},"jx11x54_11":{"ID":6750,"P_3ID":1201,"P_1ID":1196,"GROUP_NAME":"第五球","SHOWCLS":"blue","ODDS":10.80,"NUM":"11","NUM_NAME":"11","CODE":"jx11x54","SORT":11.0,"STATE":0,"ST":false,"BET_AMT":null,"ODDS_A":0.0,"ODDS_B":0.0,"ODDS_C":0.0},"jx11x54_大":{"ID":6751,"P_3ID":1201,"P_1ID":1196,"GROUP_NAME":"第五球","SHOWCLS":"text","ODDS":1.96,"NUM":"大","NUM_NAME":"大","CODE":"jx11x54","SORT":12.0,"STATE":0,"ST":false,"BET_AMT":null,"ODDS_A":0.0,"ODDS_B":0.0,"ODDS_C":0.0},"jx11x54_小":{"ID":6752,"P_3ID":1201,"P_1ID":1196,"GROUP_NAME":"第五球","SHOWCLS":"text","ODDS":1.96,"NUM":"小","NUM_NAME":"小","CODE":"jx11x54","SORT":13.0,"STATE":0,"ST":false,"BET_AMT":null,"ODDS_A":0.0,"ODDS_B":0.0,"ODDS_C":0.0},"jx11x54_单":{"ID":6753,"P_3ID":1201,"P_1ID":1196,"GROUP_NAME":"第五球","SHOWCLS":"text","ODDS":1.96,"NUM":"单","NUM_NAME":"单","CODE":"jx11x54","SORT":14.0,"STATE":0,"ST":false,"BET_AMT":null,"ODDS_A":0.0,"ODDS_B":0.0,"ODDS_C":0.0},"jx11x54_双":{"ID":6754,"P_3ID":1201,"P_1ID":1196,"GROUP_NAME":"第五球","SHOWCLS":"text","ODDS":1.96,"NUM":"双","NUM_NAME":"双","CODE":"jx11x54","SORT":15.0,"STATE":0,"ST":false,"BET_AMT":null,"ODDS_A":0.0,"ODDS_B":0.0,"ODDS_C":0.0}},"jx11x55":{"jx11x55_前二":{"ID":6755,"P_3ID":1202,"P_1ID":1196,"GROUP_NAME":"直选","SHOWCLS":"text","ODDS":100.0,"NUM":"前二","NUM_NAME":"前二","CODE":"jx11x55","SORT":2.0,"STATE":0,"ST":false,"BET_AMT":null,"ODDS_A":0.0,"ODDS_B":0.0,"ODDS_C":0.0},"jx11x55_前三":{"ID":6756,"P_3ID":1202,"P_1ID":1196,"GROUP_NAME":"直选","SHOWCLS":"text","ODDS":900.0,"NUM":"前三","NUM_NAME":"前三","CODE":"jx11x55","SORT":3.0,"STATE":0,"ST":false,"BET_AMT":null,"ODDS_A":0.0,"ODDS_B":0.0,"ODDS_C":0.0}},"jx11x56":{"jx11x56_前二":{"ID":6757,"P_3ID":1203,"P_1ID":1196,"GROUP_NAME":"组选","SHOWCLS":"text","ODDS":50.0,"NUM":"前二","NUM_NAME":"前二","CODE":"jx11x56","SORT":2.0,"STATE":0,"ST":false,"BET_AMT":null,"ODDS_A":0.0,"ODDS_B":0.0,"ODDS_C":0.0},"jx11x56_前三":{"ID":6758,"P_3ID":1203,"P_1ID":1196,"GROUP_NAME":"组选","SHOWCLS":"text","ODDS":150.0,"NUM":"前三","NUM_NAME":"前三","CODE":"jx11x56","SORT":3.0,"STATE":0,"ST":false,"BET_AMT":null,"ODDS_A":0.0,"ODDS_B":0.0,"ODDS_C":0.0}},"jx11x57":{"jx11x57_一中一":{"ID":6759,"P_3ID":1204,"P_1ID":1196,"GROUP_NAME":"任选","SHOWCLS":"text","ODDS":1.90,"NUM":"一中一","NUM_NAME":"一中一","CODE":"jx11x57","SORT":1.0,"STATE":0,"ST":false,"BET_AMT":null,"ODDS_A":0.0,"ODDS_B":0.0,"ODDS_C":0.0},"jx11x57_二中二":{"ID":6760,"P_3ID":1204,"P_1ID":1196,"GROUP_NAME":"任选","SHOWCLS":"text","ODDS":5.10,"NUM":"二中二","NUM_NAME":"二中二","CODE":"jx11x57","SORT":2.0,"STATE":0,"ST":false,"BET_AMT":null,"ODDS_A":0.0,"ODDS_B":0.0,"ODDS_C":0.0},"jx11x57_三中三":{"ID":6761,"P_3ID":1204,"P_1ID":1196,"GROUP_NAME":"任选","SHOWCLS":"text","ODDS":15.0,"NUM":"三中三","NUM_NAME":"三中三","CODE":"jx11x57","SORT":3.0,"STATE":0,"ST":false,"BET_AMT":null,"ODDS_A":0.0,"ODDS_B":0.0,"ODDS_C":0.0},"jx11x57_四中四":{"ID":6762,"P_3ID":1204,"P_1ID":1196,"GROUP_NAME":"任选","SHOWCLS":"text","ODDS":60.0,"NUM":"四中四","NUM_NAME":"四中四","CODE":"jx11x57","SORT":4.0,"STATE":0,"ST":false,"BET_AMT":null,"ODDS_A":0.0,"ODDS_B":0.0,"ODDS_C":0.0},"jx11x57_五中五":{"ID":6763,"P_3ID":1204,"P_1ID":1196,"GROUP_NAME":"任选","SHOWCLS":"text","ODDS":420.0,"NUM":"五中五","NUM_NAME":"五中五","CODE":"jx11x57","SORT":5.0,"STATE":0,"ST":false,"BET_AMT":null,"ODDS_A":0.0,"ODDS_B":0.0,"ODDS_C":0.0},"jx11x57_六中五":{"ID":6764,"P_3ID":1204,"P_1ID":1196,"GROUP_NAME":"任选","SHOWCLS":"text","ODDS":70.0,"NUM":"六中五","NUM_NAME":"六中五","CODE":"jx11x57","SORT":6.0,"STATE":0,"ST":false,"BET_AMT":null,"ODDS_A":0.0,"ODDS_B":0.0,"ODDS_C":0.0},"jx11x57_七中五":{"ID":6765,"P_3ID":1204,"P_1ID":1196,"GROUP_NAME":"任选","SHOWCLS":"text","ODDS":20.0,"NUM":"七中五","NUM_NAME":"七中五","CODE":"jx11x57","SORT":7.0,"STATE":0,"ST":false,"BET_AMT":null,"ODDS_A":0.0,"ODDS_B":0.0,"ODDS_C":0.0},"jx11x57_八中五":{"ID":6766,"P_3ID":1204,"P_1ID":1196,"GROUP_NAME":"任选","SHOWCLS":"text","ODDS":7.50,"NUM":"八中五","NUM_NAME":"八中五","CODE":"jx11x57","SORT":8.0,"STATE":0,"ST":false,"BET_AMT":null,"ODDS_A":0.0,"ODDS_B":0.0,"ODDS_C":0.0}},"jx11x58":{"jx11x58_总和大":{"ID":6767,"P_3ID":1205,"P_1ID":1196,"GROUP_NAME":"总和-龙虎","SHOWCLS":"text","ODDS":1.96,"NUM":"总和大","NUM_NAME":"总和大","CODE":"jx11x58","SORT":1.0,"STATE":0,"ST":false,"BET_AMT":null,"ODDS_A":0.0,"ODDS_B":0.0,"ODDS_C":0.0},"jx11x58_总和小":{"ID":6768,"P_3ID":1205,"P_1ID":1196,"GROUP_NAME":"总和-龙虎","SHOWCLS":"text","ODDS":1.96,"NUM":"总和小","NUM_NAME":"总和小","CODE":"jx11x58","SORT":2.0,"STATE":0,"ST":false,"BET_AMT":null,"ODDS_A":0.0,"ODDS_B":0.0,"ODDS_C":0.0},"jx11x58_总和单":{"ID":6769,"P_3ID":1205,"P_1ID":1196,"GROUP_NAME":"总和-龙虎","SHOWCLS":"text","ODDS":1.96,"NUM":"总和单","NUM_NAME":"总和单","CODE":"jx11x58","SORT":3.0,"STATE":0,"ST":false,"BET_AMT":null,"ODDS_A":0.0,"ODDS_B":0.0,"ODDS_C":0.0},"jx11x58_总和双":{"ID":6770,"P_3ID":1205,"P_1ID":1196,"GROUP_NAME":"总和-龙虎","SHOWCLS":"text","ODDS":1.96,"NUM":"总和双","NUM_NAME":"总和双","CODE":"jx11x58","SORT":4.0,"STATE":0,"ST":false,"BET_AMT":null,"ODDS_A":0.0,"ODDS_B":0.0,"ODDS_C":0.0},"jx11x58_尾大":{"ID":6771,"P_3ID":1205,"P_1ID":1196,"GROUP_NAME":"总和-龙虎","SHOWCLS":"text","ODDS":1.96,"NUM":"尾大","NUM_NAME":"总尾大","CODE":"jx11x58","SORT":5.0,"STATE":0,"ST":false,"BET_AMT":null,"ODDS_A":0.0,"ODDS_B":0.0,"ODDS_C":0.0},"jx11x58_尾小":{"ID":6772,"P_3ID":1205,"P_1ID":1196,"GROUP_NAME":"总和-龙虎","SHOWCLS":"text","ODDS":1.96,"NUM":"尾小","NUM_NAME":"总尾小","CODE":"jx11x58","SORT":6.0,"STATE":0,"ST":false,"BET_AMT":null,"ODDS_A":0.0,"ODDS_B":0.0,"ODDS_C":0.0},"jx11x58_尾单":{"ID":6773,"P_3ID":1205,"P_1ID":1196,"GROUP_NAME":"总和-龙虎","SHOWCLS":"text","ODDS":1.96,"NUM":"尾单","NUM_NAME":"总尾单","CODE":"jx11x58","SORT":7.0,"STATE":0,"ST":false,"BET_AMT":null,"ODDS_A":0.0,"ODDS_B":0.0,"ODDS_C":0.0},"jx11x58_尾双":{"ID":6774,"P_3ID":1205,"P_1ID":1196,"GROUP_NAME":"总和-龙虎","SHOWCLS":"text","ODDS":1.96,"NUM":"尾双","NUM_NAME":"总尾双","CODE":"jx11x58","SORT":8.0,"STATE":0,"ST":false,"BET_AMT":null,"ODDS_A":0.0,"ODDS_B":0.0,"ODDS_C":0.0},"jx11x58_龙":{"ID":6775,"P_3ID":1205,"P_1ID":1196,"GROUP_NAME":"总和-龙虎","SHOWCLS":"text","ODDS":1.96,"NUM":"龙","NUM_NAME":"龙","CODE":"jx11x58","SORT":9.0,"STATE":0,"ST":false,"BET_AMT":null,"ODDS_A":0.0,"ODDS_B":0.0,"ODDS_C":0.0},"jx11x58_虎":{"ID":6776,"P_3ID":1205,"P_1ID":1196,"GROUP_NAME":"总和-龙虎","SHOWCLS":"text","ODDS":1.96,"NUM":"虎","NUM_NAME":"虎","CODE":"jx11x58","SORT":10.0,"STATE":0,"ST":false,"BET_AMT":null,"ODDS_A":0.0,"ODDS_B":0.0,"ODDS_C":0.0}}}
