{"jxk30":{"jxk30_3":{"ID":6916,"P_3ID":1218,"P_1ID":1142,"GROUP_NAME":"和值点数","SHOWCLS":"text","ODDS":200.0,"NUM":"3","NUM_NAME":"3点","CODE":"jxk30","SORT":0.0,"STATE":0,"ST":false,"BET_AMT":null,"ODDS_A":0.0,"ODDS_B":0.0,"ODDS_C":0.0},"jxk30_4":{"ID":6900,"P_3ID":1218,"P_1ID":1142,"GROUP_NAME":"和值点数","SHOWCLS":"text","ODDS":62.0,"NUM":"4","NUM_NAME":"4点","CODE":"jxk30","SORT":1.0,"STATE":0,"ST":false,"BET_AMT":null,"ODDS_A":0.0,"ODDS_B":0.0,"ODDS_C":0.0},"jxk30_5":{"ID":6901,"P_3ID":1218,"P_1ID":1142,"GROUP_NAME":"和值点数","SHOWCLS":"text","ODDS":32.50,"NUM":"5","NUM_NAME":"5点","CODE":"jxk30","SORT":2.0,"STATE":0,"ST":false,"BET_AMT":null,"ODDS_A":0.0,"ODDS_B":0.0,"ODDS_C":0.0},"jxk30_6":{"ID":6902,"P_3ID":1218,"P_1ID":1142,"GROUP_NAME":"和值点数","SHOWCLS":"text","ODDS":20.50,"NUM":"6","NUM_NAME":"6点","CODE":"jxk30","SORT":3.0,"STATE":0,"ST":false,"BET_AMT":null,"ODDS_A":0.0,"ODDS_B":0.0,"ODDS_C":0.0},"jxk30_7":{"ID":6903,"P_3ID":1218,"P_1ID":1142,"GROUP_NAME":"和值点数","SHOWCLS":"text","ODDS":12.50,"NUM":"7","NUM_NAME":"7点","CODE":"jxk30","SORT":4.0,"STATE":0,"ST":false,"BET_AMT":null,"ODDS_A":0.0,"ODDS_B":0.0,"ODDS_C":0.0},"jxk30_8":{"ID":6904,"P_3ID":1218,"P_1ID":1142,"GROUP_NAME":"和值点数","SHOWCLS":"text","ODDS":9.50,"NUM":"8","NUM_NAME":"8点","CODE":"jxk30","SORT":5.0,"STATE":0,"ST":false,"BET_AMT":null,"ODDS_A":0.0,"ODDS_B":0.0,"ODDS_C":0.0},"jxk30_9":{"ID":6905,"P_3ID":1218,"P_1ID":1142,"GROUP_NAME":"和值点数","SHOWCLS":"text","ODDS":8.50,"NUM":"9","NUM_NAME":"9点","CODE":"jxk30","SORT":6.0,"STATE":0,"ST":false,"BET_AMT":null,"ODDS_A":0.0,"ODDS_B":0.0,"ODDS_C":0.0},"jxk30_10":{"ID":6906,"P_3ID":1218,"P_1ID":1142,"GROUP_NAME":"和值点数","SHOWCLS":"text","ODDS":7.50,"NUM":"10","NUM_NAME":"10点","CODE":"jxk30","SORT":7.0,"STATE":0,"ST":false,"BET_AMT":null,"ODDS_A":0.0,"ODDS_B":0.0,"ODDS_C":0.0},"jxk30_11":{"ID":6907,"P_3ID":1218,"P_1ID":1142,"GROUP_NAME":"和值点数","SHOWCLS":"text","ODDS":7.50,"NUM":"11","NUM_NAME":"11点","CODE":"jxk30","SORT":8.0,"STATE":0,"ST":false,"BET_AMT":null,"ODDS_A":0.0,"ODDS_B":0.0,"ODDS_C":0.0},"jxk30_12":{"ID":6908,"P_3ID":1218,"P_1ID":1142,"GROUP_NAME":"和值点数","SHOWCLS":"text","ODDS":8.50,"NUM":"12","NUM_NAME":"12点","CODE":"jxk30","SORT":9.0,"STATE":0,"ST":false,"BET_AMT":null,"ODDS_A":0.0,"ODDS_B":0.0,"ODDS_C":0.0},"jxk30_13":{"ID":6909,"P_3ID":1218,"P_1ID":1142,"GROUP_NAME":"和值点数","SHOWCLS":"text","ODDS":9.50,"NUM":"13","NUM_NAME":"13点","CODE":"jxk30","SORT":10.0,"STATE":0,"ST":false,"BET_AMT":null,"ODDS_A":0.0,"ODDS_B":0.0,"ODDS_C":0.0},"jxk30_14":{"ID":6910,"P_3ID":1218,"P_1ID":1142,"GROUP_NAME":"和值点数","SHOWCLS":"text","ODDS":12.50,"NUM":"14","NUM_NAME":"14点","CODE":"jxk30","SORT":11.0,"STATE":0,"ST":false,"BET_AMT":null,"ODDS_A":0.0,"ODDS_B":0.0,"ODDS_C":0.0},"jxk30_15":{"ID":6911,"P_3ID":1218,"P_1ID":1142,"GROUP_NAME":"和值点数","SHOWCLS":"text","ODDS":20.50,"NUM":"15","NUM_NAME":"15点","CODE":"jxk30","SORT":12.0,"STATE":0,"ST":false,"BET_AMT":null,"ODDS_A":0.0,"ODDS_B":0.0,"ODDS_C":0.0},"jxk30_16":{"ID":6912,"P_3ID":1218,"P_1ID":1142,"GROUP_NAME":"和值点数","SHOWCLS":"text","ODDS":32.50,"NUM":"16","NUM_NAME":"16点","CODE":"jxk30","SORT":13.0,"STATE":0,"ST":false,"BET_AMT":null,"ODDS_A":0.0,"ODDS_B":0.0,"ODDS_C":0.0},"jxk30_17":{"ID":6913,"P_3ID":1218,"P_1ID":1142,"GROUP_NAME":"和值点数","SHOWCLS":"text","ODDS":62.0,"NUM":"17","NUM_NAME":"17点","CODE":"jxk30","SORT":14.0,"STATE":0,"ST":false,"BET_AMT":null,"ODDS_A":0.0,"ODDS_B":0.0,"ODDS_C":0.0},"jxk30_18":{"ID":6917,"P_3ID":1218,"P_1ID":1142,"GROUP_NAME":"和值点数","SHOWCLS":"text","ODDS":200.0,"NUM":"18","NUM_NAME":"18点","CODE":"jxk30","SORT":15.0,"STATE":0,"ST":false,"BET_AMT":null,"ODDS_A":0.0,"ODDS_B":0.0,"ODDS_C":0.0},"jxk30_大":{"ID":6914,"P_3ID":1218,"P_1ID":1142,"GROUP_NAME":"和值点数","SHOWCLS":"text","ODDS":1.96,"NUM":"大","NUM_NAME":"大","CODE":"jxk30","SORT":16.0,"STATE":0,"ST":false,"BET_AMT":null,"ODDS_A":0.0,"ODDS_B":0.0,"ODDS_C":0.0},"jxk30_小":{"ID":6915,"P_3ID":1218,"P_1ID":1142,"GROUP_NAME":"和值点数","SHOWCLS":"text","ODDS":1.96,"NUM":"小","NUM_NAME":"小","CODE":"jxk30","SORT":17.0,"STATE":0,"ST":false,"BET_AMT":null,"ODDS_A":0.0,"ODDS_B":0.0,"ODDS_C":0.0},"jxk30_单":{"ID":6918,"P_3ID":1218,"P_1ID":1142,"GROUP_NAME":"和值点数","SHOWCLS":"text","ODDS":1.96,"NUM":"单","NUM_NAME":"单","CODE":"jxk30","SORT":18.0,"STATE":0,"ST":false,"BET_AMT":null,"ODDS_A":0.0,"ODDS_B":0.0,"ODDS_C":0.0},"jxk30_双":{"ID":6919,"P_3ID":1218,"P_1ID":1142,"GROUP_NAME":"和值点数","SHOWCLS":"text","ODDS":1.96,"NUM":"双","NUM_NAME":"双","CODE":"jxk30","SORT":19.0,"STATE":0,"ST":false,"BET_AMT":null,"ODDS_A":0.0,"ODDS_B":0.0,"ODDS_C":0.0}},"jxk31":{"jxk31_111":{"ID":6893,"P_3ID":1217,"P_1ID":1142,"GROUP_NAME":"豹子","SHOWCLS":"red","ODDS":200.0,"NUM":"111","NUM_NAME":"1,1,1","CODE":"jxk31","SORT":0.0,"STATE":0,"ST":false,"BET_AMT":null,"ODDS_A":0.0,"ODDS_B":0.0,"ODDS_C":0.0},"jxk31_222":{"ID":6894,"P_3ID":1217,"P_1ID":1142,"GROUP_NAME":"豹子","SHOWCLS":"red","ODDS":200.0,"NUM":"222","NUM_NAME":"2,2,2","CODE":"jxk31","SORT":1.0,"STATE":0,"ST":false,"BET_AMT":null,"ODDS_A":0.0,"ODDS_B":0.0,"ODDS_C":0.0},"jxk31_333":{"ID":6895,"P_3ID":1217,"P_1ID":1142,"GROUP_NAME":"豹子","SHOWCLS":"red","ODDS":200.0,"NUM":"333","NUM_NAME":"3,3,3","CODE":"jxk31","SORT":2.0,"STATE":0,"ST":false,"BET_AMT":null,"ODDS_A":0.0,"ODDS_B":0.0,"ODDS_C":0.0},"jxk31_444":{"ID":6896,"P_3ID":1217,"P_1ID":1142,"GROUP_NAME":"豹子","SHOWCLS":"red","ODDS":200.0,"NUM":"444","NUM_NAME":"4,4,4","CODE":"jxk31","SORT":3.0,"STATE":0,"ST":false,"BET_AMT":null,"ODDS_A":0.0,"ODDS_B":0.0,"ODDS_C":0.0},"jxk31_555":{"ID":6897,"P_3ID":1217,"P_1ID":1142,"GROUP_NAME":"豹子","SHOWCLS":"red","ODDS":200.0,"NUM":"555","NUM_NAME":"5,5,5","CODE":"jxk31","SORT":4.0,"STATE":0,"ST":false,"BET_AMT":null,"ODDS_A":0.0,"ODDS_B":0.0,"ODDS_C":0.0},"jxk31_666":{"ID":6898,"P_3ID":1217,"P_1ID":1142,"GROUP_NAME":"豹子","SHOWCLS":"red","ODDS":200.0,"NUM":"666","NUM_NAME":"6,6,6","CODE":"jxk31","SORT":5.0,"STATE":0,"ST":false,"BET_AMT":null,"ODDS_A":0.0,"ODDS_B":0.0,"ODDS_C":0.0},"jxk31_全骰":{"ID":6899,"P_3ID":1217,"P_1ID":1142,"GROUP_NAME":"豹子","SHOWCLS":"text","ODDS":30.0,"NUM":"全骰","NUM_NAME":"全骰","CODE":"jxk31","SORT":6.10,"STATE":0,"ST":false,"BET_AMT":null,"ODDS_A":0.0,"ODDS_B":0.0,"ODDS_C":0.0}},"jxk32":{"jxk32_123":{"ID":4434,"P_3ID":1582,"P_1ID":1142,"GROUP_NAME":"顺子","SHOWCLS":"red","ODDS":33.80,"NUM":"123","NUM_NAME":"1,2,3","CODE":"jxk32","SORT":0.0,"STATE":0,"ST":false,"BET_AMT":null,"ODDS_A":0.0,"ODDS_B":0.0,"ODDS_C":0.0},"jxk32_234":{"ID":4435,"P_3ID":1582,"P_1ID":1142,"GROUP_NAME":"顺子","SHOWCLS":"red","ODDS":33.80,"NUM":"234","NUM_NAME":"2,3,4","CODE":"jxk32","SORT":1.0,"STATE":0,"ST":false,"BET_AMT":null,"ODDS_A":0.0,"ODDS_B":0.0,"ODDS_C":0.0},"jxk32_345":{"ID":4436,"P_3ID":1582,"P_1ID":1142,"GROUP_NAME":"顺子","SHOWCLS":"red","ODDS":33.80,"NUM":"345","NUM_NAME":"3,4,5","CODE":"jxk32","SORT":2.0,"STATE":0,"ST":false,"BET_AMT":null,"ODDS_A":0.0,"ODDS_B":0.0,"ODDS_C":0.0},"jxk32_456":{"ID":4437,"P_3ID":1582,"P_1ID":1142,"GROUP_NAME":"顺子","SHOWCLS":"red","ODDS":33.80,"NUM":"456","NUM_NAME":"4,5,6","CODE":"jxk32","SORT":3.0,"STATE":0,"ST":false,"BET_AMT":null,"ODDS_A":0.0,"ODDS_B":0.0,"ODDS_C":0.0},"jxk32_全包顺子":{"ID":4438,"P_3ID":1582,"P_1ID":1142,"GROUP_NAME":"顺子","SHOWCLS":"text","ODDS":8.50,"NUM":"全包顺子","NUM_NAME":"全包顺子","CODE":"jxk32","SORT":4.10,"STATE":0,"ST":false,"BET_AMT":null,"ODDS_A":0.0,"ODDS_B":0.0,"ODDS_C":0.0}},"jxk33":{"jxk33_11":{"ID":6935,"P_3ID":1220,"P_1ID":1142,"GROUP_NAME":"短牌","SHOWCLS":"red","ODDS":11.50,"NUM":"11","NUM_NAME":"1,1","CODE":"jxk33","SORT":0.0,"STATE":0,"ST":false,"BET_AMT":null,"ODDS_A":0.0,"ODDS_B":0.0,"ODDS_C":0.0},"jxk33_22":{"ID":6936,"P_3ID":1220,"P_1ID":1142,"GROUP_NAME":"短牌","SHOWCLS":"red","ODDS":11.50,"NUM":"22","NUM_NAME":"2,2","CODE":"jxk33","SORT":1.0,"STATE":0,"ST":false,"BET_AMT":null,"ODDS_A":0.0,"ODDS_B":0.0,"ODDS_C":0.0},"jxk33_33":{"ID":6937,"P_3ID":1220,"P_1ID":1142,"GROUP_NAME":"短牌","SHOWCLS":"red","ODDS":11.50,"NUM":"33","NUM_NAME":"3,3","CODE":"jxk33","SORT":2.0,"STATE":0,"ST":false,"BET_AMT":null,"ODDS_A":0.0,"ODDS_B":0.0,"ODDS_C":0.0},"jxk33_44":{"ID":6938,"P_3ID":1220,"P_1ID":1142,"GROUP_NAME":"短牌","SHOWCLS":"red","ODDS":11.50,"NUM":"44","NUM_NAME":"4,4","CODE":"jxk33","SORT":3.0,"STATE":0,"ST":false,"BET_AMT":null,"ODDS_A":0.0,"ODDS_B":0.0,"ODDS_C":0.0},"jxk33_55":{"ID":6939,"P_3ID":1220,"P_1ID":1142,"GROUP_NAME":"短牌","SHOWCLS":"red","ODDS":11.50,"NUM":"55","NUM_NAME":"5,5","CODE":"jxk33","SORT":4.0,"STATE":0,"ST":false,"BET_AMT":null,"ODDS_A":0.0,"ODDS_B":0.0,"ODDS_C":0.0},"jxk33_66":{"ID":6940,"P_3ID":1220,"P_1ID":1142,"GROUP_NAME":"短牌","SHOWCLS":"red","ODDS":11.50,"NUM":"66","NUM_NAME":"6,6","CODE":"jxk33","SORT":5.0,"STATE":0,"ST":false,"BET_AMT":null,"ODDS_A":0.0,"ODDS_B":0.0,"ODDS_C":0.0},"jxk33_全包对子":{"ID":6941,"P_3ID":1220,"P_1ID":1142,"GROUP_NAME":"一对","SHOWCLS":"text","ODDS":1.88,"NUM":"全包对子","NUM_NAME":"全包对子","CODE":"jxk33","SORT":6.10,"STATE":0,"ST":false,"BET_AMT":null,"ODDS_A":0.0,"ODDS_B":0.0,"ODDS_C":0.0}},"jxk34":{"jxk34_12":{"ID":6926,"P_3ID":1219,"P_1ID":1142,"GROUP_NAME":"长牌","SHOWCLS":"red","ODDS":6.70,"NUM":"12","NUM_NAME":"1,2","CODE":"jxk34","SORT":0.0,"STATE":0,"ST":false,"BET_AMT":null,"ODDS_A":0.0,"ODDS_B":0.0,"ODDS_C":0.0},"jxk34_13":{"ID":6927,"P_3ID":1219,"P_1ID":1142,"GROUP_NAME":"长牌","SHOWCLS":"red","ODDS":6.70,"NUM":"13","NUM_NAME":"1,3","CODE":"jxk34","SORT":1.0,"STATE":0,"ST":false,"BET_AMT":null,"ODDS_A":0.0,"ODDS_B":0.0,"ODDS_C":0.0},"jxk34_14":{"ID":6928,"P_3ID":1219,"P_1ID":1142,"GROUP_NAME":"长牌","SHOWCLS":"red","ODDS":6.70,"NUM":"14","NUM_NAME":"1,4","CODE":"jxk34","SORT":2.0,"STATE":0,"ST":false,"BET_AMT":null,"ODDS_A":0.0,"ODDS_B":0.0,"ODDS_C":0.0},"jxk34_15":{"ID":6929,"P_3ID":1219,"P_1ID":1142,"GROUP_NAME":"长牌","SHOWCLS":"red","ODDS":6.70,"NUM":"15","NUM_NAME":"1,5","CODE":"jxk34","SORT":3.0,"STATE":0,"ST":false,"BET_AMT":null,"ODDS_A":0.0,"ODDS_B":0.0,"ODDS_C":0.0},"jxk34_16":{"ID":6930,"P_3ID":1219,"P_1ID":1142,"GROUP_NAME":"长牌","SHOWCLS":"red","ODDS":6.70,"NUM":"16","NUM_NAME":"1,6","CODE":"jxk34","SORT":4.0,"STATE":0,"ST":false,"BET_AMT":null,"ODDS_A":0.0,"ODDS_B":0.0,"ODDS_C":0.0},"jxk34_23":{"ID":6931,"P_3ID":1219,"P_1ID":1142,"GROUP_NAME":"长牌","SHOWCLS":"red","ODDS":6.70,"NUM":"23","NUM_NAME":"2,3","CODE":"jxk34","SORT":5.0,"STATE":0,"ST":false,"BET_AMT":null,"ODDS_A":0.0,"ODDS_B":0.0,"ODDS_C":0.0},"jxk34_24":{"ID":6932,"P_3ID":1219,"P_1ID":1142,"GROUP_NAME":"长牌","SHOWCLS":"red","ODDS":6.70,"NUM":"24","NUM_NAME":"2,4","CODE":"jxk34","SORT":6.0,"STATE":0,"ST":false,"BET_AMT":null,"ODDS_A":0.0,"ODDS_B":0.0,"ODDS_C":0.0},"jxk34_25":{"ID":6933,"P_3ID":1219,"P_1ID":1142,"GROUP_NAME":"长牌","SHOWCLS":"red","ODDS":6.70,"NUM":"25","NUM_NAME":"2,5","CODE":"jxk34","SORT":7.0,"STATE":0,"ST":false,"BET_AMT":null,"ODDS_A":0.0,"ODDS_B":0.0,"ODDS_C":0.0},"jxk34_26":{"ID":6934,"P_3ID":1219,"P_1ID":1142,"GROUP_NAME":"长牌","SHOWCLS":"red","ODDS":6.70,"NUM":"26","NUM_NAME":"2,6","CODE":"jxk34","SORT":8.0,"STATE":0,"ST":false,"BET_AMT":null,"ODDS_A":0.0,"ODDS_B":0.0,"ODDS_C":0.0},"jxk34_34":{"ID":6920,"P_3ID":1219,"P_1ID":1142,"GROUP_NAME":"长牌","SHOWCLS":"red","ODDS":6.70,"NUM":"34","NUM_NAME":"3,4","CODE":"jxk34","SORT":9.0,"STATE":0,"ST":false,"BET_AMT":null,"ODDS_A":0.0,"ODDS_B":0.0,"ODDS_C":0.0},"jxk34_35":{"ID":6921,"P_3ID":1219,"P_1ID":1142,"GROUP_NAME":"长牌","SHOWCLS":"red","ODDS":6.70,"NUM":"35","NUM_NAME":"3,5","CODE":"jxk34","SORT":10.0,"STATE":0,"ST":false,"BET_AMT":null,"ODDS_A":0.0,"ODDS_B":0.0,"ODDS_C":0.0},"jxk34_36":{"ID":6922,"P_3ID":1219,"P_1ID":1142,"GROUP_NAME":"长牌","SHOWCLS":"red","ODDS":6.70,"NUM":"36","NUM_NAME":"3,6","CODE":"jxk34","SORT":11.0,"STATE":0,"ST":false,"BET_AMT":null,"ODDS_A":0.0,"ODDS_B":0.0,"ODDS_C":0.0},"jxk34_45":{"ID":6923,"P_3ID":1219,"P_1ID":1142,"GROUP_NAME":"长牌","SHOWCLS":"red","ODDS":6.70,"NUM":"45","NUM_NAME":"4,5","CODE":"jxk34","SORT":12.0,"STATE":0,"ST":false,"BET_AMT":null,"ODDS_A":0.0,"ODDS_B":0.0,"ODDS_C":0.0},"jxk34_46":{"ID":6924,"P_3ID":1219,"P_1ID":1142,"GROUP_NAME":"长牌","SHOWCLS":"red","ODDS":6.70,"NUM":"46","NUM_NAME":"4,6","CODE":"jxk34","SORT":13.0,"STATE":0,"ST":false,"BET_AMT":null,"ODDS_A":0.0,"ODDS_B":0.0,"ODDS_C":0.0},"jxk34_56":{"ID":6925,"P_3ID":1219,"P_1ID":1142,"GROUP_NAME":"长牌","SHOWCLS":"red","ODDS":6.70,"NUM":"56","NUM_NAME":"5,6","CODE":"jxk34","SORT":15.10,"STATE":0,"ST":false,"BET_AMT":null,"ODDS_A":0.0,"ODDS_B":0.0,"ODDS_C":0.0}},"jxk35":{"jxk35_1":{"ID":6887,"P_3ID":1216,"P_1ID":1142,"GROUP_NAME":"三军","SHOWCLS":"red","ODDS":2.0,"NUM":"1","NUM_NAME":"1","CODE":"jxk35","SORT":0.0,"STATE":0,"ST":false,"BET_AMT":null,"ODDS_A":0.0,"ODDS_B":0.0,"ODDS_C":0.0},"jxk35_2":{"ID":6888,"P_3ID":1216,"P_1ID":1142,"GROUP_NAME":"三军","SHOWCLS":"red","ODDS":2.0,"NUM":"2","NUM_NAME":"2","CODE":"jxk35","SORT":1.0,"STATE":0,"ST":false,"BET_AMT":null,"ODDS_A":0.0,"ODDS_B":0.0,"ODDS_C":0.0},"jxk35_3":{"ID":6889,"P_3ID":1216,"P_1ID":1142,"GROUP_NAME":"三军","SHOWCLS":"red","ODDS":2.0,"NUM":"3","NUM_NAME":"3","CODE":"jxk35","SORT":2.0,"STATE":0,"ST":false,"BET_AMT":null,"ODDS_A":0.0,"ODDS_B":0.0,"ODDS_C":0.0},"jxk35_4":{"ID":6890,"P_3ID":1216,"P_1ID":1142,"GROUP_NAME":"三军","SHOWCLS":"red","ODDS":2.0,"NUM":"4","NUM_NAME":"4","CODE":"jxk35","SORT":3.0,"STATE":0,"ST":false,"BET_AMT":null,"ODDS_A":0.0,"ODDS_B":0.0,"ODDS_C":0.0},"jxk35_5":{"ID":6891,"P_3ID":1216,"P_1ID":1142,"GROUP_NAME":"三军","SHOWCLS":"red","ODDS":2.0,"NUM":"5","NUM_NAME":"5","CODE":"jxk35","SORT":4.0,"STATE":0,"ST":false,"BET_AMT":null,"ODDS_A":0.0,"ODDS_B":0.0,"ODDS_C":0.0},"jxk35_6":{"ID":6892,"P_3ID":1216,"P_1ID":1142,"GROUP_NAME":"三军","SHOWCLS":"red","ODDS":2.0,"NUM":"6","NUM_NAME":"6","CODE":"jxk35","SORT":5.0,"STATE":0,"ST":false,"BET_AMT":null,"ODDS_A":0.0,"ODDS_B":0.0,"ODDS_C":0.0}},"jxk36":{"jxk36_124":{"ID":7394,"P_3ID":1698,"P_1ID":1142,"GROUP_NAME":"杂牌组合","SHOWCLS":"blue","ODDS":32.50,"NUM":"124","NUM_NAME":"1,2,4","CODE":"jxk36","SORT":0.0,"STATE":0,"ST":false,"BET_AMT":null,"ODDS_A":0.0,"ODDS_B":0.0,"ODDS_C":0.0},"jxk36_125":{"ID":7380,"P_3ID":1698,"P_1ID":1142,"GROUP_NAME":"杂牌组合","SHOWCLS":"blue","ODDS":32.50,"NUM":"125","NUM_NAME":"1,2,5","CODE":"jxk36","SORT":1.0,"STATE":0,"ST":false,"BET_AMT":null,"ODDS_A":0.0,"ODDS_B":0.0,"ODDS_C":0.0},"jxk36_126":{"ID":7381,"P_3ID":1698,"P_1ID":1142,"GROUP_NAME":"杂牌组合","SHOWCLS":"blue","ODDS":32.50,"NUM":"126","NUM_NAME":"1,2,6","CODE":"jxk36","SORT":2.0,"STATE":0,"ST":false,"BET_AMT":null,"ODDS_A":0.0,"ODDS_B":0.0,"ODDS_C":0.0},"jxk36_134":{"ID":7382,"P_3ID":1698,"P_1ID":1142,"GROUP_NAME":"杂牌组合","SHOWCLS":"blue","ODDS":32.50,"NUM":"134","NUM_NAME":"1,3,4","CODE":"jxk36","SORT":3.0,"STATE":0,"ST":false,"BET_AMT":null,"ODDS_A":0.0,"ODDS_B":0.0,"ODDS_C":0.0},"jxk36_135":{"ID":7383,"P_3ID":1698,"P_1ID":1142,"GROUP_NAME":"杂牌组合","SHOWCLS":"blue","ODDS":32.50,"NUM":"135","NUM_NAME":"1,3,5","CODE":"jxk36","SORT":4.0,"STATE":0,"ST":false,"BET_AMT":null,"ODDS_A":0.0,"ODDS_B":0.0,"ODDS_C":0.0},"jxk36_136":{"ID":7384,"P_3ID":1698,"P_1ID":1142,"GROUP_NAME":"杂牌组合","SHOWCLS":"blue","ODDS":32.50,"NUM":"136","NUM_NAME":"1,3,6","CODE":"jxk36","SORT":5.0,"STATE":0,"ST":false,"BET_AMT":null,"ODDS_A":0.0,"ODDS_B":0.0,"ODDS_C":0.0},"jxk36_145":{"ID":7385,"P_3ID":1698,"P_1ID":1142,"GROUP_NAME":"杂牌组合","SHOWCLS":"blue","ODDS":32.50,"NUM":"145","NUM_NAME":"1,4,5","CODE":"jxk36","SORT":6.0,"STATE":0,"ST":false,"BET_AMT":null,"ODDS_A":0.0,"ODDS_B":0.0,"ODDS_C":0.0},"jxk36_146":{"ID":7386,"P_3ID":1698,"P_1ID":1142,"GROUP_NAME":"杂牌组合","SHOWCLS":"blue","ODDS":32.50,"NUM":"146","NUM_NAME":"1,4,6","CODE":"jxk36","SORT":7.0,"STATE":0,"ST":false,"BET_AMT":null,"ODDS_A":0.0,"ODDS_B":0.0,"ODDS_C":0.0},"jxk36_235":{"ID":7387,"P_3ID":1698,"P_1ID":1142,"GROUP_NAME":"杂牌组合","SHOWCLS":"blue","ODDS":32.50,"NUM":"235","NUM_NAME":"2,3,5","CODE":"jxk36","SORT":8.0,"STATE":0,"ST":false,"BET_AMT":null,"ODDS_A":0.0,"ODDS_B":0.0,"ODDS_C":0.0},"jxk36_236":{"ID":7388,"P_3ID":1698,"P_1ID":1142,"GROUP_NAME":"杂牌组合","SHOWCLS":"blue","ODDS":32.50,"NUM":"236","NUM_NAME":"2,3,6","CODE":"jxk36","SORT":9.0,"STATE":0,"ST":false,"BET_AMT":null,"ODDS_A":0.0,"ODDS_B":0.0,"ODDS_C":0.0},"jxk36_245":{"ID":7389,"P_3ID":1698,"P_1ID":1142,"GROUP_NAME":"杂牌组合","SHOWCLS":"blue","ODDS":32.50,"NUM":"245","NUM_NAME":"2,4,5","CODE":"jxk36","SORT":10.0,"STATE":0,"ST":false,"BET_AMT":null,"ODDS_A":0.0,"ODDS_B":0.0,"ODDS_C":0.0},"jxk36_246":{"ID":7390,"P_3ID":1698,"P_1ID":1142,"GROUP_NAME":"杂牌组合","SHOWCLS":"blue","ODDS":32.50,"NUM":"246","NUM_NAME":"2,4,6","CODE":"jxk36","SORT":11.0,"STATE":0,"ST":false,"BET_AMT":null,"ODDS_A":0.0,"ODDS_B":0.0,"ODDS_C":0.0},"jxk36_256":{"ID":7391,"P_3ID":1698,"P_1ID":1142,"GROUP_NAME":"杂牌组合","SHOWCLS":"blue","ODDS":32.50,"NUM":"256","NUM_NAME":"2,5,6","CODE":"jxk36","SORT":12.0,"STATE":0,"ST":false,"BET_AMT":null,"ODDS_A":0.0,"ODDS_B":0.0,"ODDS_C":0.0},"jxk36_346":{"ID":7392,"P_3ID":1698,"P_1ID":1142,"GROUP_NAME":"杂牌组合","SHOWCLS":"blue","ODDS":32.50,"NUM":"346","NUM_NAME":"3,4,6","CODE":"jxk36","SORT":13.0,"STATE":0,"ST":false,"BET_AMT":null,"ODDS_A":0.0,"ODDS_B":0.0,"ODDS_C":0.0},"jxk36_356":{"ID":7393,"P_3ID":1698,"P_1ID":1142,"GROUP_NAME":"杂牌组合","SHOWCLS":"blue","ODDS":32.50,"NUM":"356","NUM_NAME":"3,5,6","CODE":"jxk36","SORT":14.10,"STATE":0,"ST":false,"BET_AMT":null,"ODDS_A":0.0,"ODDS_B":0.0,"ODDS_C":0.0}}}
