[{"id":"2","text":"彩票游戏","parentId":"0","data":{"ID":2,"LOTTERY_TICKET_NAME":"彩票游戏","LOGO_URL":"&nbsp;","SORT":2,"CODE":"cpyx","PC_IND":"1"}},{"id":"18","text":"　　北京赛车","parentId":"2","data":{"ID":18,"LOTTERY_TICKET_NAME":"北京赛车","LOGO_URL":"/img/base/北京赛车-636451593344008057.png","SORT":-10,"CODE":"bjpk10","PC_IND":"1"}},{"id":"16","text":"　　重庆时时彩","parentId":"2","data":{"ID":16,"LOTTERY_TICKET_NAME":"重庆时时彩","LOGO_URL":"/img/base/gameIcon_CQ-636286404359167608.png","SORT":-9,"CODE":"cqssc","PC_IND":"1"}},{"id":"1043","text":"　　QQ分分彩","parentId":"2","data":{"ID":1043,"LOTTERY_TICKET_NAME":"QQ分分彩","LOGO_URL":"/img/base/QQ-636451593522160370.png","SORT":-8,"CODE":"jsssc","PC_IND":"1"}},{"id":"1055","text":"　　极速赛车","parentId":"2","data":{"ID":1055,"LOTTERY_TICKET_NAME":"极速赛车","LOGO_URL":"/img/base/极速赛车-636451593092830669.png","SORT":-8,"CODE":"jspk10","PC_IND":"1"}},{"id":"1713","text":"　　台北快三","parentId":"2","data":{"ID":1713,"LOTTERY_TICKET_NAME":"台北快三","LOGO_URL":"/img/base/台北快三-636451594675358287.png","SORT":-6,"CODE":"jisuk3","PC_IND":"1"}},{"id":"1817","text":"　　东京11选5","parentId":"2","data":{"ID":1817,"LOTTERY_TICKET_NAME":"东京11选5","LOGO_URL":"/img/base/东京十一选5-636451594951946773.png","SORT":-5,"CODE":"jisu11x5","PC_IND":"1"}},{"id":"1146","text":"　　广东11选5","parentId":"2","data":{"ID":1146,"LOTTERY_TICKET_NAME":"广东11选5","LOGO_URL":"/img/base/广东11选5-636415337202224124.png","SORT":-4,"CODE":"gd11x5","PC_IND":"1"}},{"id":"21","text":"　　广东快乐十分","parentId":"2","data":{"ID":21,"LOTTERY_TICKET_NAME":"广东快乐十分","LOGO_URL":"/img/base/gameIcon_P3-636286407120060457.png","SORT":-3,"CODE":"gdklsf","PC_IND":"1"}},{"id":"20","text":"　　幸运农场","parentId":"2","data":{"ID":20,"LOTTERY_TICKET_NAME":"幸运农场","LOGO_URL":"/img/base/幸运农场-636415364883206255.png","SORT":-2,"CODE":"cqklsf","PC_IND":"1"}},{"id":"19","text":"　　幸运飞艇","parentId":"2","data":{"ID":19,"LOTTERY_TICKET_NAME":"幸运飞艇","LOGO_URL":"/img/base/幸运飞艇-636415364480074601.png","SORT":-1,"CODE":"mlaft","PC_IND":"1"}},{"id":"17","text":"　　新疆时时彩","parentId":"2","data":{"ID":17,"LOTTERY_TICKET_NAME":"新疆时时彩","LOGO_URL":"/img/base/gameIcon_XJ-636286404696284200.png","SORT":17,"CODE":"xjssc","PC_IND":"1"}},{"id":"856","text":"　　安徽快三","parentId":"2","data":{"ID":856,"LOTTERY_TICKET_NAME":"安徽快三","LOGO_URL":"/img/base/安微快3-636415346584114791.png","SORT":28,"CODE":"ahk3","PC_IND":"1"}},{"id":"1708","text":"　　河北快三","parentId":"2","data":{"ID":1708,"LOTTERY_TICKET_NAME":"河北快三","LOGO_URL":"/img/base/河北快三-636451597835108566.png","SORT":29,"CODE":"hebk3","PC_IND":"1"}},{"id":"1141","text":"　　上海快三","parentId":"2","data":{"ID":1141,"LOTTERY_TICKET_NAME":"上海快三","LOGO_URL":"/img/base/上海快3-636415351012056136.png","SORT":29,"CODE":"shk3","PC_IND":"1"}},{"id":"1145","text":"　　北京快三","parentId":"2","data":{"ID":1145,"LOTTERY_TICKET_NAME":"北京快三","LOGO_URL":"/img/base/北京快3-636415351157760392.png","SORT":29,"CODE":"bjk3","PC_IND":"1"}},{"id":"1143","text":"　　广西快三","parentId":"2","data":{"ID":1143,"LOTTERY_TICKET_NAME":"广西快三","LOGO_URL":"/img/base/广西快3-636415350256502917.png","SORT":29,"CODE":"gxk3","PC_IND":"1"}},{"id":"1709","text":"　　湖北快三","parentId":"2","data":{"ID":1709,"LOTTERY_TICKET_NAME":"湖北快三","LOGO_URL":"/img/base/湖北快三-636451597008128168.png","SORT":29,"CODE":"hubk3","PC_IND":"1"}},{"id":"1706","text":"　　甘肃快三","parentId":"2","data":{"ID":1706,"LOTTERY_TICKET_NAME":"甘肃快三","LOGO_URL":"/img/base/甘肃快三-636451597413728880.png","SORT":29,"CODE":"gsk3","PC_IND":"1"}},{"id":"915","text":"　　安徽11选5","parentId":"2","data":{"ID":915,"LOTTERY_TICKET_NAME":"安徽11选5","LOGO_URL":"/img/base/安微11选5-636415324915784680.png","SORT":33,"CODE":"ah11x5","PC_IND":"1"}},{"id":"1114","text":"　　北京11选5","parentId":"2","data":{"ID":1114,"LOTTERY_TICKET_NAME":"北京11选5","LOGO_URL":"/img/base/北京11选5-636415331036996890.png","SORT":34,"CODE":"bj11x5","PC_IND":"1"}},{"id":"1125","text":"　　福建11选5","parentId":"2","data":{"ID":1125,"LOTTERY_TICKET_NAME":"福建11选5","LOGO_URL":"/img/base/福建11选5-636415337054006919.png","SORT":35,"CODE":"fj11x5","PC_IND":"1"}},{"id":"1156","text":"　　湖北11选5","parentId":"2","data":{"ID":1156,"LOTTERY_TICKET_NAME":"湖北11选5","LOGO_URL":"/img/base/湖北11选5-636415311724666701.png","SORT":37,"CODE":"hub11x5","PC_IND":"1"}},{"id":"1166","text":"　　江苏11选5","parentId":"2","data":{"ID":1166,"LOTTERY_TICKET_NAME":"江苏11选5","LOGO_URL":"/img/base/江苏11选5-636415339640290191.png","SORT":38,"CODE":"js11x5","PC_IND":"1"}},{"id":"1196","text":"　　江西11选5","parentId":"2","data":{"ID":1196,"LOTTERY_TICKET_NAME":"江西11选5","LOGO_URL":"/img/base/江西11选5-636415340328902346.png","SORT":39,"CODE":"jx11x5","PC_IND":"1"}},{"id":"1226","text":"　　辽宁11选5","parentId":"2","data":{"ID":1226,"LOTTERY_TICKET_NAME":"辽宁11选5","LOGO_URL":"/img/base/辽宁11选5-636415342047472202.png","SORT":40,"CODE":"ln11x5","PC_IND":"1"}},{"id":"1236","text":"　　上海11选5","parentId":"2","data":{"ID":1236,"LOTTERY_TICKET_NAME":"上海11选5","LOGO_URL":"/img/base/上海11选5-636415342554022037.png","SORT":41,"CODE":"sh11x5","PC_IND":"1"}},{"id":"1827","text":"　　十分六合彩","parentId":"2","data":{"ID":1827,"LOTTERY_TICKET_NAME":"十分六合彩","LOGO_URL":"/img/base/ten.png","SORT":100,"CODE":"jisuhk6","PC_IND":"1"}}]