{"mlaft0":{"mlaft0_3":{"ID":4538,"P_3ID":82,"P_1ID":19,"GROUP_NAME":"冠亚和","SHOWCLS":"blue","ODDS":42.50,"NUM":"3","NUM_NAME":"3","CODE":"mlaft0","SORT":1.0,"STATE":0,"ST":false,"BET_AMT":null,"ODDS_A":42.0,"ODDS_B":42.0,"ODDS_C":42.0},"mlaft0_4":{"ID":4539,"P_3ID":82,"P_1ID":19,"GROUP_NAME":"冠亚和","SHOWCLS":"blue","ODDS":42.50,"NUM":"4","NUM_NAME":"4","CODE":"mlaft0","SORT":2.0,"STATE":0,"ST":false,"BET_AMT":null,"ODDS_A":42.0,"ODDS_B":42.0,"ODDS_C":42.0},"mlaft0_5":{"ID":4540,"P_3ID":82,"P_1ID":19,"GROUP_NAME":"冠亚和","SHOWCLS":"blue","ODDS":21.50,"NUM":"5","NUM_NAME":"5","CODE":"mlaft0","SORT":3.0,"STATE":0,"ST":false,"BET_AMT":null,"ODDS_A":20.0,"ODDS_B":20.0,"ODDS_C":20.0},"mlaft0_6":{"ID":4541,"P_3ID":82,"P_1ID":19,"GROUP_NAME":"冠亚和","SHOWCLS":"blue","ODDS":21.50,"NUM":"6","NUM_NAME":"6","CODE":"mlaft0","SORT":4.0,"STATE":0,"ST":false,"BET_AMT":null,"ODDS_A":20.0,"ODDS_B":20.0,"ODDS_C":20.0},"mlaft0_7":{"ID":4542,"P_3ID":82,"P_1ID":19,"GROUP_NAME":"冠亚和","SHOWCLS":"blue","ODDS":14.50,"NUM":"7","NUM_NAME":"7","CODE":"mlaft0","SORT":5.0,"STATE":0,"ST":false,"BET_AMT":null,"ODDS_A":13.0,"ODDS_B":13.0,"ODDS_C":13.0},"mlaft0_8":{"ID":4543,"P_3ID":82,"P_1ID":19,"GROUP_NAME":"冠亚和","SHOWCLS":"blue","ODDS":14.50,"NUM":"8","NUM_NAME":"8","CODE":"mlaft0","SORT":6.0,"STATE":0,"ST":false,"BET_AMT":null,"ODDS_A":13.0,"ODDS_B":13.0,"ODDS_C":13.0},"mlaft0_9":{"ID":4544,"P_3ID":82,"P_1ID":19,"GROUP_NAME":"冠亚和","SHOWCLS":"blue","ODDS":10.50,"NUM":"9","NUM_NAME":"9","CODE":"mlaft0","SORT":7.0,"STATE":0,"ST":false,"BET_AMT":null,"ODDS_A":10.0,"ODDS_B":10.0,"ODDS_C":10.0},"mlaft0_10":{"ID":4545,"P_3ID":82,"P_1ID":19,"GROUP_NAME":"冠亚和","SHOWCLS":"blue","ODDS":10.50,"NUM":"10","NUM_NAME":"10","CODE":"mlaft0","SORT":8.0,"STATE":0,"ST":false,"BET_AMT":null,"ODDS_A":10.0,"ODDS_B":10.0,"ODDS_C":10.0},"mlaft0_11":{"ID":4546,"P_3ID":82,"P_1ID":19,"GROUP_NAME":"冠亚和","SHOWCLS":"blue","ODDS":8.50,"NUM":"11","NUM_NAME":"11","CODE":"mlaft0","SORT":9.0,"STATE":0,"ST":false,"BET_AMT":null,"ODDS_A":8.0,"ODDS_B":8.0,"ODDS_C":8.0},"mlaft0_12":{"ID":4547,"P_3ID":82,"P_1ID":19,"GROUP_NAME":"冠亚和","SHOWCLS":"blue","ODDS":10.50,"NUM":"12","NUM_NAME":"12","CODE":"mlaft0","SORT":10.0,"STATE":0,"ST":false,"BET_AMT":null,"ODDS_A":10.0,"ODDS_B":10.0,"ODDS_C":10.0},"mlaft0_13":{"ID":4548,"P_3ID":82,"P_1ID":19,"GROUP_NAME":"冠亚和","SHOWCLS":"blue","ODDS":10.50,"NUM":"13","NUM_NAME":"13","CODE":"mlaft0","SORT":11.0,"STATE":0,"ST":false,"BET_AMT":null,"ODDS_A":10.0,"ODDS_B":10.0,"ODDS_C":10.0},"mlaft0_14":{"ID":4549,"P_3ID":82,"P_1ID":19,"GROUP_NAME":"冠亚和","SHOWCLS":"blue","ODDS":14.50,"NUM":"14","NUM_NAME":"14","CODE":"mlaft0","SORT":12.0,"STATE":0,"ST":false,"BET_AMT":null,"ODDS_A":13.0,"ODDS_B":13.0,"ODDS_C":13.0},"mlaft0_15":{"ID":4536,"P_3ID":82,"P_1ID":19,"GROUP_NAME":"冠亚和","SHOWCLS":"blue","ODDS":14.50,"NUM":"15","NUM_NAME":"15","CODE":"mlaft0","SORT":13.0,"STATE":0,"ST":false,"BET_AMT":null,"ODDS_A":13.0,"ODDS_B":13.0,"ODDS_C":13.0},"mlaft0_16":{"ID":4550,"P_3ID":82,"P_1ID":19,"GROUP_NAME":"冠亚和","SHOWCLS":"blue","ODDS":21.50,"NUM":"16","NUM_NAME":"16","CODE":"mlaft0","SORT":14.0,"STATE":0,"ST":false,"BET_AMT":null,"ODDS_A":20.0,"ODDS_B":20.0,"ODDS_C":20.0},"mlaft0_17":{"ID":4551,"P_3ID":82,"P_1ID":19,"GROUP_NAME":"冠亚和","SHOWCLS":"blue","ODDS":21.50,"NUM":"17","NUM_NAME":"17","CODE":"mlaft0","SORT":15.0,"STATE":0,"ST":false,"BET_AMT":null,"ODDS_A":20.0,"ODDS_B":20.0,"ODDS_C":20.0},"mlaft0_18":{"ID":4552,"P_3ID":82,"P_1ID":19,"GROUP_NAME":"冠亚和","SHOWCLS":"blue","ODDS":42.50,"NUM":"18","NUM_NAME":"18","CODE":"mlaft0","SORT":16.0,"STATE":0,"ST":false,"BET_AMT":null,"ODDS_A":42.0,"ODDS_B":42.0,"ODDS_C":42.0},"mlaft0_19":{"ID":4537,"P_3ID":82,"P_1ID":19,"GROUP_NAME":"冠亚和","SHOWCLS":"blue","ODDS":42.50,"NUM":"19","NUM_NAME":"19","CODE":"mlaft0","SORT":17.0,"STATE":0,"ST":false,"BET_AMT":null,"ODDS_A":42.0,"ODDS_B":42.0,"ODDS_C":42.0},"mlaft0_大":{"ID":4553,"P_3ID":82,"P_1ID":19,"GROUP_NAME":"冠亚和","SHOWCLS":"text","ODDS":1.96,"NUM":"大","NUM_NAME":"冠亚大","CODE":"mlaft0","SORT":18.0,"STATE":0,"ST":false,"BET_AMT":null,"ODDS_A":2.0,"ODDS_B":2.0,"ODDS_C":2.0},"mlaft0_小":{"ID":4554,"P_3ID":82,"P_1ID":19,"GROUP_NAME":"冠亚和","SHOWCLS":"text","ODDS":1.96,"NUM":"小","NUM_NAME":"冠亚小","CODE":"mlaft0","SORT":19.0,"STATE":0,"ST":false,"BET_AMT":null,"ODDS_A":1.70,"ODDS_B":1.70,"ODDS_C":1.70},"mlaft0_单":{"ID":4555,"P_3ID":82,"P_1ID":19,"GROUP_NAME":"冠亚和","SHOWCLS":"text","ODDS":1.96,"NUM":"单","NUM_NAME":"冠亚单","CODE":"mlaft0","SORT":20.0,"STATE":0,"ST":false,"BET_AMT":null,"ODDS_A":1.70,"ODDS_B":1.70,"ODDS_C":1.70},"mlaft0_双":{"ID":4556,"P_3ID":82,"P_1ID":19,"GROUP_NAME":"冠亚和","SHOWCLS":"text","ODDS":1.96,"NUM":"双","NUM_NAME":"冠亚双","CODE":"mlaft0","SORT":21.0,"STATE":0,"ST":false,"BET_AMT":null,"ODDS_A":2.0,"ODDS_B":2.0,"ODDS_C":2.0}},"mlaft1":{"mlaft1_6":{"ID":4557,"P_3ID":83,"P_1ID":19,"GROUP_NAME":"冠亚季和","SHOWCLS":"blue","ODDS":41.85,"NUM":"6","NUM_NAME":"6","CODE":"mlaft1","SORT":1.0,"STATE":0,"ST":false,"BET_AMT":null,"ODDS_A":42.0,"ODDS_B":42.0,"ODDS_C":42.0},"mlaft1_7":{"ID":4558,"P_3ID":83,"P_1ID":19,"GROUP_NAME":"冠亚季和","SHOWCLS":"blue","ODDS":38.85,"NUM":"7","NUM_NAME":"7","CODE":"mlaft1","SORT":2.0,"STATE":0,"ST":false,"BET_AMT":null,"ODDS_A":39.0,"ODDS_B":39.0,"ODDS_C":39.0},"mlaft1_8":{"ID":4559,"P_3ID":83,"P_1ID":19,"GROUP_NAME":"冠亚季和","SHOWCLS":"blue","ODDS":19.85,"NUM":"8","NUM_NAME":"8","CODE":"mlaft1","SORT":3.0,"STATE":0,"ST":false,"BET_AMT":null,"ODDS_A":20.0,"ODDS_B":20.0,"ODDS_C":20.0},"mlaft1_9":{"ID":4560,"P_3ID":83,"P_1ID":19,"GROUP_NAME":"冠亚季和","SHOWCLS":"blue","ODDS":19.85,"NUM":"9","NUM_NAME":"9","CODE":"mlaft1","SORT":4.0,"STATE":0,"ST":false,"BET_AMT":null,"ODDS_A":20.0,"ODDS_B":20.0,"ODDS_C":20.0},"mlaft1_10":{"ID":4561,"P_3ID":83,"P_1ID":19,"GROUP_NAME":"冠亚季和","SHOWCLS":"blue","ODDS":12.85,"NUM":"10","NUM_NAME":"10","CODE":"mlaft1","SORT":5.0,"STATE":0,"ST":false,"BET_AMT":null,"ODDS_A":13.0,"ODDS_B":13.0,"ODDS_C":13.0},"mlaft1_11":{"ID":4562,"P_3ID":83,"P_1ID":19,"GROUP_NAME":"冠亚季和","SHOWCLS":"blue","ODDS":12.85,"NUM":"11","NUM_NAME":"11","CODE":"mlaft1","SORT":6.0,"STATE":0,"ST":false,"BET_AMT":null,"ODDS_A":13.0,"ODDS_B":13.0,"ODDS_C":13.0},"mlaft1_12":{"ID":4563,"P_3ID":83,"P_1ID":19,"GROUP_NAME":"冠亚季和","SHOWCLS":"blue","ODDS":9.85,"NUM":"12","NUM_NAME":"12","CODE":"mlaft1","SORT":7.0,"STATE":0,"ST":false,"BET_AMT":null,"ODDS_A":10.0,"ODDS_B":10.0,"ODDS_C":10.0},"mlaft1_13":{"ID":4564,"P_3ID":83,"P_1ID":19,"GROUP_NAME":"冠亚季和","SHOWCLS":"blue","ODDS":9.85,"NUM":"13","NUM_NAME":"13","CODE":"mlaft1","SORT":8.0,"STATE":0,"ST":false,"BET_AMT":null,"ODDS_A":10.0,"ODDS_B":10.0,"ODDS_C":10.0},"mlaft1_14":{"ID":4565,"P_3ID":83,"P_1ID":19,"GROUP_NAME":"冠亚季和","SHOWCLS":"blue","ODDS":7.85,"NUM":"14","NUM_NAME":"14","CODE":"mlaft1","SORT":9.0,"STATE":0,"ST":false,"BET_AMT":null,"ODDS_A":8.0,"ODDS_B":8.0,"ODDS_C":8.0},"mlaft1_15":{"ID":4566,"P_3ID":83,"P_1ID":19,"GROUP_NAME":"冠亚季和","SHOWCLS":"blue","ODDS":7.85,"NUM":"15","NUM_NAME":"15","CODE":"mlaft1","SORT":10.0,"STATE":0,"ST":false,"BET_AMT":null,"ODDS_A":8.0,"ODDS_B":8.0,"ODDS_C":8.0},"mlaft1_16":{"ID":4567,"P_3ID":83,"P_1ID":19,"GROUP_NAME":"冠亚季和","SHOWCLS":"blue","ODDS":4.85,"NUM":"16","NUM_NAME":"16","CODE":"mlaft1","SORT":11.0,"STATE":0,"ST":false,"BET_AMT":null,"ODDS_A":5.0,"ODDS_B":5.0,"ODDS_C":5.0},"mlaft1_17":{"ID":4568,"P_3ID":83,"P_1ID":19,"GROUP_NAME":"冠亚季和","SHOWCLS":"blue","ODDS":4.85,"NUM":"17","NUM_NAME":"17","CODE":"mlaft1","SORT":12.0,"STATE":0,"ST":false,"BET_AMT":null,"ODDS_A":5.0,"ODDS_B":5.0,"ODDS_C":5.0},"mlaft1_18":{"ID":4569,"P_3ID":83,"P_1ID":19,"GROUP_NAME":"冠亚季和","SHOWCLS":"blue","ODDS":7.85,"NUM":"18","NUM_NAME":"18","CODE":"mlaft1","SORT":13.0,"STATE":0,"ST":false,"BET_AMT":null,"ODDS_A":8.0,"ODDS_B":8.0,"ODDS_C":8.0},"mlaft1_19":{"ID":4570,"P_3ID":83,"P_1ID":19,"GROUP_NAME":"冠亚季和","SHOWCLS":"blue","ODDS":7.85,"NUM":"19","NUM_NAME":"19","CODE":"mlaft1","SORT":14.0,"STATE":0,"ST":false,"BET_AMT":null,"ODDS_A":8.0,"ODDS_B":8.0,"ODDS_C":8.0},"mlaft1_20":{"ID":4571,"P_3ID":83,"P_1ID":19,"GROUP_NAME":"冠亚季和","SHOWCLS":"blue","ODDS":9.85,"NUM":"20","NUM_NAME":"20","CODE":"mlaft1","SORT":15.0,"STATE":0,"ST":false,"BET_AMT":null,"ODDS_A":10.0,"ODDS_B":10.0,"ODDS_C":10.0},"mlaft1_21":{"ID":4572,"P_3ID":83,"P_1ID":19,"GROUP_NAME":"冠亚季和","SHOWCLS":"blue","ODDS":9.85,"NUM":"21","NUM_NAME":"21","CODE":"mlaft1","SORT":16.0,"STATE":0,"ST":false,"BET_AMT":null,"ODDS_A":10.0,"ODDS_B":10.0,"ODDS_C":10.0},"mlaft1_22":{"ID":4573,"P_3ID":83,"P_1ID":19,"GROUP_NAME":"冠亚季和","SHOWCLS":"blue","ODDS":12.85,"NUM":"22","NUM_NAME":"22","CODE":"mlaft1","SORT":17.0,"STATE":0,"ST":false,"BET_AMT":null,"ODDS_A":13.0,"ODDS_B":13.0,"ODDS_C":13.0},"mlaft1_23":{"ID":4574,"P_3ID":83,"P_1ID":19,"GROUP_NAME":"冠亚季和","SHOWCLS":"blue","ODDS":12.85,"NUM":"23","NUM_NAME":"23","CODE":"mlaft1","SORT":18.0,"STATE":0,"ST":false,"BET_AMT":null,"ODDS_A":13.0,"ODDS_B":13.0,"ODDS_C":13.0},"mlaft1_24":{"ID":4575,"P_3ID":83,"P_1ID":19,"GROUP_NAME":"冠亚季和","SHOWCLS":"blue","ODDS":19.85,"NUM":"24","NUM_NAME":"24","CODE":"mlaft1","SORT":19.0,"STATE":0,"ST":false,"BET_AMT":null,"ODDS_A":20.0,"ODDS_B":20.0,"ODDS_C":20.0},"mlaft1_25":{"ID":4576,"P_3ID":83,"P_1ID":19,"GROUP_NAME":"冠亚季和","SHOWCLS":"blue","ODDS":19.85,"NUM":"25","NUM_NAME":"25","CODE":"mlaft1","SORT":20.0,"STATE":0,"ST":false,"BET_AMT":null,"ODDS_A":20.0,"ODDS_B":20.0,"ODDS_C":20.0},"mlaft1_26":{"ID":4577,"P_3ID":83,"P_1ID":19,"GROUP_NAME":"冠亚季和","SHOWCLS":"blue","ODDS":38.85,"NUM":"26","NUM_NAME":"26","CODE":"mlaft1","SORT":21.0,"STATE":0,"ST":false,"BET_AMT":null,"ODDS_A":39.0,"ODDS_B":39.0,"ODDS_C":39.0},"mlaft1_27":{"ID":4580,"P_3ID":83,"P_1ID":19,"GROUP_NAME":"冠亚季和","SHOWCLS":"blue","ODDS":41.85,"NUM":"27","NUM_NAME":"27","CODE":"mlaft1","SORT":22.0,"STATE":0,"ST":false,"BET_AMT":null,"ODDS_A":42.0,"ODDS_B":42.0,"ODDS_C":42.0},"mlaft1_大":{"ID":4581,"P_3ID":83,"P_1ID":19,"GROUP_NAME":"冠亚季和","SHOWCLS":"text","ODDS":1.96,"NUM":"大","NUM_NAME":"大","CODE":"mlaft1","SORT":23.0,"STATE":0,"ST":false,"BET_AMT":null,"ODDS_A":2.0,"ODDS_B":2.0,"ODDS_C":2.0},"mlaft1_小":{"ID":4582,"P_3ID":83,"P_1ID":19,"GROUP_NAME":"冠亚季和","SHOWCLS":"text","ODDS":1.96,"NUM":"小","NUM_NAME":"小","CODE":"mlaft1","SORT":24.0,"STATE":0,"ST":false,"BET_AMT":null,"ODDS_A":1.70,"ODDS_B":1.70,"ODDS_C":1.70},"mlaft1_单":{"ID":4578,"P_3ID":83,"P_1ID":19,"GROUP_NAME":"冠亚季和","SHOWCLS":"text","ODDS":1.96,"NUM":"单","NUM_NAME":"单","CODE":"mlaft1","SORT":25.0,"STATE":0,"ST":false,"BET_AMT":null,"ODDS_A":1.70,"ODDS_B":1.70,"ODDS_C":1.70},"mlaft1_双":{"ID":4579,"P_3ID":83,"P_1ID":19,"GROUP_NAME":"冠亚季和","SHOWCLS":"text","ODDS":1.96,"NUM":"双","NUM_NAME":"双","CODE":"mlaft1","SORT":26.0,"STATE":0,"ST":false,"BET_AMT":null,"ODDS_A":2.0,"ODDS_B":2.0,"ODDS_C":2.0}},"mlaft10":{"mlaft10_1":{"ID":4695,"P_3ID":92,"P_1ID":19,"GROUP_NAME":"第九名","SHOWCLS":"blue","ODDS":9.86,"NUM":"1","NUM_NAME":"1","CODE":"mlaft10","SORT":1.0,"STATE":0,"ST":false,"BET_AMT":null,"ODDS_A":9.86,"ODDS_B":9.80,"ODDS_C":9.80},"mlaft10_2":{"ID":4696,"P_3ID":92,"P_1ID":19,"GROUP_NAME":"第九名","SHOWCLS":"blue","ODDS":9.86,"NUM":"2","NUM_NAME":"2","CODE":"mlaft10","SORT":2.0,"STATE":0,"ST":false,"BET_AMT":null,"ODDS_A":9.86,"ODDS_B":9.80,"ODDS_C":9.80},"mlaft10_3":{"ID":4697,"P_3ID":92,"P_1ID":19,"GROUP_NAME":"第九名","SHOWCLS":"blue","ODDS":9.86,"NUM":"3","NUM_NAME":"3","CODE":"mlaft10","SORT":3.0,"STATE":0,"ST":false,"BET_AMT":null,"ODDS_A":9.86,"ODDS_B":9.80,"ODDS_C":9.80},"mlaft10_4":{"ID":4698,"P_3ID":92,"P_1ID":19,"GROUP_NAME":"第九名","SHOWCLS":"blue","ODDS":9.86,"NUM":"4","NUM_NAME":"4","CODE":"mlaft10","SORT":4.0,"STATE":0,"ST":false,"BET_AMT":null,"ODDS_A":9.86,"ODDS_B":9.80,"ODDS_C":9.80},"mlaft10_5":{"ID":4699,"P_3ID":92,"P_1ID":19,"GROUP_NAME":"第九名","SHOWCLS":"blue","ODDS":9.86,"NUM":"5","NUM_NAME":"5","CODE":"mlaft10","SORT":5.0,"STATE":0,"ST":false,"BET_AMT":null,"ODDS_A":9.86,"ODDS_B":9.80,"ODDS_C":9.80},"mlaft10_6":{"ID":4700,"P_3ID":92,"P_1ID":19,"GROUP_NAME":"第九名","SHOWCLS":"blue","ODDS":9.86,"NUM":"6","NUM_NAME":"6","CODE":"mlaft10","SORT":6.0,"STATE":0,"ST":false,"BET_AMT":null,"ODDS_A":9.86,"ODDS_B":9.80,"ODDS_C":9.80},"mlaft10_7":{"ID":4701,"P_3ID":92,"P_1ID":19,"GROUP_NAME":"第九名","SHOWCLS":"blue","ODDS":9.86,"NUM":"7","NUM_NAME":"7","CODE":"mlaft10","SORT":7.0,"STATE":0,"ST":false,"BET_AMT":null,"ODDS_A":9.86,"ODDS_B":9.80,"ODDS_C":9.80},"mlaft10_8":{"ID":4702,"P_3ID":92,"P_1ID":19,"GROUP_NAME":"第九名","SHOWCLS":"blue","ODDS":9.86,"NUM":"8","NUM_NAME":"8","CODE":"mlaft10","SORT":8.0,"STATE":0,"ST":false,"BET_AMT":null,"ODDS_A":9.86,"ODDS_B":9.80,"ODDS_C":9.80},"mlaft10_9":{"ID":4708,"P_3ID":92,"P_1ID":19,"GROUP_NAME":"第九名","SHOWCLS":"blue","ODDS":9.86,"NUM":"9","NUM_NAME":"9","CODE":"mlaft10","SORT":9.0,"STATE":0,"ST":false,"BET_AMT":null,"ODDS_A":9.86,"ODDS_B":9.80,"ODDS_C":9.80},"mlaft10_10":{"ID":4703,"P_3ID":92,"P_1ID":19,"GROUP_NAME":"第九名","SHOWCLS":"blue","ODDS":9.86,"NUM":"10","NUM_NAME":"10","CODE":"mlaft10","SORT":10.0,"STATE":0,"ST":false,"BET_AMT":null,"ODDS_A":9.86,"ODDS_B":9.80,"ODDS_C":9.80},"mlaft10_大":{"ID":4704,"P_3ID":92,"P_1ID":19,"GROUP_NAME":"第九名","SHOWCLS":"red","ODDS":1.96,"NUM":"大","NUM_NAME":"大","CODE":"mlaft10","SORT":11.0,"STATE":0,"ST":false,"BET_AMT":null,"ODDS_A":1.96,"ODDS_B":1.98,"ODDS_C":1.98},"mlaft10_小":{"ID":4705,"P_3ID":92,"P_1ID":19,"GROUP_NAME":"第九名","SHOWCLS":"green","ODDS":1.96,"NUM":"小","NUM_NAME":"小","CODE":"mlaft10","SORT":12.0,"STATE":0,"ST":false,"BET_AMT":null,"ODDS_A":1.96,"ODDS_B":1.98,"ODDS_C":1.98},"mlaft10_单":{"ID":4706,"P_3ID":92,"P_1ID":19,"GROUP_NAME":"第九名","SHOWCLS":"red","ODDS":1.96,"NUM":"单","NUM_NAME":"单","CODE":"mlaft10","SORT":13.0,"STATE":0,"ST":false,"BET_AMT":null,"ODDS_A":1.96,"ODDS_B":1.98,"ODDS_C":1.98},"mlaft10_双":{"ID":4707,"P_3ID":92,"P_1ID":19,"GROUP_NAME":"第九名","SHOWCLS":"green","ODDS":1.96,"NUM":"双","NUM_NAME":"双","CODE":"mlaft10","SORT":14.0,"STATE":0,"ST":false,"BET_AMT":null,"ODDS_A":1.96,"ODDS_B":1.98,"ODDS_C":1.98}},"mlaft11":{"mlaft11_1":{"ID":4709,"P_3ID":93,"P_1ID":19,"GROUP_NAME":"第十名","SHOWCLS":"blue","ODDS":9.86,"NUM":"1","NUM_NAME":"1","CODE":"mlaft11","SORT":1.0,"STATE":0,"ST":false,"BET_AMT":null,"ODDS_A":9.86,"ODDS_B":9.80,"ODDS_C":9.80},"mlaft11_2":{"ID":4710,"P_3ID":93,"P_1ID":19,"GROUP_NAME":"第十名","SHOWCLS":"blue","ODDS":9.86,"NUM":"2","NUM_NAME":"2","CODE":"mlaft11","SORT":2.0,"STATE":0,"ST":false,"BET_AMT":null,"ODDS_A":9.86,"ODDS_B":9.80,"ODDS_C":9.80},"mlaft11_3":{"ID":4711,"P_3ID":93,"P_1ID":19,"GROUP_NAME":"第十名","SHOWCLS":"blue","ODDS":9.86,"NUM":"3","NUM_NAME":"3","CODE":"mlaft11","SORT":3.0,"STATE":0,"ST":false,"BET_AMT":null,"ODDS_A":9.86,"ODDS_B":9.80,"ODDS_C":9.80},"mlaft11_4":{"ID":4712,"P_3ID":93,"P_1ID":19,"GROUP_NAME":"第十名","SHOWCLS":"blue","ODDS":9.86,"NUM":"4","NUM_NAME":"4","CODE":"mlaft11","SORT":4.0,"STATE":0,"ST":false,"BET_AMT":null,"ODDS_A":9.86,"ODDS_B":9.80,"ODDS_C":9.80},"mlaft11_5":{"ID":4713,"P_3ID":93,"P_1ID":19,"GROUP_NAME":"第十名","SHOWCLS":"blue","ODDS":9.86,"NUM":"5","NUM_NAME":"5","CODE":"mlaft11","SORT":5.0,"STATE":0,"ST":false,"BET_AMT":null,"ODDS_A":9.86,"ODDS_B":9.80,"ODDS_C":9.80},"mlaft11_6":{"ID":4714,"P_3ID":93,"P_1ID":19,"GROUP_NAME":"第十名","SHOWCLS":"blue","ODDS":9.86,"NUM":"6","NUM_NAME":"6","CODE":"mlaft11","SORT":6.0,"STATE":0,"ST":false,"BET_AMT":null,"ODDS_A":9.86,"ODDS_B":9.80,"ODDS_C":9.80},"mlaft11_7":{"ID":4715,"P_3ID":93,"P_1ID":19,"GROUP_NAME":"第十名","SHOWCLS":"blue","ODDS":9.86,"NUM":"7","NUM_NAME":"7","CODE":"mlaft11","SORT":7.0,"STATE":0,"ST":false,"BET_AMT":null,"ODDS_A":9.86,"ODDS_B":9.80,"ODDS_C":9.80},"mlaft11_8":{"ID":4716,"P_3ID":93,"P_1ID":19,"GROUP_NAME":"第十名","SHOWCLS":"blue","ODDS":9.86,"NUM":"8","NUM_NAME":"8","CODE":"mlaft11","SORT":8.0,"STATE":0,"ST":false,"BET_AMT":null,"ODDS_A":9.86,"ODDS_B":9.80,"ODDS_C":9.80},"mlaft11_9":{"ID":4717,"P_3ID":93,"P_1ID":19,"GROUP_NAME":"第十名","SHOWCLS":"blue","ODDS":9.86,"NUM":"9","NUM_NAME":"9","CODE":"mlaft11","SORT":9.0,"STATE":0,"ST":false,"BET_AMT":null,"ODDS_A":9.86,"ODDS_B":9.80,"ODDS_C":9.80},"mlaft11_10":{"ID":4718,"P_3ID":93,"P_1ID":19,"GROUP_NAME":"第十名","SHOWCLS":"blue","ODDS":9.86,"NUM":"10","NUM_NAME":"10","CODE":"mlaft11","SORT":10.0,"STATE":0,"ST":false,"BET_AMT":null,"ODDS_A":9.86,"ODDS_B":9.80,"ODDS_C":9.80},"mlaft11_大":{"ID":4719,"P_3ID":93,"P_1ID":19,"GROUP_NAME":"第十名","SHOWCLS":"red","ODDS":1.96,"NUM":"大","NUM_NAME":"大","CODE":"mlaft11","SORT":11.0,"STATE":0,"ST":false,"BET_AMT":null,"ODDS_A":1.96,"ODDS_B":1.98,"ODDS_C":1.98},"mlaft11_小":{"ID":4720,"P_3ID":93,"P_1ID":19,"GROUP_NAME":"第十名","SHOWCLS":"green","ODDS":1.96,"NUM":"小","NUM_NAME":"小","CODE":"mlaft11","SORT":12.0,"STATE":0,"ST":false,"BET_AMT":null,"ODDS_A":1.96,"ODDS_B":1.98,"ODDS_C":1.98},"mlaft11_单":{"ID":4721,"P_3ID":93,"P_1ID":19,"GROUP_NAME":"第十名","SHOWCLS":"red","ODDS":1.96,"NUM":"单","NUM_NAME":"单","CODE":"mlaft11","SORT":13.0,"STATE":0,"ST":false,"BET_AMT":null,"ODDS_A":1.96,"ODDS_B":1.98,"ODDS_C":1.98},"mlaft11_双":{"ID":4722,"P_3ID":93,"P_1ID":19,"GROUP_NAME":"第十名","SHOWCLS":"green","ODDS":1.96,"NUM":"双","NUM_NAME":"双","CODE":"mlaft11","SORT":14.0,"STATE":0,"ST":false,"BET_AMT":null,"ODDS_A":1.96,"ODDS_B":1.98,"ODDS_C":1.98}},"mlaft12":{"mlaft12_1v10龙":{"ID":4723,"P_3ID":94,"P_1ID":19,"GROUP_NAME":"龙虎","SHOWCLS":"text","ODDS":1.96,"NUM":"1v10龙","NUM_NAME":"龙","CODE":"mlaft12","SORT":1.0,"STATE":0,"ST":false,"BET_AMT":null,"ODDS_A":1.96,"ODDS_B":1.98,"ODDS_C":1.98},"mlaft12_1v10虎":{"ID":4724,"P_3ID":94,"P_1ID":19,"GROUP_NAME":"龙虎","SHOWCLS":"text","ODDS":1.96,"NUM":"1v10虎","NUM_NAME":"虎","CODE":"mlaft12","SORT":2.0,"STATE":0,"ST":false,"BET_AMT":null,"ODDS_A":1.96,"ODDS_B":1.98,"ODDS_C":1.98},"mlaft12_2v9龙":{"ID":4725,"P_3ID":94,"P_1ID":19,"GROUP_NAME":"龙虎","SHOWCLS":"text","ODDS":1.96,"NUM":"2v9龙","NUM_NAME":"龙","CODE":"mlaft12","SORT":3.0,"STATE":0,"ST":false,"BET_AMT":null,"ODDS_A":1.96,"ODDS_B":1.98,"ODDS_C":1.98},"mlaft12_2v9虎":{"ID":4726,"P_3ID":94,"P_1ID":19,"GROUP_NAME":"龙虎","SHOWCLS":"text","ODDS":1.96,"NUM":"2v9虎","NUM_NAME":"虎","CODE":"mlaft12","SORT":4.0,"STATE":0,"ST":false,"BET_AMT":null,"ODDS_A":1.96,"ODDS_B":1.98,"ODDS_C":1.98},"mlaft12_3v8龙":{"ID":4727,"P_3ID":94,"P_1ID":19,"GROUP_NAME":"龙虎","SHOWCLS":"text","ODDS":1.96,"NUM":"3v8龙","NUM_NAME":"龙","CODE":"mlaft12","SORT":5.0,"STATE":0,"ST":false,"BET_AMT":null,"ODDS_A":1.96,"ODDS_B":1.98,"ODDS_C":1.98},"mlaft12_3v8虎":{"ID":4728,"P_3ID":94,"P_1ID":19,"GROUP_NAME":"龙虎","SHOWCLS":"text","ODDS":1.96,"NUM":"3v8虎","NUM_NAME":"虎","CODE":"mlaft12","SORT":6.0,"STATE":0,"ST":false,"BET_AMT":null,"ODDS_A":1.96,"ODDS_B":1.98,"ODDS_C":1.98},"mlaft12_4v7龙":{"ID":4729,"P_3ID":94,"P_1ID":19,"GROUP_NAME":"龙虎","SHOWCLS":"text","ODDS":1.96,"NUM":"4v7龙","NUM_NAME":"龙","CODE":"mlaft12","SORT":7.0,"STATE":0,"ST":false,"BET_AMT":null,"ODDS_A":1.96,"ODDS_B":1.98,"ODDS_C":1.98},"mlaft12_4v7虎":{"ID":4730,"P_3ID":94,"P_1ID":19,"GROUP_NAME":"龙虎","SHOWCLS":"text","ODDS":1.96,"NUM":"4v7虎","NUM_NAME":"虎","CODE":"mlaft12","SORT":8.0,"STATE":0,"ST":false,"BET_AMT":null,"ODDS_A":1.96,"ODDS_B":1.98,"ODDS_C":1.98},"mlaft12_5v6龙":{"ID":4731,"P_3ID":94,"P_1ID":19,"GROUP_NAME":"龙虎","SHOWCLS":"text","ODDS":1.96,"NUM":"5v6龙","NUM_NAME":"龙","CODE":"mlaft12","SORT":9.0,"STATE":0,"ST":false,"BET_AMT":null,"ODDS_A":1.96,"ODDS_B":1.98,"ODDS_C":1.98},"mlaft12_5v6虎":{"ID":4732,"P_3ID":94,"P_1ID":19,"GROUP_NAME":"龙虎","SHOWCLS":"text","ODDS":1.96,"NUM":"5v6虎","NUM_NAME":"虎","CODE":"mlaft12","SORT":10.0,"STATE":0,"ST":false,"BET_AMT":null,"ODDS_A":1.96,"ODDS_B":1.98,"ODDS_C":1.98}},"mlaft2":{"mlaft2_1":{"ID":4583,"P_3ID":84,"P_1ID":19,"GROUP_NAME":"冠军","SHOWCLS":"blue","ODDS":9.86,"NUM":"1","NUM_NAME":"1","CODE":"mlaft2","SORT":1.0,"STATE":0,"ST":false,"BET_AMT":null,"ODDS_A":9.86,"ODDS_B":9.80,"ODDS_C":9.80},"mlaft2_2":{"ID":4584,"P_3ID":84,"P_1ID":19,"GROUP_NAME":"冠军","SHOWCLS":"blue","ODDS":9.86,"NUM":"2","NUM_NAME":"2","CODE":"mlaft2","SORT":2.0,"STATE":0,"ST":false,"BET_AMT":null,"ODDS_A":9.86,"ODDS_B":9.80,"ODDS_C":9.80},"mlaft2_3":{"ID":4585,"P_3ID":84,"P_1ID":19,"GROUP_NAME":"冠军","SHOWCLS":"blue","ODDS":9.86,"NUM":"3","NUM_NAME":"3","CODE":"mlaft2","SORT":3.0,"STATE":0,"ST":false,"BET_AMT":null,"ODDS_A":9.86,"ODDS_B":9.80,"ODDS_C":9.80},"mlaft2_4":{"ID":4586,"P_3ID":84,"P_1ID":19,"GROUP_NAME":"冠军","SHOWCLS":"blue","ODDS":9.86,"NUM":"4","NUM_NAME":"4","CODE":"mlaft2","SORT":4.0,"STATE":0,"ST":false,"BET_AMT":null,"ODDS_A":9.86,"ODDS_B":9.80,"ODDS_C":9.80},"mlaft2_5":{"ID":4587,"P_3ID":84,"P_1ID":19,"GROUP_NAME":"冠军","SHOWCLS":"blue","ODDS":9.86,"NUM":"5","NUM_NAME":"5","CODE":"mlaft2","SORT":5.0,"STATE":0,"ST":false,"BET_AMT":null,"ODDS_A":9.86,"ODDS_B":9.80,"ODDS_C":9.80},"mlaft2_6":{"ID":4588,"P_3ID":84,"P_1ID":19,"GROUP_NAME":"冠军","SHOWCLS":"blue","ODDS":9.86,"NUM":"6","NUM_NAME":"6","CODE":"mlaft2","SORT":6.0,"STATE":0,"ST":false,"BET_AMT":null,"ODDS_A":9.86,"ODDS_B":9.80,"ODDS_C":9.80},"mlaft2_7":{"ID":4589,"P_3ID":84,"P_1ID":19,"GROUP_NAME":"冠军","SHOWCLS":"blue","ODDS":9.86,"NUM":"7","NUM_NAME":"7","CODE":"mlaft2","SORT":7.0,"STATE":0,"ST":false,"BET_AMT":null,"ODDS_A":9.86,"ODDS_B":9.80,"ODDS_C":9.80},"mlaft2_8":{"ID":4590,"P_3ID":84,"P_1ID":19,"GROUP_NAME":"冠军","SHOWCLS":"blue","ODDS":9.86,"NUM":"8","NUM_NAME":"8","CODE":"mlaft2","SORT":8.0,"STATE":0,"ST":false,"BET_AMT":null,"ODDS_A":9.86,"ODDS_B":9.80,"ODDS_C":9.80},"mlaft2_9":{"ID":4591,"P_3ID":84,"P_1ID":19,"GROUP_NAME":"冠军","SHOWCLS":"blue","ODDS":9.86,"NUM":"9","NUM_NAME":"9","CODE":"mlaft2","SORT":9.0,"STATE":0,"ST":false,"BET_AMT":null,"ODDS_A":9.86,"ODDS_B":9.80,"ODDS_C":9.80},"mlaft2_10":{"ID":4592,"P_3ID":84,"P_1ID":19,"GROUP_NAME":"冠军","SHOWCLS":"blue","ODDS":9.86,"NUM":"10","NUM_NAME":"10","CODE":"mlaft2","SORT":10.0,"STATE":0,"ST":false,"BET_AMT":null,"ODDS_A":9.86,"ODDS_B":9.80,"ODDS_C":9.80},"mlaft2_大":{"ID":4593,"P_3ID":84,"P_1ID":19,"GROUP_NAME":"冠军","SHOWCLS":"red","ODDS":1.96,"NUM":"大","NUM_NAME":"大","CODE":"mlaft2","SORT":11.0,"STATE":0,"ST":false,"BET_AMT":null,"ODDS_A":1.96,"ODDS_B":1.98,"ODDS_C":1.98},"mlaft2_小":{"ID":4594,"P_3ID":84,"P_1ID":19,"GROUP_NAME":"冠军","SHOWCLS":"green","ODDS":1.96,"NUM":"小","NUM_NAME":"小","CODE":"mlaft2","SORT":12.0,"STATE":0,"ST":false,"BET_AMT":null,"ODDS_A":1.96,"ODDS_B":1.98,"ODDS_C":1.98},"mlaft2_单":{"ID":4595,"P_3ID":84,"P_1ID":19,"GROUP_NAME":"冠军","SHOWCLS":"red","ODDS":1.96,"NUM":"单","NUM_NAME":"单","CODE":"mlaft2","SORT":13.0,"STATE":0,"ST":false,"BET_AMT":null,"ODDS_A":1.96,"ODDS_B":1.98,"ODDS_C":1.98},"mlaft2_双":{"ID":4596,"P_3ID":84,"P_1ID":19,"GROUP_NAME":"冠军","SHOWCLS":"green","ODDS":1.96,"NUM":"双","NUM_NAME":"双","CODE":"mlaft2","SORT":14.0,"STATE":0,"ST":false,"BET_AMT":null,"ODDS_A":1.96,"ODDS_B":1.98,"ODDS_C":1.98}},"mlaft3":{"mlaft3_1":{"ID":4603,"P_3ID":85,"P_1ID":19,"GROUP_NAME":"亚军","SHOWCLS":"blue","ODDS":9.86,"NUM":"1","NUM_NAME":"1","CODE":"mlaft3","SORT":1.0,"STATE":0,"ST":false,"BET_AMT":null,"ODDS_A":9.86,"ODDS_B":9.80,"ODDS_C":9.80},"mlaft3_2":{"ID":4604,"P_3ID":85,"P_1ID":19,"GROUP_NAME":"亚军","SHOWCLS":"blue","ODDS":9.86,"NUM":"2","NUM_NAME":"2","CODE":"mlaft3","SORT":2.0,"STATE":0,"ST":false,"BET_AMT":null,"ODDS_A":9.86,"ODDS_B":9.80,"ODDS_C":9.80},"mlaft3_3":{"ID":4605,"P_3ID":85,"P_1ID":19,"GROUP_NAME":"亚军","SHOWCLS":"blue","ODDS":9.86,"NUM":"3","NUM_NAME":"3","CODE":"mlaft3","SORT":3.0,"STATE":0,"ST":false,"BET_AMT":null,"ODDS_A":9.86,"ODDS_B":9.80,"ODDS_C":9.80},"mlaft3_4":{"ID":4610,"P_3ID":85,"P_1ID":19,"GROUP_NAME":"亚军","SHOWCLS":"blue","ODDS":9.86,"NUM":"4","NUM_NAME":"4","CODE":"mlaft3","SORT":4.0,"STATE":0,"ST":false,"BET_AMT":null,"ODDS_A":9.86,"ODDS_B":9.80,"ODDS_C":9.80},"mlaft3_5":{"ID":4606,"P_3ID":85,"P_1ID":19,"GROUP_NAME":"亚军","SHOWCLS":"blue","ODDS":9.86,"NUM":"5","NUM_NAME":"5","CODE":"mlaft3","SORT":5.0,"STATE":0,"ST":false,"BET_AMT":null,"ODDS_A":9.86,"ODDS_B":9.80,"ODDS_C":9.80},"mlaft3_6":{"ID":4607,"P_3ID":85,"P_1ID":19,"GROUP_NAME":"亚军","SHOWCLS":"blue","ODDS":9.86,"NUM":"6","NUM_NAME":"6","CODE":"mlaft3","SORT":6.0,"STATE":0,"ST":false,"BET_AMT":null,"ODDS_A":9.86,"ODDS_B":9.80,"ODDS_C":9.80},"mlaft3_7":{"ID":4608,"P_3ID":85,"P_1ID":19,"GROUP_NAME":"亚军","SHOWCLS":"blue","ODDS":9.86,"NUM":"7","NUM_NAME":"7","CODE":"mlaft3","SORT":7.0,"STATE":0,"ST":false,"BET_AMT":null,"ODDS_A":9.86,"ODDS_B":9.80,"ODDS_C":9.80},"mlaft3_8":{"ID":4609,"P_3ID":85,"P_1ID":19,"GROUP_NAME":"亚军","SHOWCLS":"blue","ODDS":9.86,"NUM":"8","NUM_NAME":"8","CODE":"mlaft3","SORT":8.0,"STATE":0,"ST":false,"BET_AMT":null,"ODDS_A":9.86,"ODDS_B":9.80,"ODDS_C":9.80},"mlaft3_9":{"ID":4597,"P_3ID":85,"P_1ID":19,"GROUP_NAME":"亚军","SHOWCLS":"blue","ODDS":9.86,"NUM":"9","NUM_NAME":"9","CODE":"mlaft3","SORT":9.0,"STATE":0,"ST":false,"BET_AMT":null,"ODDS_A":9.86,"ODDS_B":9.80,"ODDS_C":9.80},"mlaft3_10":{"ID":4598,"P_3ID":85,"P_1ID":19,"GROUP_NAME":"亚军","SHOWCLS":"blue","ODDS":9.86,"NUM":"10","NUM_NAME":"10","CODE":"mlaft3","SORT":10.0,"STATE":0,"ST":false,"BET_AMT":null,"ODDS_A":9.86,"ODDS_B":9.80,"ODDS_C":9.80},"mlaft3_大":{"ID":4599,"P_3ID":85,"P_1ID":19,"GROUP_NAME":"亚军","SHOWCLS":"red","ODDS":1.96,"NUM":"大","NUM_NAME":"大","CODE":"mlaft3","SORT":11.0,"STATE":0,"ST":false,"BET_AMT":null,"ODDS_A":1.96,"ODDS_B":1.98,"ODDS_C":1.98},"mlaft3_小":{"ID":4600,"P_3ID":85,"P_1ID":19,"GROUP_NAME":"亚军","SHOWCLS":"green","ODDS":1.96,"NUM":"小","NUM_NAME":"小","CODE":"mlaft3","SORT":12.0,"STATE":0,"ST":false,"BET_AMT":null,"ODDS_A":1.96,"ODDS_B":1.98,"ODDS_C":1.98},"mlaft3_单":{"ID":4601,"P_3ID":85,"P_1ID":19,"GROUP_NAME":"亚军","SHOWCLS":"red","ODDS":1.96,"NUM":"单","NUM_NAME":"单","CODE":"mlaft3","SORT":13.0,"STATE":0,"ST":false,"BET_AMT":null,"ODDS_A":1.96,"ODDS_B":1.98,"ODDS_C":1.98},"mlaft3_双":{"ID":4602,"P_3ID":85,"P_1ID":19,"GROUP_NAME":"亚军","SHOWCLS":"green","ODDS":1.96,"NUM":"双","NUM_NAME":"双","CODE":"mlaft3","SORT":14.0,"STATE":0,"ST":false,"BET_AMT":null,"ODDS_A":1.96,"ODDS_B":1.98,"ODDS_C":1.98}},"mlaft4":{"mlaft4_1":{"ID":4611,"P_3ID":86,"P_1ID":19,"GROUP_NAME":"第三名","SHOWCLS":"blue","ODDS":9.86,"NUM":"1","NUM_NAME":"1","CODE":"mlaft4","SORT":1.0,"STATE":0,"ST":false,"BET_AMT":null,"ODDS_A":9.86,"ODDS_B":9.80,"ODDS_C":9.80},"mlaft4_2":{"ID":4612,"P_3ID":86,"P_1ID":19,"GROUP_NAME":"第三名","SHOWCLS":"blue","ODDS":9.86,"NUM":"2","NUM_NAME":"2","CODE":"mlaft4","SORT":2.0,"STATE":0,"ST":false,"BET_AMT":null,"ODDS_A":9.86,"ODDS_B":9.80,"ODDS_C":9.80},"mlaft4_3":{"ID":4613,"P_3ID":86,"P_1ID":19,"GROUP_NAME":"第三名","SHOWCLS":"blue","ODDS":9.86,"NUM":"3","NUM_NAME":"3","CODE":"mlaft4","SORT":3.0,"STATE":0,"ST":false,"BET_AMT":null,"ODDS_A":9.86,"ODDS_B":9.80,"ODDS_C":9.80},"mlaft4_4":{"ID":4614,"P_3ID":86,"P_1ID":19,"GROUP_NAME":"第三名","SHOWCLS":"blue","ODDS":9.86,"NUM":"4","NUM_NAME":"4","CODE":"mlaft4","SORT":4.0,"STATE":0,"ST":false,"BET_AMT":null,"ODDS_A":9.86,"ODDS_B":9.80,"ODDS_C":9.80},"mlaft4_5":{"ID":4615,"P_3ID":86,"P_1ID":19,"GROUP_NAME":"第三名","SHOWCLS":"blue","ODDS":9.86,"NUM":"5","NUM_NAME":"5","CODE":"mlaft4","SORT":5.0,"STATE":0,"ST":false,"BET_AMT":null,"ODDS_A":9.86,"ODDS_B":9.80,"ODDS_C":9.80},"mlaft4_6":{"ID":4616,"P_3ID":86,"P_1ID":19,"GROUP_NAME":"第三名","SHOWCLS":"blue","ODDS":9.86,"NUM":"6","NUM_NAME":"6","CODE":"mlaft4","SORT":6.0,"STATE":0,"ST":false,"BET_AMT":null,"ODDS_A":9.86,"ODDS_B":9.80,"ODDS_C":9.80},"mlaft4_7":{"ID":4617,"P_3ID":86,"P_1ID":19,"GROUP_NAME":"第三名","SHOWCLS":"blue","ODDS":9.86,"NUM":"7","NUM_NAME":"7","CODE":"mlaft4","SORT":7.0,"STATE":0,"ST":false,"BET_AMT":null,"ODDS_A":9.86,"ODDS_B":9.80,"ODDS_C":9.80},"mlaft4_8":{"ID":4618,"P_3ID":86,"P_1ID":19,"GROUP_NAME":"第三名","SHOWCLS":"blue","ODDS":9.86,"NUM":"8","NUM_NAME":"8","CODE":"mlaft4","SORT":8.0,"STATE":0,"ST":false,"BET_AMT":null,"ODDS_A":9.86,"ODDS_B":9.80,"ODDS_C":9.80},"mlaft4_9":{"ID":4619,"P_3ID":86,"P_1ID":19,"GROUP_NAME":"第三名","SHOWCLS":"blue","ODDS":9.86,"NUM":"9","NUM_NAME":"9","CODE":"mlaft4","SORT":9.0,"STATE":0,"ST":false,"BET_AMT":null,"ODDS_A":9.86,"ODDS_B":9.80,"ODDS_C":9.80},"mlaft4_10":{"ID":4620,"P_3ID":86,"P_1ID":19,"GROUP_NAME":"第三名","SHOWCLS":"blue","ODDS":9.86,"NUM":"10","NUM_NAME":"10","CODE":"mlaft4","SORT":10.0,"STATE":0,"ST":false,"BET_AMT":null,"ODDS_A":9.86,"ODDS_B":9.80,"ODDS_C":9.80},"mlaft4_大":{"ID":4621,"P_3ID":86,"P_1ID":19,"GROUP_NAME":"第三名","SHOWCLS":"red","ODDS":1.96,"NUM":"大","NUM_NAME":"大","CODE":"mlaft4","SORT":11.0,"STATE":0,"ST":false,"BET_AMT":null,"ODDS_A":1.96,"ODDS_B":1.98,"ODDS_C":1.98},"mlaft4_小":{"ID":4622,"P_3ID":86,"P_1ID":19,"GROUP_NAME":"第三名","SHOWCLS":"green","ODDS":1.96,"NUM":"小","NUM_NAME":"小","CODE":"mlaft4","SORT":12.0,"STATE":0,"ST":false,"BET_AMT":null,"ODDS_A":1.96,"ODDS_B":1.98,"ODDS_C":1.98},"mlaft4_单":{"ID":4623,"P_3ID":86,"P_1ID":19,"GROUP_NAME":"第三名","SHOWCLS":"red","ODDS":1.96,"NUM":"单","NUM_NAME":"单","CODE":"mlaft4","SORT":13.0,"STATE":0,"ST":false,"BET_AMT":null,"ODDS_A":1.96,"ODDS_B":1.98,"ODDS_C":1.98},"mlaft4_双":{"ID":4624,"P_3ID":86,"P_1ID":19,"GROUP_NAME":"第三名","SHOWCLS":"green","ODDS":1.96,"NUM":"双","NUM_NAME":"双","CODE":"mlaft4","SORT":14.0,"STATE":0,"ST":false,"BET_AMT":null,"ODDS_A":1.96,"ODDS_B":1.98,"ODDS_C":1.98}},"mlaft5":{"mlaft5_1":{"ID":4625,"P_3ID":87,"P_1ID":19,"GROUP_NAME":"第四名","SHOWCLS":"blue","ODDS":9.86,"NUM":"1","NUM_NAME":"1","CODE":"mlaft5","SORT":1.0,"STATE":0,"ST":false,"BET_AMT":null,"ODDS_A":9.86,"ODDS_B":9.80,"ODDS_C":9.80},"mlaft5_2":{"ID":4626,"P_3ID":87,"P_1ID":19,"GROUP_NAME":"第四名","SHOWCLS":"blue","ODDS":9.86,"NUM":"2","NUM_NAME":"2","CODE":"mlaft5","SORT":2.0,"STATE":0,"ST":false,"BET_AMT":null,"ODDS_A":9.86,"ODDS_B":9.80,"ODDS_C":9.80},"mlaft5_3":{"ID":4627,"P_3ID":87,"P_1ID":19,"GROUP_NAME":"第四名","SHOWCLS":"blue","ODDS":9.86,"NUM":"3","NUM_NAME":"3","CODE":"mlaft5","SORT":3.0,"STATE":0,"ST":false,"BET_AMT":null,"ODDS_A":9.86,"ODDS_B":9.80,"ODDS_C":9.80},"mlaft5_4":{"ID":4628,"P_3ID":87,"P_1ID":19,"GROUP_NAME":"第四名","SHOWCLS":"blue","ODDS":9.86,"NUM":"4","NUM_NAME":"4","CODE":"mlaft5","SORT":4.0,"STATE":0,"ST":false,"BET_AMT":null,"ODDS_A":9.86,"ODDS_B":9.80,"ODDS_C":9.80},"mlaft5_5":{"ID":4629,"P_3ID":87,"P_1ID":19,"GROUP_NAME":"第四名","SHOWCLS":"blue","ODDS":9.86,"NUM":"5","NUM_NAME":"5","CODE":"mlaft5","SORT":5.0,"STATE":0,"ST":false,"BET_AMT":null,"ODDS_A":9.86,"ODDS_B":9.80,"ODDS_C":9.80},"mlaft5_6":{"ID":4630,"P_3ID":87,"P_1ID":19,"GROUP_NAME":"第四名","SHOWCLS":"blue","ODDS":9.86,"NUM":"6","NUM_NAME":"6","CODE":"mlaft5","SORT":6.0,"STATE":0,"ST":false,"BET_AMT":null,"ODDS_A":9.86,"ODDS_B":9.80,"ODDS_C":9.80},"mlaft5_7":{"ID":4631,"P_3ID":87,"P_1ID":19,"GROUP_NAME":"第四名","SHOWCLS":"blue","ODDS":9.86,"NUM":"7","NUM_NAME":"7","CODE":"mlaft5","SORT":7.0,"STATE":0,"ST":false,"BET_AMT":null,"ODDS_A":9.86,"ODDS_B":9.80,"ODDS_C":9.80},"mlaft5_8":{"ID":4632,"P_3ID":87,"P_1ID":19,"GROUP_NAME":"第四名","SHOWCLS":"blue","ODDS":9.86,"NUM":"8","NUM_NAME":"8","CODE":"mlaft5","SORT":8.0,"STATE":0,"ST":false,"BET_AMT":null,"ODDS_A":9.86,"ODDS_B":9.80,"ODDS_C":9.80},"mlaft5_9":{"ID":4633,"P_3ID":87,"P_1ID":19,"GROUP_NAME":"第四名","SHOWCLS":"blue","ODDS":9.86,"NUM":"9","NUM_NAME":"9","CODE":"mlaft5","SORT":9.0,"STATE":0,"ST":false,"BET_AMT":null,"ODDS_A":9.86,"ODDS_B":9.80,"ODDS_C":9.80},"mlaft5_10":{"ID":4634,"P_3ID":87,"P_1ID":19,"GROUP_NAME":"第四名","SHOWCLS":"blue","ODDS":9.86,"NUM":"10","NUM_NAME":"10","CODE":"mlaft5","SORT":10.0,"STATE":0,"ST":false,"BET_AMT":null,"ODDS_A":9.86,"ODDS_B":9.80,"ODDS_C":9.80},"mlaft5_大":{"ID":4635,"P_3ID":87,"P_1ID":19,"GROUP_NAME":"第四名","SHOWCLS":"red","ODDS":1.96,"NUM":"大","NUM_NAME":"大","CODE":"mlaft5","SORT":11.0,"STATE":0,"ST":false,"BET_AMT":null,"ODDS_A":1.96,"ODDS_B":1.98,"ODDS_C":1.98},"mlaft5_小":{"ID":4636,"P_3ID":87,"P_1ID":19,"GROUP_NAME":"第四名","SHOWCLS":"green","ODDS":1.96,"NUM":"小","NUM_NAME":"小","CODE":"mlaft5","SORT":12.0,"STATE":0,"ST":false,"BET_AMT":null,"ODDS_A":1.96,"ODDS_B":1.98,"ODDS_C":1.98},"mlaft5_单":{"ID":4637,"P_3ID":87,"P_1ID":19,"GROUP_NAME":"第四名","SHOWCLS":"red","ODDS":1.96,"NUM":"单","NUM_NAME":"单","CODE":"mlaft5","SORT":13.0,"STATE":0,"ST":false,"BET_AMT":null,"ODDS_A":1.96,"ODDS_B":1.98,"ODDS_C":1.98},"mlaft5_双":{"ID":4638,"P_3ID":87,"P_1ID":19,"GROUP_NAME":"第四名","SHOWCLS":"green","ODDS":1.96,"NUM":"双","NUM_NAME":"双","CODE":"mlaft5","SORT":14.0,"STATE":0,"ST":false,"BET_AMT":null,"ODDS_A":1.96,"ODDS_B":1.98,"ODDS_C":1.98}},"mlaft6":{"mlaft6_1":{"ID":4639,"P_3ID":88,"P_1ID":19,"GROUP_NAME":"第五名","SHOWCLS":"blue","ODDS":9.86,"NUM":"1","NUM_NAME":"1","CODE":"mlaft6","SORT":1.0,"STATE":0,"ST":false,"BET_AMT":null,"ODDS_A":9.86,"ODDS_B":9.80,"ODDS_C":9.80},"mlaft6_2":{"ID":4640,"P_3ID":88,"P_1ID":19,"GROUP_NAME":"第五名","SHOWCLS":"blue","ODDS":9.86,"NUM":"2","NUM_NAME":"2","CODE":"mlaft6","SORT":2.0,"STATE":0,"ST":false,"BET_AMT":null,"ODDS_A":9.86,"ODDS_B":9.80,"ODDS_C":9.80},"mlaft6_3":{"ID":4641,"P_3ID":88,"P_1ID":19,"GROUP_NAME":"第五名","SHOWCLS":"blue","ODDS":9.86,"NUM":"3","NUM_NAME":"3","CODE":"mlaft6","SORT":3.0,"STATE":0,"ST":false,"BET_AMT":null,"ODDS_A":9.86,"ODDS_B":9.80,"ODDS_C":9.80},"mlaft6_4":{"ID":4642,"P_3ID":88,"P_1ID":19,"GROUP_NAME":"第五名","SHOWCLS":"blue","ODDS":9.86,"NUM":"4","NUM_NAME":"4","CODE":"mlaft6","SORT":4.0,"STATE":0,"ST":false,"BET_AMT":null,"ODDS_A":9.86,"ODDS_B":9.80,"ODDS_C":9.80},"mlaft6_5":{"ID":4643,"P_3ID":88,"P_1ID":19,"GROUP_NAME":"第五名","SHOWCLS":"blue","ODDS":9.86,"NUM":"5","NUM_NAME":"5","CODE":"mlaft6","SORT":5.0,"STATE":0,"ST":false,"BET_AMT":null,"ODDS_A":9.86,"ODDS_B":9.80,"ODDS_C":9.80},"mlaft6_6":{"ID":4644,"P_3ID":88,"P_1ID":19,"GROUP_NAME":"第五名","SHOWCLS":"blue","ODDS":9.86,"NUM":"6","NUM_NAME":"6","CODE":"mlaft6","SORT":6.0,"STATE":0,"ST":false,"BET_AMT":null,"ODDS_A":9.86,"ODDS_B":9.80,"ODDS_C":9.80},"mlaft6_7":{"ID":4645,"P_3ID":88,"P_1ID":19,"GROUP_NAME":"第五名","SHOWCLS":"blue","ODDS":9.86,"NUM":"7","NUM_NAME":"7","CODE":"mlaft6","SORT":7.0,"STATE":0,"ST":false,"BET_AMT":null,"ODDS_A":9.86,"ODDS_B":9.80,"ODDS_C":9.80},"mlaft6_8":{"ID":4646,"P_3ID":88,"P_1ID":19,"GROUP_NAME":"第五名","SHOWCLS":"blue","ODDS":9.86,"NUM":"8","NUM_NAME":"8","CODE":"mlaft6","SORT":8.0,"STATE":0,"ST":false,"BET_AMT":null,"ODDS_A":9.86,"ODDS_B":9.80,"ODDS_C":9.80},"mlaft6_9":{"ID":4647,"P_3ID":88,"P_1ID":19,"GROUP_NAME":"第五名","SHOWCLS":"blue","ODDS":9.86,"NUM":"9","NUM_NAME":"9","CODE":"mlaft6","SORT":9.0,"STATE":0,"ST":false,"BET_AMT":null,"ODDS_A":9.86,"ODDS_B":9.80,"ODDS_C":9.80},"mlaft6_10":{"ID":4648,"P_3ID":88,"P_1ID":19,"GROUP_NAME":"第五名","SHOWCLS":"blue","ODDS":9.86,"NUM":"10","NUM_NAME":"10","CODE":"mlaft6","SORT":10.0,"STATE":0,"ST":false,"BET_AMT":null,"ODDS_A":9.86,"ODDS_B":9.80,"ODDS_C":9.80},"mlaft6_大":{"ID":4649,"P_3ID":88,"P_1ID":19,"GROUP_NAME":"第五名","SHOWCLS":"red","ODDS":1.96,"NUM":"大","NUM_NAME":"大","CODE":"mlaft6","SORT":11.0,"STATE":0,"ST":false,"BET_AMT":null,"ODDS_A":1.96,"ODDS_B":1.98,"ODDS_C":1.98},"mlaft6_小":{"ID":4650,"P_3ID":88,"P_1ID":19,"GROUP_NAME":"第五名","SHOWCLS":"green","ODDS":1.96,"NUM":"小","NUM_NAME":"小","CODE":"mlaft6","SORT":12.0,"STATE":0,"ST":false,"BET_AMT":null,"ODDS_A":1.96,"ODDS_B":1.98,"ODDS_C":1.98},"mlaft6_单":{"ID":4651,"P_3ID":88,"P_1ID":19,"GROUP_NAME":"第五名","SHOWCLS":"red","ODDS":1.96,"NUM":"单","NUM_NAME":"单","CODE":"mlaft6","SORT":13.0,"STATE":0,"ST":false,"BET_AMT":null,"ODDS_A":1.96,"ODDS_B":1.98,"ODDS_C":1.98},"mlaft6_双":{"ID":4652,"P_3ID":88,"P_1ID":19,"GROUP_NAME":"第五名","SHOWCLS":"green","ODDS":1.96,"NUM":"双","NUM_NAME":"双","CODE":"mlaft6","SORT":14.0,"STATE":0,"ST":false,"BET_AMT":null,"ODDS_A":1.96,"ODDS_B":1.98,"ODDS_C":1.98}},"mlaft7":{"mlaft7_1":{"ID":4653,"P_3ID":89,"P_1ID":19,"GROUP_NAME":"第六名","SHOWCLS":"blue","ODDS":9.86,"NUM":"1","NUM_NAME":"1","CODE":"mlaft7","SORT":1.0,"STATE":0,"ST":false,"BET_AMT":null,"ODDS_A":9.86,"ODDS_B":9.80,"ODDS_C":9.80},"mlaft7_2":{"ID":4654,"P_3ID":89,"P_1ID":19,"GROUP_NAME":"第六名","SHOWCLS":"blue","ODDS":9.86,"NUM":"2","NUM_NAME":"2","CODE":"mlaft7","SORT":2.0,"STATE":0,"ST":false,"BET_AMT":null,"ODDS_A":9.86,"ODDS_B":9.80,"ODDS_C":9.80},"mlaft7_3":{"ID":4655,"P_3ID":89,"P_1ID":19,"GROUP_NAME":"第六名","SHOWCLS":"blue","ODDS":9.86,"NUM":"3","NUM_NAME":"3","CODE":"mlaft7","SORT":3.0,"STATE":0,"ST":false,"BET_AMT":null,"ODDS_A":9.86,"ODDS_B":9.80,"ODDS_C":9.80},"mlaft7_4":{"ID":4656,"P_3ID":89,"P_1ID":19,"GROUP_NAME":"第六名","SHOWCLS":"blue","ODDS":9.86,"NUM":"4","NUM_NAME":"4","CODE":"mlaft7","SORT":4.0,"STATE":0,"ST":false,"BET_AMT":null,"ODDS_A":9.86,"ODDS_B":9.80,"ODDS_C":9.80},"mlaft7_5":{"ID":4657,"P_3ID":89,"P_1ID":19,"GROUP_NAME":"第六名","SHOWCLS":"blue","ODDS":9.86,"NUM":"5","NUM_NAME":"5","CODE":"mlaft7","SORT":5.0,"STATE":0,"ST":false,"BET_AMT":null,"ODDS_A":9.86,"ODDS_B":9.80,"ODDS_C":9.80},"mlaft7_6":{"ID":4658,"P_3ID":89,"P_1ID":19,"GROUP_NAME":"第六名","SHOWCLS":"blue","ODDS":9.86,"NUM":"6","NUM_NAME":"6","CODE":"mlaft7","SORT":6.0,"STATE":0,"ST":false,"BET_AMT":null,"ODDS_A":9.86,"ODDS_B":9.80,"ODDS_C":9.80},"mlaft7_7":{"ID":4659,"P_3ID":89,"P_1ID":19,"GROUP_NAME":"第六名","SHOWCLS":"blue","ODDS":9.86,"NUM":"7","NUM_NAME":"7","CODE":"mlaft7","SORT":7.0,"STATE":0,"ST":false,"BET_AMT":null,"ODDS_A":9.86,"ODDS_B":9.80,"ODDS_C":9.80},"mlaft7_8":{"ID":4666,"P_3ID":89,"P_1ID":19,"GROUP_NAME":"第六名","SHOWCLS":"blue","ODDS":9.86,"NUM":"8","NUM_NAME":"8","CODE":"mlaft7","SORT":8.0,"STATE":0,"ST":false,"BET_AMT":null,"ODDS_A":9.86,"ODDS_B":9.80,"ODDS_C":9.80},"mlaft7_9":{"ID":4660,"P_3ID":89,"P_1ID":19,"GROUP_NAME":"第六名","SHOWCLS":"blue","ODDS":9.86,"NUM":"9","NUM_NAME":"9","CODE":"mlaft7","SORT":9.0,"STATE":0,"ST":false,"BET_AMT":null,"ODDS_A":9.86,"ODDS_B":9.80,"ODDS_C":9.80},"mlaft7_10":{"ID":4661,"P_3ID":89,"P_1ID":19,"GROUP_NAME":"第六名","SHOWCLS":"blue","ODDS":9.86,"NUM":"10","NUM_NAME":"10","CODE":"mlaft7","SORT":10.0,"STATE":0,"ST":false,"BET_AMT":null,"ODDS_A":9.86,"ODDS_B":9.80,"ODDS_C":9.80},"mlaft7_大":{"ID":4662,"P_3ID":89,"P_1ID":19,"GROUP_NAME":"第六名","SHOWCLS":"red","ODDS":1.96,"NUM":"大","NUM_NAME":"大","CODE":"mlaft7","SORT":11.0,"STATE":0,"ST":false,"BET_AMT":null,"ODDS_A":1.96,"ODDS_B":1.98,"ODDS_C":1.98},"mlaft7_小":{"ID":4663,"P_3ID":89,"P_1ID":19,"GROUP_NAME":"第六名","SHOWCLS":"green","ODDS":1.96,"NUM":"小","NUM_NAME":"小","CODE":"mlaft7","SORT":12.0,"STATE":0,"ST":false,"BET_AMT":null,"ODDS_A":1.96,"ODDS_B":1.98,"ODDS_C":1.98},"mlaft7_单":{"ID":4664,"P_3ID":89,"P_1ID":19,"GROUP_NAME":"第六名","SHOWCLS":"red","ODDS":1.96,"NUM":"单","NUM_NAME":"单","CODE":"mlaft7","SORT":13.0,"STATE":0,"ST":false,"BET_AMT":null,"ODDS_A":1.96,"ODDS_B":1.98,"ODDS_C":1.98},"mlaft7_双":{"ID":4665,"P_3ID":89,"P_1ID":19,"GROUP_NAME":"第六名","SHOWCLS":"green","ODDS":1.96,"NUM":"双","NUM_NAME":"双","CODE":"mlaft7","SORT":14.0,"STATE":0,"ST":false,"BET_AMT":null,"ODDS_A":1.96,"ODDS_B":1.98,"ODDS_C":1.98}},"mlaft8":{"mlaft8_1":{"ID":4677,"P_3ID":90,"P_1ID":19,"GROUP_NAME":"第七名","SHOWCLS":"blue","ODDS":9.86,"NUM":"1","NUM_NAME":"1","CODE":"mlaft8","SORT":1.0,"STATE":0,"ST":false,"BET_AMT":null,"ODDS_A":9.86,"ODDS_B":9.80,"ODDS_C":9.80},"mlaft8_2":{"ID":4675,"P_3ID":90,"P_1ID":19,"GROUP_NAME":"第七名","SHOWCLS":"blue","ODDS":9.86,"NUM":"2","NUM_NAME":"2","CODE":"mlaft8","SORT":2.0,"STATE":0,"ST":false,"BET_AMT":null,"ODDS_A":9.86,"ODDS_B":9.80,"ODDS_C":9.80},"mlaft8_3":{"ID":4676,"P_3ID":90,"P_1ID":19,"GROUP_NAME":"第七名","SHOWCLS":"blue","ODDS":9.86,"NUM":"3","NUM_NAME":"3","CODE":"mlaft8","SORT":3.0,"STATE":0,"ST":false,"BET_AMT":null,"ODDS_A":9.86,"ODDS_B":9.80,"ODDS_C":9.80},"mlaft8_4":{"ID":4670,"P_3ID":90,"P_1ID":19,"GROUP_NAME":"第七名","SHOWCLS":"blue","ODDS":9.86,"NUM":"4","NUM_NAME":"4","CODE":"mlaft8","SORT":4.0,"STATE":0,"ST":false,"BET_AMT":null,"ODDS_A":9.86,"ODDS_B":9.80,"ODDS_C":9.80},"mlaft8_5":{"ID":4671,"P_3ID":90,"P_1ID":19,"GROUP_NAME":"第七名","SHOWCLS":"blue","ODDS":9.86,"NUM":"5","NUM_NAME":"5","CODE":"mlaft8","SORT":5.0,"STATE":0,"ST":false,"BET_AMT":null,"ODDS_A":9.86,"ODDS_B":9.80,"ODDS_C":9.80},"mlaft8_6":{"ID":4672,"P_3ID":90,"P_1ID":19,"GROUP_NAME":"第七名","SHOWCLS":"blue","ODDS":9.86,"NUM":"6","NUM_NAME":"6","CODE":"mlaft8","SORT":6.0,"STATE":0,"ST":false,"BET_AMT":null,"ODDS_A":9.86,"ODDS_B":9.80,"ODDS_C":9.80},"mlaft8_7":{"ID":4673,"P_3ID":90,"P_1ID":19,"GROUP_NAME":"第七名","SHOWCLS":"blue","ODDS":9.86,"NUM":"7","NUM_NAME":"7","CODE":"mlaft8","SORT":7.0,"STATE":0,"ST":false,"BET_AMT":null,"ODDS_A":9.86,"ODDS_B":9.80,"ODDS_C":9.80},"mlaft8_8":{"ID":4674,"P_3ID":90,"P_1ID":19,"GROUP_NAME":"第七名","SHOWCLS":"blue","ODDS":9.86,"NUM":"8","NUM_NAME":"8","CODE":"mlaft8","SORT":8.0,"STATE":0,"ST":false,"BET_AMT":null,"ODDS_A":9.86,"ODDS_B":9.80,"ODDS_C":9.80},"mlaft8_9":{"ID":4678,"P_3ID":90,"P_1ID":19,"GROUP_NAME":"第七名","SHOWCLS":"blue","ODDS":9.86,"NUM":"9","NUM_NAME":"9","CODE":"mlaft8","SORT":9.0,"STATE":0,"ST":false,"BET_AMT":null,"ODDS_A":9.86,"ODDS_B":9.80,"ODDS_C":9.80},"mlaft8_10":{"ID":4679,"P_3ID":90,"P_1ID":19,"GROUP_NAME":"第七名","SHOWCLS":"blue","ODDS":9.86,"NUM":"10","NUM_NAME":"10","CODE":"mlaft8","SORT":10.0,"STATE":0,"ST":false,"BET_AMT":null,"ODDS_A":9.86,"ODDS_B":9.80,"ODDS_C":9.80},"mlaft8_大":{"ID":4680,"P_3ID":90,"P_1ID":19,"GROUP_NAME":"第七名","SHOWCLS":"red","ODDS":1.96,"NUM":"大","NUM_NAME":"大","CODE":"mlaft8","SORT":11.0,"STATE":0,"ST":false,"BET_AMT":null,"ODDS_A":1.96,"ODDS_B":1.98,"ODDS_C":1.98},"mlaft8_小":{"ID":4667,"P_3ID":90,"P_1ID":19,"GROUP_NAME":"第七名","SHOWCLS":"green","ODDS":1.96,"NUM":"小","NUM_NAME":"小","CODE":"mlaft8","SORT":12.0,"STATE":0,"ST":false,"BET_AMT":null,"ODDS_A":1.96,"ODDS_B":1.98,"ODDS_C":1.98},"mlaft8_单":{"ID":4668,"P_3ID":90,"P_1ID":19,"GROUP_NAME":"第七名","SHOWCLS":"red","ODDS":1.96,"NUM":"单","NUM_NAME":"单","CODE":"mlaft8","SORT":13.0,"STATE":0,"ST":false,"BET_AMT":null,"ODDS_A":1.96,"ODDS_B":1.98,"ODDS_C":1.98},"mlaft8_双":{"ID":4669,"P_3ID":90,"P_1ID":19,"GROUP_NAME":"第七名","SHOWCLS":"green","ODDS":1.96,"NUM":"双","NUM_NAME":"双","CODE":"mlaft8","SORT":14.0,"STATE":0,"ST":false,"BET_AMT":null,"ODDS_A":1.96,"ODDS_B":1.98,"ODDS_C":1.98}},"mlaft9":{"mlaft9_1":{"ID":4681,"P_3ID":91,"P_1ID":19,"GROUP_NAME":"第八名","SHOWCLS":"blue","ODDS":9.86,"NUM":"1","NUM_NAME":"1","CODE":"mlaft9","SORT":1.0,"STATE":0,"ST":false,"BET_AMT":null,"ODDS_A":9.86,"ODDS_B":9.80,"ODDS_C":9.80},"mlaft9_2":{"ID":4682,"P_3ID":91,"P_1ID":19,"GROUP_NAME":"第八名","SHOWCLS":"blue","ODDS":9.86,"NUM":"2","NUM_NAME":"2","CODE":"mlaft9","SORT":2.0,"STATE":0,"ST":false,"BET_AMT":null,"ODDS_A":9.86,"ODDS_B":9.80,"ODDS_C":9.80},"mlaft9_3":{"ID":4683,"P_3ID":91,"P_1ID":19,"GROUP_NAME":"第八名","SHOWCLS":"blue","ODDS":9.86,"NUM":"3","NUM_NAME":"3","CODE":"mlaft9","SORT":3.0,"STATE":0,"ST":false,"BET_AMT":null,"ODDS_A":9.86,"ODDS_B":9.80,"ODDS_C":9.80},"mlaft9_4":{"ID":4684,"P_3ID":91,"P_1ID":19,"GROUP_NAME":"第八名","SHOWCLS":"blue","ODDS":9.86,"NUM":"4","NUM_NAME":"4","CODE":"mlaft9","SORT":4.0,"STATE":0,"ST":false,"BET_AMT":null,"ODDS_A":9.86,"ODDS_B":9.80,"ODDS_C":9.80},"mlaft9_5":{"ID":4685,"P_3ID":91,"P_1ID":19,"GROUP_NAME":"第八名","SHOWCLS":"blue","ODDS":9.86,"NUM":"5","NUM_NAME":"5","CODE":"mlaft9","SORT":5.0,"STATE":0,"ST":false,"BET_AMT":null,"ODDS_A":9.86,"ODDS_B":9.80,"ODDS_C":9.80},"mlaft9_6":{"ID":4686,"P_3ID":91,"P_1ID":19,"GROUP_NAME":"第八名","SHOWCLS":"blue","ODDS":9.86,"NUM":"6","NUM_NAME":"6","CODE":"mlaft9","SORT":6.0,"STATE":0,"ST":false,"BET_AMT":null,"ODDS_A":9.86,"ODDS_B":9.80,"ODDS_C":9.80},"mlaft9_7":{"ID":4687,"P_3ID":91,"P_1ID":19,"GROUP_NAME":"第八名","SHOWCLS":"blue","ODDS":9.86,"NUM":"7","NUM_NAME":"7","CODE":"mlaft9","SORT":7.0,"STATE":0,"ST":false,"BET_AMT":null,"ODDS_A":9.86,"ODDS_B":9.80,"ODDS_C":9.80},"mlaft9_8":{"ID":4688,"P_3ID":91,"P_1ID":19,"GROUP_NAME":"第八名","SHOWCLS":"blue","ODDS":9.86,"NUM":"8","NUM_NAME":"8","CODE":"mlaft9","SORT":8.0,"STATE":0,"ST":false,"BET_AMT":null,"ODDS_A":9.86,"ODDS_B":9.80,"ODDS_C":9.80},"mlaft9_9":{"ID":4689,"P_3ID":91,"P_1ID":19,"GROUP_NAME":"第八名","SHOWCLS":"blue","ODDS":9.86,"NUM":"9","NUM_NAME":"9","CODE":"mlaft9","SORT":9.0,"STATE":0,"ST":false,"BET_AMT":null,"ODDS_A":9.86,"ODDS_B":9.80,"ODDS_C":9.80},"mlaft9_10":{"ID":4690,"P_3ID":91,"P_1ID":19,"GROUP_NAME":"第八名","SHOWCLS":"blue","ODDS":9.86,"NUM":"10","NUM_NAME":"10","CODE":"mlaft9","SORT":10.0,"STATE":0,"ST":false,"BET_AMT":null,"ODDS_A":9.86,"ODDS_B":9.80,"ODDS_C":9.80},"mlaft9_大":{"ID":4691,"P_3ID":91,"P_1ID":19,"GROUP_NAME":"第八名","SHOWCLS":"red","ODDS":1.96,"NUM":"大","NUM_NAME":"大","CODE":"mlaft9","SORT":11.0,"STATE":0,"ST":false,"BET_AMT":null,"ODDS_A":1.96,"ODDS_B":1.98,"ODDS_C":1.98},"mlaft9_小":{"ID":4692,"P_3ID":91,"P_1ID":19,"GROUP_NAME":"第八名","SHOWCLS":"green","ODDS":1.96,"NUM":"小","NUM_NAME":"小","CODE":"mlaft9","SORT":12.0,"STATE":0,"ST":false,"BET_AMT":null,"ODDS_A":1.96,"ODDS_B":1.98,"ODDS_C":1.98},"mlaft9_单":{"ID":4693,"P_3ID":91,"P_1ID":19,"GROUP_NAME":"第八名","SHOWCLS":"red","ODDS":1.96,"NUM":"单","NUM_NAME":"单","CODE":"mlaft9","SORT":13.0,"STATE":0,"ST":false,"BET_AMT":null,"ODDS_A":1.96,"ODDS_B":1.98,"ODDS_C":1.98},"mlaft9_双":{"ID":4694,"P_3ID":91,"P_1ID":19,"GROUP_NAME":"第八名","SHOWCLS":"green","ODDS":1.96,"NUM":"双","NUM_NAME":"双","CODE":"mlaft9","SORT":14.0,"STATE":0,"ST":false,"BET_AMT":null,"ODDS_A":1.96,"ODDS_B":1.98,"ODDS_C":1.98}}}
