[
    {
        "PERIODS_NO": "20180418078",
        "START_TT": "19:01:17",
        "OPEN_CODE": "3,3,6,8,3",
        "JSON_RESULT": "{\"第一球\":[\"3\",\"小\",\"单\"],\"第二球\":[\"3\",\"小\",\"单\"],\"第三球\":[\"6\",\"大\",\"双\"],\"第四球\":[\"8\",\"大\",\"双\"],\"第五球\":[\"3\",\"小\",\"单\"],\"总和-龙虎\":[\"大\",\"单\",\"和\"],\"前三球\":[\"对子\",\"小\",\"双\"],\"中三球\":[\"杂六\",\"大\",\"单\"],\"后三球\":[\"杂六\",\"大\",\"单\"],\"斗牛\":[\"没牛\",\"没牛\",\"没牛\"],\"梭哈\":[\"三条\"]}"
    },
    {
        "PERIODS_NO": "20180418077",
        "START_TT": "18:51:01",
        "OPEN_CODE": "6,5,6,1,0",
        "JSON_RESULT": "{\"第一球\":[\"6\",\"大\",\"双\"],\"第二球\":[\"5\",\"大\",\"单\"],\"第三球\":[\"6\",\"大\",\"双\"],\"第四球\":[\"1\",\"小\",\"单\"],\"第五球\":[\"0\",\"小\",\"双\"],\"总和-龙虎\":[\"小\",\"双\",\"龙\"],\"前三球\":[\"对子\",\"大\",\"单\"],\"中三球\":[\"半顺\",\"小\",\"双\"],\"后三球\":[\"半顺\",\"小\",\"单\"],\"斗牛\":[\"没牛\",\"没牛\",\"没牛\"],\"梭哈\":[\"一对\"]}"
    },
    {
        "PERIODS_NO": "20180418076",
        "START_TT": "18:41:06",
        "OPEN_CODE": "0,0,9,8,1",
        "JSON_RESULT": "{\"第一球\":[\"0\",\"小\",\"双\"],\"第二球\":[\"0\",\"小\",\"双\"],\"第三球\":[\"9\",\"大\",\"单\"],\"第四球\":[\"8\",\"大\",\"双\"],\"第五球\":[\"1\",\"小\",\"单\"],\"总和-龙虎\":[\"小\",\"双\",\"虎\"],\"前三球\":[\"对子\",\"小\",\"单\"],\"中三球\":[\"顺子\",\"大\",\"单\"],\"后三球\":[\"半顺\",\"大\",\"双\"],\"斗牛\":[\"牛8\",\"牛大\",\"牛双\"],\"梭哈\":[\"一对\"]}"
    },
    {
        "PERIODS_NO": "20180418075",
        "START_TT": "18:31:09",
        "OPEN_CODE": "0,9,6,6,2",
        "JSON_RESULT": "{\"第一球\":[\"0\",\"小\",\"双\"],\"第二球\":[\"9\",\"大\",\"单\"],\"第三球\":[\"6\",\"大\",\"双\"],\"第四球\":[\"6\",\"大\",\"双\"],\"第五球\":[\"2\",\"小\",\"双\"],\"总和-龙虎\":[\"大\",\"单\",\"虎\"],\"前三球\":[\"半顺\",\"大\",\"单\"],\"中三球\":[\"对子\",\"大\",\"单\"],\"后三球\":[\"对子\",\"大\",\"双\"],\"斗牛\":[\"没牛\",\"没牛\",\"没牛\"],\"梭哈\":[\"一对\"]}"
    },
    {
        "PERIODS_NO": "20180418074",
        "START_TT": "18:21:20",
        "OPEN_CODE": "4,9,6,9,5",
        "JSON_RESULT": "{\"第一球\":[\"4\",\"小\",\"双\"],\"第二球\":[\"9\",\"大\",\"单\"],\"第三球\":[\"6\",\"大\",\"双\"],\"第四球\":[\"9\",\"大\",\"单\"],\"第五球\":[\"5\",\"大\",\"单\"],\"总和-龙虎\":[\"大\",\"单\",\"虎\"],\"前三球\":[\"杂六\",\"大\",\"单\"],\"中三球\":[\"对子\",\"大\",\"双\"],\"后三球\":[\"半顺\",\"大\",\"双\"],\"斗牛\":[\"牛3\",\"牛小\",\"牛单\"],\"梭哈\":[\"一对\"]}"
    },
    {
        "PERIODS_NO": "20180418073",
        "START_TT": "18:11:03",
        "OPEN_CODE": "0,7,3,4,1",
        "JSON_RESULT": "{\"第一球\":[\"0\",\"小\",\"双\"],\"第二球\":[\"7\",\"大\",\"单\"],\"第三球\":[\"3\",\"小\",\"单\"],\"第四球\":[\"4\",\"小\",\"双\"],\"第五球\":[\"1\",\"小\",\"单\"],\"总和-龙虎\":[\"小\",\"单\",\"虎\"],\"前三球\":[\"杂六\",\"小\",\"双\"],\"中三球\":[\"半顺\",\"大\",\"双\"],\"后三球\":[\"半顺\",\"小\",\"双\"],\"斗牛\":[\"牛5\",\"牛小\",\"牛单\"],\"梭哈\":[\"散号\"]}"
    },
    {
        "PERIODS_NO": "20180418072",
        "START_TT": "18:01:01",
        "OPEN_CODE": "6,0,7,4,0",
        "JSON_RESULT": "{\"第一球\":[\"6\",\"大\",\"双\"],\"第二球\":[\"0\",\"小\",\"双\"],\"第三球\":[\"7\",\"大\",\"单\"],\"第四球\":[\"4\",\"小\",\"双\"],\"第五球\":[\"0\",\"小\",\"双\"],\"总和-龙虎\":[\"小\",\"单\",\"龙\"],\"前三球\":[\"半顺\",\"小\",\"单\"],\"中三球\":[\"杂六\",\"小\",\"单\"],\"后三球\":[\"杂六\",\"小\",\"单\"],\"斗牛\":[\"牛7\",\"牛大\",\"牛单\"],\"梭哈\":[\"一对\"]}"
    },
    {
        "PERIODS_NO": "20180418071",
        "START_TT": "17:50:59",
        "OPEN_CODE": "1,9,6,8,5",
        "JSON_RESULT": "{\"第一球\":[\"1\",\"小\",\"单\"],\"第二球\":[\"9\",\"大\",\"单\"],\"第三球\":[\"6\",\"大\",\"双\"],\"第四球\":[\"8\",\"大\",\"双\"],\"第五球\":[\"5\",\"大\",\"单\"],\"总和-龙虎\":[\"大\",\"单\",\"虎\"],\"前三球\":[\"杂六\",\"大\",\"双\"],\"中三球\":[\"半顺\",\"大\",\"单\"],\"后三球\":[\"半顺\",\"大\",\"单\"],\"斗牛\":[\"牛9\",\"牛大\",\"牛单\"],\"梭哈\":[\"散号\"]}"
    },
    {
        "PERIODS_NO": "20180418070",
        "START_TT": "17:41:08",
        "OPEN_CODE": "2,3,3,0,2",
        "JSON_RESULT": "{\"第一球\":[\"2\",\"小\",\"双\"],\"第二球\":[\"3\",\"小\",\"单\"],\"第三球\":[\"3\",\"小\",\"单\"],\"第四球\":[\"0\",\"小\",\"双\"],\"第五球\":[\"2\",\"小\",\"双\"],\"总和-龙虎\":[\"小\",\"双\",\"和\"],\"前三球\":[\"对子\",\"小\",\"双\"],\"中三球\":[\"对子\",\"小\",\"双\"],\"后三球\":[\"半顺\",\"小\",\"单\"],\"斗牛\":[\"没牛\",\"没牛\",\"没牛\"],\"梭哈\":[\"两对\"]}"
    },
    {
        "PERIODS_NO": "20180418069",
        "START_TT": "17:30:59",
        "OPEN_CODE": "7,9,6,0,3",
        "JSON_RESULT": "{\"第一球\":[\"7\",\"大\",\"单\"],\"第二球\":[\"9\",\"大\",\"单\"],\"第三球\":[\"6\",\"大\",\"双\"],\"第四球\":[\"0\",\"小\",\"双\"],\"第五球\":[\"3\",\"小\",\"单\"],\"总和-龙虎\":[\"大\",\"单\",\"龙\"],\"前三球\":[\"半顺\",\"大\",\"双\"],\"中三球\":[\"半顺\",\"大\",\"单\"],\"后三球\":[\"杂六\",\"小\",\"单\"],\"斗牛\":[\"牛5\",\"牛小\",\"牛单\"],\"梭哈\":[\"散号\"]}"
    },
    {
        "PERIODS_NO": "20180418068",
        "START_TT": "17:20:59",
        "OPEN_CODE": "6,6,7,5,8",
        "JSON_RESULT": "{\"第一球\":[\"6\",\"大\",\"双\"],\"第二球\":[\"6\",\"大\",\"双\"],\"第三球\":[\"7\",\"大\",\"单\"],\"第四球\":[\"5\",\"大\",\"单\"],\"第五球\":[\"8\",\"大\",\"双\"],\"总和-龙虎\":[\"大\",\"双\",\"虎\"],\"前三球\":[\"对子\",\"大\",\"单\"],\"中三球\":[\"顺子\",\"大\",\"双\"],\"后三球\":[\"半顺\",\"大\",\"双\"],\"斗牛\":[\"牛2\",\"牛小\",\"牛双\"],\"梭哈\":[\"一对\"]}"
    },
    {
        "PERIODS_NO": "20180418067",
        "START_TT": "17:11:19",
        "OPEN_CODE": "5,2,1,6,4",
        "JSON_RESULT": "{\"第一球\":[\"5\",\"大\",\"单\"],\"第二球\":[\"2\",\"小\",\"双\"],\"第三球\":[\"1\",\"小\",\"单\"],\"第四球\":[\"6\",\"大\",\"双\"],\"第五球\":[\"4\",\"小\",\"双\"],\"总和-龙虎\":[\"小\",\"双\",\"龙\"],\"前三球\":[\"半顺\",\"小\",\"双\"],\"中三球\":[\"半顺\",\"小\",\"单\"],\"后三球\":[\"杂六\",\"小\",\"单\"],\"斗牛\":[\"牛8\",\"牛大\",\"牛双\"],\"梭哈\":[\"散号\"]}"
    },
    {
        "PERIODS_NO": "20180418066",
        "START_TT": "17:01:10",
        "OPEN_CODE": "9,0,0,6,5",
        "JSON_RESULT": "{\"第一球\":[\"9\",\"大\",\"单\"],\"第二球\":[\"0\",\"小\",\"双\"],\"第三球\":[\"0\",\"小\",\"双\"],\"第四球\":[\"6\",\"大\",\"双\"],\"第五球\":[\"5\",\"大\",\"单\"],\"总和-龙虎\":[\"小\",\"双\",\"龙\"],\"前三球\":[\"对子\",\"小\",\"单\"],\"中三球\":[\"对子\",\"小\",\"双\"],\"后三球\":[\"半顺\",\"小\",\"单\"],\"斗牛\":[\"牛牛\",\"牛大\",\"牛双\"],\"梭哈\":[\"一对\"]}"
    },
    {
        "PERIODS_NO": "20180418065",
        "START_TT": "16:51:04",
        "OPEN_CODE": "2,7,5,1,0",
        "JSON_RESULT": "{\"第一球\":[\"2\",\"小\",\"双\"],\"第二球\":[\"7\",\"大\",\"单\"],\"第三球\":[\"5\",\"大\",\"单\"],\"第四球\":[\"1\",\"小\",\"单\"],\"第五球\":[\"0\",\"小\",\"双\"],\"总和-龙虎\":[\"小\",\"单\",\"龙\"],\"前三球\":[\"杂六\",\"大\",\"双\"],\"中三球\":[\"杂六\",\"小\",\"单\"],\"后三球\":[\"半顺\",\"小\",\"双\"],\"斗牛\":[\"牛5\",\"牛小\",\"牛单\"],\"梭哈\":[\"散号\"]}"
    },
    {
        "PERIODS_NO": "20180418064",
        "START_TT": "16:40:55",
        "OPEN_CODE": "9,7,3,5,1",
        "JSON_RESULT": "{\"第一球\":[\"9\",\"大\",\"单\"],\"第二球\":[\"7\",\"大\",\"单\"],\"第三球\":[\"3\",\"小\",\"单\"],\"第四球\":[\"5\",\"大\",\"单\"],\"第五球\":[\"1\",\"小\",\"单\"],\"总和-龙虎\":[\"大\",\"单\",\"龙\"],\"前三球\":[\"杂六\",\"大\",\"单\"],\"中三球\":[\"杂六\",\"大\",\"单\"],\"后三球\":[\"杂六\",\"小\",\"单\"],\"斗牛\":[\"没牛\",\"没牛\",\"没牛\"],\"梭哈\":[\"散号\"]}"
    },
    {
        "PERIODS_NO": "20180418063",
        "START_TT": "16:31:00",
        "OPEN_CODE": "8,5,1,7,0",
        "JSON_RESULT": "{\"第一球\":[\"8\",\"大\",\"双\"],\"第二球\":[\"5\",\"大\",\"单\"],\"第三球\":[\"1\",\"小\",\"单\"],\"第四球\":[\"7\",\"大\",\"单\"],\"第五球\":[\"0\",\"小\",\"双\"],\"总和-龙虎\":[\"小\",\"单\",\"龙\"],\"前三球\":[\"杂六\",\"大\",\"双\"],\"中三球\":[\"杂六\",\"小\",\"单\"],\"后三球\":[\"半顺\",\"小\",\"双\"],\"斗牛\":[\"牛1\",\"牛小\",\"牛单\"],\"梭哈\":[\"散号\"]}"
    },
    {
        "PERIODS_NO": "20180418062",
        "START_TT": "16:20:58",
        "OPEN_CODE": "8,8,4,8,4",
        "JSON_RESULT": "{\"第一球\":[\"8\",\"大\",\"双\"],\"第二球\":[\"8\",\"大\",\"双\"],\"第三球\":[\"4\",\"小\",\"双\"],\"第四球\":[\"8\",\"大\",\"双\"],\"第五球\":[\"4\",\"小\",\"双\"],\"总和-龙虎\":[\"大\",\"双\",\"龙\"],\"前三球\":[\"对子\",\"大\",\"双\"],\"中三球\":[\"对子\",\"大\",\"双\"],\"后三球\":[\"对子\",\"大\",\"双\"],\"斗牛\":[\"牛2\",\"牛小\",\"牛双\"],\"梭哈\":[\"葫芦\"]}"
    },
    {
        "PERIODS_NO": "20180418061",
        "START_TT": "16:11:04",
        "OPEN_CODE": "0,2,9,5,4",
        "JSON_RESULT": "{\"第一球\":[\"0\",\"小\",\"双\"],\"第二球\":[\"2\",\"小\",\"双\"],\"第三球\":[\"9\",\"大\",\"单\"],\"第四球\":[\"5\",\"大\",\"单\"],\"第五球\":[\"4\",\"小\",\"双\"],\"总和-龙虎\":[\"小\",\"双\",\"虎\"],\"前三球\":[\"半顺\",\"小\",\"单\"],\"中三球\":[\"杂六\",\"大\",\"双\"],\"后三球\":[\"半顺\",\"大\",\"双\"],\"斗牛\":[\"没牛\",\"没牛\",\"没牛\"],\"梭哈\":[\"散号\"]}"
    },
    {
        "PERIODS_NO": "20180418060",
        "START_TT": "16:01:27",
        "OPEN_CODE": "7,2,9,5,0",
        "JSON_RESULT": "{\"第一球\":[\"7\",\"大\",\"单\"],\"第二球\":[\"2\",\"小\",\"双\"],\"第三球\":[\"9\",\"大\",\"单\"],\"第四球\":[\"5\",\"大\",\"单\"],\"第五球\":[\"0\",\"小\",\"双\"],\"总和-龙虎\":[\"大\",\"单\",\"龙\"],\"前三球\":[\"杂六\",\"大\",\"双\"],\"中三球\":[\"杂六\",\"大\",\"双\"],\"后三球\":[\"半顺\",\"大\",\"双\"],\"斗牛\":[\"没牛\",\"没牛\",\"没牛\"],\"梭哈\":[\"散号\"]}"
    },
    {
        "PERIODS_NO": "20180418059",
        "START_TT": "15:51:17",
        "OPEN_CODE": "2,2,1,0,1",
        "JSON_RESULT": "{\"第一球\":[\"2\",\"小\",\"双\"],\"第二球\":[\"2\",\"小\",\"双\"],\"第三球\":[\"1\",\"小\",\"单\"],\"第四球\":[\"0\",\"小\",\"双\"],\"第五球\":[\"1\",\"小\",\"单\"],\"总和-龙虎\":[\"小\",\"双\",\"龙\"],\"前三球\":[\"对子\",\"小\",\"单\"],\"中三球\":[\"顺子\",\"小\",\"单\"],\"后三球\":[\"对子\",\"小\",\"双\"],\"斗牛\":[\"没牛\",\"没牛\",\"没牛\"],\"梭哈\":[\"两对\"]}"
    },
    {
        "PERIODS_NO": "20180418058",
        "START_TT": "15:41:07",
        "OPEN_CODE": "7,6,7,2,0",
        "JSON_RESULT": "{\"第一球\":[\"7\",\"大\",\"单\"],\"第二球\":[\"6\",\"大\",\"双\"],\"第三球\":[\"7\",\"大\",\"单\"],\"第四球\":[\"2\",\"小\",\"双\"],\"第五球\":[\"0\",\"小\",\"双\"],\"总和-龙虎\":[\"小\",\"双\",\"龙\"],\"前三球\":[\"对子\",\"大\",\"双\"],\"中三球\":[\"半顺\",\"大\",\"单\"],\"后三球\":[\"杂六\",\"小\",\"单\"],\"斗牛\":[\"牛2\",\"牛小\",\"牛双\"],\"梭哈\":[\"一对\"]}"
    },
    {
        "PERIODS_NO": "20180418057",
        "START_TT": "15:31:06",
        "OPEN_CODE": "2,7,6,9,8",
        "JSON_RESULT": "{\"第一球\":[\"2\",\"小\",\"双\"],\"第二球\":[\"7\",\"大\",\"单\"],\"第三球\":[\"6\",\"大\",\"双\"],\"第四球\":[\"9\",\"大\",\"单\"],\"第五球\":[\"8\",\"大\",\"双\"],\"总和-龙虎\":[\"大\",\"双\",\"虎\"],\"前三球\":[\"半顺\",\"大\",\"单\"],\"中三球\":[\"半顺\",\"大\",\"双\"],\"后三球\":[\"半顺\",\"大\",\"单\"],\"斗牛\":[\"没牛\",\"没牛\",\"没牛\"],\"梭哈\":[\"散号\"]}"
    },
    {
        "PERIODS_NO": "20180418056",
        "START_TT": "15:21:00",
        "OPEN_CODE": "0,7,2,5,9",
        "JSON_RESULT": "{\"第一球\":[\"0\",\"小\",\"双\"],\"第二球\":[\"7\",\"大\",\"单\"],\"第三球\":[\"2\",\"小\",\"双\"],\"第四球\":[\"5\",\"大\",\"单\"],\"第五球\":[\"9\",\"大\",\"单\"],\"总和-龙虎\":[\"大\",\"单\",\"虎\"],\"前三球\":[\"杂六\",\"小\",\"单\"],\"中三球\":[\"杂六\",\"大\",\"双\"],\"后三球\":[\"杂六\",\"大\",\"双\"],\"斗牛\":[\"没牛\",\"没牛\",\"没牛\"],\"梭哈\":[\"散号\"]}"
    },
    {
        "PERIODS_NO": "20180418055",
        "START_TT": "15:11:09",
        "OPEN_CODE": "0,2,9,7,2",
        "JSON_RESULT": "{\"第一球\":[\"0\",\"小\",\"双\"],\"第二球\":[\"2\",\"小\",\"双\"],\"第三球\":[\"9\",\"大\",\"单\"],\"第四球\":[\"7\",\"大\",\"单\"],\"第五球\":[\"2\",\"小\",\"双\"],\"总和-龙虎\":[\"小\",\"双\",\"虎\"],\"前三球\":[\"半顺\",\"小\",\"单\"],\"中三球\":[\"杂六\",\"大\",\"双\"],\"后三球\":[\"杂六\",\"大\",\"双\"],\"斗牛\":[\"没牛\",\"没牛\",\"没牛\"],\"梭哈\":[\"一对\"]}"
    },
    {
        "PERIODS_NO": "20180418054",
        "START_TT": "15:01:03",
        "OPEN_CODE": "4,1,0,7,9",
        "JSON_RESULT": "{\"第一球\":[\"4\",\"小\",\"双\"],\"第二球\":[\"1\",\"小\",\"单\"],\"第三球\":[\"0\",\"小\",\"双\"],\"第四球\":[\"7\",\"大\",\"单\"],\"第五球\":[\"9\",\"大\",\"单\"],\"总和-龙虎\":[\"小\",\"单\",\"虎\"],\"前三球\":[\"半顺\",\"小\",\"单\"],\"中三球\":[\"半顺\",\"小\",\"双\"],\"后三球\":[\"半顺\",\"大\",\"双\"],\"斗牛\":[\"牛1\",\"牛小\",\"牛单\"],\"梭哈\":[\"散号\"]}"
    },
    {
        "PERIODS_NO": "20180418053",
        "START_TT": "14:50:59",
        "OPEN_CODE": "8,8,4,2,8",
        "JSON_RESULT": "{\"第一球\":[\"8\",\"大\",\"双\"],\"第二球\":[\"8\",\"大\",\"双\"],\"第三球\":[\"4\",\"小\",\"双\"],\"第四球\":[\"2\",\"小\",\"双\"],\"第五球\":[\"8\",\"大\",\"双\"],\"总和-龙虎\":[\"大\",\"双\",\"和\"],\"前三球\":[\"对子\",\"大\",\"双\"],\"中三球\":[\"杂六\",\"大\",\"双\"],\"后三球\":[\"杂六\",\"大\",\"双\"],\"斗牛\":[\"牛牛\",\"牛大\",\"牛双\"],\"梭哈\":[\"三条\"]}"
    },
    {
        "PERIODS_NO": "20180418052",
        "START_TT": "14:41:20",
        "OPEN_CODE": "9,6,6,7,0",
        "JSON_RESULT": "{\"第一球\":[\"9\",\"大\",\"单\"],\"第二球\":[\"6\",\"大\",\"双\"],\"第三球\":[\"6\",\"大\",\"双\"],\"第四球\":[\"7\",\"大\",\"单\"],\"第五球\":[\"0\",\"小\",\"双\"],\"总和-龙虎\":[\"大\",\"双\",\"龙\"],\"前三球\":[\"对子\",\"大\",\"单\"],\"中三球\":[\"对子\",\"大\",\"单\"],\"后三球\":[\"半顺\",\"小\",\"单\"],\"斗牛\":[\"没牛\",\"没牛\",\"没牛\"],\"梭哈\":[\"一对\"]}"
    },
    {
        "PERIODS_NO": "20180418051",
        "START_TT": "14:30:59",
        "OPEN_CODE": "4,0,0,3,4",
        "JSON_RESULT": "{\"第一球\":[\"4\",\"小\",\"双\"],\"第二球\":[\"0\",\"小\",\"双\"],\"第三球\":[\"0\",\"小\",\"双\"],\"第四球\":[\"3\",\"小\",\"单\"],\"第五球\":[\"4\",\"小\",\"双\"],\"总和-龙虎\":[\"小\",\"单\",\"和\"],\"前三球\":[\"对子\",\"小\",\"双\"],\"中三球\":[\"对子\",\"小\",\"单\"],\"后三球\":[\"半顺\",\"小\",\"单\"],\"斗牛\":[\"没牛\",\"没牛\",\"没牛\"],\"梭哈\":[\"两对\"]}"
    },
    {
        "PERIODS_NO": "20180418050",
        "START_TT": "14:20:56",
        "OPEN_CODE": "3,0,5,2,7",
        "JSON_RESULT": "{\"第一球\":[\"3\",\"小\",\"单\"],\"第二球\":[\"0\",\"小\",\"双\"],\"第三球\":[\"5\",\"大\",\"单\"],\"第四球\":[\"2\",\"小\",\"双\"],\"第五球\":[\"7\",\"大\",\"单\"],\"总和-龙虎\":[\"小\",\"单\",\"虎\"],\"前三球\":[\"杂六\",\"小\",\"双\"],\"中三球\":[\"杂六\",\"小\",\"单\"],\"后三球\":[\"杂六\",\"大\",\"双\"],\"斗牛\":[\"牛7\",\"牛大\",\"牛单\"],\"梭哈\":[\"散号\"]}"
    },
    {
        "PERIODS_NO": "20180418049",
        "START_TT": "14:11:05",
        "OPEN_CODE": "5,7,7,9,7",
        "JSON_RESULT": "{\"第一球\":[\"5\",\"大\",\"单\"],\"第二球\":[\"7\",\"大\",\"单\"],\"第三球\":[\"7\",\"大\",\"单\"],\"第四球\":[\"9\",\"大\",\"单\"],\"第五球\":[\"7\",\"大\",\"单\"],\"总和-龙虎\":[\"大\",\"单\",\"虎\"],\"前三球\":[\"对子\",\"大\",\"单\"],\"中三球\":[\"对子\",\"大\",\"单\"],\"后三球\":[\"对子\",\"大\",\"单\"],\"斗牛\":[\"没牛\",\"没牛\",\"没牛\"],\"梭哈\":[\"三条\"]}"
    },
    {
        "PERIODS_NO": "20180418048",
        "START_TT": "14:01:15",
        "OPEN_CODE": "5,8,5,9,3",
        "JSON_RESULT": "{\"第一球\":[\"5\",\"大\",\"单\"],\"第二球\":[\"8\",\"大\",\"双\"],\"第三球\":[\"5\",\"大\",\"单\"],\"第四球\":[\"9\",\"大\",\"单\"],\"第五球\":[\"3\",\"小\",\"单\"],\"总和-龙虎\":[\"大\",\"双\",\"龙\"],\"前三球\":[\"对子\",\"大\",\"双\"],\"中三球\":[\"半顺\",\"大\",\"双\"],\"后三球\":[\"杂六\",\"大\",\"单\"],\"斗牛\":[\"牛牛\",\"牛大\",\"牛双\"],\"梭哈\":[\"一对\"]}"
    },
    {
        "PERIODS_NO": "20180418047",
        "START_TT": "13:52:34",
        "OPEN_CODE": "6,9,1,5,8",
        "JSON_RESULT": "{\"第一球\":[\"6\",\"大\",\"双\"],\"第二球\":[\"9\",\"大\",\"单\"],\"第三球\":[\"1\",\"小\",\"单\"],\"第四球\":[\"5\",\"大\",\"单\"],\"第五球\":[\"8\",\"大\",\"双\"],\"总和-龙虎\":[\"大\",\"单\",\"虎\"],\"前三球\":[\"杂六\",\"大\",\"双\"],\"中三球\":[\"杂六\",\"大\",\"单\"],\"后三球\":[\"杂六\",\"大\",\"双\"],\"斗牛\":[\"牛9\",\"牛大\",\"牛单\"],\"梭哈\":[\"散号\"]}"
    },
    {
        "PERIODS_NO": "20180418046",
        "START_TT": "13:41:12",
        "OPEN_CODE": "3,2,1,2,0",
        "JSON_RESULT": "{\"第一球\":[\"3\",\"小\",\"单\"],\"第二球\":[\"2\",\"小\",\"双\"],\"第三球\":[\"1\",\"小\",\"单\"],\"第四球\":[\"2\",\"小\",\"双\"],\"第五球\":[\"0\",\"小\",\"双\"],\"总和-龙虎\":[\"小\",\"双\",\"龙\"],\"前三球\":[\"顺子\",\"小\",\"双\"],\"中三球\":[\"对子\",\"小\",\"单\"],\"后三球\":[\"顺子\",\"小\",\"单\"],\"斗牛\":[\"没牛\",\"没牛\",\"没牛\"],\"梭哈\":[\"一对\"]}"
    },
    {
        "PERIODS_NO": "20180418045",
        "START_TT": "13:31:25",
        "OPEN_CODE": "6,5,9,5,9",
        "JSON_RESULT": "{\"第一球\":[\"6\",\"大\",\"双\"],\"第二球\":[\"5\",\"大\",\"单\"],\"第三球\":[\"9\",\"大\",\"单\"],\"第四球\":[\"5\",\"大\",\"单\"],\"第五球\":[\"9\",\"大\",\"单\"],\"总和-龙虎\":[\"大\",\"双\",\"虎\"],\"前三球\":[\"半顺\",\"大\",\"双\"],\"中三球\":[\"对子\",\"大\",\"单\"],\"后三球\":[\"对子\",\"大\",\"单\"],\"斗牛\":[\"牛4\",\"牛小\",\"牛双\"],\"梭哈\":[\"两对\"]}"
    },
    {
        "PERIODS_NO": "20180418044",
        "START_TT": "13:21:04",
        "OPEN_CODE": "2,2,5,4,6",
        "JSON_RESULT": "{\"第一球\":[\"2\",\"小\",\"双\"],\"第二球\":[\"2\",\"小\",\"双\"],\"第三球\":[\"5\",\"大\",\"单\"],\"第四球\":[\"4\",\"小\",\"双\"],\"第五球\":[\"6\",\"大\",\"双\"],\"总和-龙虎\":[\"小\",\"单\",\"虎\"],\"前三球\":[\"对子\",\"小\",\"单\"],\"中三球\":[\"半顺\",\"小\",\"单\"],\"后三球\":[\"顺子\",\"大\",\"单\"],\"斗牛\":[\"牛9\",\"牛大\",\"牛单\"],\"梭哈\":[\"一对\"]}"
    },
    {
        "PERIODS_NO": "20180418043",
        "START_TT": "13:10:59",
        "OPEN_CODE": "6,5,8,9,5",
        "JSON_RESULT": "{\"第一球\":[\"6\",\"大\",\"双\"],\"第二球\":[\"5\",\"大\",\"单\"],\"第三球\":[\"8\",\"大\",\"双\"],\"第四球\":[\"9\",\"大\",\"单\"],\"第五球\":[\"5\",\"大\",\"单\"],\"总和-龙虎\":[\"大\",\"单\",\"龙\"],\"前三球\":[\"半顺\",\"大\",\"单\"],\"中三球\":[\"半顺\",\"大\",\"双\"],\"后三球\":[\"半顺\",\"大\",\"双\"],\"斗牛\":[\"牛3\",\"牛小\",\"牛单\"],\"梭哈\":[\"一对\"]}"
    },
    {
        "PERIODS_NO": "20180418042",
        "START_TT": "13:01:08",
        "OPEN_CODE": "9,6,7,1,9",
        "JSON_RESULT": "{\"第一球\":[\"9\",\"大\",\"单\"],\"第二球\":[\"6\",\"大\",\"双\"],\"第三球\":[\"7\",\"大\",\"单\"],\"第四球\":[\"1\",\"小\",\"单\"],\"第五球\":[\"9\",\"大\",\"单\"],\"总和-龙虎\":[\"大\",\"双\",\"和\"],\"前三球\":[\"半顺\",\"大\",\"双\"],\"中三球\":[\"半顺\",\"大\",\"双\"],\"后三球\":[\"杂六\",\"大\",\"单\"],\"斗牛\":[\"没牛\",\"没牛\",\"没牛\"],\"梭哈\":[\"一对\"]}"
    },
    {
        "PERIODS_NO": "20180418041",
        "START_TT": "12:51:01",
        "OPEN_CODE": "0,0,3,6,6",
        "JSON_RESULT": "{\"第一球\":[\"0\",\"小\",\"双\"],\"第二球\":[\"0\",\"小\",\"双\"],\"第三球\":[\"3\",\"小\",\"单\"],\"第四球\":[\"6\",\"大\",\"双\"],\"第五球\":[\"6\",\"大\",\"双\"],\"总和-龙虎\":[\"小\",\"单\",\"虎\"],\"前三球\":[\"对子\",\"小\",\"单\"],\"中三球\":[\"杂六\",\"小\",\"单\"],\"后三球\":[\"对子\",\"大\",\"单\"],\"斗牛\":[\"没牛\",\"没牛\",\"没牛\"],\"梭哈\":[\"两对\"]}"
    },
    {
        "PERIODS_NO": "20180418040",
        "START_TT": "12:40:57",
        "OPEN_CODE": "5,4,3,1,3",
        "JSON_RESULT": "{\"第一球\":[\"5\",\"大\",\"单\"],\"第二球\":[\"4\",\"小\",\"双\"],\"第三球\":[\"3\",\"小\",\"单\"],\"第四球\":[\"1\",\"小\",\"单\"],\"第五球\":[\"3\",\"小\",\"单\"],\"总和-龙虎\":[\"小\",\"双\",\"龙\"],\"前三球\":[\"顺子\",\"小\",\"双\"],\"中三球\":[\"半顺\",\"小\",\"双\"],\"后三球\":[\"对子\",\"小\",\"单\"],\"斗牛\":[\"牛6\",\"牛大\",\"牛双\"],\"梭哈\":[\"一对\"]}"
    },
    {
        "PERIODS_NO": "20180418039",
        "START_TT": "12:31:02",
        "OPEN_CODE": "6,2,7,1,6",
        "JSON_RESULT": "{\"第一球\":[\"6\",\"大\",\"双\"],\"第二球\":[\"2\",\"小\",\"双\"],\"第三球\":[\"7\",\"大\",\"单\"],\"第四球\":[\"1\",\"小\",\"单\"],\"第五球\":[\"6\",\"大\",\"双\"],\"总和-龙虎\":[\"小\",\"双\",\"和\"],\"前三球\":[\"半顺\",\"大\",\"单\"],\"中三球\":[\"半顺\",\"小\",\"双\"],\"后三球\":[\"半顺\",\"大\",\"双\"],\"斗牛\":[\"牛2\",\"牛小\",\"牛双\"],\"梭哈\":[\"一对\"]}"
    },
    {
        "PERIODS_NO": "20180418038",
        "START_TT": "12:21:00",
        "OPEN_CODE": "1,5,2,2,6",
        "JSON_RESULT": "{\"第一球\":[\"1\",\"小\",\"单\"],\"第二球\":[\"5\",\"大\",\"单\"],\"第三球\":[\"2\",\"小\",\"双\"],\"第四球\":[\"2\",\"小\",\"双\"],\"第五球\":[\"6\",\"大\",\"双\"],\"总和-龙虎\":[\"小\",\"双\",\"虎\"],\"前三球\":[\"半顺\",\"小\",\"双\"],\"中三球\":[\"对子\",\"小\",\"单\"],\"后三球\":[\"对子\",\"小\",\"双\"],\"斗牛\":[\"牛6\",\"牛大\",\"牛双\"],\"梭哈\":[\"一对\"]}"
    },
    {
        "PERIODS_NO": "20180418037",
        "START_TT": "12:11:06",
        "OPEN_CODE": "9,3,5,8,4",
        "JSON_RESULT": "{\"第一球\":[\"9\",\"大\",\"单\"],\"第二球\":[\"3\",\"小\",\"单\"],\"第三球\":[\"5\",\"大\",\"单\"],\"第四球\":[\"8\",\"大\",\"双\"],\"第五球\":[\"4\",\"小\",\"双\"],\"总和-龙虎\":[\"大\",\"单\",\"龙\"],\"前三球\":[\"杂六\",\"大\",\"单\"],\"中三球\":[\"杂六\",\"大\",\"双\"],\"后三球\":[\"半顺\",\"大\",\"单\"],\"斗牛\":[\"牛9\",\"牛大\",\"牛单\"],\"梭哈\":[\"散号\"]}"
    },
    {
        "PERIODS_NO": "20180418036",
        "START_TT": "12:01:06",
        "OPEN_CODE": "7,2,3,2,0",
        "JSON_RESULT": "{\"第一球\":[\"7\",\"大\",\"单\"],\"第二球\":[\"2\",\"小\",\"双\"],\"第三球\":[\"3\",\"小\",\"单\"],\"第四球\":[\"2\",\"小\",\"双\"],\"第五球\":[\"0\",\"小\",\"双\"],\"总和-龙虎\":[\"小\",\"双\",\"龙\"],\"前三球\":[\"半顺\",\"小\",\"双\"],\"中三球\":[\"对子\",\"小\",\"单\"],\"后三球\":[\"半顺\",\"小\",\"单\"],\"斗牛\":[\"牛4\",\"牛小\",\"牛双\"],\"梭哈\":[\"一对\"]}"
    },
    {
        "PERIODS_NO": "20180418035",
        "START_TT": "11:51:06",
        "OPEN_CODE": "6,8,3,2,6",
        "JSON_RESULT": "{\"第一球\":[\"6\",\"大\",\"双\"],\"第二球\":[\"8\",\"大\",\"双\"],\"第三球\":[\"3\",\"小\",\"单\"],\"第四球\":[\"2\",\"小\",\"双\"],\"第五球\":[\"6\",\"大\",\"双\"],\"总和-龙虎\":[\"大\",\"单\",\"和\"],\"前三球\":[\"杂六\",\"大\",\"单\"],\"中三球\":[\"半顺\",\"小\",\"单\"],\"后三球\":[\"半顺\",\"小\",\"单\"],\"斗牛\":[\"牛5\",\"牛小\",\"牛单\"],\"梭哈\":[\"一对\"]}"
    },
    {
        "PERIODS_NO": "20180418034",
        "START_TT": "11:41:04",
        "OPEN_CODE": "3,4,4,6,4",
        "JSON_RESULT": "{\"第一球\":[\"3\",\"小\",\"单\"],\"第二球\":[\"4\",\"小\",\"双\"],\"第三球\":[\"4\",\"小\",\"双\"],\"第四球\":[\"6\",\"大\",\"双\"],\"第五球\":[\"4\",\"小\",\"双\"],\"总和-龙虎\":[\"小\",\"单\",\"虎\"],\"前三球\":[\"对子\",\"小\",\"单\"],\"中三球\":[\"对子\",\"大\",\"双\"],\"后三球\":[\"对子\",\"大\",\"双\"],\"斗牛\":[\"没牛\",\"没牛\",\"没牛\"],\"梭哈\":[\"三条\"]}"
    },
    {
        "PERIODS_NO": "20180418033",
        "START_TT": "11:30:56",
        "OPEN_CODE": "4,1,2,8,5",
        "JSON_RESULT": "{\"第一球\":[\"4\",\"小\",\"双\"],\"第二球\":[\"1\",\"小\",\"单\"],\"第三球\":[\"2\",\"小\",\"双\"],\"第四球\":[\"8\",\"大\",\"双\"],\"第五球\":[\"5\",\"大\",\"单\"],\"总和-龙虎\":[\"小\",\"双\",\"虎\"],\"前三球\":[\"半顺\",\"小\",\"单\"],\"中三球\":[\"半顺\",\"小\",\"单\"],\"后三球\":[\"杂六\",\"大\",\"单\"],\"斗牛\":[\"牛牛\",\"牛大\",\"牛双\"],\"梭哈\":[\"散号\"]}"
    },
    {
        "PERIODS_NO": "20180418032",
        "START_TT": "11:21:02",
        "OPEN_CODE": "3,8,8,3,3",
        "JSON_RESULT": "{\"第一球\":[\"3\",\"小\",\"单\"],\"第二球\":[\"8\",\"大\",\"双\"],\"第三球\":[\"8\",\"大\",\"双\"],\"第四球\":[\"3\",\"小\",\"单\"],\"第五球\":[\"3\",\"小\",\"单\"],\"总和-龙虎\":[\"大\",\"单\",\"和\"],\"前三球\":[\"对子\",\"大\",\"单\"],\"中三球\":[\"对子\",\"大\",\"单\"],\"后三球\":[\"对子\",\"大\",\"双\"],\"斗牛\":[\"没牛\",\"没牛\",\"没牛\"],\"梭哈\":[\"葫芦\"]}"
    },
    {
        "PERIODS_NO": "20180418031",
        "START_TT": "11:11:31",
        "OPEN_CODE": "5,9,9,9,0",
        "JSON_RESULT": "{\"第一球\":[\"5\",\"大\",\"单\"],\"第二球\":[\"9\",\"大\",\"单\"],\"第三球\":[\"9\",\"大\",\"单\"],\"第四球\":[\"9\",\"大\",\"单\"],\"第五球\":[\"0\",\"小\",\"双\"],\"总和-龙虎\":[\"大\",\"双\",\"龙\"],\"前三球\":[\"对子\",\"大\",\"单\"],\"中三球\":[\"豹子\",\"大\",\"单\"],\"后三球\":[\"对子\",\"大\",\"双\"],\"斗牛\":[\"没牛\",\"没牛\",\"没牛\"],\"梭哈\":[\"三条\"]}"
    },
    {
        "PERIODS_NO": "20180418030",
        "START_TT": "11:01:00",
        "OPEN_CODE": "3,5,7,3,7",
        "JSON_RESULT": "{\"第一球\":[\"3\",\"小\",\"单\"],\"第二球\":[\"5\",\"大\",\"单\"],\"第三球\":[\"7\",\"大\",\"单\"],\"第四球\":[\"3\",\"小\",\"单\"],\"第五球\":[\"7\",\"大\",\"单\"],\"总和-龙虎\":[\"大\",\"单\",\"虎\"],\"前三球\":[\"杂六\",\"大\",\"单\"],\"中三球\":[\"杂六\",\"大\",\"单\"],\"后三球\":[\"对子\",\"大\",\"单\"],\"斗牛\":[\"没牛\",\"没牛\",\"没牛\"],\"梭哈\":[\"两对\"]}"
    },
    {
        "PERIODS_NO": "20180418029",
        "START_TT": "10:50:58",
        "OPEN_CODE": "2,8,9,1,5",
        "JSON_RESULT": "{\"第一球\":[\"2\",\"小\",\"双\"],\"第二球\":[\"8\",\"大\",\"双\"],\"第三球\":[\"9\",\"大\",\"单\"],\"第四球\":[\"1\",\"小\",\"单\"],\"第五球\":[\"5\",\"大\",\"单\"],\"总和-龙虎\":[\"大\",\"单\",\"虎\"],\"前三球\":[\"半顺\",\"大\",\"单\"],\"中三球\":[\"半顺\",\"大\",\"双\"],\"后三球\":[\"杂六\",\"大\",\"单\"],\"斗牛\":[\"没牛\",\"没牛\",\"没牛\"],\"梭哈\":[\"散号\"]}"
    },
    {
        "PERIODS_NO": "20180418028",
        "START_TT": "10:41:02",
        "OPEN_CODE": "2,3,2,7,3",
        "JSON_RESULT": "{\"第一球\":[\"2\",\"小\",\"双\"],\"第二球\":[\"3\",\"小\",\"单\"],\"第三球\":[\"2\",\"小\",\"双\"],\"第四球\":[\"7\",\"大\",\"单\"],\"第五球\":[\"3\",\"小\",\"单\"],\"总和-龙虎\":[\"小\",\"单\",\"虎\"],\"前三球\":[\"对子\",\"小\",\"单\"],\"中三球\":[\"半顺\",\"小\",\"双\"],\"后三球\":[\"半顺\",\"小\",\"双\"],\"斗牛\":[\"没牛\",\"没牛\",\"没牛\"],\"梭哈\":[\"两对\"]}"
    },
    {
        "PERIODS_NO": "20180418027",
        "START_TT": "10:31:11",
        "OPEN_CODE": "1,9,0,3,0",
        "JSON_RESULT": "{\"第一球\":[\"1\",\"小\",\"单\"],\"第二球\":[\"9\",\"大\",\"单\"],\"第三球\":[\"0\",\"小\",\"双\"],\"第四球\":[\"3\",\"小\",\"单\"],\"第五球\":[\"0\",\"小\",\"双\"],\"总和-龙虎\":[\"小\",\"单\",\"龙\"],\"前三球\":[\"顺子\",\"小\",\"双\"],\"中三球\":[\"半顺\",\"小\",\"双\"],\"后三球\":[\"对子\",\"小\",\"单\"],\"斗牛\":[\"牛3\",\"牛小\",\"牛单\"],\"梭哈\":[\"一对\"]}"
    },
    {
        "PERIODS_NO": "20180418026",
        "START_TT": "10:21:08",
        "OPEN_CODE": "4,9,9,3,2",
        "JSON_RESULT": "{\"第一球\":[\"4\",\"小\",\"双\"],\"第二球\":[\"9\",\"大\",\"单\"],\"第三球\":[\"9\",\"大\",\"单\"],\"第四球\":[\"3\",\"小\",\"单\"],\"第五球\":[\"2\",\"小\",\"双\"],\"总和-龙虎\":[\"大\",\"单\",\"龙\"],\"前三球\":[\"对子\",\"大\",\"双\"],\"中三球\":[\"对子\",\"大\",\"单\"],\"后三球\":[\"半顺\",\"大\",\"双\"],\"斗牛\":[\"牛7\",\"牛大\",\"牛单\"],\"梭哈\":[\"一对\"]}"
    },
    {
        "PERIODS_NO": "20180418025",
        "START_TT": "10:10:58",
        "OPEN_CODE": "4,3,9,3,8",
        "JSON_RESULT": "{\"第一球\":[\"4\",\"小\",\"双\"],\"第二球\":[\"3\",\"小\",\"单\"],\"第三球\":[\"9\",\"大\",\"单\"],\"第四球\":[\"3\",\"小\",\"单\"],\"第五球\":[\"8\",\"大\",\"双\"],\"总和-龙虎\":[\"大\",\"单\",\"虎\"],\"前三球\":[\"半顺\",\"大\",\"双\"],\"中三球\":[\"对子\",\"大\",\"单\"],\"后三球\":[\"半顺\",\"大\",\"双\"],\"斗牛\":[\"牛7\",\"牛大\",\"牛单\"],\"梭哈\":[\"一对\"]}"
    },
    {
        "PERIODS_NO": "20180418024",
        "START_TT": "10:01:27",
        "OPEN_CODE": "8,0,1,8,7",
        "JSON_RESULT": "{\"第一球\":[\"8\",\"大\",\"双\"],\"第二球\":[\"0\",\"小\",\"双\"],\"第三球\":[\"1\",\"小\",\"单\"],\"第四球\":[\"8\",\"大\",\"双\"],\"第五球\":[\"7\",\"大\",\"单\"],\"总和-龙虎\":[\"大\",\"双\",\"龙\"],\"前三球\":[\"半顺\",\"小\",\"单\"],\"中三球\":[\"半顺\",\"小\",\"单\"],\"后三球\":[\"半顺\",\"大\",\"双\"],\"斗牛\":[\"没牛\",\"没牛\",\"没牛\"],\"梭哈\":[\"一对\"]}"
    },
    {
        "PERIODS_NO": "20180418023",
        "START_TT": "01:55:56",
        "OPEN_CODE": "9,6,6,4,7",
        "JSON_RESULT": "{\"第一球\":[\"9\",\"大\",\"单\"],\"第二球\":[\"6\",\"大\",\"双\"],\"第三球\":[\"6\",\"大\",\"双\"],\"第四球\":[\"4\",\"小\",\"双\"],\"第五球\":[\"7\",\"大\",\"单\"],\"总和-龙虎\":[\"大\",\"双\",\"龙\"],\"前三球\":[\"对子\",\"大\",\"单\"],\"中三球\":[\"对子\",\"大\",\"双\"],\"后三球\":[\"半顺\",\"大\",\"单\"],\"斗牛\":[\"牛2\",\"牛小\",\"牛双\"],\"梭哈\":[\"一对\"]}"
    },
    {
        "PERIODS_NO": "20180418022",
        "START_TT": "01:50:55",
        "OPEN_CODE": "7,5,7,3,0",
        "JSON_RESULT": "{\"第一球\":[\"7\",\"大\",\"单\"],\"第二球\":[\"5\",\"大\",\"单\"],\"第三球\":[\"7\",\"大\",\"单\"],\"第四球\":[\"3\",\"小\",\"单\"],\"第五球\":[\"0\",\"小\",\"双\"],\"总和-龙虎\":[\"小\",\"双\",\"龙\"],\"前三球\":[\"对子\",\"大\",\"单\"],\"中三球\":[\"杂六\",\"大\",\"单\"],\"后三球\":[\"杂六\",\"小\",\"双\"],\"斗牛\":[\"牛2\",\"牛小\",\"牛双\"],\"梭哈\":[\"一对\"]}"
    },
    {
        "PERIODS_NO": "20180418021",
        "START_TT": "01:46:04",
        "OPEN_CODE": "3,6,8,3,7",
        "JSON_RESULT": "{\"第一球\":[\"3\",\"小\",\"单\"],\"第二球\":[\"6\",\"大\",\"双\"],\"第三球\":[\"8\",\"大\",\"双\"],\"第四球\":[\"3\",\"小\",\"单\"],\"第五球\":[\"7\",\"大\",\"单\"],\"总和-龙虎\":[\"大\",\"单\",\"虎\"],\"前三球\":[\"杂六\",\"大\",\"单\"],\"中三球\":[\"杂六\",\"大\",\"单\"],\"后三球\":[\"半顺\",\"大\",\"双\"],\"斗牛\":[\"没牛\",\"没牛\",\"没牛\"],\"梭哈\":[\"一对\"]}"
    },
    {
        "PERIODS_NO": "20180418020",
        "START_TT": "01:41:01",
        "OPEN_CODE": "1,3,8,1,2",
        "JSON_RESULT": "{\"第一球\":[\"1\",\"小\",\"单\"],\"第二球\":[\"3\",\"小\",\"单\"],\"第三球\":[\"8\",\"大\",\"双\"],\"第四球\":[\"1\",\"小\",\"单\"],\"第五球\":[\"2\",\"小\",\"双\"],\"总和-龙虎\":[\"小\",\"单\",\"虎\"],\"前三球\":[\"杂六\",\"小\",\"双\"],\"中三球\":[\"杂六\",\"小\",\"双\"],\"后三球\":[\"半顺\",\"小\",\"单\"],\"斗牛\":[\"牛5\",\"牛小\",\"牛单\"],\"梭哈\":[\"一对\"]}"
    },
    {
        "PERIODS_NO": "20180418019",
        "START_TT": "01:36:20",
        "OPEN_CODE": "7,9,4,4,1",
        "JSON_RESULT": "{\"第一球\":[\"7\",\"大\",\"单\"],\"第二球\":[\"9\",\"大\",\"单\"],\"第三球\":[\"4\",\"小\",\"双\"],\"第四球\":[\"4\",\"小\",\"双\"],\"第五球\":[\"1\",\"小\",\"单\"],\"总和-龙虎\":[\"大\",\"单\",\"龙\"],\"前三球\":[\"杂六\",\"大\",\"双\"],\"中三球\":[\"对子\",\"大\",\"单\"],\"后三球\":[\"对子\",\"小\",\"单\"],\"斗牛\":[\"牛5\",\"牛小\",\"牛单\"],\"梭哈\":[\"一对\"]}"
    },
    {
        "PERIODS_NO": "20180418018",
        "START_TT": "01:30:56",
        "OPEN_CODE": "1,3,8,6,6",
        "JSON_RESULT": "{\"第一球\":[\"1\",\"小\",\"单\"],\"第二球\":[\"3\",\"小\",\"单\"],\"第三球\":[\"8\",\"大\",\"双\"],\"第四球\":[\"6\",\"大\",\"双\"],\"第五球\":[\"6\",\"大\",\"双\"],\"总和-龙虎\":[\"大\",\"双\",\"虎\"],\"前三球\":[\"杂六\",\"小\",\"双\"],\"中三球\":[\"杂六\",\"大\",\"单\"],\"后三球\":[\"对子\",\"大\",\"双\"],\"斗牛\":[\"牛4\",\"牛小\",\"牛双\"],\"梭哈\":[\"一对\"]}"
    },
    {
        "PERIODS_NO": "20180418017",
        "START_TT": "01:26:15",
        "OPEN_CODE": "9,7,0,5,5",
        "JSON_RESULT": "{\"第一球\":[\"9\",\"大\",\"单\"],\"第二球\":[\"7\",\"大\",\"单\"],\"第三球\":[\"0\",\"小\",\"双\"],\"第四球\":[\"5\",\"大\",\"单\"],\"第五球\":[\"5\",\"大\",\"单\"],\"总和-龙虎\":[\"大\",\"双\",\"龙\"],\"前三球\":[\"半顺\",\"大\",\"双\"],\"中三球\":[\"杂六\",\"小\",\"双\"],\"后三球\":[\"对子\",\"小\",\"双\"],\"斗牛\":[\"牛6\",\"牛大\",\"牛双\"],\"梭哈\":[\"一对\"]}"
    },
    {
        "PERIODS_NO": "20180418016",
        "START_TT": "01:21:00",
        "OPEN_CODE": "2,0,6,8,9",
        "JSON_RESULT": "{\"第一球\":[\"2\",\"小\",\"双\"],\"第二球\":[\"0\",\"小\",\"双\"],\"第三球\":[\"6\",\"大\",\"双\"],\"第四球\":[\"8\",\"大\",\"双\"],\"第五球\":[\"9\",\"大\",\"单\"],\"总和-龙虎\":[\"大\",\"单\",\"虎\"],\"前三球\":[\"杂六\",\"小\",\"双\"],\"中三球\":[\"杂六\",\"大\",\"双\"],\"后三球\":[\"半顺\",\"大\",\"单\"],\"斗牛\":[\"牛5\",\"牛小\",\"牛单\"],\"梭哈\":[\"散号\"]}"
    },
    {
        "PERIODS_NO": "20180418015",
        "START_TT": "01:16:23",
        "OPEN_CODE": "6,4,7,9,7",
        "JSON_RESULT": "{\"第一球\":[\"6\",\"大\",\"双\"],\"第二球\":[\"4\",\"小\",\"双\"],\"第三球\":[\"7\",\"大\",\"单\"],\"第四球\":[\"9\",\"大\",\"单\"],\"第五球\":[\"7\",\"大\",\"单\"],\"总和-龙虎\":[\"大\",\"单\",\"虎\"],\"前三球\":[\"半顺\",\"大\",\"单\"],\"中三球\":[\"杂六\",\"大\",\"双\"],\"后三球\":[\"对子\",\"大\",\"单\"],\"斗牛\":[\"牛3\",\"牛小\",\"牛单\"],\"梭哈\":[\"一对\"]}"
    },
    {
        "PERIODS_NO": "20180418014",
        "START_TT": "01:11:05",
        "OPEN_CODE": "8,2,9,8,4",
        "JSON_RESULT": "{\"第一球\":[\"8\",\"大\",\"双\"],\"第二球\":[\"2\",\"小\",\"双\"],\"第三球\":[\"9\",\"大\",\"单\"],\"第四球\":[\"8\",\"大\",\"双\"],\"第五球\":[\"4\",\"小\",\"双\"],\"总和-龙虎\":[\"大\",\"单\",\"龙\"],\"前三球\":[\"半顺\",\"大\",\"单\"],\"中三球\":[\"半顺\",\"大\",\"单\"],\"后三球\":[\"半顺\",\"大\",\"单\"],\"斗牛\":[\"牛1\",\"牛小\",\"牛单\"],\"梭哈\":[\"一对\"]}"
    },
    {
        "PERIODS_NO": "20180418013",
        "START_TT": "01:05:58",
        "OPEN_CODE": "1,1,2,8,5",
        "JSON_RESULT": "{\"第一球\":[\"1\",\"小\",\"单\"],\"第二球\":[\"1\",\"小\",\"单\"],\"第三球\":[\"2\",\"小\",\"双\"],\"第四球\":[\"8\",\"大\",\"双\"],\"第五球\":[\"5\",\"大\",\"单\"],\"总和-龙虎\":[\"小\",\"单\",\"虎\"],\"前三球\":[\"对子\",\"小\",\"双\"],\"中三球\":[\"半顺\",\"小\",\"单\"],\"后三球\":[\"杂六\",\"大\",\"单\"],\"斗牛\":[\"牛7\",\"牛大\",\"牛单\"],\"梭哈\":[\"一对\"]}"
    },
    {
        "PERIODS_NO": "20180418012",
        "START_TT": "01:01:08",
        "OPEN_CODE": "4,3,7,5,8",
        "JSON_RESULT": "{\"第一球\":[\"4\",\"小\",\"双\"],\"第二球\":[\"3\",\"小\",\"单\"],\"第三球\":[\"7\",\"大\",\"单\"],\"第四球\":[\"5\",\"大\",\"单\"],\"第五球\":[\"8\",\"大\",\"双\"],\"总和-龙虎\":[\"大\",\"单\",\"虎\"],\"前三球\":[\"半顺\",\"大\",\"双\"],\"中三球\":[\"杂六\",\"大\",\"单\"],\"后三球\":[\"半顺\",\"大\",\"双\"],\"斗牛\":[\"牛7\",\"牛大\",\"牛单\"],\"梭哈\":[\"散号\"]}"
    },
    {
        "PERIODS_NO": "20180418011",
        "START_TT": "00:55:57",
        "OPEN_CODE": "8,3,0,7,5",
        "JSON_RESULT": "{\"第一球\":[\"8\",\"大\",\"双\"],\"第二球\":[\"3\",\"小\",\"单\"],\"第三球\":[\"0\",\"小\",\"双\"],\"第四球\":[\"7\",\"大\",\"单\"],\"第五球\":[\"5\",\"大\",\"单\"],\"总和-龙虎\":[\"大\",\"单\",\"龙\"],\"前三球\":[\"杂六\",\"小\",\"单\"],\"中三球\":[\"杂六\",\"小\",\"双\"],\"后三球\":[\"杂六\",\"小\",\"双\"],\"斗牛\":[\"牛3\",\"牛小\",\"牛单\"],\"梭哈\":[\"散号\"]}"
    },
    {
        "PERIODS_NO": "20180418010",
        "START_TT": "00:51:00",
        "OPEN_CODE": "2,6,3,1,3",
        "JSON_RESULT": "{\"第一球\":[\"2\",\"小\",\"双\"],\"第二球\":[\"6\",\"大\",\"双\"],\"第三球\":[\"3\",\"小\",\"单\"],\"第四球\":[\"1\",\"小\",\"单\"],\"第五球\":[\"3\",\"小\",\"单\"],\"总和-龙虎\":[\"小\",\"单\",\"虎\"],\"前三球\":[\"半顺\",\"小\",\"单\"],\"中三球\":[\"杂六\",\"小\",\"双\"],\"后三球\":[\"对子\",\"小\",\"单\"],\"斗牛\":[\"牛5\",\"牛小\",\"牛单\"],\"梭哈\":[\"一对\"]}"
    },
    {
        "PERIODS_NO": "20180418009",
        "START_TT": "00:46:00",
        "OPEN_CODE": "6,0,7,5,3",
        "JSON_RESULT": "{\"第一球\":[\"6\",\"大\",\"双\"],\"第二球\":[\"0\",\"小\",\"双\"],\"第三球\":[\"7\",\"大\",\"单\"],\"第四球\":[\"5\",\"大\",\"单\"],\"第五球\":[\"3\",\"小\",\"单\"],\"总和-龙虎\":[\"小\",\"单\",\"龙\"],\"前三球\":[\"半顺\",\"小\",\"单\"],\"中三球\":[\"杂六\",\"小\",\"双\"],\"后三球\":[\"杂六\",\"大\",\"单\"],\"斗牛\":[\"牛1\",\"牛小\",\"牛单\"],\"梭哈\":[\"散号\"]}"
    },
    {
        "PERIODS_NO": "20180418008",
        "START_TT": "00:41:03",
        "OPEN_CODE": "2,0,0,3,5",
        "JSON_RESULT": "{\"第一球\":[\"2\",\"小\",\"双\"],\"第二球\":[\"0\",\"小\",\"双\"],\"第三球\":[\"0\",\"小\",\"双\"],\"第四球\":[\"3\",\"小\",\"单\"],\"第五球\":[\"5\",\"大\",\"单\"],\"总和-龙虎\":[\"小\",\"双\",\"虎\"],\"前三球\":[\"对子\",\"小\",\"双\"],\"中三球\":[\"对子\",\"小\",\"单\"],\"后三球\":[\"杂六\",\"小\",\"双\"],\"斗牛\":[\"牛牛\",\"牛大\",\"牛双\"],\"梭哈\":[\"一对\"]}"
    },
    {
        "PERIODS_NO": "20180418007",
        "START_TT": "00:36:26",
        "OPEN_CODE": "6,2,8,3,2",
        "JSON_RESULT": "{\"第一球\":[\"6\",\"大\",\"双\"],\"第二球\":[\"2\",\"小\",\"双\"],\"第三球\":[\"8\",\"大\",\"双\"],\"第四球\":[\"3\",\"小\",\"单\"],\"第五球\":[\"2\",\"小\",\"双\"],\"总和-龙虎\":[\"小\",\"单\",\"龙\"],\"前三球\":[\"杂六\",\"大\",\"双\"],\"中三球\":[\"半顺\",\"小\",\"单\"],\"后三球\":[\"半顺\",\"小\",\"单\"],\"斗牛\":[\"牛1\",\"牛小\",\"牛单\"],\"梭哈\":[\"一对\"]}"
    },
    {
        "PERIODS_NO": "20180418006",
        "START_TT": "00:30:56",
        "OPEN_CODE": "0,4,1,7,6",
        "JSON_RESULT": "{\"第一球\":[\"0\",\"小\",\"双\"],\"第二球\":[\"4\",\"小\",\"双\"],\"第三球\":[\"1\",\"小\",\"单\"],\"第四球\":[\"7\",\"大\",\"单\"],\"第五球\":[\"6\",\"大\",\"双\"],\"总和-龙虎\":[\"小\",\"双\",\"虎\"],\"前三球\":[\"半顺\",\"小\",\"单\"],\"中三球\":[\"杂六\",\"小\",\"双\"],\"后三球\":[\"半顺\",\"大\",\"双\"],\"斗牛\":[\"牛8\",\"牛大\",\"牛双\"],\"梭哈\":[\"散号\"]}"
    },
    {
        "PERIODS_NO": "20180418005",
        "START_TT": "00:25:56",
        "OPEN_CODE": "5,3,1,6,2",
        "JSON_RESULT": "{\"第一球\":[\"5\",\"大\",\"单\"],\"第二球\":[\"3\",\"小\",\"单\"],\"第三球\":[\"1\",\"小\",\"单\"],\"第四球\":[\"6\",\"大\",\"双\"],\"第五球\":[\"2\",\"小\",\"双\"],\"总和-龙虎\":[\"小\",\"单\",\"龙\"],\"前三球\":[\"杂六\",\"小\",\"单\"],\"中三球\":[\"杂六\",\"小\",\"双\"],\"后三球\":[\"半顺\",\"小\",\"单\"],\"斗牛\":[\"牛7\",\"牛大\",\"牛单\"],\"梭哈\":[\"散号\"]}"
    },
    {
        "PERIODS_NO": "20180418004",
        "START_TT": "00:20:59",
        "OPEN_CODE": "4,4,8,1,4",
        "JSON_RESULT": "{\"第一球\":[\"4\",\"小\",\"双\"],\"第二球\":[\"4\",\"小\",\"双\"],\"第三球\":[\"8\",\"大\",\"双\"],\"第四球\":[\"1\",\"小\",\"单\"],\"第五球\":[\"4\",\"小\",\"双\"],\"总和-龙虎\":[\"小\",\"单\",\"和\"],\"前三球\":[\"对子\",\"大\",\"双\"],\"中三球\":[\"杂六\",\"小\",\"单\"],\"后三球\":[\"杂六\",\"小\",\"单\"],\"斗牛\":[\"没牛\",\"没牛\",\"没牛\"],\"梭哈\":[\"三条\"]}"
    },
    {
        "PERIODS_NO": "20180418003",
        "START_TT": "00:15:59",
        "OPEN_CODE": "4,2,5,1,9",
        "JSON_RESULT": "{\"第一球\":[\"4\",\"小\",\"双\"],\"第二球\":[\"2\",\"小\",\"双\"],\"第三球\":[\"5\",\"大\",\"单\"],\"第四球\":[\"1\",\"小\",\"单\"],\"第五球\":[\"9\",\"大\",\"单\"],\"总和-龙虎\":[\"小\",\"单\",\"虎\"],\"前三球\":[\"半顺\",\"小\",\"单\"],\"中三球\":[\"半顺\",\"小\",\"双\"],\"后三球\":[\"杂六\",\"大\",\"单\"],\"斗牛\":[\"牛1\",\"牛小\",\"牛单\"],\"梭哈\":[\"散号\"]}"
    },
    {
        "PERIODS_NO": "20180418002",
        "START_TT": "00:11:04",
        "OPEN_CODE": "3,9,7,7,0",
        "JSON_RESULT": "{\"第一球\":[\"3\",\"小\",\"单\"],\"第二球\":[\"9\",\"大\",\"单\"],\"第三球\":[\"7\",\"大\",\"单\"],\"第四球\":[\"7\",\"大\",\"单\"],\"第五球\":[\"0\",\"小\",\"双\"],\"总和-龙虎\":[\"大\",\"双\",\"龙\"],\"前三球\":[\"杂六\",\"大\",\"单\"],\"中三球\":[\"对子\",\"大\",\"单\"],\"后三球\":[\"对子\",\"大\",\"双\"],\"斗牛\":[\"牛6\",\"牛大\",\"牛双\"],\"梭哈\":[\"一对\"]}"
    },
    {
        "PERIODS_NO": "20180418001",
        "START_TT": "00:06:22",
        "OPEN_CODE": "9,9,4,3,3",
        "JSON_RESULT": "{\"第一球\":[\"9\",\"大\",\"单\"],\"第二球\":[\"9\",\"大\",\"单\"],\"第三球\":[\"4\",\"小\",\"双\"],\"第四球\":[\"3\",\"小\",\"单\"],\"第五球\":[\"3\",\"小\",\"单\"],\"总和-龙虎\":[\"大\",\"双\",\"龙\"],\"前三球\":[\"对子\",\"大\",\"双\"],\"中三球\":[\"半顺\",\"大\",\"双\"],\"后三球\":[\"对子\",\"小\",\"双\"],\"斗牛\":[\"牛8\",\"牛大\",\"牛双\"],\"梭哈\":[\"两对\"]}"
    },
    {
        "PERIODS_NO": "20180417120",
        "START_TT": "00:01:05",
        "OPEN_CODE": "3,5,6,8,5",
        "JSON_RESULT": "{\"第一球\":[\"3\",\"小\",\"单\"],\"第二球\":[\"5\",\"大\",\"单\"],\"第三球\":[\"6\",\"大\",\"双\"],\"第四球\":[\"8\",\"大\",\"双\"],\"第五球\":[\"5\",\"大\",\"单\"],\"总和-龙虎\":[\"大\",\"单\",\"虎\"],\"前三球\":[\"半顺\",\"大\",\"双\"],\"中三球\":[\"半顺\",\"大\",\"单\"],\"后三球\":[\"半顺\",\"大\",\"单\"],\"斗牛\":[\"没牛\",\"没牛\",\"没牛\"],\"梭哈\":[\"一对\"]}"
    }
]