{"sh11x50":{"sh11x50_1":{"ID":7094,"P_3ID":1237,"P_1ID":1236,"GROUP_NAME":"第一球","SHOWCLS":"blue","ODDS":10.80,"NUM":"1","NUM_NAME":"1","CODE":"sh11x50","SORT":1.0,"STATE":0,"ST":false,"BET_AMT":null,"ODDS_A":0.0,"ODDS_B":0.0,"ODDS_C":0.0},"sh11x50_2":{"ID":7095,"P_3ID":1237,"P_1ID":1236,"GROUP_NAME":"第一球","SHOWCLS":"blue","ODDS":10.80,"NUM":"2","NUM_NAME":"2","CODE":"sh11x50","SORT":2.0,"STATE":0,"ST":false,"BET_AMT":null,"ODDS_A":0.0,"ODDS_B":0.0,"ODDS_C":0.0},"sh11x50_3":{"ID":7096,"P_3ID":1237,"P_1ID":1236,"GROUP_NAME":"第一球","SHOWCLS":"blue","ODDS":10.80,"NUM":"3","NUM_NAME":"3","CODE":"sh11x50","SORT":3.0,"STATE":0,"ST":false,"BET_AMT":null,"ODDS_A":0.0,"ODDS_B":0.0,"ODDS_C":0.0},"sh11x50_4":{"ID":7097,"P_3ID":1237,"P_1ID":1236,"GROUP_NAME":"第一球","SHOWCLS":"blue","ODDS":10.80,"NUM":"4","NUM_NAME":"4","CODE":"sh11x50","SORT":4.0,"STATE":0,"ST":false,"BET_AMT":null,"ODDS_A":0.0,"ODDS_B":0.0,"ODDS_C":0.0},"sh11x50_5":{"ID":7098,"P_3ID":1237,"P_1ID":1236,"GROUP_NAME":"第一球","SHOWCLS":"blue","ODDS":10.80,"NUM":"5","NUM_NAME":"5","CODE":"sh11x50","SORT":5.0,"STATE":0,"ST":false,"BET_AMT":null,"ODDS_A":0.0,"ODDS_B":0.0,"ODDS_C":0.0},"sh11x50_6":{"ID":7099,"P_3ID":1237,"P_1ID":1236,"GROUP_NAME":"第一球","SHOWCLS":"blue","ODDS":10.80,"NUM":"6","NUM_NAME":"6","CODE":"sh11x50","SORT":6.0,"STATE":0,"ST":false,"BET_AMT":null,"ODDS_A":0.0,"ODDS_B":0.0,"ODDS_C":0.0},"sh11x50_7":{"ID":7100,"P_3ID":1237,"P_1ID":1236,"GROUP_NAME":"第一球","SHOWCLS":"blue","ODDS":10.80,"NUM":"7","NUM_NAME":"7","CODE":"sh11x50","SORT":7.0,"STATE":0,"ST":false,"BET_AMT":null,"ODDS_A":0.0,"ODDS_B":0.0,"ODDS_C":0.0},"sh11x50_8":{"ID":7101,"P_3ID":1237,"P_1ID":1236,"GROUP_NAME":"第一球","SHOWCLS":"blue","ODDS":10.80,"NUM":"8","NUM_NAME":"8","CODE":"sh11x50","SORT":8.0,"STATE":0,"ST":false,"BET_AMT":null,"ODDS_A":0.0,"ODDS_B":0.0,"ODDS_C":0.0},"sh11x50_9":{"ID":7102,"P_3ID":1237,"P_1ID":1236,"GROUP_NAME":"第一球","SHOWCLS":"blue","ODDS":10.80,"NUM":"9","NUM_NAME":"9","CODE":"sh11x50","SORT":9.0,"STATE":0,"ST":false,"BET_AMT":null,"ODDS_A":0.0,"ODDS_B":0.0,"ODDS_C":0.0},"sh11x50_10":{"ID":7103,"P_3ID":1237,"P_1ID":1236,"GROUP_NAME":"第一球","SHOWCLS":"blue","ODDS":10.80,"NUM":"10","NUM_NAME":"10","CODE":"sh11x50","SORT":10.0,"STATE":0,"ST":false,"BET_AMT":null,"ODDS_A":0.0,"ODDS_B":0.0,"ODDS_C":0.0},"sh11x50_11":{"ID":7104,"P_3ID":1237,"P_1ID":1236,"GROUP_NAME":"第一球","SHOWCLS":"blue","ODDS":10.80,"NUM":"11","NUM_NAME":"11","CODE":"sh11x50","SORT":11.0,"STATE":0,"ST":false,"BET_AMT":null,"ODDS_A":0.0,"ODDS_B":0.0,"ODDS_C":0.0},"sh11x50_大":{"ID":7105,"P_3ID":1237,"P_1ID":1236,"GROUP_NAME":"第一球","SHOWCLS":"text","ODDS":1.96,"NUM":"大","NUM_NAME":"大","CODE":"sh11x50","SORT":12.0,"STATE":0,"ST":false,"BET_AMT":null,"ODDS_A":0.0,"ODDS_B":0.0,"ODDS_C":0.0},"sh11x50_小":{"ID":7106,"P_3ID":1237,"P_1ID":1236,"GROUP_NAME":"第一球","SHOWCLS":"text","ODDS":1.96,"NUM":"小","NUM_NAME":"小","CODE":"sh11x50","SORT":13.0,"STATE":0,"ST":false,"BET_AMT":null,"ODDS_A":0.0,"ODDS_B":0.0,"ODDS_C":0.0},"sh11x50_单":{"ID":7107,"P_3ID":1237,"P_1ID":1236,"GROUP_NAME":"第一球","SHOWCLS":"text","ODDS":1.96,"NUM":"单","NUM_NAME":"单","CODE":"sh11x50","SORT":14.0,"STATE":0,"ST":false,"BET_AMT":null,"ODDS_A":0.0,"ODDS_B":0.0,"ODDS_C":0.0},"sh11x50_双":{"ID":7108,"P_3ID":1237,"P_1ID":1236,"GROUP_NAME":"第一球","SHOWCLS":"text","ODDS":1.96,"NUM":"双","NUM_NAME":"双","CODE":"sh11x50","SORT":15.0,"STATE":0,"ST":false,"BET_AMT":null,"ODDS_A":0.0,"ODDS_B":0.0,"ODDS_C":0.0}},"sh11x51":{"sh11x51_1":{"ID":7109,"P_3ID":1238,"P_1ID":1236,"GROUP_NAME":"第二球","SHOWCLS":"blue","ODDS":10.80,"NUM":"1","NUM_NAME":"1","CODE":"sh11x51","SORT":1.0,"STATE":0,"ST":false,"BET_AMT":null,"ODDS_A":0.0,"ODDS_B":0.0,"ODDS_C":0.0},"sh11x51_2":{"ID":7110,"P_3ID":1238,"P_1ID":1236,"GROUP_NAME":"第二球","SHOWCLS":"blue","ODDS":10.80,"NUM":"2","NUM_NAME":"2","CODE":"sh11x51","SORT":2.0,"STATE":0,"ST":false,"BET_AMT":null,"ODDS_A":0.0,"ODDS_B":0.0,"ODDS_C":0.0},"sh11x51_3":{"ID":7111,"P_3ID":1238,"P_1ID":1236,"GROUP_NAME":"第二球","SHOWCLS":"blue","ODDS":10.80,"NUM":"3","NUM_NAME":"3","CODE":"sh11x51","SORT":3.0,"STATE":0,"ST":false,"BET_AMT":null,"ODDS_A":0.0,"ODDS_B":0.0,"ODDS_C":0.0},"sh11x51_4":{"ID":7112,"P_3ID":1238,"P_1ID":1236,"GROUP_NAME":"第二球","SHOWCLS":"blue","ODDS":10.80,"NUM":"4","NUM_NAME":"4","CODE":"sh11x51","SORT":4.0,"STATE":0,"ST":false,"BET_AMT":null,"ODDS_A":0.0,"ODDS_B":0.0,"ODDS_C":0.0},"sh11x51_5":{"ID":7113,"P_3ID":1238,"P_1ID":1236,"GROUP_NAME":"第二球","SHOWCLS":"blue","ODDS":10.80,"NUM":"5","NUM_NAME":"5","CODE":"sh11x51","SORT":5.0,"STATE":0,"ST":false,"BET_AMT":null,"ODDS_A":0.0,"ODDS_B":0.0,"ODDS_C":0.0},"sh11x51_6":{"ID":7114,"P_3ID":1238,"P_1ID":1236,"GROUP_NAME":"第二球","SHOWCLS":"blue","ODDS":10.80,"NUM":"6","NUM_NAME":"6","CODE":"sh11x51","SORT":6.0,"STATE":0,"ST":false,"BET_AMT":null,"ODDS_A":0.0,"ODDS_B":0.0,"ODDS_C":0.0},"sh11x51_7":{"ID":7115,"P_3ID":1238,"P_1ID":1236,"GROUP_NAME":"第二球","SHOWCLS":"blue","ODDS":10.80,"NUM":"7","NUM_NAME":"7","CODE":"sh11x51","SORT":7.0,"STATE":0,"ST":false,"BET_AMT":null,"ODDS_A":0.0,"ODDS_B":0.0,"ODDS_C":0.0},"sh11x51_8":{"ID":7116,"P_3ID":1238,"P_1ID":1236,"GROUP_NAME":"第二球","SHOWCLS":"blue","ODDS":10.80,"NUM":"8","NUM_NAME":"8","CODE":"sh11x51","SORT":8.0,"STATE":0,"ST":false,"BET_AMT":null,"ODDS_A":0.0,"ODDS_B":0.0,"ODDS_C":0.0},"sh11x51_9":{"ID":7117,"P_3ID":1238,"P_1ID":1236,"GROUP_NAME":"第二球","SHOWCLS":"blue","ODDS":10.80,"NUM":"9","NUM_NAME":"9","CODE":"sh11x51","SORT":9.0,"STATE":0,"ST":false,"BET_AMT":null,"ODDS_A":0.0,"ODDS_B":0.0,"ODDS_C":0.0},"sh11x51_10":{"ID":7118,"P_3ID":1238,"P_1ID":1236,"GROUP_NAME":"第二球","SHOWCLS":"blue","ODDS":10.80,"NUM":"10","NUM_NAME":"10","CODE":"sh11x51","SORT":10.0,"STATE":0,"ST":false,"BET_AMT":null,"ODDS_A":0.0,"ODDS_B":0.0,"ODDS_C":0.0},"sh11x51_11":{"ID":7119,"P_3ID":1238,"P_1ID":1236,"GROUP_NAME":"第二球","SHOWCLS":"blue","ODDS":10.80,"NUM":"11","NUM_NAME":"11","CODE":"sh11x51","SORT":11.0,"STATE":0,"ST":false,"BET_AMT":null,"ODDS_A":0.0,"ODDS_B":0.0,"ODDS_C":0.0},"sh11x51_大":{"ID":7120,"P_3ID":1238,"P_1ID":1236,"GROUP_NAME":"第二球","SHOWCLS":"text","ODDS":1.96,"NUM":"大","NUM_NAME":"大","CODE":"sh11x51","SORT":12.0,"STATE":0,"ST":false,"BET_AMT":null,"ODDS_A":0.0,"ODDS_B":0.0,"ODDS_C":0.0},"sh11x51_小":{"ID":7121,"P_3ID":1238,"P_1ID":1236,"GROUP_NAME":"第二球","SHOWCLS":"text","ODDS":1.96,"NUM":"小","NUM_NAME":"小","CODE":"sh11x51","SORT":13.0,"STATE":0,"ST":false,"BET_AMT":null,"ODDS_A":0.0,"ODDS_B":0.0,"ODDS_C":0.0},"sh11x51_单":{"ID":7122,"P_3ID":1238,"P_1ID":1236,"GROUP_NAME":"第二球","SHOWCLS":"text","ODDS":1.96,"NUM":"单","NUM_NAME":"单","CODE":"sh11x51","SORT":14.0,"STATE":0,"ST":false,"BET_AMT":null,"ODDS_A":0.0,"ODDS_B":0.0,"ODDS_C":0.0},"sh11x51_双":{"ID":7123,"P_3ID":1238,"P_1ID":1236,"GROUP_NAME":"第二球","SHOWCLS":"text","ODDS":1.96,"NUM":"双","NUM_NAME":"双","CODE":"sh11x51","SORT":15.0,"STATE":0,"ST":false,"BET_AMT":null,"ODDS_A":0.0,"ODDS_B":0.0,"ODDS_C":0.0}},"sh11x52":{"sh11x52_1":{"ID":7124,"P_3ID":1239,"P_1ID":1236,"GROUP_NAME":"第三球","SHOWCLS":"blue","ODDS":10.80,"NUM":"1","NUM_NAME":"1","CODE":"sh11x52","SORT":1.0,"STATE":0,"ST":false,"BET_AMT":null,"ODDS_A":0.0,"ODDS_B":0.0,"ODDS_C":0.0},"sh11x52_2":{"ID":7125,"P_3ID":1239,"P_1ID":1236,"GROUP_NAME":"第三球","SHOWCLS":"blue","ODDS":10.80,"NUM":"2","NUM_NAME":"2","CODE":"sh11x52","SORT":2.0,"STATE":0,"ST":false,"BET_AMT":null,"ODDS_A":0.0,"ODDS_B":0.0,"ODDS_C":0.0},"sh11x52_3":{"ID":7126,"P_3ID":1239,"P_1ID":1236,"GROUP_NAME":"第三球","SHOWCLS":"blue","ODDS":10.80,"NUM":"3","NUM_NAME":"3","CODE":"sh11x52","SORT":3.0,"STATE":0,"ST":false,"BET_AMT":null,"ODDS_A":0.0,"ODDS_B":0.0,"ODDS_C":0.0},"sh11x52_4":{"ID":7127,"P_3ID":1239,"P_1ID":1236,"GROUP_NAME":"第三球","SHOWCLS":"blue","ODDS":10.80,"NUM":"4","NUM_NAME":"4","CODE":"sh11x52","SORT":4.0,"STATE":0,"ST":false,"BET_AMT":null,"ODDS_A":0.0,"ODDS_B":0.0,"ODDS_C":0.0},"sh11x52_5":{"ID":7128,"P_3ID":1239,"P_1ID":1236,"GROUP_NAME":"第三球","SHOWCLS":"blue","ODDS":10.80,"NUM":"5","NUM_NAME":"5","CODE":"sh11x52","SORT":5.0,"STATE":0,"ST":false,"BET_AMT":null,"ODDS_A":0.0,"ODDS_B":0.0,"ODDS_C":0.0},"sh11x52_6":{"ID":7129,"P_3ID":1239,"P_1ID":1236,"GROUP_NAME":"第三球","SHOWCLS":"blue","ODDS":10.80,"NUM":"6","NUM_NAME":"6","CODE":"sh11x52","SORT":6.0,"STATE":0,"ST":false,"BET_AMT":null,"ODDS_A":0.0,"ODDS_B":0.0,"ODDS_C":0.0},"sh11x52_7":{"ID":7130,"P_3ID":1239,"P_1ID":1236,"GROUP_NAME":"第三球","SHOWCLS":"blue","ODDS":10.80,"NUM":"7","NUM_NAME":"7","CODE":"sh11x52","SORT":7.0,"STATE":0,"ST":false,"BET_AMT":null,"ODDS_A":0.0,"ODDS_B":0.0,"ODDS_C":0.0},"sh11x52_8":{"ID":7131,"P_3ID":1239,"P_1ID":1236,"GROUP_NAME":"第三球","SHOWCLS":"blue","ODDS":10.80,"NUM":"8","NUM_NAME":"8","CODE":"sh11x52","SORT":8.0,"STATE":0,"ST":false,"BET_AMT":null,"ODDS_A":0.0,"ODDS_B":0.0,"ODDS_C":0.0},"sh11x52_9":{"ID":7132,"P_3ID":1239,"P_1ID":1236,"GROUP_NAME":"第三球","SHOWCLS":"blue","ODDS":10.80,"NUM":"9","NUM_NAME":"9","CODE":"sh11x52","SORT":9.0,"STATE":0,"ST":false,"BET_AMT":null,"ODDS_A":0.0,"ODDS_B":0.0,"ODDS_C":0.0},"sh11x52_10":{"ID":7133,"P_3ID":1239,"P_1ID":1236,"GROUP_NAME":"第三球","SHOWCLS":"blue","ODDS":10.80,"NUM":"10","NUM_NAME":"10","CODE":"sh11x52","SORT":10.0,"STATE":0,"ST":false,"BET_AMT":null,"ODDS_A":0.0,"ODDS_B":0.0,"ODDS_C":0.0},"sh11x52_11":{"ID":7134,"P_3ID":1239,"P_1ID":1236,"GROUP_NAME":"第三球","SHOWCLS":"blue","ODDS":10.80,"NUM":"11","NUM_NAME":"11","CODE":"sh11x52","SORT":11.0,"STATE":0,"ST":false,"BET_AMT":null,"ODDS_A":0.0,"ODDS_B":0.0,"ODDS_C":0.0},"sh11x52_大":{"ID":7135,"P_3ID":1239,"P_1ID":1236,"GROUP_NAME":"第三球","SHOWCLS":"text","ODDS":1.96,"NUM":"大","NUM_NAME":"大","CODE":"sh11x52","SORT":12.0,"STATE":0,"ST":false,"BET_AMT":null,"ODDS_A":0.0,"ODDS_B":0.0,"ODDS_C":0.0},"sh11x52_小":{"ID":7136,"P_3ID":1239,"P_1ID":1236,"GROUP_NAME":"第三球","SHOWCLS":"text","ODDS":1.96,"NUM":"小","NUM_NAME":"小","CODE":"sh11x52","SORT":13.0,"STATE":0,"ST":false,"BET_AMT":null,"ODDS_A":0.0,"ODDS_B":0.0,"ODDS_C":0.0},"sh11x52_单":{"ID":7137,"P_3ID":1239,"P_1ID":1236,"GROUP_NAME":"第三球","SHOWCLS":"text","ODDS":1.96,"NUM":"单","NUM_NAME":"单","CODE":"sh11x52","SORT":14.0,"STATE":0,"ST":false,"BET_AMT":null,"ODDS_A":0.0,"ODDS_B":0.0,"ODDS_C":0.0},"sh11x52_双":{"ID":7138,"P_3ID":1239,"P_1ID":1236,"GROUP_NAME":"第三球","SHOWCLS":"text","ODDS":1.96,"NUM":"双","NUM_NAME":"双","CODE":"sh11x52","SORT":15.0,"STATE":0,"ST":false,"BET_AMT":null,"ODDS_A":0.0,"ODDS_B":0.0,"ODDS_C":0.0}},"sh11x53":{"sh11x53_1":{"ID":7153,"P_3ID":1240,"P_1ID":1236,"GROUP_NAME":"第四球","SHOWCLS":"blue","ODDS":10.80,"NUM":"1","NUM_NAME":"1","CODE":"sh11x53","SORT":1.0,"STATE":0,"ST":false,"BET_AMT":null,"ODDS_A":0.0,"ODDS_B":0.0,"ODDS_C":0.0},"sh11x53_2":{"ID":7139,"P_3ID":1240,"P_1ID":1236,"GROUP_NAME":"第四球","SHOWCLS":"blue","ODDS":10.80,"NUM":"2","NUM_NAME":"2","CODE":"sh11x53","SORT":2.0,"STATE":0,"ST":false,"BET_AMT":null,"ODDS_A":0.0,"ODDS_B":0.0,"ODDS_C":0.0},"sh11x53_3":{"ID":7140,"P_3ID":1240,"P_1ID":1236,"GROUP_NAME":"第四球","SHOWCLS":"blue","ODDS":10.80,"NUM":"3","NUM_NAME":"3","CODE":"sh11x53","SORT":3.0,"STATE":0,"ST":false,"BET_AMT":null,"ODDS_A":0.0,"ODDS_B":0.0,"ODDS_C":0.0},"sh11x53_4":{"ID":7141,"P_3ID":1240,"P_1ID":1236,"GROUP_NAME":"第四球","SHOWCLS":"blue","ODDS":10.80,"NUM":"4","NUM_NAME":"4","CODE":"sh11x53","SORT":4.0,"STATE":0,"ST":false,"BET_AMT":null,"ODDS_A":0.0,"ODDS_B":0.0,"ODDS_C":0.0},"sh11x53_5":{"ID":7142,"P_3ID":1240,"P_1ID":1236,"GROUP_NAME":"第四球","SHOWCLS":"blue","ODDS":10.80,"NUM":"5","NUM_NAME":"5","CODE":"sh11x53","SORT":5.0,"STATE":0,"ST":false,"BET_AMT":null,"ODDS_A":0.0,"ODDS_B":0.0,"ODDS_C":0.0},"sh11x53_6":{"ID":7143,"P_3ID":1240,"P_1ID":1236,"GROUP_NAME":"第四球","SHOWCLS":"blue","ODDS":10.80,"NUM":"6","NUM_NAME":"6","CODE":"sh11x53","SORT":6.0,"STATE":0,"ST":false,"BET_AMT":null,"ODDS_A":0.0,"ODDS_B":0.0,"ODDS_C":0.0},"sh11x53_7":{"ID":7144,"P_3ID":1240,"P_1ID":1236,"GROUP_NAME":"第四球","SHOWCLS":"blue","ODDS":10.80,"NUM":"7","NUM_NAME":"7","CODE":"sh11x53","SORT":7.0,"STATE":0,"ST":false,"BET_AMT":null,"ODDS_A":0.0,"ODDS_B":0.0,"ODDS_C":0.0},"sh11x53_8":{"ID":7145,"P_3ID":1240,"P_1ID":1236,"GROUP_NAME":"第四球","SHOWCLS":"blue","ODDS":10.80,"NUM":"8","NUM_NAME":"8","CODE":"sh11x53","SORT":8.0,"STATE":0,"ST":false,"BET_AMT":null,"ODDS_A":0.0,"ODDS_B":0.0,"ODDS_C":0.0},"sh11x53_9":{"ID":7146,"P_3ID":1240,"P_1ID":1236,"GROUP_NAME":"第四球","SHOWCLS":"blue","ODDS":10.80,"NUM":"9","NUM_NAME":"9","CODE":"sh11x53","SORT":9.0,"STATE":0,"ST":false,"BET_AMT":null,"ODDS_A":0.0,"ODDS_B":0.0,"ODDS_C":0.0},"sh11x53_10":{"ID":7147,"P_3ID":1240,"P_1ID":1236,"GROUP_NAME":"第四球","SHOWCLS":"blue","ODDS":10.80,"NUM":"10","NUM_NAME":"10","CODE":"sh11x53","SORT":10.0,"STATE":0,"ST":false,"BET_AMT":null,"ODDS_A":0.0,"ODDS_B":0.0,"ODDS_C":0.0},"sh11x53_11":{"ID":7148,"P_3ID":1240,"P_1ID":1236,"GROUP_NAME":"第四球","SHOWCLS":"blue","ODDS":10.80,"NUM":"11","NUM_NAME":"11","CODE":"sh11x53","SORT":11.0,"STATE":0,"ST":false,"BET_AMT":null,"ODDS_A":0.0,"ODDS_B":0.0,"ODDS_C":0.0},"sh11x53_大":{"ID":7149,"P_3ID":1240,"P_1ID":1236,"GROUP_NAME":"第四球","SHOWCLS":"text","ODDS":1.96,"NUM":"大","NUM_NAME":"大","CODE":"sh11x53","SORT":12.0,"STATE":0,"ST":false,"BET_AMT":null,"ODDS_A":0.0,"ODDS_B":0.0,"ODDS_C":0.0},"sh11x53_小":{"ID":7150,"P_3ID":1240,"P_1ID":1236,"GROUP_NAME":"第四球","SHOWCLS":"text","ODDS":1.96,"NUM":"小","NUM_NAME":"小","CODE":"sh11x53","SORT":13.0,"STATE":0,"ST":false,"BET_AMT":null,"ODDS_A":0.0,"ODDS_B":0.0,"ODDS_C":0.0},"sh11x53_单":{"ID":7151,"P_3ID":1240,"P_1ID":1236,"GROUP_NAME":"第四球","SHOWCLS":"text","ODDS":1.96,"NUM":"单","NUM_NAME":"单","CODE":"sh11x53","SORT":14.0,"STATE":0,"ST":false,"BET_AMT":null,"ODDS_A":0.0,"ODDS_B":0.0,"ODDS_C":0.0},"sh11x53_双":{"ID":7152,"P_3ID":1240,"P_1ID":1236,"GROUP_NAME":"第四球","SHOWCLS":"text","ODDS":1.96,"NUM":"双","NUM_NAME":"双","CODE":"sh11x53","SORT":15.0,"STATE":0,"ST":false,"BET_AMT":null,"ODDS_A":0.0,"ODDS_B":0.0,"ODDS_C":0.0}},"sh11x54":{"sh11x54_1":{"ID":7154,"P_3ID":1241,"P_1ID":1236,"GROUP_NAME":"第五球","SHOWCLS":"blue","ODDS":10.80,"NUM":"1","NUM_NAME":"1","CODE":"sh11x54","SORT":1.0,"STATE":0,"ST":false,"BET_AMT":null,"ODDS_A":0.0,"ODDS_B":0.0,"ODDS_C":0.0},"sh11x54_2":{"ID":7155,"P_3ID":1241,"P_1ID":1236,"GROUP_NAME":"第五球","SHOWCLS":"blue","ODDS":10.80,"NUM":"2","NUM_NAME":"2","CODE":"sh11x54","SORT":2.0,"STATE":0,"ST":false,"BET_AMT":null,"ODDS_A":0.0,"ODDS_B":0.0,"ODDS_C":0.0},"sh11x54_3":{"ID":7156,"P_3ID":1241,"P_1ID":1236,"GROUP_NAME":"第五球","SHOWCLS":"blue","ODDS":10.80,"NUM":"3","NUM_NAME":"3","CODE":"sh11x54","SORT":3.0,"STATE":0,"ST":false,"BET_AMT":null,"ODDS_A":0.0,"ODDS_B":0.0,"ODDS_C":0.0},"sh11x54_4":{"ID":7157,"P_3ID":1241,"P_1ID":1236,"GROUP_NAME":"第五球","SHOWCLS":"blue","ODDS":10.80,"NUM":"4","NUM_NAME":"4","CODE":"sh11x54","SORT":4.0,"STATE":0,"ST":false,"BET_AMT":null,"ODDS_A":0.0,"ODDS_B":0.0,"ODDS_C":0.0},"sh11x54_5":{"ID":7158,"P_3ID":1241,"P_1ID":1236,"GROUP_NAME":"第五球","SHOWCLS":"blue","ODDS":10.80,"NUM":"5","NUM_NAME":"5","CODE":"sh11x54","SORT":5.0,"STATE":0,"ST":false,"BET_AMT":null,"ODDS_A":0.0,"ODDS_B":0.0,"ODDS_C":0.0},"sh11x54_6":{"ID":7159,"P_3ID":1241,"P_1ID":1236,"GROUP_NAME":"第五球","SHOWCLS":"blue","ODDS":10.80,"NUM":"6","NUM_NAME":"6","CODE":"sh11x54","SORT":6.0,"STATE":0,"ST":false,"BET_AMT":null,"ODDS_A":0.0,"ODDS_B":0.0,"ODDS_C":0.0},"sh11x54_7":{"ID":7160,"P_3ID":1241,"P_1ID":1236,"GROUP_NAME":"第五球","SHOWCLS":"blue","ODDS":10.80,"NUM":"7","NUM_NAME":"7","CODE":"sh11x54","SORT":7.0,"STATE":0,"ST":false,"BET_AMT":null,"ODDS_A":0.0,"ODDS_B":0.0,"ODDS_C":0.0},"sh11x54_8":{"ID":7161,"P_3ID":1241,"P_1ID":1236,"GROUP_NAME":"第五球","SHOWCLS":"blue","ODDS":10.80,"NUM":"8","NUM_NAME":"8","CODE":"sh11x54","SORT":8.0,"STATE":0,"ST":false,"BET_AMT":null,"ODDS_A":0.0,"ODDS_B":0.0,"ODDS_C":0.0},"sh11x54_9":{"ID":7162,"P_3ID":1241,"P_1ID":1236,"GROUP_NAME":"第五球","SHOWCLS":"blue","ODDS":10.80,"NUM":"9","NUM_NAME":"9","CODE":"sh11x54","SORT":9.0,"STATE":0,"ST":false,"BET_AMT":null,"ODDS_A":0.0,"ODDS_B":0.0,"ODDS_C":0.0},"sh11x54_10":{"ID":7163,"P_3ID":1241,"P_1ID":1236,"GROUP_NAME":"第五球","SHOWCLS":"blue","ODDS":10.80,"NUM":"10","NUM_NAME":"10","CODE":"sh11x54","SORT":10.0,"STATE":0,"ST":false,"BET_AMT":null,"ODDS_A":0.0,"ODDS_B":0.0,"ODDS_C":0.0},"sh11x54_11":{"ID":7164,"P_3ID":1241,"P_1ID":1236,"GROUP_NAME":"第五球","SHOWCLS":"blue","ODDS":10.80,"NUM":"11","NUM_NAME":"11","CODE":"sh11x54","SORT":11.0,"STATE":0,"ST":false,"BET_AMT":null,"ODDS_A":0.0,"ODDS_B":0.0,"ODDS_C":0.0},"sh11x54_大":{"ID":7165,"P_3ID":1241,"P_1ID":1236,"GROUP_NAME":"第五球","SHOWCLS":"text","ODDS":1.96,"NUM":"大","NUM_NAME":"大","CODE":"sh11x54","SORT":12.0,"STATE":0,"ST":false,"BET_AMT":null,"ODDS_A":0.0,"ODDS_B":0.0,"ODDS_C":0.0},"sh11x54_小":{"ID":7166,"P_3ID":1241,"P_1ID":1236,"GROUP_NAME":"第五球","SHOWCLS":"text","ODDS":1.96,"NUM":"小","NUM_NAME":"小","CODE":"sh11x54","SORT":13.0,"STATE":0,"ST":false,"BET_AMT":null,"ODDS_A":0.0,"ODDS_B":0.0,"ODDS_C":0.0},"sh11x54_单":{"ID":7167,"P_3ID":1241,"P_1ID":1236,"GROUP_NAME":"第五球","SHOWCLS":"text","ODDS":1.96,"NUM":"单","NUM_NAME":"单","CODE":"sh11x54","SORT":14.0,"STATE":0,"ST":false,"BET_AMT":null,"ODDS_A":0.0,"ODDS_B":0.0,"ODDS_C":0.0},"sh11x54_双":{"ID":7168,"P_3ID":1241,"P_1ID":1236,"GROUP_NAME":"第五球","SHOWCLS":"text","ODDS":1.96,"NUM":"双","NUM_NAME":"双","CODE":"sh11x54","SORT":15.0,"STATE":0,"ST":false,"BET_AMT":null,"ODDS_A":0.0,"ODDS_B":0.0,"ODDS_C":0.0}},"sh11x55":{"sh11x55_前二":{"ID":7169,"P_3ID":1242,"P_1ID":1236,"GROUP_NAME":"直选","SHOWCLS":"text","ODDS":100.0,"NUM":"前二","NUM_NAME":"前二","CODE":"sh11x55","SORT":2.0,"STATE":0,"ST":false,"BET_AMT":null,"ODDS_A":0.0,"ODDS_B":0.0,"ODDS_C":0.0},"sh11x55_前三":{"ID":7170,"P_3ID":1242,"P_1ID":1236,"GROUP_NAME":"直选","SHOWCLS":"text","ODDS":900.0,"NUM":"前三","NUM_NAME":"前三","CODE":"sh11x55","SORT":3.0,"STATE":0,"ST":false,"BET_AMT":null,"ODDS_A":0.0,"ODDS_B":0.0,"ODDS_C":0.0}},"sh11x56":{"sh11x56_前二":{"ID":7171,"P_3ID":1243,"P_1ID":1236,"GROUP_NAME":"组选","SHOWCLS":"text","ODDS":50.0,"NUM":"前二","NUM_NAME":"前二","CODE":"sh11x56","SORT":2.0,"STATE":0,"ST":false,"BET_AMT":null,"ODDS_A":0.0,"ODDS_B":0.0,"ODDS_C":0.0},"sh11x56_前三":{"ID":7172,"P_3ID":1243,"P_1ID":1236,"GROUP_NAME":"组选","SHOWCLS":"text","ODDS":150.0,"NUM":"前三","NUM_NAME":"前三","CODE":"sh11x56","SORT":3.0,"STATE":0,"ST":false,"BET_AMT":null,"ODDS_A":0.0,"ODDS_B":0.0,"ODDS_C":0.0}},"sh11x57":{"sh11x57_一中一":{"ID":7173,"P_3ID":1244,"P_1ID":1236,"GROUP_NAME":"任选","SHOWCLS":"text","ODDS":1.90,"NUM":"一中一","NUM_NAME":"一中一","CODE":"sh11x57","SORT":1.0,"STATE":0,"ST":false,"BET_AMT":null,"ODDS_A":0.0,"ODDS_B":0.0,"ODDS_C":0.0},"sh11x57_二中二":{"ID":7174,"P_3ID":1244,"P_1ID":1236,"GROUP_NAME":"任选","SHOWCLS":"text","ODDS":5.10,"NUM":"二中二","NUM_NAME":"二中二","CODE":"sh11x57","SORT":2.0,"STATE":0,"ST":false,"BET_AMT":null,"ODDS_A":0.0,"ODDS_B":0.0,"ODDS_C":0.0},"sh11x57_三中三":{"ID":7175,"P_3ID":1244,"P_1ID":1236,"GROUP_NAME":"任选","SHOWCLS":"text","ODDS":15.0,"NUM":"三中三","NUM_NAME":"三中三","CODE":"sh11x57","SORT":3.0,"STATE":0,"ST":false,"BET_AMT":null,"ODDS_A":0.0,"ODDS_B":0.0,"ODDS_C":0.0},"sh11x57_四中四":{"ID":7176,"P_3ID":1244,"P_1ID":1236,"GROUP_NAME":"任选","SHOWCLS":"text","ODDS":60.0,"NUM":"四中四","NUM_NAME":"四中四","CODE":"sh11x57","SORT":4.0,"STATE":0,"ST":false,"BET_AMT":null,"ODDS_A":0.0,"ODDS_B":0.0,"ODDS_C":0.0},"sh11x57_五中五":{"ID":7177,"P_3ID":1244,"P_1ID":1236,"GROUP_NAME":"任选","SHOWCLS":"text","ODDS":420.0,"NUM":"五中五","NUM_NAME":"五中五","CODE":"sh11x57","SORT":5.0,"STATE":0,"ST":false,"BET_AMT":null,"ODDS_A":0.0,"ODDS_B":0.0,"ODDS_C":0.0},"sh11x57_六中五":{"ID":7178,"P_3ID":1244,"P_1ID":1236,"GROUP_NAME":"任选","SHOWCLS":"text","ODDS":70.0,"NUM":"六中五","NUM_NAME":"六中五","CODE":"sh11x57","SORT":6.0,"STATE":0,"ST":false,"BET_AMT":null,"ODDS_A":0.0,"ODDS_B":0.0,"ODDS_C":0.0},"sh11x57_七中五":{"ID":7179,"P_3ID":1244,"P_1ID":1236,"GROUP_NAME":"任选","SHOWCLS":"text","ODDS":20.0,"NUM":"七中五","NUM_NAME":"七中五","CODE":"sh11x57","SORT":7.0,"STATE":0,"ST":false,"BET_AMT":null,"ODDS_A":0.0,"ODDS_B":0.0,"ODDS_C":0.0},"sh11x57_八中五":{"ID":7180,"P_3ID":1244,"P_1ID":1236,"GROUP_NAME":"任选","SHOWCLS":"text","ODDS":7.50,"NUM":"八中五","NUM_NAME":"八中五","CODE":"sh11x57","SORT":8.0,"STATE":0,"ST":false,"BET_AMT":null,"ODDS_A":0.0,"ODDS_B":0.0,"ODDS_C":0.0}},"sh11x58":{"sh11x58_总和大":{"ID":7181,"P_3ID":1245,"P_1ID":1236,"GROUP_NAME":"总和-龙虎","SHOWCLS":"text","ODDS":1.96,"NUM":"总和大","NUM_NAME":"总和大","CODE":"sh11x58","SORT":1.0,"STATE":0,"ST":false,"BET_AMT":null,"ODDS_A":0.0,"ODDS_B":0.0,"ODDS_C":0.0},"sh11x58_总和小":{"ID":7182,"P_3ID":1245,"P_1ID":1236,"GROUP_NAME":"总和-龙虎","SHOWCLS":"text","ODDS":1.96,"NUM":"总和小","NUM_NAME":"总和小","CODE":"sh11x58","SORT":2.0,"STATE":0,"ST":false,"BET_AMT":null,"ODDS_A":0.0,"ODDS_B":0.0,"ODDS_C":0.0},"sh11x58_总和单":{"ID":7183,"P_3ID":1245,"P_1ID":1236,"GROUP_NAME":"总和-龙虎","SHOWCLS":"text","ODDS":1.96,"NUM":"总和单","NUM_NAME":"总和单","CODE":"sh11x58","SORT":3.0,"STATE":0,"ST":false,"BET_AMT":null,"ODDS_A":0.0,"ODDS_B":0.0,"ODDS_C":0.0},"sh11x58_总和双":{"ID":7184,"P_3ID":1245,"P_1ID":1236,"GROUP_NAME":"总和-龙虎","SHOWCLS":"text","ODDS":1.96,"NUM":"总和双","NUM_NAME":"总和双","CODE":"sh11x58","SORT":4.0,"STATE":0,"ST":false,"BET_AMT":null,"ODDS_A":0.0,"ODDS_B":0.0,"ODDS_C":0.0},"sh11x58_尾大":{"ID":7185,"P_3ID":1245,"P_1ID":1236,"GROUP_NAME":"总和-龙虎","SHOWCLS":"text","ODDS":1.96,"NUM":"尾大","NUM_NAME":"总尾大","CODE":"sh11x58","SORT":5.0,"STATE":0,"ST":false,"BET_AMT":null,"ODDS_A":0.0,"ODDS_B":0.0,"ODDS_C":0.0},"sh11x58_尾小":{"ID":7186,"P_3ID":1245,"P_1ID":1236,"GROUP_NAME":"总和-龙虎","SHOWCLS":"text","ODDS":1.96,"NUM":"尾小","NUM_NAME":"总尾小","CODE":"sh11x58","SORT":6.0,"STATE":0,"ST":false,"BET_AMT":null,"ODDS_A":0.0,"ODDS_B":0.0,"ODDS_C":0.0},"sh11x58_尾单":{"ID":7187,"P_3ID":1245,"P_1ID":1236,"GROUP_NAME":"总和-龙虎","SHOWCLS":"text","ODDS":1.96,"NUM":"尾单","NUM_NAME":"总尾单","CODE":"sh11x58","SORT":7.0,"STATE":0,"ST":false,"BET_AMT":null,"ODDS_A":0.0,"ODDS_B":0.0,"ODDS_C":0.0},"sh11x58_尾双":{"ID":7188,"P_3ID":1245,"P_1ID":1236,"GROUP_NAME":"总和-龙虎","SHOWCLS":"text","ODDS":1.96,"NUM":"尾双","NUM_NAME":"总尾双","CODE":"sh11x58","SORT":8.0,"STATE":0,"ST":false,"BET_AMT":null,"ODDS_A":0.0,"ODDS_B":0.0,"ODDS_C":0.0},"sh11x58_龙":{"ID":7189,"P_3ID":1245,"P_1ID":1236,"GROUP_NAME":"总和-龙虎","SHOWCLS":"text","ODDS":1.96,"NUM":"龙","NUM_NAME":"龙","CODE":"sh11x58","SORT":9.0,"STATE":0,"ST":false,"BET_AMT":null,"ODDS_A":0.0,"ODDS_B":0.0,"ODDS_C":0.0},"sh11x58_虎":{"ID":7190,"P_3ID":1245,"P_1ID":1236,"GROUP_NAME":"总和-龙虎","SHOWCLS":"text","ODDS":1.96,"NUM":"虎","NUM_NAME":"虎","CODE":"sh11x58","SORT":10.0,"STATE":0,"ST":false,"BET_AMT":null,"ODDS_A":0.0,"ODDS_B":0.0,"ODDS_C":0.0}}}
