{"tjklsf0":{"tjklsf0_1":{"ID":5136,"P_3ID":859,"P_1ID":855,"GROUP_NAME":"第一球","SHOWCLS":"blue","ODDS":19.80,"NUM":"1","NUM_NAME":"1","CODE":"tjklsf0","SORT":0.0,"STATE":0,"ST":false,"BET_AMT":null,"ODDS_A":19.80,"ODDS_B":19.80,"ODDS_C":19.80},"tjklsf0_2":{"ID":5137,"P_3ID":859,"P_1ID":855,"GROUP_NAME":"第一球","SHOWCLS":"blue","ODDS":19.80,"NUM":"2","NUM_NAME":"2","CODE":"tjklsf0","SORT":1.0,"STATE":0,"ST":false,"BET_AMT":null,"ODDS_A":19.80,"ODDS_B":19.80,"ODDS_C":19.80},"tjklsf0_3":{"ID":5168,"P_3ID":859,"P_1ID":855,"GROUP_NAME":"第一球","SHOWCLS":"blue","ODDS":19.80,"NUM":"3","NUM_NAME":"3","CODE":"tjklsf0","SORT":2.0,"STATE":0,"ST":false,"BET_AMT":null,"ODDS_A":19.80,"ODDS_B":19.80,"ODDS_C":19.80},"tjklsf0_4":{"ID":5138,"P_3ID":859,"P_1ID":855,"GROUP_NAME":"第一球","SHOWCLS":"blue","ODDS":19.80,"NUM":"4","NUM_NAME":"4","CODE":"tjklsf0","SORT":3.0,"STATE":0,"ST":false,"BET_AMT":null,"ODDS_A":19.80,"ODDS_B":19.80,"ODDS_C":19.80},"tjklsf0_5":{"ID":5139,"P_3ID":859,"P_1ID":855,"GROUP_NAME":"第一球","SHOWCLS":"blue","ODDS":19.80,"NUM":"5","NUM_NAME":"5","CODE":"tjklsf0","SORT":4.0,"STATE":0,"ST":false,"BET_AMT":null,"ODDS_A":19.80,"ODDS_B":19.80,"ODDS_C":19.80},"tjklsf0_6":{"ID":5140,"P_3ID":859,"P_1ID":855,"GROUP_NAME":"第一球","SHOWCLS":"blue","ODDS":19.80,"NUM":"6","NUM_NAME":"6","CODE":"tjklsf0","SORT":5.0,"STATE":0,"ST":false,"BET_AMT":null,"ODDS_A":19.80,"ODDS_B":19.80,"ODDS_C":19.80},"tjklsf0_7":{"ID":5141,"P_3ID":859,"P_1ID":855,"GROUP_NAME":"第一球","SHOWCLS":"blue","ODDS":19.80,"NUM":"7","NUM_NAME":"7","CODE":"tjklsf0","SORT":6.0,"STATE":0,"ST":false,"BET_AMT":null,"ODDS_A":19.80,"ODDS_B":19.80,"ODDS_C":19.80},"tjklsf0_8":{"ID":5142,"P_3ID":859,"P_1ID":855,"GROUP_NAME":"第一球","SHOWCLS":"blue","ODDS":19.80,"NUM":"8","NUM_NAME":"8","CODE":"tjklsf0","SORT":7.0,"STATE":0,"ST":false,"BET_AMT":null,"ODDS_A":19.80,"ODDS_B":19.80,"ODDS_C":19.80},"tjklsf0_9":{"ID":5143,"P_3ID":859,"P_1ID":855,"GROUP_NAME":"第一球","SHOWCLS":"blue","ODDS":19.80,"NUM":"9","NUM_NAME":"9","CODE":"tjklsf0","SORT":8.0,"STATE":0,"ST":false,"BET_AMT":null,"ODDS_A":19.80,"ODDS_B":19.80,"ODDS_C":19.80},"tjklsf0_10":{"ID":5144,"P_3ID":859,"P_1ID":855,"GROUP_NAME":"第一球","SHOWCLS":"blue","ODDS":19.80,"NUM":"10","NUM_NAME":"10","CODE":"tjklsf0","SORT":9.0,"STATE":0,"ST":false,"BET_AMT":null,"ODDS_A":19.80,"ODDS_B":19.80,"ODDS_C":19.80},"tjklsf0_11":{"ID":5145,"P_3ID":859,"P_1ID":855,"GROUP_NAME":"第一球","SHOWCLS":"blue","ODDS":19.80,"NUM":"11","NUM_NAME":"11","CODE":"tjklsf0","SORT":10.0,"STATE":0,"ST":false,"BET_AMT":null,"ODDS_A":19.80,"ODDS_B":19.80,"ODDS_C":19.80},"tjklsf0_12":{"ID":5146,"P_3ID":859,"P_1ID":855,"GROUP_NAME":"第一球","SHOWCLS":"blue","ODDS":19.80,"NUM":"12","NUM_NAME":"12","CODE":"tjklsf0","SORT":11.0,"STATE":0,"ST":false,"BET_AMT":null,"ODDS_A":19.80,"ODDS_B":19.80,"ODDS_C":19.80},"tjklsf0_13":{"ID":5147,"P_3ID":859,"P_1ID":855,"GROUP_NAME":"第一球","SHOWCLS":"blue","ODDS":19.80,"NUM":"13","NUM_NAME":"13","CODE":"tjklsf0","SORT":12.0,"STATE":0,"ST":false,"BET_AMT":null,"ODDS_A":19.80,"ODDS_B":19.80,"ODDS_C":19.80},"tjklsf0_14":{"ID":5148,"P_3ID":859,"P_1ID":855,"GROUP_NAME":"第一球","SHOWCLS":"blue","ODDS":19.80,"NUM":"14","NUM_NAME":"14","CODE":"tjklsf0","SORT":13.0,"STATE":0,"ST":false,"BET_AMT":null,"ODDS_A":19.80,"ODDS_B":19.80,"ODDS_C":19.80},"tjklsf0_15":{"ID":5149,"P_3ID":859,"P_1ID":855,"GROUP_NAME":"第一球","SHOWCLS":"blue","ODDS":19.80,"NUM":"15","NUM_NAME":"15","CODE":"tjklsf0","SORT":14.0,"STATE":0,"ST":false,"BET_AMT":null,"ODDS_A":19.80,"ODDS_B":19.80,"ODDS_C":19.80},"tjklsf0_16":{"ID":5150,"P_3ID":859,"P_1ID":855,"GROUP_NAME":"第一球","SHOWCLS":"blue","ODDS":19.80,"NUM":"16","NUM_NAME":"16","CODE":"tjklsf0","SORT":15.0,"STATE":0,"ST":false,"BET_AMT":null,"ODDS_A":19.80,"ODDS_B":19.80,"ODDS_C":19.80},"tjklsf0_17":{"ID":5151,"P_3ID":859,"P_1ID":855,"GROUP_NAME":"第一球","SHOWCLS":"blue","ODDS":19.80,"NUM":"17","NUM_NAME":"17","CODE":"tjklsf0","SORT":16.0,"STATE":0,"ST":false,"BET_AMT":null,"ODDS_A":19.80,"ODDS_B":19.80,"ODDS_C":19.80},"tjklsf0_18":{"ID":5152,"P_3ID":859,"P_1ID":855,"GROUP_NAME":"第一球","SHOWCLS":"blue","ODDS":19.80,"NUM":"18","NUM_NAME":"18","CODE":"tjklsf0","SORT":17.0,"STATE":0,"ST":false,"BET_AMT":null,"ODDS_A":19.80,"ODDS_B":19.80,"ODDS_C":19.80},"tjklsf0_19":{"ID":5153,"P_3ID":859,"P_1ID":855,"GROUP_NAME":"第一球","SHOWCLS":"blue","ODDS":19.80,"NUM":"19","NUM_NAME":"19","CODE":"tjklsf0","SORT":18.0,"STATE":0,"ST":false,"BET_AMT":null,"ODDS_A":19.80,"ODDS_B":19.80,"ODDS_C":19.80},"tjklsf0_20":{"ID":5154,"P_3ID":859,"P_1ID":855,"GROUP_NAME":"第一球","SHOWCLS":"blue","ODDS":19.80,"NUM":"20","NUM_NAME":"20","CODE":"tjklsf0","SORT":19.0,"STATE":0,"ST":false,"BET_AMT":null,"ODDS_A":19.80,"ODDS_B":19.80,"ODDS_C":19.80},"tjklsf0_大":{"ID":5155,"P_3ID":859,"P_1ID":855,"GROUP_NAME":"第一球","SHOWCLS":"red","ODDS":1.96,"NUM":"大","NUM_NAME":"大","CODE":"tjklsf0","SORT":20.0,"STATE":0,"ST":false,"BET_AMT":null,"ODDS_A":1.96,"ODDS_B":1.98,"ODDS_C":1.98},"tjklsf0_小":{"ID":5156,"P_3ID":859,"P_1ID":855,"GROUP_NAME":"第一球","SHOWCLS":"green","ODDS":1.96,"NUM":"小","NUM_NAME":"小","CODE":"tjklsf0","SORT":21.0,"STATE":0,"ST":false,"BET_AMT":null,"ODDS_A":1.96,"ODDS_B":1.98,"ODDS_C":1.98},"tjklsf0_单":{"ID":5157,"P_3ID":859,"P_1ID":855,"GROUP_NAME":"第一球","SHOWCLS":"red","ODDS":1.96,"NUM":"单","NUM_NAME":"单","CODE":"tjklsf0","SORT":22.0,"STATE":0,"ST":false,"BET_AMT":null,"ODDS_A":1.96,"ODDS_B":1.98,"ODDS_C":1.98},"tjklsf0_双":{"ID":5158,"P_3ID":859,"P_1ID":855,"GROUP_NAME":"第一球","SHOWCLS":"green","ODDS":1.96,"NUM":"双","NUM_NAME":"双","CODE":"tjklsf0","SORT":23.0,"STATE":0,"ST":false,"BET_AMT":null,"ODDS_A":1.96,"ODDS_B":1.98,"ODDS_C":1.98},"tjklsf0_尾大":{"ID":5159,"P_3ID":859,"P_1ID":855,"GROUP_NAME":"第一球","SHOWCLS":"text","ODDS":1.96,"NUM":"尾大","NUM_NAME":"尾大","CODE":"tjklsf0","SORT":24.0,"STATE":0,"ST":false,"BET_AMT":null,"ODDS_A":1.96,"ODDS_B":1.98,"ODDS_C":1.98},"tjklsf0_尾小":{"ID":5160,"P_3ID":859,"P_1ID":855,"GROUP_NAME":"第一球","SHOWCLS":"text","ODDS":1.96,"NUM":"尾小","NUM_NAME":"尾小","CODE":"tjklsf0","SORT":25.0,"STATE":0,"ST":false,"BET_AMT":null,"ODDS_A":1.96,"ODDS_B":1.98,"ODDS_C":1.98},"tjklsf0_合单":{"ID":5161,"P_3ID":859,"P_1ID":855,"GROUP_NAME":"第一球","SHOWCLS":"text","ODDS":1.96,"NUM":"合单","NUM_NAME":"合单","CODE":"tjklsf0","SORT":26.0,"STATE":0,"ST":false,"BET_AMT":null,"ODDS_A":1.96,"ODDS_B":1.98,"ODDS_C":1.98},"tjklsf0_合双":{"ID":5162,"P_3ID":859,"P_1ID":855,"GROUP_NAME":"第一球","SHOWCLS":"text","ODDS":1.96,"NUM":"合双","NUM_NAME":"合双","CODE":"tjklsf0","SORT":27.0,"STATE":0,"ST":false,"BET_AMT":null,"ODDS_A":1.96,"ODDS_B":1.98,"ODDS_C":1.98},"tjklsf0_东":{"ID":5163,"P_3ID":859,"P_1ID":855,"GROUP_NAME":"第一球","SHOWCLS":"text","ODDS":3.61,"NUM":"东","NUM_NAME":"东","CODE":"tjklsf0","SORT":28.0,"STATE":0,"ST":false,"BET_AMT":null,"ODDS_A":3.76,"ODDS_B":3.76,"ODDS_C":3.76},"tjklsf0_南":{"ID":5164,"P_3ID":859,"P_1ID":855,"GROUP_NAME":"第一球","SHOWCLS":"text","ODDS":3.61,"NUM":"南","NUM_NAME":"南","CODE":"tjklsf0","SORT":29.0,"STATE":0,"ST":false,"BET_AMT":null,"ODDS_A":3.76,"ODDS_B":3.76,"ODDS_C":3.76},"tjklsf0_西":{"ID":5165,"P_3ID":859,"P_1ID":855,"GROUP_NAME":"第一球","SHOWCLS":"text","ODDS":3.61,"NUM":"西","NUM_NAME":"西","CODE":"tjklsf0","SORT":30.0,"STATE":0,"ST":false,"BET_AMT":null,"ODDS_A":3.76,"ODDS_B":3.76,"ODDS_C":3.76},"tjklsf0_北":{"ID":5166,"P_3ID":859,"P_1ID":855,"GROUP_NAME":"第一球","SHOWCLS":"text","ODDS":3.61,"NUM":"北","NUM_NAME":"北","CODE":"tjklsf0","SORT":31.0,"STATE":0,"ST":false,"BET_AMT":null,"ODDS_A":3.76,"ODDS_B":3.76,"ODDS_C":3.76},"tjklsf0_中":{"ID":5169,"P_3ID":859,"P_1ID":855,"GROUP_NAME":"第一球","SHOWCLS":"text","ODDS":2.55,"NUM":"中","NUM_NAME":"中","CODE":"tjklsf0","SORT":32.0,"STATE":0,"ST":false,"BET_AMT":null,"ODDS_A":2.70,"ODDS_B":2.70,"ODDS_C":2.70},"tjklsf0_发":{"ID":5170,"P_3ID":859,"P_1ID":855,"GROUP_NAME":"第一球","SHOWCLS":"text","ODDS":2.55,"NUM":"发","NUM_NAME":"发","CODE":"tjklsf0","SORT":33.0,"STATE":0,"ST":false,"BET_AMT":null,"ODDS_A":2.70,"ODDS_B":2.70,"ODDS_C":2.70},"tjklsf0_白":{"ID":5167,"P_3ID":859,"P_1ID":855,"GROUP_NAME":"第一球","SHOWCLS":"text","ODDS":2.70,"NUM":"白","NUM_NAME":"白","CODE":"tjklsf0","SORT":34.0,"STATE":0,"ST":false,"BET_AMT":null,"ODDS_A":2.85,"ODDS_B":2.85,"ODDS_C":2.85}},"tjklsf1":{"tjklsf1_1":{"ID":5173,"P_3ID":860,"P_1ID":855,"GROUP_NAME":"第二球","SHOWCLS":"blue","ODDS":19.80,"NUM":"1","NUM_NAME":"1","CODE":"tjklsf1","SORT":0.0,"STATE":0,"ST":false,"BET_AMT":null,"ODDS_A":19.80,"ODDS_B":19.80,"ODDS_C":19.80},"tjklsf1_2":{"ID":5174,"P_3ID":860,"P_1ID":855,"GROUP_NAME":"第二球","SHOWCLS":"blue","ODDS":19.80,"NUM":"2","NUM_NAME":"2","CODE":"tjklsf1","SORT":1.0,"STATE":0,"ST":false,"BET_AMT":null,"ODDS_A":19.80,"ODDS_B":19.80,"ODDS_C":19.80},"tjklsf1_3":{"ID":5175,"P_3ID":860,"P_1ID":855,"GROUP_NAME":"第二球","SHOWCLS":"blue","ODDS":19.80,"NUM":"3","NUM_NAME":"3","CODE":"tjklsf1","SORT":2.0,"STATE":0,"ST":false,"BET_AMT":null,"ODDS_A":19.80,"ODDS_B":19.80,"ODDS_C":19.80},"tjklsf1_4":{"ID":5176,"P_3ID":860,"P_1ID":855,"GROUP_NAME":"第二球","SHOWCLS":"blue","ODDS":19.80,"NUM":"4","NUM_NAME":"4","CODE":"tjklsf1","SORT":3.0,"STATE":0,"ST":false,"BET_AMT":null,"ODDS_A":19.80,"ODDS_B":19.80,"ODDS_C":19.80},"tjklsf1_5":{"ID":5177,"P_3ID":860,"P_1ID":855,"GROUP_NAME":"第二球","SHOWCLS":"blue","ODDS":19.80,"NUM":"5","NUM_NAME":"5","CODE":"tjklsf1","SORT":4.0,"STATE":0,"ST":false,"BET_AMT":null,"ODDS_A":19.80,"ODDS_B":19.80,"ODDS_C":19.80},"tjklsf1_6":{"ID":5199,"P_3ID":860,"P_1ID":855,"GROUP_NAME":"第二球","SHOWCLS":"blue","ODDS":19.80,"NUM":"6","NUM_NAME":"6","CODE":"tjklsf1","SORT":5.0,"STATE":0,"ST":false,"BET_AMT":null,"ODDS_A":19.80,"ODDS_B":19.80,"ODDS_C":19.80},"tjklsf1_7":{"ID":5178,"P_3ID":860,"P_1ID":855,"GROUP_NAME":"第二球","SHOWCLS":"blue","ODDS":19.80,"NUM":"7","NUM_NAME":"7","CODE":"tjklsf1","SORT":6.0,"STATE":0,"ST":false,"BET_AMT":null,"ODDS_A":19.80,"ODDS_B":19.80,"ODDS_C":19.80},"tjklsf1_8":{"ID":5179,"P_3ID":860,"P_1ID":855,"GROUP_NAME":"第二球","SHOWCLS":"blue","ODDS":19.80,"NUM":"8","NUM_NAME":"8","CODE":"tjklsf1","SORT":7.0,"STATE":0,"ST":false,"BET_AMT":null,"ODDS_A":19.80,"ODDS_B":19.80,"ODDS_C":19.80},"tjklsf1_9":{"ID":5180,"P_3ID":860,"P_1ID":855,"GROUP_NAME":"第二球","SHOWCLS":"blue","ODDS":19.80,"NUM":"9","NUM_NAME":"9","CODE":"tjklsf1","SORT":8.0,"STATE":0,"ST":false,"BET_AMT":null,"ODDS_A":19.80,"ODDS_B":19.80,"ODDS_C":19.80},"tjklsf1_10":{"ID":5181,"P_3ID":860,"P_1ID":855,"GROUP_NAME":"第二球","SHOWCLS":"blue","ODDS":19.80,"NUM":"10","NUM_NAME":"10","CODE":"tjklsf1","SORT":9.0,"STATE":0,"ST":false,"BET_AMT":null,"ODDS_A":19.80,"ODDS_B":19.80,"ODDS_C":19.80},"tjklsf1_11":{"ID":5182,"P_3ID":860,"P_1ID":855,"GROUP_NAME":"第二球","SHOWCLS":"blue","ODDS":19.80,"NUM":"11","NUM_NAME":"11","CODE":"tjklsf1","SORT":10.0,"STATE":0,"ST":false,"BET_AMT":null,"ODDS_A":19.80,"ODDS_B":19.80,"ODDS_C":19.80},"tjklsf1_12":{"ID":5183,"P_3ID":860,"P_1ID":855,"GROUP_NAME":"第二球","SHOWCLS":"blue","ODDS":19.80,"NUM":"12","NUM_NAME":"12","CODE":"tjklsf1","SORT":11.0,"STATE":0,"ST":false,"BET_AMT":null,"ODDS_A":19.80,"ODDS_B":19.80,"ODDS_C":19.80},"tjklsf1_13":{"ID":5200,"P_3ID":860,"P_1ID":855,"GROUP_NAME":"第二球","SHOWCLS":"blue","ODDS":19.80,"NUM":"13","NUM_NAME":"13","CODE":"tjklsf1","SORT":12.0,"STATE":0,"ST":false,"BET_AMT":null,"ODDS_A":19.80,"ODDS_B":19.80,"ODDS_C":19.80},"tjklsf1_14":{"ID":5184,"P_3ID":860,"P_1ID":855,"GROUP_NAME":"第二球","SHOWCLS":"blue","ODDS":19.80,"NUM":"14","NUM_NAME":"14","CODE":"tjklsf1","SORT":13.0,"STATE":0,"ST":false,"BET_AMT":null,"ODDS_A":19.80,"ODDS_B":19.80,"ODDS_C":19.80},"tjklsf1_15":{"ID":5185,"P_3ID":860,"P_1ID":855,"GROUP_NAME":"第二球","SHOWCLS":"blue","ODDS":19.80,"NUM":"15","NUM_NAME":"15","CODE":"tjklsf1","SORT":14.0,"STATE":0,"ST":false,"BET_AMT":null,"ODDS_A":19.80,"ODDS_B":19.80,"ODDS_C":19.80},"tjklsf1_16":{"ID":5186,"P_3ID":860,"P_1ID":855,"GROUP_NAME":"第二球","SHOWCLS":"blue","ODDS":19.80,"NUM":"16","NUM_NAME":"16","CODE":"tjklsf1","SORT":15.0,"STATE":0,"ST":false,"BET_AMT":null,"ODDS_A":19.80,"ODDS_B":19.80,"ODDS_C":19.80},"tjklsf1_17":{"ID":5187,"P_3ID":860,"P_1ID":855,"GROUP_NAME":"第二球","SHOWCLS":"blue","ODDS":19.80,"NUM":"17","NUM_NAME":"17","CODE":"tjklsf1","SORT":16.0,"STATE":0,"ST":false,"BET_AMT":null,"ODDS_A":19.80,"ODDS_B":19.80,"ODDS_C":19.80},"tjklsf1_18":{"ID":5188,"P_3ID":860,"P_1ID":855,"GROUP_NAME":"第二球","SHOWCLS":"blue","ODDS":19.80,"NUM":"18","NUM_NAME":"18","CODE":"tjklsf1","SORT":17.0,"STATE":0,"ST":false,"BET_AMT":null,"ODDS_A":19.80,"ODDS_B":19.80,"ODDS_C":19.80},"tjklsf1_19":{"ID":5189,"P_3ID":860,"P_1ID":855,"GROUP_NAME":"第二球","SHOWCLS":"blue","ODDS":19.80,"NUM":"19","NUM_NAME":"19","CODE":"tjklsf1","SORT":18.0,"STATE":0,"ST":false,"BET_AMT":null,"ODDS_A":19.80,"ODDS_B":19.80,"ODDS_C":19.80},"tjklsf1_20":{"ID":5201,"P_3ID":860,"P_1ID":855,"GROUP_NAME":"第二球","SHOWCLS":"blue","ODDS":19.80,"NUM":"20","NUM_NAME":"20","CODE":"tjklsf1","SORT":19.0,"STATE":0,"ST":false,"BET_AMT":null,"ODDS_A":19.80,"ODDS_B":19.80,"ODDS_C":19.80},"tjklsf1_大":{"ID":5190,"P_3ID":860,"P_1ID":855,"GROUP_NAME":"第二球","SHOWCLS":"red","ODDS":1.96,"NUM":"大","NUM_NAME":"大","CODE":"tjklsf1","SORT":20.0,"STATE":0,"ST":false,"BET_AMT":null,"ODDS_A":1.96,"ODDS_B":1.98,"ODDS_C":1.98},"tjklsf1_小":{"ID":5191,"P_3ID":860,"P_1ID":855,"GROUP_NAME":"第二球","SHOWCLS":"green","ODDS":1.96,"NUM":"小","NUM_NAME":"小","CODE":"tjklsf1","SORT":21.0,"STATE":0,"ST":false,"BET_AMT":null,"ODDS_A":1.96,"ODDS_B":1.98,"ODDS_C":1.98},"tjklsf1_单":{"ID":5192,"P_3ID":860,"P_1ID":855,"GROUP_NAME":"第二球","SHOWCLS":"red","ODDS":1.96,"NUM":"单","NUM_NAME":"单","CODE":"tjklsf1","SORT":22.0,"STATE":0,"ST":false,"BET_AMT":null,"ODDS_A":1.96,"ODDS_B":1.98,"ODDS_C":1.98},"tjklsf1_双":{"ID":5193,"P_3ID":860,"P_1ID":855,"GROUP_NAME":"第二球","SHOWCLS":"green","ODDS":1.96,"NUM":"双","NUM_NAME":"双","CODE":"tjklsf1","SORT":23.0,"STATE":0,"ST":false,"BET_AMT":null,"ODDS_A":1.96,"ODDS_B":1.98,"ODDS_C":1.98},"tjklsf1_尾大":{"ID":5194,"P_3ID":860,"P_1ID":855,"GROUP_NAME":"第二球","SHOWCLS":"text","ODDS":1.96,"NUM":"尾大","NUM_NAME":"尾大","CODE":"tjklsf1","SORT":24.0,"STATE":0,"ST":false,"BET_AMT":null,"ODDS_A":1.96,"ODDS_B":1.98,"ODDS_C":1.98},"tjklsf1_尾小":{"ID":5195,"P_3ID":860,"P_1ID":855,"GROUP_NAME":"第二球","SHOWCLS":"text","ODDS":1.96,"NUM":"尾小","NUM_NAME":"尾小","CODE":"tjklsf1","SORT":25.0,"STATE":0,"ST":false,"BET_AMT":null,"ODDS_A":1.96,"ODDS_B":1.98,"ODDS_C":1.98},"tjklsf1_合单":{"ID":5196,"P_3ID":860,"P_1ID":855,"GROUP_NAME":"第二球","SHOWCLS":"text","ODDS":1.96,"NUM":"合单","NUM_NAME":"合单","CODE":"tjklsf1","SORT":26.0,"STATE":0,"ST":false,"BET_AMT":null,"ODDS_A":1.96,"ODDS_B":1.98,"ODDS_C":1.98},"tjklsf1_合双":{"ID":5197,"P_3ID":860,"P_1ID":855,"GROUP_NAME":"第二球","SHOWCLS":"text","ODDS":1.96,"NUM":"合双","NUM_NAME":"合双","CODE":"tjklsf1","SORT":27.0,"STATE":0,"ST":false,"BET_AMT":null,"ODDS_A":1.96,"ODDS_B":1.98,"ODDS_C":1.98},"tjklsf1_东":{"ID":5198,"P_3ID":860,"P_1ID":855,"GROUP_NAME":"第二球","SHOWCLS":"text","ODDS":3.61,"NUM":"东","NUM_NAME":"东","CODE":"tjklsf1","SORT":28.0,"STATE":0,"ST":false,"BET_AMT":null,"ODDS_A":3.76,"ODDS_B":3.76,"ODDS_C":3.76},"tjklsf1_南":{"ID":5172,"P_3ID":860,"P_1ID":855,"GROUP_NAME":"第二球","SHOWCLS":"text","ODDS":3.61,"NUM":"南","NUM_NAME":"南","CODE":"tjklsf1","SORT":29.0,"STATE":0,"ST":false,"BET_AMT":null,"ODDS_A":3.76,"ODDS_B":3.76,"ODDS_C":3.76},"tjklsf1_西":{"ID":5202,"P_3ID":860,"P_1ID":855,"GROUP_NAME":"第二球","SHOWCLS":"text","ODDS":3.61,"NUM":"西","NUM_NAME":"西","CODE":"tjklsf1","SORT":30.0,"STATE":0,"ST":false,"BET_AMT":null,"ODDS_A":3.76,"ODDS_B":3.76,"ODDS_C":3.76},"tjklsf1_北":{"ID":5203,"P_3ID":860,"P_1ID":855,"GROUP_NAME":"第二球","SHOWCLS":"text","ODDS":3.61,"NUM":"北","NUM_NAME":"北","CODE":"tjklsf1","SORT":31.0,"STATE":0,"ST":false,"BET_AMT":null,"ODDS_A":3.76,"ODDS_B":3.76,"ODDS_C":3.76},"tjklsf1_中":{"ID":5204,"P_3ID":860,"P_1ID":855,"GROUP_NAME":"第二球","SHOWCLS":"text","ODDS":2.55,"NUM":"中","NUM_NAME":"中","CODE":"tjklsf1","SORT":32.0,"STATE":0,"ST":false,"BET_AMT":null,"ODDS_A":2.70,"ODDS_B":2.70,"ODDS_C":2.70},"tjklsf1_发":{"ID":5205,"P_3ID":860,"P_1ID":855,"GROUP_NAME":"第二球","SHOWCLS":"text","ODDS":2.55,"NUM":"发","NUM_NAME":"发","CODE":"tjklsf1","SORT":33.0,"STATE":0,"ST":false,"BET_AMT":null,"ODDS_A":2.70,"ODDS_B":2.70,"ODDS_C":2.70},"tjklsf1_白":{"ID":5171,"P_3ID":860,"P_1ID":855,"GROUP_NAME":"第二球","SHOWCLS":"text","ODDS":2.70,"NUM":"白","NUM_NAME":"白","CODE":"tjklsf1","SORT":34.0,"STATE":0,"ST":false,"BET_AMT":null,"ODDS_A":2.85,"ODDS_B":2.85,"ODDS_C":2.85}},"tjklsf2":{"tjklsf2_1":{"ID":5206,"P_3ID":861,"P_1ID":855,"GROUP_NAME":"第三球","SHOWCLS":"blue","ODDS":19.80,"NUM":"1","NUM_NAME":"1","CODE":"tjklsf2","SORT":0.0,"STATE":0,"ST":false,"BET_AMT":null,"ODDS_A":19.80,"ODDS_B":19.80,"ODDS_C":19.80},"tjklsf2_2":{"ID":5207,"P_3ID":861,"P_1ID":855,"GROUP_NAME":"第三球","SHOWCLS":"blue","ODDS":19.80,"NUM":"2","NUM_NAME":"2","CODE":"tjklsf2","SORT":1.0,"STATE":0,"ST":false,"BET_AMT":null,"ODDS_A":19.80,"ODDS_B":19.80,"ODDS_C":19.80},"tjklsf2_3":{"ID":5208,"P_3ID":861,"P_1ID":855,"GROUP_NAME":"第三球","SHOWCLS":"blue","ODDS":19.80,"NUM":"3","NUM_NAME":"3","CODE":"tjklsf2","SORT":2.0,"STATE":0,"ST":false,"BET_AMT":null,"ODDS_A":19.80,"ODDS_B":19.80,"ODDS_C":19.80},"tjklsf2_4":{"ID":5209,"P_3ID":861,"P_1ID":855,"GROUP_NAME":"第三球","SHOWCLS":"blue","ODDS":19.80,"NUM":"4","NUM_NAME":"4","CODE":"tjklsf2","SORT":3.0,"STATE":0,"ST":false,"BET_AMT":null,"ODDS_A":19.80,"ODDS_B":19.80,"ODDS_C":19.80},"tjklsf2_5":{"ID":5210,"P_3ID":861,"P_1ID":855,"GROUP_NAME":"第三球","SHOWCLS":"blue","ODDS":19.80,"NUM":"5","NUM_NAME":"5","CODE":"tjklsf2","SORT":4.0,"STATE":0,"ST":false,"BET_AMT":null,"ODDS_A":19.80,"ODDS_B":19.80,"ODDS_C":19.80},"tjklsf2_6":{"ID":5211,"P_3ID":861,"P_1ID":855,"GROUP_NAME":"第三球","SHOWCLS":"blue","ODDS":19.80,"NUM":"6","NUM_NAME":"6","CODE":"tjklsf2","SORT":5.0,"STATE":0,"ST":false,"BET_AMT":null,"ODDS_A":19.80,"ODDS_B":19.80,"ODDS_C":19.80},"tjklsf2_7":{"ID":5212,"P_3ID":861,"P_1ID":855,"GROUP_NAME":"第三球","SHOWCLS":"blue","ODDS":19.80,"NUM":"7","NUM_NAME":"7","CODE":"tjklsf2","SORT":6.0,"STATE":0,"ST":false,"BET_AMT":null,"ODDS_A":19.80,"ODDS_B":19.80,"ODDS_C":19.80},"tjklsf2_8":{"ID":5213,"P_3ID":861,"P_1ID":855,"GROUP_NAME":"第三球","SHOWCLS":"blue","ODDS":19.80,"NUM":"8","NUM_NAME":"8","CODE":"tjklsf2","SORT":7.0,"STATE":0,"ST":false,"BET_AMT":null,"ODDS_A":19.80,"ODDS_B":19.80,"ODDS_C":19.80},"tjklsf2_9":{"ID":5214,"P_3ID":861,"P_1ID":855,"GROUP_NAME":"第三球","SHOWCLS":"blue","ODDS":19.80,"NUM":"9","NUM_NAME":"9","CODE":"tjklsf2","SORT":8.0,"STATE":0,"ST":false,"BET_AMT":null,"ODDS_A":19.80,"ODDS_B":19.80,"ODDS_C":19.80},"tjklsf2_10":{"ID":5215,"P_3ID":861,"P_1ID":855,"GROUP_NAME":"第三球","SHOWCLS":"blue","ODDS":19.80,"NUM":"10","NUM_NAME":"10","CODE":"tjklsf2","SORT":9.0,"STATE":0,"ST":false,"BET_AMT":null,"ODDS_A":19.80,"ODDS_B":19.80,"ODDS_C":19.80},"tjklsf2_11":{"ID":5216,"P_3ID":861,"P_1ID":855,"GROUP_NAME":"第三球","SHOWCLS":"blue","ODDS":19.80,"NUM":"11","NUM_NAME":"11","CODE":"tjklsf2","SORT":10.0,"STATE":0,"ST":false,"BET_AMT":null,"ODDS_A":19.80,"ODDS_B":19.80,"ODDS_C":19.80},"tjklsf2_12":{"ID":5217,"P_3ID":861,"P_1ID":855,"GROUP_NAME":"第三球","SHOWCLS":"blue","ODDS":19.80,"NUM":"12","NUM_NAME":"12","CODE":"tjklsf2","SORT":11.0,"STATE":0,"ST":false,"BET_AMT":null,"ODDS_A":19.80,"ODDS_B":19.80,"ODDS_C":19.80},"tjklsf2_13":{"ID":5218,"P_3ID":861,"P_1ID":855,"GROUP_NAME":"第三球","SHOWCLS":"blue","ODDS":19.80,"NUM":"13","NUM_NAME":"13","CODE":"tjklsf2","SORT":12.0,"STATE":0,"ST":false,"BET_AMT":null,"ODDS_A":19.80,"ODDS_B":19.80,"ODDS_C":19.80},"tjklsf2_14":{"ID":5219,"P_3ID":861,"P_1ID":855,"GROUP_NAME":"第三球","SHOWCLS":"blue","ODDS":19.80,"NUM":"14","NUM_NAME":"14","CODE":"tjklsf2","SORT":13.0,"STATE":0,"ST":false,"BET_AMT":null,"ODDS_A":19.80,"ODDS_B":19.80,"ODDS_C":19.80},"tjklsf2_15":{"ID":5220,"P_3ID":861,"P_1ID":855,"GROUP_NAME":"第三球","SHOWCLS":"blue","ODDS":19.80,"NUM":"15","NUM_NAME":"15","CODE":"tjklsf2","SORT":14.0,"STATE":0,"ST":false,"BET_AMT":null,"ODDS_A":19.80,"ODDS_B":19.80,"ODDS_C":19.80},"tjklsf2_16":{"ID":5221,"P_3ID":861,"P_1ID":855,"GROUP_NAME":"第三球","SHOWCLS":"blue","ODDS":19.80,"NUM":"16","NUM_NAME":"16","CODE":"tjklsf2","SORT":15.0,"STATE":0,"ST":false,"BET_AMT":null,"ODDS_A":19.80,"ODDS_B":19.80,"ODDS_C":19.80},"tjklsf2_17":{"ID":5222,"P_3ID":861,"P_1ID":855,"GROUP_NAME":"第三球","SHOWCLS":"blue","ODDS":19.80,"NUM":"17","NUM_NAME":"17","CODE":"tjklsf2","SORT":16.0,"STATE":0,"ST":false,"BET_AMT":null,"ODDS_A":19.80,"ODDS_B":19.80,"ODDS_C":19.80},"tjklsf2_18":{"ID":5223,"P_3ID":861,"P_1ID":855,"GROUP_NAME":"第三球","SHOWCLS":"blue","ODDS":19.80,"NUM":"18","NUM_NAME":"18","CODE":"tjklsf2","SORT":17.0,"STATE":0,"ST":false,"BET_AMT":null,"ODDS_A":19.80,"ODDS_B":19.80,"ODDS_C":19.80},"tjklsf2_19":{"ID":5224,"P_3ID":861,"P_1ID":855,"GROUP_NAME":"第三球","SHOWCLS":"blue","ODDS":19.80,"NUM":"19","NUM_NAME":"19","CODE":"tjklsf2","SORT":18.0,"STATE":0,"ST":false,"BET_AMT":null,"ODDS_A":19.80,"ODDS_B":19.80,"ODDS_C":19.80},"tjklsf2_20":{"ID":5225,"P_3ID":861,"P_1ID":855,"GROUP_NAME":"第三球","SHOWCLS":"blue","ODDS":19.80,"NUM":"20","NUM_NAME":"20","CODE":"tjklsf2","SORT":19.0,"STATE":0,"ST":false,"BET_AMT":null,"ODDS_A":19.80,"ODDS_B":19.80,"ODDS_C":19.80},"tjklsf2_大":{"ID":5226,"P_3ID":861,"P_1ID":855,"GROUP_NAME":"第三球","SHOWCLS":"red","ODDS":1.96,"NUM":"大","NUM_NAME":"大","CODE":"tjklsf2","SORT":20.0,"STATE":0,"ST":false,"BET_AMT":null,"ODDS_A":1.96,"ODDS_B":1.98,"ODDS_C":1.98},"tjklsf2_小":{"ID":5227,"P_3ID":861,"P_1ID":855,"GROUP_NAME":"第三球","SHOWCLS":"green","ODDS":1.96,"NUM":"小","NUM_NAME":"小","CODE":"tjklsf2","SORT":21.0,"STATE":0,"ST":false,"BET_AMT":null,"ODDS_A":1.96,"ODDS_B":1.98,"ODDS_C":1.98},"tjklsf2_单":{"ID":5228,"P_3ID":861,"P_1ID":855,"GROUP_NAME":"第三球","SHOWCLS":"red","ODDS":1.96,"NUM":"单","NUM_NAME":"单","CODE":"tjklsf2","SORT":22.0,"STATE":0,"ST":false,"BET_AMT":null,"ODDS_A":1.96,"ODDS_B":1.98,"ODDS_C":1.98},"tjklsf2_双":{"ID":5229,"P_3ID":861,"P_1ID":855,"GROUP_NAME":"第三球","SHOWCLS":"green","ODDS":1.96,"NUM":"双","NUM_NAME":"双","CODE":"tjklsf2","SORT":23.0,"STATE":0,"ST":false,"BET_AMT":null,"ODDS_A":1.96,"ODDS_B":1.98,"ODDS_C":1.98},"tjklsf2_尾大":{"ID":5230,"P_3ID":861,"P_1ID":855,"GROUP_NAME":"第三球","SHOWCLS":"text","ODDS":1.96,"NUM":"尾大","NUM_NAME":"尾大","CODE":"tjklsf2","SORT":24.0,"STATE":0,"ST":false,"BET_AMT":null,"ODDS_A":1.96,"ODDS_B":1.98,"ODDS_C":1.98},"tjklsf2_尾小":{"ID":5231,"P_3ID":861,"P_1ID":855,"GROUP_NAME":"第三球","SHOWCLS":"text","ODDS":1.96,"NUM":"尾小","NUM_NAME":"尾小","CODE":"tjklsf2","SORT":25.0,"STATE":0,"ST":false,"BET_AMT":null,"ODDS_A":1.96,"ODDS_B":1.98,"ODDS_C":1.98},"tjklsf2_合单":{"ID":5232,"P_3ID":861,"P_1ID":855,"GROUP_NAME":"第三球","SHOWCLS":"text","ODDS":1.96,"NUM":"合单","NUM_NAME":"合单","CODE":"tjklsf2","SORT":26.0,"STATE":0,"ST":false,"BET_AMT":null,"ODDS_A":1.96,"ODDS_B":1.98,"ODDS_C":1.98},"tjklsf2_合双":{"ID":5233,"P_3ID":861,"P_1ID":855,"GROUP_NAME":"第三球","SHOWCLS":"text","ODDS":1.96,"NUM":"合双","NUM_NAME":"合双","CODE":"tjklsf2","SORT":27.0,"STATE":0,"ST":false,"BET_AMT":null,"ODDS_A":1.96,"ODDS_B":1.98,"ODDS_C":1.98},"tjklsf2_东":{"ID":5234,"P_3ID":861,"P_1ID":855,"GROUP_NAME":"第三球","SHOWCLS":"text","ODDS":3.61,"NUM":"东","NUM_NAME":"东","CODE":"tjklsf2","SORT":28.0,"STATE":0,"ST":false,"BET_AMT":null,"ODDS_A":3.76,"ODDS_B":3.76,"ODDS_C":3.76},"tjklsf2_南":{"ID":5235,"P_3ID":861,"P_1ID":855,"GROUP_NAME":"第三球","SHOWCLS":"text","ODDS":3.61,"NUM":"南","NUM_NAME":"南","CODE":"tjklsf2","SORT":29.0,"STATE":0,"ST":false,"BET_AMT":null,"ODDS_A":3.76,"ODDS_B":3.76,"ODDS_C":3.76},"tjklsf2_西":{"ID":5236,"P_3ID":861,"P_1ID":855,"GROUP_NAME":"第三球","SHOWCLS":"text","ODDS":3.61,"NUM":"西","NUM_NAME":"西","CODE":"tjklsf2","SORT":30.0,"STATE":0,"ST":false,"BET_AMT":null,"ODDS_A":3.76,"ODDS_B":3.76,"ODDS_C":3.76},"tjklsf2_北":{"ID":5237,"P_3ID":861,"P_1ID":855,"GROUP_NAME":"第三球","SHOWCLS":"text","ODDS":3.61,"NUM":"北","NUM_NAME":"北","CODE":"tjklsf2","SORT":31.0,"STATE":0,"ST":false,"BET_AMT":null,"ODDS_A":3.76,"ODDS_B":3.76,"ODDS_C":3.76},"tjklsf2_中":{"ID":5238,"P_3ID":861,"P_1ID":855,"GROUP_NAME":"第三球","SHOWCLS":"text","ODDS":2.55,"NUM":"中","NUM_NAME":"中","CODE":"tjklsf2","SORT":32.0,"STATE":0,"ST":false,"BET_AMT":null,"ODDS_A":2.70,"ODDS_B":2.70,"ODDS_C":2.70},"tjklsf2_发":{"ID":5239,"P_3ID":861,"P_1ID":855,"GROUP_NAME":"第三球","SHOWCLS":"text","ODDS":2.55,"NUM":"发","NUM_NAME":"发","CODE":"tjklsf2","SORT":33.0,"STATE":0,"ST":false,"BET_AMT":null,"ODDS_A":2.70,"ODDS_B":2.70,"ODDS_C":2.70},"tjklsf2_白":{"ID":5240,"P_3ID":861,"P_1ID":855,"GROUP_NAME":"第三球","SHOWCLS":"text","ODDS":2.70,"NUM":"白","NUM_NAME":"白","CODE":"tjklsf2","SORT":34.0,"STATE":0,"ST":false,"BET_AMT":null,"ODDS_A":2.85,"ODDS_B":2.85,"ODDS_C":2.85}},"tjklsf3":{"tjklsf3_1":{"ID":5241,"P_3ID":862,"P_1ID":855,"GROUP_NAME":"第四球","SHOWCLS":"blue","ODDS":19.80,"NUM":"1","NUM_NAME":"1","CODE":"tjklsf3","SORT":0.0,"STATE":0,"ST":false,"BET_AMT":null,"ODDS_A":19.80,"ODDS_B":19.80,"ODDS_C":19.80},"tjklsf3_2":{"ID":5242,"P_3ID":862,"P_1ID":855,"GROUP_NAME":"第四球","SHOWCLS":"blue","ODDS":19.80,"NUM":"2","NUM_NAME":"2","CODE":"tjklsf3","SORT":1.0,"STATE":0,"ST":false,"BET_AMT":null,"ODDS_A":19.80,"ODDS_B":19.80,"ODDS_C":19.80},"tjklsf3_3":{"ID":5243,"P_3ID":862,"P_1ID":855,"GROUP_NAME":"第四球","SHOWCLS":"blue","ODDS":19.80,"NUM":"3","NUM_NAME":"3","CODE":"tjklsf3","SORT":2.0,"STATE":0,"ST":false,"BET_AMT":null,"ODDS_A":19.80,"ODDS_B":19.80,"ODDS_C":19.80},"tjklsf3_4":{"ID":5244,"P_3ID":862,"P_1ID":855,"GROUP_NAME":"第四球","SHOWCLS":"blue","ODDS":19.80,"NUM":"4","NUM_NAME":"4","CODE":"tjklsf3","SORT":3.0,"STATE":0,"ST":false,"BET_AMT":null,"ODDS_A":19.80,"ODDS_B":19.80,"ODDS_C":19.80},"tjklsf3_5":{"ID":5245,"P_3ID":862,"P_1ID":855,"GROUP_NAME":"第四球","SHOWCLS":"blue","ODDS":19.80,"NUM":"5","NUM_NAME":"5","CODE":"tjklsf3","SORT":4.0,"STATE":0,"ST":false,"BET_AMT":null,"ODDS_A":19.80,"ODDS_B":19.80,"ODDS_C":19.80},"tjklsf3_6":{"ID":5246,"P_3ID":862,"P_1ID":855,"GROUP_NAME":"第四球","SHOWCLS":"blue","ODDS":19.80,"NUM":"6","NUM_NAME":"6","CODE":"tjklsf3","SORT":5.0,"STATE":0,"ST":false,"BET_AMT":null,"ODDS_A":19.80,"ODDS_B":19.80,"ODDS_C":19.80},"tjklsf3_7":{"ID":5247,"P_3ID":862,"P_1ID":855,"GROUP_NAME":"第四球","SHOWCLS":"blue","ODDS":19.80,"NUM":"7","NUM_NAME":"7","CODE":"tjklsf3","SORT":6.0,"STATE":0,"ST":false,"BET_AMT":null,"ODDS_A":19.80,"ODDS_B":19.80,"ODDS_C":19.80},"tjklsf3_8":{"ID":5248,"P_3ID":862,"P_1ID":855,"GROUP_NAME":"第四球","SHOWCLS":"blue","ODDS":19.80,"NUM":"8","NUM_NAME":"8","CODE":"tjklsf3","SORT":7.0,"STATE":0,"ST":false,"BET_AMT":null,"ODDS_A":19.80,"ODDS_B":19.80,"ODDS_C":19.80},"tjklsf3_9":{"ID":5249,"P_3ID":862,"P_1ID":855,"GROUP_NAME":"第四球","SHOWCLS":"blue","ODDS":19.80,"NUM":"9","NUM_NAME":"9","CODE":"tjklsf3","SORT":8.0,"STATE":0,"ST":false,"BET_AMT":null,"ODDS_A":19.80,"ODDS_B":19.80,"ODDS_C":19.80},"tjklsf3_10":{"ID":5250,"P_3ID":862,"P_1ID":855,"GROUP_NAME":"第四球","SHOWCLS":"blue","ODDS":19.80,"NUM":"10","NUM_NAME":"10","CODE":"tjklsf3","SORT":9.0,"STATE":0,"ST":false,"BET_AMT":null,"ODDS_A":19.80,"ODDS_B":19.80,"ODDS_C":19.80},"tjklsf3_11":{"ID":5251,"P_3ID":862,"P_1ID":855,"GROUP_NAME":"第四球","SHOWCLS":"blue","ODDS":19.80,"NUM":"11","NUM_NAME":"11","CODE":"tjklsf3","SORT":10.0,"STATE":0,"ST":false,"BET_AMT":null,"ODDS_A":19.80,"ODDS_B":19.80,"ODDS_C":19.80},"tjklsf3_12":{"ID":5252,"P_3ID":862,"P_1ID":855,"GROUP_NAME":"第四球","SHOWCLS":"blue","ODDS":19.80,"NUM":"12","NUM_NAME":"12","CODE":"tjklsf3","SORT":11.0,"STATE":0,"ST":false,"BET_AMT":null,"ODDS_A":19.80,"ODDS_B":19.80,"ODDS_C":19.80},"tjklsf3_13":{"ID":5253,"P_3ID":862,"P_1ID":855,"GROUP_NAME":"第四球","SHOWCLS":"blue","ODDS":19.80,"NUM":"13","NUM_NAME":"13","CODE":"tjklsf3","SORT":12.0,"STATE":0,"ST":false,"BET_AMT":null,"ODDS_A":19.80,"ODDS_B":19.80,"ODDS_C":19.80},"tjklsf3_14":{"ID":5254,"P_3ID":862,"P_1ID":855,"GROUP_NAME":"第四球","SHOWCLS":"blue","ODDS":19.80,"NUM":"14","NUM_NAME":"14","CODE":"tjklsf3","SORT":13.0,"STATE":0,"ST":false,"BET_AMT":null,"ODDS_A":19.80,"ODDS_B":19.80,"ODDS_C":19.80},"tjklsf3_15":{"ID":5255,"P_3ID":862,"P_1ID":855,"GROUP_NAME":"第四球","SHOWCLS":"blue","ODDS":19.80,"NUM":"15","NUM_NAME":"15","CODE":"tjklsf3","SORT":14.0,"STATE":0,"ST":false,"BET_AMT":null,"ODDS_A":19.80,"ODDS_B":19.80,"ODDS_C":19.80},"tjklsf3_16":{"ID":5256,"P_3ID":862,"P_1ID":855,"GROUP_NAME":"第四球","SHOWCLS":"blue","ODDS":19.80,"NUM":"16","NUM_NAME":"16","CODE":"tjklsf3","SORT":15.0,"STATE":0,"ST":false,"BET_AMT":null,"ODDS_A":19.80,"ODDS_B":19.80,"ODDS_C":19.80},"tjklsf3_17":{"ID":5257,"P_3ID":862,"P_1ID":855,"GROUP_NAME":"第四球","SHOWCLS":"blue","ODDS":19.80,"NUM":"17","NUM_NAME":"17","CODE":"tjklsf3","SORT":16.0,"STATE":0,"ST":false,"BET_AMT":null,"ODDS_A":19.80,"ODDS_B":19.80,"ODDS_C":19.80},"tjklsf3_18":{"ID":5258,"P_3ID":862,"P_1ID":855,"GROUP_NAME":"第四球","SHOWCLS":"blue","ODDS":19.80,"NUM":"18","NUM_NAME":"18","CODE":"tjklsf3","SORT":17.0,"STATE":0,"ST":false,"BET_AMT":null,"ODDS_A":19.80,"ODDS_B":19.80,"ODDS_C":19.80},"tjklsf3_19":{"ID":5271,"P_3ID":862,"P_1ID":855,"GROUP_NAME":"第四球","SHOWCLS":"blue","ODDS":19.80,"NUM":"19","NUM_NAME":"19","CODE":"tjklsf3","SORT":18.0,"STATE":0,"ST":false,"BET_AMT":null,"ODDS_A":19.80,"ODDS_B":19.80,"ODDS_C":19.80},"tjklsf3_20":{"ID":5259,"P_3ID":862,"P_1ID":855,"GROUP_NAME":"第四球","SHOWCLS":"blue","ODDS":19.80,"NUM":"20","NUM_NAME":"20","CODE":"tjklsf3","SORT":19.0,"STATE":0,"ST":false,"BET_AMT":null,"ODDS_A":19.80,"ODDS_B":19.80,"ODDS_C":19.80},"tjklsf3_大":{"ID":5260,"P_3ID":862,"P_1ID":855,"GROUP_NAME":"第四球","SHOWCLS":"red","ODDS":1.96,"NUM":"大","NUM_NAME":"大","CODE":"tjklsf3","SORT":20.0,"STATE":0,"ST":false,"BET_AMT":null,"ODDS_A":1.96,"ODDS_B":1.98,"ODDS_C":1.98},"tjklsf3_小":{"ID":5261,"P_3ID":862,"P_1ID":855,"GROUP_NAME":"第四球","SHOWCLS":"green","ODDS":1.96,"NUM":"小","NUM_NAME":"小","CODE":"tjklsf3","SORT":21.0,"STATE":0,"ST":false,"BET_AMT":null,"ODDS_A":1.96,"ODDS_B":1.98,"ODDS_C":1.98},"tjklsf3_单":{"ID":5262,"P_3ID":862,"P_1ID":855,"GROUP_NAME":"第四球","SHOWCLS":"red","ODDS":1.96,"NUM":"单","NUM_NAME":"单","CODE":"tjklsf3","SORT":22.0,"STATE":0,"ST":false,"BET_AMT":null,"ODDS_A":1.96,"ODDS_B":1.98,"ODDS_C":1.98},"tjklsf3_双":{"ID":5275,"P_3ID":862,"P_1ID":855,"GROUP_NAME":"第四球","SHOWCLS":"green","ODDS":1.96,"NUM":"双","NUM_NAME":"双","CODE":"tjklsf3","SORT":23.0,"STATE":0,"ST":false,"BET_AMT":null,"ODDS_A":1.96,"ODDS_B":1.98,"ODDS_C":1.98},"tjklsf3_尾大":{"ID":5263,"P_3ID":862,"P_1ID":855,"GROUP_NAME":"第四球","SHOWCLS":"text","ODDS":1.96,"NUM":"尾大","NUM_NAME":"尾大","CODE":"tjklsf3","SORT":24.0,"STATE":0,"ST":false,"BET_AMT":null,"ODDS_A":1.96,"ODDS_B":1.98,"ODDS_C":1.98},"tjklsf3_尾小":{"ID":5264,"P_3ID":862,"P_1ID":855,"GROUP_NAME":"第四球","SHOWCLS":"text","ODDS":1.96,"NUM":"尾小","NUM_NAME":"尾小","CODE":"tjklsf3","SORT":25.0,"STATE":0,"ST":false,"BET_AMT":null,"ODDS_A":1.96,"ODDS_B":1.98,"ODDS_C":1.98},"tjklsf3_合单":{"ID":5265,"P_3ID":862,"P_1ID":855,"GROUP_NAME":"第四球","SHOWCLS":"text","ODDS":1.96,"NUM":"合单","NUM_NAME":"合单","CODE":"tjklsf3","SORT":26.0,"STATE":0,"ST":false,"BET_AMT":null,"ODDS_A":1.96,"ODDS_B":1.98,"ODDS_C":1.98},"tjklsf3_合双":{"ID":5266,"P_3ID":862,"P_1ID":855,"GROUP_NAME":"第四球","SHOWCLS":"text","ODDS":1.96,"NUM":"合双","NUM_NAME":"合双","CODE":"tjklsf3","SORT":27.0,"STATE":0,"ST":false,"BET_AMT":null,"ODDS_A":1.96,"ODDS_B":1.98,"ODDS_C":1.98},"tjklsf3_东":{"ID":5267,"P_3ID":862,"P_1ID":855,"GROUP_NAME":"第四球","SHOWCLS":"text","ODDS":3.61,"NUM":"东","NUM_NAME":"东","CODE":"tjklsf3","SORT":28.0,"STATE":0,"ST":false,"BET_AMT":null,"ODDS_A":3.76,"ODDS_B":3.76,"ODDS_C":3.76},"tjklsf3_南":{"ID":5268,"P_3ID":862,"P_1ID":855,"GROUP_NAME":"第四球","SHOWCLS":"text","ODDS":3.61,"NUM":"南","NUM_NAME":"南","CODE":"tjklsf3","SORT":29.0,"STATE":0,"ST":false,"BET_AMT":null,"ODDS_A":3.76,"ODDS_B":3.76,"ODDS_C":3.76},"tjklsf3_西":{"ID":5273,"P_3ID":862,"P_1ID":855,"GROUP_NAME":"第四球","SHOWCLS":"text","ODDS":3.61,"NUM":"西","NUM_NAME":"西","CODE":"tjklsf3","SORT":30.0,"STATE":0,"ST":false,"BET_AMT":null,"ODDS_A":3.76,"ODDS_B":3.76,"ODDS_C":3.76},"tjklsf3_北":{"ID":5269,"P_3ID":862,"P_1ID":855,"GROUP_NAME":"第四球","SHOWCLS":"text","ODDS":3.61,"NUM":"北","NUM_NAME":"北","CODE":"tjklsf3","SORT":31.0,"STATE":0,"ST":false,"BET_AMT":null,"ODDS_A":3.76,"ODDS_B":3.76,"ODDS_C":3.76},"tjklsf3_中":{"ID":5270,"P_3ID":862,"P_1ID":855,"GROUP_NAME":"第四球","SHOWCLS":"text","ODDS":2.55,"NUM":"中","NUM_NAME":"中","CODE":"tjklsf3","SORT":32.0,"STATE":0,"ST":false,"BET_AMT":null,"ODDS_A":2.70,"ODDS_B":2.70,"ODDS_C":2.70},"tjklsf3_发":{"ID":5274,"P_3ID":862,"P_1ID":855,"GROUP_NAME":"第四球","SHOWCLS":"text","ODDS":2.55,"NUM":"发","NUM_NAME":"发","CODE":"tjklsf3","SORT":33.0,"STATE":0,"ST":false,"BET_AMT":null,"ODDS_A":2.70,"ODDS_B":2.70,"ODDS_C":2.70},"tjklsf3_白":{"ID":5272,"P_3ID":862,"P_1ID":855,"GROUP_NAME":"第四球","SHOWCLS":"text","ODDS":2.70,"NUM":"白","NUM_NAME":"白","CODE":"tjklsf3","SORT":34.0,"STATE":0,"ST":false,"BET_AMT":null,"ODDS_A":2.85,"ODDS_B":2.85,"ODDS_C":2.85}},"tjklsf4":{"tjklsf4_1":{"ID":5288,"P_3ID":863,"P_1ID":855,"GROUP_NAME":"第五球","SHOWCLS":"blue","ODDS":19.80,"NUM":"1","NUM_NAME":"1","CODE":"tjklsf4","SORT":0.0,"STATE":0,"ST":false,"BET_AMT":null,"ODDS_A":19.80,"ODDS_B":19.80,"ODDS_C":19.80},"tjklsf4_2":{"ID":5289,"P_3ID":863,"P_1ID":855,"GROUP_NAME":"第五球","SHOWCLS":"blue","ODDS":19.80,"NUM":"2","NUM_NAME":"2","CODE":"tjklsf4","SORT":1.0,"STATE":0,"ST":false,"BET_AMT":null,"ODDS_A":19.80,"ODDS_B":19.80,"ODDS_C":19.80},"tjklsf4_3":{"ID":5290,"P_3ID":863,"P_1ID":855,"GROUP_NAME":"第五球","SHOWCLS":"blue","ODDS":19.80,"NUM":"3","NUM_NAME":"3","CODE":"tjklsf4","SORT":2.0,"STATE":0,"ST":false,"BET_AMT":null,"ODDS_A":19.80,"ODDS_B":19.80,"ODDS_C":19.80},"tjklsf4_4":{"ID":5291,"P_3ID":863,"P_1ID":855,"GROUP_NAME":"第五球","SHOWCLS":"blue","ODDS":19.80,"NUM":"4","NUM_NAME":"4","CODE":"tjklsf4","SORT":3.0,"STATE":0,"ST":false,"BET_AMT":null,"ODDS_A":19.80,"ODDS_B":19.80,"ODDS_C":19.80},"tjklsf4_5":{"ID":5292,"P_3ID":863,"P_1ID":855,"GROUP_NAME":"第五球","SHOWCLS":"blue","ODDS":19.80,"NUM":"5","NUM_NAME":"5","CODE":"tjklsf4","SORT":4.0,"STATE":0,"ST":false,"BET_AMT":null,"ODDS_A":19.80,"ODDS_B":19.80,"ODDS_C":19.80},"tjklsf4_6":{"ID":5293,"P_3ID":863,"P_1ID":855,"GROUP_NAME":"第五球","SHOWCLS":"blue","ODDS":19.80,"NUM":"6","NUM_NAME":"6","CODE":"tjklsf4","SORT":5.0,"STATE":0,"ST":false,"BET_AMT":null,"ODDS_A":19.80,"ODDS_B":19.80,"ODDS_C":19.80},"tjklsf4_7":{"ID":5294,"P_3ID":863,"P_1ID":855,"GROUP_NAME":"第五球","SHOWCLS":"blue","ODDS":19.80,"NUM":"7","NUM_NAME":"7","CODE":"tjklsf4","SORT":6.0,"STATE":0,"ST":false,"BET_AMT":null,"ODDS_A":19.80,"ODDS_B":19.80,"ODDS_C":19.80},"tjklsf4_8":{"ID":5295,"P_3ID":863,"P_1ID":855,"GROUP_NAME":"第五球","SHOWCLS":"blue","ODDS":19.80,"NUM":"8","NUM_NAME":"8","CODE":"tjklsf4","SORT":7.0,"STATE":0,"ST":false,"BET_AMT":null,"ODDS_A":19.80,"ODDS_B":19.80,"ODDS_C":19.80},"tjklsf4_9":{"ID":5296,"P_3ID":863,"P_1ID":855,"GROUP_NAME":"第五球","SHOWCLS":"blue","ODDS":19.80,"NUM":"9","NUM_NAME":"9","CODE":"tjklsf4","SORT":8.0,"STATE":0,"ST":false,"BET_AMT":null,"ODDS_A":19.80,"ODDS_B":19.80,"ODDS_C":19.80},"tjklsf4_10":{"ID":5297,"P_3ID":863,"P_1ID":855,"GROUP_NAME":"第五球","SHOWCLS":"blue","ODDS":19.80,"NUM":"10","NUM_NAME":"10","CODE":"tjklsf4","SORT":9.0,"STATE":0,"ST":false,"BET_AMT":null,"ODDS_A":19.80,"ODDS_B":19.80,"ODDS_C":19.80},"tjklsf4_11":{"ID":5298,"P_3ID":863,"P_1ID":855,"GROUP_NAME":"第五球","SHOWCLS":"blue","ODDS":19.80,"NUM":"11","NUM_NAME":"11","CODE":"tjklsf4","SORT":10.0,"STATE":0,"ST":false,"BET_AMT":null,"ODDS_A":19.80,"ODDS_B":19.80,"ODDS_C":19.80},"tjklsf4_12":{"ID":5299,"P_3ID":863,"P_1ID":855,"GROUP_NAME":"第五球","SHOWCLS":"blue","ODDS":19.80,"NUM":"12","NUM_NAME":"12","CODE":"tjklsf4","SORT":11.0,"STATE":0,"ST":false,"BET_AMT":null,"ODDS_A":19.80,"ODDS_B":19.80,"ODDS_C":19.80},"tjklsf4_13":{"ID":5300,"P_3ID":863,"P_1ID":855,"GROUP_NAME":"第五球","SHOWCLS":"blue","ODDS":19.80,"NUM":"13","NUM_NAME":"13","CODE":"tjklsf4","SORT":12.0,"STATE":0,"ST":false,"BET_AMT":null,"ODDS_A":19.80,"ODDS_B":19.80,"ODDS_C":19.80},"tjklsf4_14":{"ID":5301,"P_3ID":863,"P_1ID":855,"GROUP_NAME":"第五球","SHOWCLS":"blue","ODDS":19.80,"NUM":"14","NUM_NAME":"14","CODE":"tjklsf4","SORT":13.0,"STATE":0,"ST":false,"BET_AMT":null,"ODDS_A":19.80,"ODDS_B":19.80,"ODDS_C":19.80},"tjklsf4_15":{"ID":5302,"P_3ID":863,"P_1ID":855,"GROUP_NAME":"第五球","SHOWCLS":"blue","ODDS":19.80,"NUM":"15","NUM_NAME":"15","CODE":"tjklsf4","SORT":14.0,"STATE":0,"ST":false,"BET_AMT":null,"ODDS_A":19.80,"ODDS_B":19.80,"ODDS_C":19.80},"tjklsf4_16":{"ID":5303,"P_3ID":863,"P_1ID":855,"GROUP_NAME":"第五球","SHOWCLS":"blue","ODDS":19.80,"NUM":"16","NUM_NAME":"16","CODE":"tjklsf4","SORT":15.0,"STATE":0,"ST":false,"BET_AMT":null,"ODDS_A":19.80,"ODDS_B":19.80,"ODDS_C":19.80},"tjklsf4_17":{"ID":5304,"P_3ID":863,"P_1ID":855,"GROUP_NAME":"第五球","SHOWCLS":"blue","ODDS":19.80,"NUM":"17","NUM_NAME":"17","CODE":"tjklsf4","SORT":16.0,"STATE":0,"ST":false,"BET_AMT":null,"ODDS_A":19.80,"ODDS_B":19.80,"ODDS_C":19.80},"tjklsf4_18":{"ID":5305,"P_3ID":863,"P_1ID":855,"GROUP_NAME":"第五球","SHOWCLS":"blue","ODDS":19.80,"NUM":"18","NUM_NAME":"18","CODE":"tjklsf4","SORT":17.0,"STATE":0,"ST":false,"BET_AMT":null,"ODDS_A":19.80,"ODDS_B":19.80,"ODDS_C":19.80},"tjklsf4_19":{"ID":5306,"P_3ID":863,"P_1ID":855,"GROUP_NAME":"第五球","SHOWCLS":"blue","ODDS":19.80,"NUM":"19","NUM_NAME":"19","CODE":"tjklsf4","SORT":18.0,"STATE":0,"ST":false,"BET_AMT":null,"ODDS_A":19.80,"ODDS_B":19.80,"ODDS_C":19.80},"tjklsf4_20":{"ID":5307,"P_3ID":863,"P_1ID":855,"GROUP_NAME":"第五球","SHOWCLS":"blue","ODDS":19.80,"NUM":"20","NUM_NAME":"20","CODE":"tjklsf4","SORT":19.0,"STATE":0,"ST":false,"BET_AMT":null,"ODDS_A":19.80,"ODDS_B":19.80,"ODDS_C":19.80},"tjklsf4_大":{"ID":5276,"P_3ID":863,"P_1ID":855,"GROUP_NAME":"第五球","SHOWCLS":"red","ODDS":1.96,"NUM":"大","NUM_NAME":"大","CODE":"tjklsf4","SORT":20.0,"STATE":0,"ST":false,"BET_AMT":null,"ODDS_A":1.96,"ODDS_B":1.98,"ODDS_C":1.98},"tjklsf4_小":{"ID":5308,"P_3ID":863,"P_1ID":855,"GROUP_NAME":"第五球","SHOWCLS":"green","ODDS":1.96,"NUM":"小","NUM_NAME":"小","CODE":"tjklsf4","SORT":21.0,"STATE":0,"ST":false,"BET_AMT":null,"ODDS_A":1.96,"ODDS_B":1.98,"ODDS_C":1.98},"tjklsf4_单":{"ID":5277,"P_3ID":863,"P_1ID":855,"GROUP_NAME":"第五球","SHOWCLS":"red","ODDS":1.96,"NUM":"单","NUM_NAME":"单","CODE":"tjklsf4","SORT":22.0,"STATE":0,"ST":false,"BET_AMT":null,"ODDS_A":1.96,"ODDS_B":1.98,"ODDS_C":1.98},"tjklsf4_双":{"ID":5278,"P_3ID":863,"P_1ID":855,"GROUP_NAME":"第五球","SHOWCLS":"green","ODDS":1.96,"NUM":"双","NUM_NAME":"双","CODE":"tjklsf4","SORT":23.0,"STATE":0,"ST":false,"BET_AMT":null,"ODDS_A":1.96,"ODDS_B":1.98,"ODDS_C":1.98},"tjklsf4_尾大":{"ID":5279,"P_3ID":863,"P_1ID":855,"GROUP_NAME":"第五球","SHOWCLS":"text","ODDS":1.96,"NUM":"尾大","NUM_NAME":"尾大","CODE":"tjklsf4","SORT":24.0,"STATE":0,"ST":false,"BET_AMT":null,"ODDS_A":1.96,"ODDS_B":1.98,"ODDS_C":1.98},"tjklsf4_尾小":{"ID":5280,"P_3ID":863,"P_1ID":855,"GROUP_NAME":"第五球","SHOWCLS":"text","ODDS":1.96,"NUM":"尾小","NUM_NAME":"尾小","CODE":"tjklsf4","SORT":25.0,"STATE":0,"ST":false,"BET_AMT":null,"ODDS_A":1.96,"ODDS_B":1.98,"ODDS_C":1.98},"tjklsf4_合单":{"ID":5281,"P_3ID":863,"P_1ID":855,"GROUP_NAME":"第五球","SHOWCLS":"text","ODDS":1.96,"NUM":"合单","NUM_NAME":"合单","CODE":"tjklsf4","SORT":26.0,"STATE":0,"ST":false,"BET_AMT":null,"ODDS_A":1.96,"ODDS_B":1.98,"ODDS_C":1.98},"tjklsf4_合双":{"ID":5282,"P_3ID":863,"P_1ID":855,"GROUP_NAME":"第五球","SHOWCLS":"text","ODDS":1.96,"NUM":"合双","NUM_NAME":"合双","CODE":"tjklsf4","SORT":27.0,"STATE":0,"ST":false,"BET_AMT":null,"ODDS_A":1.96,"ODDS_B":1.98,"ODDS_C":1.98},"tjklsf4_东":{"ID":5310,"P_3ID":863,"P_1ID":855,"GROUP_NAME":"第五球","SHOWCLS":"text","ODDS":3.61,"NUM":"东","NUM_NAME":"东","CODE":"tjklsf4","SORT":28.0,"STATE":0,"ST":false,"BET_AMT":null,"ODDS_A":3.76,"ODDS_B":3.76,"ODDS_C":3.76},"tjklsf4_南":{"ID":5283,"P_3ID":863,"P_1ID":855,"GROUP_NAME":"第五球","SHOWCLS":"text","ODDS":3.61,"NUM":"南","NUM_NAME":"南","CODE":"tjklsf4","SORT":29.0,"STATE":0,"ST":false,"BET_AMT":null,"ODDS_A":3.76,"ODDS_B":3.76,"ODDS_C":3.76},"tjklsf4_西":{"ID":5284,"P_3ID":863,"P_1ID":855,"GROUP_NAME":"第五球","SHOWCLS":"text","ODDS":3.61,"NUM":"西","NUM_NAME":"西","CODE":"tjklsf4","SORT":30.0,"STATE":0,"ST":false,"BET_AMT":null,"ODDS_A":3.76,"ODDS_B":3.76,"ODDS_C":3.76},"tjklsf4_北":{"ID":5287,"P_3ID":863,"P_1ID":855,"GROUP_NAME":"第五球","SHOWCLS":"text","ODDS":3.61,"NUM":"北","NUM_NAME":"北","CODE":"tjklsf4","SORT":31.0,"STATE":0,"ST":false,"BET_AMT":null,"ODDS_A":3.76,"ODDS_B":3.76,"ODDS_C":3.76},"tjklsf4_中":{"ID":5309,"P_3ID":863,"P_1ID":855,"GROUP_NAME":"第五球","SHOWCLS":"text","ODDS":2.55,"NUM":"中","NUM_NAME":"中","CODE":"tjklsf4","SORT":32.0,"STATE":0,"ST":false,"BET_AMT":null,"ODDS_A":2.70,"ODDS_B":2.70,"ODDS_C":2.70},"tjklsf4_发":{"ID":5285,"P_3ID":863,"P_1ID":855,"GROUP_NAME":"第五球","SHOWCLS":"text","ODDS":2.55,"NUM":"发","NUM_NAME":"发","CODE":"tjklsf4","SORT":33.0,"STATE":0,"ST":false,"BET_AMT":null,"ODDS_A":2.70,"ODDS_B":2.70,"ODDS_C":2.70},"tjklsf4_白":{"ID":5286,"P_3ID":863,"P_1ID":855,"GROUP_NAME":"第五球","SHOWCLS":"text","ODDS":2.70,"NUM":"白","NUM_NAME":"白","CODE":"tjklsf4","SORT":34.0,"STATE":0,"ST":false,"BET_AMT":null,"ODDS_A":2.85,"ODDS_B":2.85,"ODDS_C":2.85}},"tjklsf5":{"tjklsf5_1":{"ID":5336,"P_3ID":864,"P_1ID":855,"GROUP_NAME":"第六球","SHOWCLS":"blue","ODDS":19.80,"NUM":"1","NUM_NAME":"1","CODE":"tjklsf5","SORT":0.0,"STATE":0,"ST":false,"BET_AMT":null,"ODDS_A":19.80,"ODDS_B":19.80,"ODDS_C":19.80},"tjklsf5_2":{"ID":5311,"P_3ID":864,"P_1ID":855,"GROUP_NAME":"第六球","SHOWCLS":"blue","ODDS":19.80,"NUM":"2","NUM_NAME":"2","CODE":"tjklsf5","SORT":1.0,"STATE":0,"ST":false,"BET_AMT":null,"ODDS_A":19.80,"ODDS_B":19.80,"ODDS_C":19.80},"tjklsf5_3":{"ID":5312,"P_3ID":864,"P_1ID":855,"GROUP_NAME":"第六球","SHOWCLS":"blue","ODDS":19.80,"NUM":"3","NUM_NAME":"3","CODE":"tjklsf5","SORT":2.0,"STATE":0,"ST":false,"BET_AMT":null,"ODDS_A":19.80,"ODDS_B":19.80,"ODDS_C":19.80},"tjklsf5_4":{"ID":5337,"P_3ID":864,"P_1ID":855,"GROUP_NAME":"第六球","SHOWCLS":"blue","ODDS":19.80,"NUM":"4","NUM_NAME":"4","CODE":"tjklsf5","SORT":3.0,"STATE":0,"ST":false,"BET_AMT":null,"ODDS_A":19.80,"ODDS_B":19.80,"ODDS_C":19.80},"tjklsf5_5":{"ID":5313,"P_3ID":864,"P_1ID":855,"GROUP_NAME":"第六球","SHOWCLS":"blue","ODDS":19.80,"NUM":"5","NUM_NAME":"5","CODE":"tjklsf5","SORT":4.0,"STATE":0,"ST":false,"BET_AMT":null,"ODDS_A":19.80,"ODDS_B":19.80,"ODDS_C":19.80},"tjklsf5_6":{"ID":5314,"P_3ID":864,"P_1ID":855,"GROUP_NAME":"第六球","SHOWCLS":"blue","ODDS":19.80,"NUM":"6","NUM_NAME":"6","CODE":"tjklsf5","SORT":5.0,"STATE":0,"ST":false,"BET_AMT":null,"ODDS_A":19.80,"ODDS_B":19.80,"ODDS_C":19.80},"tjklsf5_7":{"ID":5315,"P_3ID":864,"P_1ID":855,"GROUP_NAME":"第六球","SHOWCLS":"blue","ODDS":19.80,"NUM":"7","NUM_NAME":"7","CODE":"tjklsf5","SORT":6.0,"STATE":0,"ST":false,"BET_AMT":null,"ODDS_A":19.80,"ODDS_B":19.80,"ODDS_C":19.80},"tjklsf5_8":{"ID":5338,"P_3ID":864,"P_1ID":855,"GROUP_NAME":"第六球","SHOWCLS":"blue","ODDS":19.80,"NUM":"8","NUM_NAME":"8","CODE":"tjklsf5","SORT":7.0,"STATE":0,"ST":false,"BET_AMT":null,"ODDS_A":19.80,"ODDS_B":19.80,"ODDS_C":19.80},"tjklsf5_9":{"ID":5316,"P_3ID":864,"P_1ID":855,"GROUP_NAME":"第六球","SHOWCLS":"blue","ODDS":19.80,"NUM":"9","NUM_NAME":"9","CODE":"tjklsf5","SORT":8.0,"STATE":0,"ST":false,"BET_AMT":null,"ODDS_A":19.80,"ODDS_B":19.80,"ODDS_C":19.80},"tjklsf5_10":{"ID":5317,"P_3ID":864,"P_1ID":855,"GROUP_NAME":"第六球","SHOWCLS":"blue","ODDS":19.80,"NUM":"10","NUM_NAME":"10","CODE":"tjklsf5","SORT":9.0,"STATE":0,"ST":false,"BET_AMT":null,"ODDS_A":19.80,"ODDS_B":19.80,"ODDS_C":19.80},"tjklsf5_11":{"ID":5339,"P_3ID":864,"P_1ID":855,"GROUP_NAME":"第六球","SHOWCLS":"blue","ODDS":19.80,"NUM":"11","NUM_NAME":"11","CODE":"tjklsf5","SORT":10.0,"STATE":0,"ST":false,"BET_AMT":null,"ODDS_A":19.80,"ODDS_B":19.80,"ODDS_C":19.80},"tjklsf5_12":{"ID":5318,"P_3ID":864,"P_1ID":855,"GROUP_NAME":"第六球","SHOWCLS":"blue","ODDS":19.80,"NUM":"12","NUM_NAME":"12","CODE":"tjklsf5","SORT":11.0,"STATE":0,"ST":false,"BET_AMT":null,"ODDS_A":19.80,"ODDS_B":19.80,"ODDS_C":19.80},"tjklsf5_13":{"ID":5319,"P_3ID":864,"P_1ID":855,"GROUP_NAME":"第六球","SHOWCLS":"blue","ODDS":19.80,"NUM":"13","NUM_NAME":"13","CODE":"tjklsf5","SORT":12.0,"STATE":0,"ST":false,"BET_AMT":null,"ODDS_A":19.80,"ODDS_B":19.80,"ODDS_C":19.80},"tjklsf5_14":{"ID":5340,"P_3ID":864,"P_1ID":855,"GROUP_NAME":"第六球","SHOWCLS":"blue","ODDS":19.80,"NUM":"14","NUM_NAME":"14","CODE":"tjklsf5","SORT":13.0,"STATE":0,"ST":false,"BET_AMT":null,"ODDS_A":19.80,"ODDS_B":19.80,"ODDS_C":19.80},"tjklsf5_15":{"ID":5320,"P_3ID":864,"P_1ID":855,"GROUP_NAME":"第六球","SHOWCLS":"blue","ODDS":19.80,"NUM":"15","NUM_NAME":"15","CODE":"tjklsf5","SORT":14.0,"STATE":0,"ST":false,"BET_AMT":null,"ODDS_A":19.80,"ODDS_B":19.80,"ODDS_C":19.80},"tjklsf5_16":{"ID":5321,"P_3ID":864,"P_1ID":855,"GROUP_NAME":"第六球","SHOWCLS":"blue","ODDS":19.80,"NUM":"16","NUM_NAME":"16","CODE":"tjklsf5","SORT":15.0,"STATE":0,"ST":false,"BET_AMT":null,"ODDS_A":19.80,"ODDS_B":19.80,"ODDS_C":19.80},"tjklsf5_17":{"ID":5322,"P_3ID":864,"P_1ID":855,"GROUP_NAME":"第六球","SHOWCLS":"blue","ODDS":19.80,"NUM":"17","NUM_NAME":"17","CODE":"tjklsf5","SORT":16.0,"STATE":0,"ST":false,"BET_AMT":null,"ODDS_A":19.80,"ODDS_B":19.80,"ODDS_C":19.80},"tjklsf5_18":{"ID":5341,"P_3ID":864,"P_1ID":855,"GROUP_NAME":"第六球","SHOWCLS":"blue","ODDS":19.80,"NUM":"18","NUM_NAME":"18","CODE":"tjklsf5","SORT":17.0,"STATE":0,"ST":false,"BET_AMT":null,"ODDS_A":19.80,"ODDS_B":19.80,"ODDS_C":19.80},"tjklsf5_19":{"ID":5323,"P_3ID":864,"P_1ID":855,"GROUP_NAME":"第六球","SHOWCLS":"blue","ODDS":19.80,"NUM":"19","NUM_NAME":"19","CODE":"tjklsf5","SORT":18.0,"STATE":0,"ST":false,"BET_AMT":null,"ODDS_A":19.80,"ODDS_B":19.80,"ODDS_C":19.80},"tjklsf5_20":{"ID":5324,"P_3ID":864,"P_1ID":855,"GROUP_NAME":"第六球","SHOWCLS":"blue","ODDS":19.80,"NUM":"20","NUM_NAME":"20","CODE":"tjklsf5","SORT":19.0,"STATE":0,"ST":false,"BET_AMT":null,"ODDS_A":19.80,"ODDS_B":19.80,"ODDS_C":19.80},"tjklsf5_大":{"ID":5342,"P_3ID":864,"P_1ID":855,"GROUP_NAME":"第六球","SHOWCLS":"red","ODDS":1.96,"NUM":"大","NUM_NAME":"大","CODE":"tjklsf5","SORT":20.0,"STATE":0,"ST":false,"BET_AMT":null,"ODDS_A":1.96,"ODDS_B":1.98,"ODDS_C":1.98},"tjklsf5_小":{"ID":5325,"P_3ID":864,"P_1ID":855,"GROUP_NAME":"第六球","SHOWCLS":"green","ODDS":1.96,"NUM":"小","NUM_NAME":"小","CODE":"tjklsf5","SORT":21.0,"STATE":0,"ST":false,"BET_AMT":null,"ODDS_A":1.96,"ODDS_B":1.98,"ODDS_C":1.98},"tjklsf5_单":{"ID":5344,"P_3ID":864,"P_1ID":855,"GROUP_NAME":"第六球","SHOWCLS":"red","ODDS":1.96,"NUM":"单","NUM_NAME":"单","CODE":"tjklsf5","SORT":22.0,"STATE":0,"ST":false,"BET_AMT":null,"ODDS_A":1.96,"ODDS_B":1.98,"ODDS_C":1.98},"tjklsf5_双":{"ID":5326,"P_3ID":864,"P_1ID":855,"GROUP_NAME":"第六球","SHOWCLS":"green","ODDS":1.96,"NUM":"双","NUM_NAME":"双","CODE":"tjklsf5","SORT":23.0,"STATE":0,"ST":false,"BET_AMT":null,"ODDS_A":1.96,"ODDS_B":1.98,"ODDS_C":1.98},"tjklsf5_尾大":{"ID":5327,"P_3ID":864,"P_1ID":855,"GROUP_NAME":"第六球","SHOWCLS":"text","ODDS":1.96,"NUM":"尾大","NUM_NAME":"尾大","CODE":"tjklsf5","SORT":24.0,"STATE":0,"ST":false,"BET_AMT":null,"ODDS_A":1.96,"ODDS_B":1.98,"ODDS_C":1.98},"tjklsf5_尾小":{"ID":5328,"P_3ID":864,"P_1ID":855,"GROUP_NAME":"第六球","SHOWCLS":"text","ODDS":1.96,"NUM":"尾小","NUM_NAME":"尾小","CODE":"tjklsf5","SORT":25.0,"STATE":0,"ST":false,"BET_AMT":null,"ODDS_A":1.96,"ODDS_B":1.98,"ODDS_C":1.98},"tjklsf5_合单":{"ID":5329,"P_3ID":864,"P_1ID":855,"GROUP_NAME":"第六球","SHOWCLS":"text","ODDS":1.96,"NUM":"合单","NUM_NAME":"合单","CODE":"tjklsf5","SORT":26.0,"STATE":0,"ST":false,"BET_AMT":null,"ODDS_A":1.96,"ODDS_B":1.98,"ODDS_C":1.98},"tjklsf5_合双":{"ID":5330,"P_3ID":864,"P_1ID":855,"GROUP_NAME":"第六球","SHOWCLS":"text","ODDS":1.96,"NUM":"合双","NUM_NAME":"合双","CODE":"tjklsf5","SORT":27.0,"STATE":0,"ST":false,"BET_AMT":null,"ODDS_A":1.96,"ODDS_B":1.98,"ODDS_C":1.98},"tjklsf5_东":{"ID":5331,"P_3ID":864,"P_1ID":855,"GROUP_NAME":"第六球","SHOWCLS":"text","ODDS":3.61,"NUM":"东","NUM_NAME":"东","CODE":"tjklsf5","SORT":28.0,"STATE":0,"ST":false,"BET_AMT":null,"ODDS_A":3.76,"ODDS_B":3.76,"ODDS_C":3.76},"tjklsf5_南":{"ID":5332,"P_3ID":864,"P_1ID":855,"GROUP_NAME":"第六球","SHOWCLS":"text","ODDS":3.61,"NUM":"南","NUM_NAME":"南","CODE":"tjklsf5","SORT":29.0,"STATE":0,"ST":false,"BET_AMT":null,"ODDS_A":3.76,"ODDS_B":3.76,"ODDS_C":3.76},"tjklsf5_西":{"ID":5343,"P_3ID":864,"P_1ID":855,"GROUP_NAME":"第六球","SHOWCLS":"text","ODDS":3.61,"NUM":"西","NUM_NAME":"西","CODE":"tjklsf5","SORT":30.0,"STATE":0,"ST":false,"BET_AMT":null,"ODDS_A":3.76,"ODDS_B":3.76,"ODDS_C":3.76},"tjklsf5_北":{"ID":5333,"P_3ID":864,"P_1ID":855,"GROUP_NAME":"第六球","SHOWCLS":"text","ODDS":3.61,"NUM":"北","NUM_NAME":"北","CODE":"tjklsf5","SORT":31.0,"STATE":0,"ST":false,"BET_AMT":null,"ODDS_A":3.76,"ODDS_B":3.76,"ODDS_C":3.76},"tjklsf5_中":{"ID":5334,"P_3ID":864,"P_1ID":855,"GROUP_NAME":"第六球","SHOWCLS":"text","ODDS":2.55,"NUM":"中","NUM_NAME":"中","CODE":"tjklsf5","SORT":32.0,"STATE":0,"ST":false,"BET_AMT":null,"ODDS_A":2.70,"ODDS_B":2.70,"ODDS_C":2.70},"tjklsf5_发":{"ID":5345,"P_3ID":864,"P_1ID":855,"GROUP_NAME":"第六球","SHOWCLS":"text","ODDS":2.55,"NUM":"发","NUM_NAME":"发","CODE":"tjklsf5","SORT":33.0,"STATE":0,"ST":false,"BET_AMT":null,"ODDS_A":2.70,"ODDS_B":2.70,"ODDS_C":2.70},"tjklsf5_白":{"ID":5335,"P_3ID":864,"P_1ID":855,"GROUP_NAME":"第六球","SHOWCLS":"text","ODDS":2.70,"NUM":"白","NUM_NAME":"白","CODE":"tjklsf5","SORT":34.0,"STATE":0,"ST":false,"BET_AMT":null,"ODDS_A":2.85,"ODDS_B":2.85,"ODDS_C":2.85}},"tjklsf6":{"tjklsf6_1":{"ID":5378,"P_3ID":865,"P_1ID":855,"GROUP_NAME":"第七球","SHOWCLS":"blue","ODDS":19.80,"NUM":"1","NUM_NAME":"1","CODE":"tjklsf6","SORT":0.0,"STATE":0,"ST":false,"BET_AMT":null,"ODDS_A":19.80,"ODDS_B":19.80,"ODDS_C":19.80},"tjklsf6_2":{"ID":5346,"P_3ID":865,"P_1ID":855,"GROUP_NAME":"第七球","SHOWCLS":"blue","ODDS":19.80,"NUM":"2","NUM_NAME":"2","CODE":"tjklsf6","SORT":1.0,"STATE":0,"ST":false,"BET_AMT":null,"ODDS_A":19.80,"ODDS_B":19.80,"ODDS_C":19.80},"tjklsf6_3":{"ID":5347,"P_3ID":865,"P_1ID":855,"GROUP_NAME":"第七球","SHOWCLS":"blue","ODDS":19.80,"NUM":"3","NUM_NAME":"3","CODE":"tjklsf6","SORT":2.0,"STATE":0,"ST":false,"BET_AMT":null,"ODDS_A":19.80,"ODDS_B":19.80,"ODDS_C":19.80},"tjklsf6_4":{"ID":5348,"P_3ID":865,"P_1ID":855,"GROUP_NAME":"第七球","SHOWCLS":"blue","ODDS":19.80,"NUM":"4","NUM_NAME":"4","CODE":"tjklsf6","SORT":3.0,"STATE":0,"ST":false,"BET_AMT":null,"ODDS_A":19.80,"ODDS_B":19.80,"ODDS_C":19.80},"tjklsf6_5":{"ID":5379,"P_3ID":865,"P_1ID":855,"GROUP_NAME":"第七球","SHOWCLS":"blue","ODDS":19.80,"NUM":"5","NUM_NAME":"5","CODE":"tjklsf6","SORT":4.0,"STATE":0,"ST":false,"BET_AMT":null,"ODDS_A":19.80,"ODDS_B":19.80,"ODDS_C":19.80},"tjklsf6_6":{"ID":5349,"P_3ID":865,"P_1ID":855,"GROUP_NAME":"第七球","SHOWCLS":"blue","ODDS":19.80,"NUM":"6","NUM_NAME":"6","CODE":"tjklsf6","SORT":5.0,"STATE":0,"ST":false,"BET_AMT":null,"ODDS_A":19.80,"ODDS_B":19.80,"ODDS_C":19.80},"tjklsf6_7":{"ID":5350,"P_3ID":865,"P_1ID":855,"GROUP_NAME":"第七球","SHOWCLS":"blue","ODDS":19.80,"NUM":"7","NUM_NAME":"7","CODE":"tjklsf6","SORT":6.0,"STATE":0,"ST":false,"BET_AMT":null,"ODDS_A":19.80,"ODDS_B":19.80,"ODDS_C":19.80},"tjklsf6_8":{"ID":5380,"P_3ID":865,"P_1ID":855,"GROUP_NAME":"第七球","SHOWCLS":"blue","ODDS":19.80,"NUM":"8","NUM_NAME":"8","CODE":"tjklsf6","SORT":7.0,"STATE":0,"ST":false,"BET_AMT":null,"ODDS_A":19.80,"ODDS_B":19.80,"ODDS_C":19.80},"tjklsf6_9":{"ID":5351,"P_3ID":865,"P_1ID":855,"GROUP_NAME":"第七球","SHOWCLS":"blue","ODDS":19.80,"NUM":"9","NUM_NAME":"9","CODE":"tjklsf6","SORT":8.0,"STATE":0,"ST":false,"BET_AMT":null,"ODDS_A":19.80,"ODDS_B":19.80,"ODDS_C":19.80},"tjklsf6_10":{"ID":5352,"P_3ID":865,"P_1ID":855,"GROUP_NAME":"第七球","SHOWCLS":"blue","ODDS":19.80,"NUM":"10","NUM_NAME":"10","CODE":"tjklsf6","SORT":9.0,"STATE":0,"ST":false,"BET_AMT":null,"ODDS_A":19.80,"ODDS_B":19.80,"ODDS_C":19.80},"tjklsf6_11":{"ID":5353,"P_3ID":865,"P_1ID":855,"GROUP_NAME":"第七球","SHOWCLS":"blue","ODDS":19.80,"NUM":"11","NUM_NAME":"11","CODE":"tjklsf6","SORT":10.0,"STATE":0,"ST":false,"BET_AMT":null,"ODDS_A":19.80,"ODDS_B":19.80,"ODDS_C":19.80},"tjklsf6_12":{"ID":5354,"P_3ID":865,"P_1ID":855,"GROUP_NAME":"第七球","SHOWCLS":"blue","ODDS":19.80,"NUM":"12","NUM_NAME":"12","CODE":"tjklsf6","SORT":11.0,"STATE":0,"ST":false,"BET_AMT":null,"ODDS_A":19.80,"ODDS_B":19.80,"ODDS_C":19.80},"tjklsf6_13":{"ID":5355,"P_3ID":865,"P_1ID":855,"GROUP_NAME":"第七球","SHOWCLS":"blue","ODDS":19.80,"NUM":"13","NUM_NAME":"13","CODE":"tjklsf6","SORT":12.0,"STATE":0,"ST":false,"BET_AMT":null,"ODDS_A":19.80,"ODDS_B":19.80,"ODDS_C":19.80},"tjklsf6_14":{"ID":5356,"P_3ID":865,"P_1ID":855,"GROUP_NAME":"第七球","SHOWCLS":"blue","ODDS":19.80,"NUM":"14","NUM_NAME":"14","CODE":"tjklsf6","SORT":13.0,"STATE":0,"ST":false,"BET_AMT":null,"ODDS_A":19.80,"ODDS_B":19.80,"ODDS_C":19.80},"tjklsf6_15":{"ID":5357,"P_3ID":865,"P_1ID":855,"GROUP_NAME":"第七球","SHOWCLS":"blue","ODDS":19.80,"NUM":"15","NUM_NAME":"15","CODE":"tjklsf6","SORT":14.0,"STATE":0,"ST":false,"BET_AMT":null,"ODDS_A":19.80,"ODDS_B":19.80,"ODDS_C":19.80},"tjklsf6_16":{"ID":5358,"P_3ID":865,"P_1ID":855,"GROUP_NAME":"第七球","SHOWCLS":"blue","ODDS":19.80,"NUM":"16","NUM_NAME":"16","CODE":"tjklsf6","SORT":15.0,"STATE":0,"ST":false,"BET_AMT":null,"ODDS_A":19.80,"ODDS_B":19.80,"ODDS_C":19.80},"tjklsf6_17":{"ID":5359,"P_3ID":865,"P_1ID":855,"GROUP_NAME":"第七球","SHOWCLS":"blue","ODDS":19.80,"NUM":"17","NUM_NAME":"17","CODE":"tjklsf6","SORT":16.0,"STATE":0,"ST":false,"BET_AMT":null,"ODDS_A":19.80,"ODDS_B":19.80,"ODDS_C":19.80},"tjklsf6_18":{"ID":5360,"P_3ID":865,"P_1ID":855,"GROUP_NAME":"第七球","SHOWCLS":"blue","ODDS":19.80,"NUM":"18","NUM_NAME":"18","CODE":"tjklsf6","SORT":17.0,"STATE":0,"ST":false,"BET_AMT":null,"ODDS_A":19.80,"ODDS_B":19.80,"ODDS_C":19.80},"tjklsf6_19":{"ID":5361,"P_3ID":865,"P_1ID":855,"GROUP_NAME":"第七球","SHOWCLS":"blue","ODDS":19.80,"NUM":"19","NUM_NAME":"19","CODE":"tjklsf6","SORT":18.0,"STATE":0,"ST":false,"BET_AMT":null,"ODDS_A":19.80,"ODDS_B":19.80,"ODDS_C":19.80},"tjklsf6_20":{"ID":5362,"P_3ID":865,"P_1ID":855,"GROUP_NAME":"第七球","SHOWCLS":"blue","ODDS":19.80,"NUM":"20","NUM_NAME":"20","CODE":"tjklsf6","SORT":19.0,"STATE":0,"ST":false,"BET_AMT":null,"ODDS_A":19.80,"ODDS_B":19.80,"ODDS_C":19.80},"tjklsf6_大":{"ID":5363,"P_3ID":865,"P_1ID":855,"GROUP_NAME":"第七球","SHOWCLS":"red","ODDS":1.96,"NUM":"大","NUM_NAME":"大","CODE":"tjklsf6","SORT":20.0,"STATE":0,"ST":false,"BET_AMT":null,"ODDS_A":1.96,"ODDS_B":1.98,"ODDS_C":1.98},"tjklsf6_小":{"ID":5364,"P_3ID":865,"P_1ID":855,"GROUP_NAME":"第七球","SHOWCLS":"green","ODDS":1.96,"NUM":"小","NUM_NAME":"小","CODE":"tjklsf6","SORT":21.0,"STATE":0,"ST":false,"BET_AMT":null,"ODDS_A":1.96,"ODDS_B":1.98,"ODDS_C":1.98},"tjklsf6_单":{"ID":5365,"P_3ID":865,"P_1ID":855,"GROUP_NAME":"第七球","SHOWCLS":"red","ODDS":1.96,"NUM":"单","NUM_NAME":"单","CODE":"tjklsf6","SORT":22.0,"STATE":0,"ST":false,"BET_AMT":null,"ODDS_A":1.96,"ODDS_B":1.98,"ODDS_C":1.98},"tjklsf6_双":{"ID":5366,"P_3ID":865,"P_1ID":855,"GROUP_NAME":"第七球","SHOWCLS":"green","ODDS":1.96,"NUM":"双","NUM_NAME":"双","CODE":"tjklsf6","SORT":23.0,"STATE":0,"ST":false,"BET_AMT":null,"ODDS_A":1.96,"ODDS_B":1.98,"ODDS_C":1.98},"tjklsf6_尾大":{"ID":5367,"P_3ID":865,"P_1ID":855,"GROUP_NAME":"第七球","SHOWCLS":"text","ODDS":1.96,"NUM":"尾大","NUM_NAME":"尾大","CODE":"tjklsf6","SORT":24.0,"STATE":0,"ST":false,"BET_AMT":null,"ODDS_A":1.96,"ODDS_B":1.98,"ODDS_C":1.98},"tjklsf6_尾小":{"ID":5368,"P_3ID":865,"P_1ID":855,"GROUP_NAME":"第七球","SHOWCLS":"text","ODDS":1.96,"NUM":"尾小","NUM_NAME":"尾小","CODE":"tjklsf6","SORT":25.0,"STATE":0,"ST":false,"BET_AMT":null,"ODDS_A":1.96,"ODDS_B":1.98,"ODDS_C":1.98},"tjklsf6_合单":{"ID":5369,"P_3ID":865,"P_1ID":855,"GROUP_NAME":"第七球","SHOWCLS":"text","ODDS":1.96,"NUM":"合单","NUM_NAME":"合单","CODE":"tjklsf6","SORT":26.0,"STATE":0,"ST":false,"BET_AMT":null,"ODDS_A":1.96,"ODDS_B":1.98,"ODDS_C":1.98},"tjklsf6_合双":{"ID":5370,"P_3ID":865,"P_1ID":855,"GROUP_NAME":"第七球","SHOWCLS":"text","ODDS":1.96,"NUM":"合双","NUM_NAME":"合双","CODE":"tjklsf6","SORT":27.0,"STATE":0,"ST":false,"BET_AMT":null,"ODDS_A":1.96,"ODDS_B":1.98,"ODDS_C":1.98},"tjklsf6_东":{"ID":5371,"P_3ID":865,"P_1ID":855,"GROUP_NAME":"第七球","SHOWCLS":"text","ODDS":3.61,"NUM":"东","NUM_NAME":"东","CODE":"tjklsf6","SORT":28.0,"STATE":0,"ST":false,"BET_AMT":null,"ODDS_A":3.76,"ODDS_B":3.76,"ODDS_C":3.76},"tjklsf6_南":{"ID":5372,"P_3ID":865,"P_1ID":855,"GROUP_NAME":"第七球","SHOWCLS":"text","ODDS":3.61,"NUM":"南","NUM_NAME":"南","CODE":"tjklsf6","SORT":29.0,"STATE":0,"ST":false,"BET_AMT":null,"ODDS_A":3.76,"ODDS_B":3.76,"ODDS_C":3.76},"tjklsf6_西":{"ID":5373,"P_3ID":865,"P_1ID":855,"GROUP_NAME":"第七球","SHOWCLS":"text","ODDS":3.61,"NUM":"西","NUM_NAME":"西","CODE":"tjklsf6","SORT":30.0,"STATE":0,"ST":false,"BET_AMT":null,"ODDS_A":3.76,"ODDS_B":3.76,"ODDS_C":3.76},"tjklsf6_北":{"ID":5374,"P_3ID":865,"P_1ID":855,"GROUP_NAME":"第七球","SHOWCLS":"text","ODDS":3.61,"NUM":"北","NUM_NAME":"北","CODE":"tjklsf6","SORT":31.0,"STATE":0,"ST":false,"BET_AMT":null,"ODDS_A":3.76,"ODDS_B":3.76,"ODDS_C":3.76},"tjklsf6_中":{"ID":5375,"P_3ID":865,"P_1ID":855,"GROUP_NAME":"第七球","SHOWCLS":"text","ODDS":2.55,"NUM":"中","NUM_NAME":"中","CODE":"tjklsf6","SORT":32.0,"STATE":0,"ST":false,"BET_AMT":null,"ODDS_A":2.70,"ODDS_B":2.70,"ODDS_C":2.70},"tjklsf6_发":{"ID":5376,"P_3ID":865,"P_1ID":855,"GROUP_NAME":"第七球","SHOWCLS":"text","ODDS":2.55,"NUM":"发","NUM_NAME":"发","CODE":"tjklsf6","SORT":33.0,"STATE":0,"ST":false,"BET_AMT":null,"ODDS_A":2.70,"ODDS_B":2.70,"ODDS_C":2.70},"tjklsf6_白":{"ID":5377,"P_3ID":865,"P_1ID":855,"GROUP_NAME":"第七球","SHOWCLS":"text","ODDS":2.70,"NUM":"白","NUM_NAME":"白","CODE":"tjklsf6","SORT":34.0,"STATE":0,"ST":false,"BET_AMT":null,"ODDS_A":2.85,"ODDS_B":2.85,"ODDS_C":2.85}},"tjklsf7":{"tjklsf7_1":{"ID":5381,"P_3ID":866,"P_1ID":855,"GROUP_NAME":"第八球","SHOWCLS":"blue","ODDS":19.80,"NUM":"1","NUM_NAME":"1","CODE":"tjklsf7","SORT":0.0,"STATE":0,"ST":false,"BET_AMT":null,"ODDS_A":19.80,"ODDS_B":19.80,"ODDS_C":19.80},"tjklsf7_2":{"ID":5382,"P_3ID":866,"P_1ID":855,"GROUP_NAME":"第八球","SHOWCLS":"blue","ODDS":19.80,"NUM":"2","NUM_NAME":"2","CODE":"tjklsf7","SORT":1.0,"STATE":0,"ST":false,"BET_AMT":null,"ODDS_A":19.80,"ODDS_B":19.80,"ODDS_C":19.80},"tjklsf7_3":{"ID":5383,"P_3ID":866,"P_1ID":855,"GROUP_NAME":"第八球","SHOWCLS":"blue","ODDS":19.80,"NUM":"3","NUM_NAME":"3","CODE":"tjklsf7","SORT":2.0,"STATE":0,"ST":false,"BET_AMT":null,"ODDS_A":19.80,"ODDS_B":19.80,"ODDS_C":19.80},"tjklsf7_4":{"ID":5384,"P_3ID":866,"P_1ID":855,"GROUP_NAME":"第八球","SHOWCLS":"blue","ODDS":19.80,"NUM":"4","NUM_NAME":"4","CODE":"tjklsf7","SORT":3.0,"STATE":0,"ST":false,"BET_AMT":null,"ODDS_A":19.80,"ODDS_B":19.80,"ODDS_C":19.80},"tjklsf7_5":{"ID":5385,"P_3ID":866,"P_1ID":855,"GROUP_NAME":"第八球","SHOWCLS":"blue","ODDS":19.80,"NUM":"5","NUM_NAME":"5","CODE":"tjklsf7","SORT":4.0,"STATE":0,"ST":false,"BET_AMT":null,"ODDS_A":19.80,"ODDS_B":19.80,"ODDS_C":19.80},"tjklsf7_6":{"ID":5386,"P_3ID":866,"P_1ID":855,"GROUP_NAME":"第八球","SHOWCLS":"blue","ODDS":19.80,"NUM":"6","NUM_NAME":"6","CODE":"tjklsf7","SORT":5.0,"STATE":0,"ST":false,"BET_AMT":null,"ODDS_A":19.80,"ODDS_B":19.80,"ODDS_C":19.80},"tjklsf7_7":{"ID":5387,"P_3ID":866,"P_1ID":855,"GROUP_NAME":"第八球","SHOWCLS":"blue","ODDS":19.80,"NUM":"7","NUM_NAME":"7","CODE":"tjklsf7","SORT":6.0,"STATE":0,"ST":false,"BET_AMT":null,"ODDS_A":19.80,"ODDS_B":19.80,"ODDS_C":19.80},"tjklsf7_8":{"ID":5388,"P_3ID":866,"P_1ID":855,"GROUP_NAME":"第八球","SHOWCLS":"blue","ODDS":19.80,"NUM":"8","NUM_NAME":"8","CODE":"tjklsf7","SORT":7.0,"STATE":0,"ST":false,"BET_AMT":null,"ODDS_A":19.80,"ODDS_B":19.80,"ODDS_C":19.80},"tjklsf7_9":{"ID":5412,"P_3ID":866,"P_1ID":855,"GROUP_NAME":"第八球","SHOWCLS":"blue","ODDS":19.80,"NUM":"9","NUM_NAME":"9","CODE":"tjklsf7","SORT":8.0,"STATE":0,"ST":false,"BET_AMT":null,"ODDS_A":19.80,"ODDS_B":19.80,"ODDS_C":19.80},"tjklsf7_10":{"ID":5389,"P_3ID":866,"P_1ID":855,"GROUP_NAME":"第八球","SHOWCLS":"blue","ODDS":19.80,"NUM":"10","NUM_NAME":"10","CODE":"tjklsf7","SORT":9.0,"STATE":0,"ST":false,"BET_AMT":null,"ODDS_A":19.80,"ODDS_B":19.80,"ODDS_C":19.80},"tjklsf7_11":{"ID":5390,"P_3ID":866,"P_1ID":855,"GROUP_NAME":"第八球","SHOWCLS":"blue","ODDS":19.80,"NUM":"11","NUM_NAME":"11","CODE":"tjklsf7","SORT":10.0,"STATE":0,"ST":false,"BET_AMT":null,"ODDS_A":19.80,"ODDS_B":19.80,"ODDS_C":19.80},"tjklsf7_12":{"ID":5413,"P_3ID":866,"P_1ID":855,"GROUP_NAME":"第八球","SHOWCLS":"blue","ODDS":19.80,"NUM":"12","NUM_NAME":"12","CODE":"tjklsf7","SORT":11.0,"STATE":0,"ST":false,"BET_AMT":null,"ODDS_A":19.80,"ODDS_B":19.80,"ODDS_C":19.80},"tjklsf7_13":{"ID":5391,"P_3ID":866,"P_1ID":855,"GROUP_NAME":"第八球","SHOWCLS":"blue","ODDS":19.80,"NUM":"13","NUM_NAME":"13","CODE":"tjklsf7","SORT":12.0,"STATE":0,"ST":false,"BET_AMT":null,"ODDS_A":19.80,"ODDS_B":19.80,"ODDS_C":19.80},"tjklsf7_14":{"ID":5392,"P_3ID":866,"P_1ID":855,"GROUP_NAME":"第八球","SHOWCLS":"blue","ODDS":19.80,"NUM":"14","NUM_NAME":"14","CODE":"tjklsf7","SORT":13.0,"STATE":0,"ST":false,"BET_AMT":null,"ODDS_A":19.80,"ODDS_B":19.80,"ODDS_C":19.80},"tjklsf7_15":{"ID":5414,"P_3ID":866,"P_1ID":855,"GROUP_NAME":"第八球","SHOWCLS":"blue","ODDS":19.80,"NUM":"15","NUM_NAME":"15","CODE":"tjklsf7","SORT":14.0,"STATE":0,"ST":false,"BET_AMT":null,"ODDS_A":19.80,"ODDS_B":19.80,"ODDS_C":19.80},"tjklsf7_16":{"ID":5393,"P_3ID":866,"P_1ID":855,"GROUP_NAME":"第八球","SHOWCLS":"blue","ODDS":19.80,"NUM":"16","NUM_NAME":"16","CODE":"tjklsf7","SORT":15.0,"STATE":0,"ST":false,"BET_AMT":null,"ODDS_A":19.80,"ODDS_B":19.80,"ODDS_C":19.80},"tjklsf7_17":{"ID":5394,"P_3ID":866,"P_1ID":855,"GROUP_NAME":"第八球","SHOWCLS":"blue","ODDS":19.80,"NUM":"17","NUM_NAME":"17","CODE":"tjklsf7","SORT":16.0,"STATE":0,"ST":false,"BET_AMT":null,"ODDS_A":19.80,"ODDS_B":19.80,"ODDS_C":19.80},"tjklsf7_18":{"ID":5395,"P_3ID":866,"P_1ID":855,"GROUP_NAME":"第八球","SHOWCLS":"blue","ODDS":19.80,"NUM":"18","NUM_NAME":"18","CODE":"tjklsf7","SORT":17.0,"STATE":0,"ST":false,"BET_AMT":null,"ODDS_A":19.80,"ODDS_B":19.80,"ODDS_C":19.80},"tjklsf7_19":{"ID":5415,"P_3ID":866,"P_1ID":855,"GROUP_NAME":"第八球","SHOWCLS":"blue","ODDS":19.80,"NUM":"19","NUM_NAME":"19","CODE":"tjklsf7","SORT":18.0,"STATE":0,"ST":false,"BET_AMT":null,"ODDS_A":19.80,"ODDS_B":19.80,"ODDS_C":19.80},"tjklsf7_20":{"ID":5396,"P_3ID":866,"P_1ID":855,"GROUP_NAME":"第八球","SHOWCLS":"blue","ODDS":19.80,"NUM":"20","NUM_NAME":"20","CODE":"tjklsf7","SORT":19.0,"STATE":0,"ST":false,"BET_AMT":null,"ODDS_A":19.80,"ODDS_B":19.80,"ODDS_C":19.80},"tjklsf7_大":{"ID":5397,"P_3ID":866,"P_1ID":855,"GROUP_NAME":"第八球","SHOWCLS":"red","ODDS":1.96,"NUM":"大","NUM_NAME":"大","CODE":"tjklsf7","SORT":20.0,"STATE":0,"ST":false,"BET_AMT":null,"ODDS_A":1.96,"ODDS_B":1.98,"ODDS_C":1.98},"tjklsf7_小":{"ID":5398,"P_3ID":866,"P_1ID":855,"GROUP_NAME":"第八球","SHOWCLS":"green","ODDS":1.96,"NUM":"小","NUM_NAME":"小","CODE":"tjklsf7","SORT":21.0,"STATE":0,"ST":false,"BET_AMT":null,"ODDS_A":1.96,"ODDS_B":1.98,"ODDS_C":1.98},"tjklsf7_单":{"ID":5399,"P_3ID":866,"P_1ID":855,"GROUP_NAME":"第八球","SHOWCLS":"red","ODDS":1.96,"NUM":"单","NUM_NAME":"单","CODE":"tjklsf7","SORT":22.0,"STATE":0,"ST":false,"BET_AMT":null,"ODDS_A":1.96,"ODDS_B":1.98,"ODDS_C":1.98},"tjklsf7_双":{"ID":5400,"P_3ID":866,"P_1ID":855,"GROUP_NAME":"第八球","SHOWCLS":"green","ODDS":1.96,"NUM":"双","NUM_NAME":"双","CODE":"tjklsf7","SORT":23.0,"STATE":0,"ST":false,"BET_AMT":null,"ODDS_A":1.96,"ODDS_B":1.98,"ODDS_C":1.98},"tjklsf7_尾大":{"ID":5401,"P_3ID":866,"P_1ID":855,"GROUP_NAME":"第八球","SHOWCLS":"text","ODDS":1.96,"NUM":"尾大","NUM_NAME":"尾大","CODE":"tjklsf7","SORT":24.0,"STATE":0,"ST":false,"BET_AMT":null,"ODDS_A":1.96,"ODDS_B":1.98,"ODDS_C":1.98},"tjklsf7_尾小":{"ID":5402,"P_3ID":866,"P_1ID":855,"GROUP_NAME":"第八球","SHOWCLS":"text","ODDS":1.96,"NUM":"尾小","NUM_NAME":"尾小","CODE":"tjklsf7","SORT":25.0,"STATE":0,"ST":false,"BET_AMT":null,"ODDS_A":1.96,"ODDS_B":1.98,"ODDS_C":1.98},"tjklsf7_合单":{"ID":5403,"P_3ID":866,"P_1ID":855,"GROUP_NAME":"第八球","SHOWCLS":"text","ODDS":1.96,"NUM":"合单","NUM_NAME":"合单","CODE":"tjklsf7","SORT":26.0,"STATE":0,"ST":false,"BET_AMT":null,"ODDS_A":1.96,"ODDS_B":1.98,"ODDS_C":1.98},"tjklsf7_合双":{"ID":5404,"P_3ID":866,"P_1ID":855,"GROUP_NAME":"第八球","SHOWCLS":"text","ODDS":1.96,"NUM":"合双","NUM_NAME":"合双","CODE":"tjklsf7","SORT":27.0,"STATE":0,"ST":false,"BET_AMT":null,"ODDS_A":1.96,"ODDS_B":1.98,"ODDS_C":1.98},"tjklsf7_东":{"ID":5405,"P_3ID":866,"P_1ID":855,"GROUP_NAME":"第八球","SHOWCLS":"text","ODDS":3.61,"NUM":"东","NUM_NAME":"东","CODE":"tjklsf7","SORT":28.0,"STATE":0,"ST":false,"BET_AMT":null,"ODDS_A":3.76,"ODDS_B":3.76,"ODDS_C":3.76},"tjklsf7_南":{"ID":5406,"P_3ID":866,"P_1ID":855,"GROUP_NAME":"第八球","SHOWCLS":"text","ODDS":3.61,"NUM":"南","NUM_NAME":"南","CODE":"tjklsf7","SORT":29.0,"STATE":0,"ST":false,"BET_AMT":null,"ODDS_A":3.76,"ODDS_B":3.76,"ODDS_C":3.76},"tjklsf7_西":{"ID":5407,"P_3ID":866,"P_1ID":855,"GROUP_NAME":"第八球","SHOWCLS":"text","ODDS":3.61,"NUM":"西","NUM_NAME":"西","CODE":"tjklsf7","SORT":30.0,"STATE":0,"ST":false,"BET_AMT":null,"ODDS_A":3.76,"ODDS_B":3.76,"ODDS_C":3.76},"tjklsf7_北":{"ID":5408,"P_3ID":866,"P_1ID":855,"GROUP_NAME":"第八球","SHOWCLS":"text","ODDS":3.61,"NUM":"北","NUM_NAME":"北","CODE":"tjklsf7","SORT":31.0,"STATE":0,"ST":false,"BET_AMT":null,"ODDS_A":3.76,"ODDS_B":3.76,"ODDS_C":3.76},"tjklsf7_中":{"ID":5409,"P_3ID":866,"P_1ID":855,"GROUP_NAME":"第八球","SHOWCLS":"text","ODDS":2.55,"NUM":"中","NUM_NAME":"中","CODE":"tjklsf7","SORT":32.0,"STATE":0,"ST":false,"BET_AMT":null,"ODDS_A":2.70,"ODDS_B":2.70,"ODDS_C":2.70},"tjklsf7_发":{"ID":5410,"P_3ID":866,"P_1ID":855,"GROUP_NAME":"第八球","SHOWCLS":"text","ODDS":2.55,"NUM":"发","NUM_NAME":"发","CODE":"tjklsf7","SORT":33.0,"STATE":0,"ST":false,"BET_AMT":null,"ODDS_A":2.70,"ODDS_B":2.70,"ODDS_C":2.70},"tjklsf7_白":{"ID":5411,"P_3ID":866,"P_1ID":855,"GROUP_NAME":"第八球","SHOWCLS":"text","ODDS":2.70,"NUM":"白","NUM_NAME":"白","CODE":"tjklsf7","SORT":34.0,"STATE":0,"ST":false,"BET_AMT":null,"ODDS_A":2.85,"ODDS_B":2.85,"ODDS_C":2.85}},"tjklsf8":{"tjklsf8_总和大":{"ID":5416,"P_3ID":867,"P_1ID":855,"GROUP_NAME":"总和-龙虎","SHOWCLS":"text","ODDS":1.96,"NUM":"总和大","NUM_NAME":"总和大","CODE":"tjklsf8","SORT":1.0,"STATE":0,"ST":false,"BET_AMT":null,"ODDS_A":1.96,"ODDS_B":1.98,"ODDS_C":1.98},"tjklsf8_总和小":{"ID":5417,"P_3ID":867,"P_1ID":855,"GROUP_NAME":"总和-龙虎","SHOWCLS":"text","ODDS":1.96,"NUM":"总和小","NUM_NAME":"总和小","CODE":"tjklsf8","SORT":2.0,"STATE":0,"ST":false,"BET_AMT":null,"ODDS_A":1.96,"ODDS_B":1.98,"ODDS_C":1.98},"tjklsf8_单":{"ID":5418,"P_3ID":867,"P_1ID":855,"GROUP_NAME":"总和-龙虎","SHOWCLS":"text","ODDS":1.96,"NUM":"单","NUM_NAME":"总和单","CODE":"tjklsf8","SORT":3.0,"STATE":0,"ST":false,"BET_AMT":null,"ODDS_A":1.96,"ODDS_B":1.98,"ODDS_C":1.98},"tjklsf8_双":{"ID":5419,"P_3ID":867,"P_1ID":855,"GROUP_NAME":"总和-龙虎","SHOWCLS":"text","ODDS":1.96,"NUM":"双","NUM_NAME":"总和双","CODE":"tjklsf8","SORT":4.0,"STATE":0,"ST":false,"BET_AMT":null,"ODDS_A":1.96,"ODDS_B":1.98,"ODDS_C":1.98},"tjklsf8_尾大":{"ID":5420,"P_3ID":867,"P_1ID":855,"GROUP_NAME":"总和-龙虎","SHOWCLS":"text","ODDS":1.96,"NUM":"尾大","NUM_NAME":"总和尾大","CODE":"tjklsf8","SORT":5.0,"STATE":0,"ST":false,"BET_AMT":null,"ODDS_A":1.96,"ODDS_B":1.98,"ODDS_C":1.98},"tjklsf8_尾小":{"ID":5421,"P_3ID":867,"P_1ID":855,"GROUP_NAME":"总和-龙虎","SHOWCLS":"text","ODDS":1.96,"NUM":"尾小","NUM_NAME":"总和尾小","CODE":"tjklsf8","SORT":6.0,"STATE":0,"ST":false,"BET_AMT":null,"ODDS_A":1.96,"ODDS_B":1.98,"ODDS_C":1.98},"tjklsf8_龙":{"ID":5422,"P_3ID":867,"P_1ID":855,"GROUP_NAME":"总和-龙虎","SHOWCLS":"text","ODDS":1.96,"NUM":"龙","NUM_NAME":"龙","CODE":"tjklsf8","SORT":7.0,"STATE":0,"ST":false,"BET_AMT":null,"ODDS_A":1.96,"ODDS_B":1.98,"ODDS_C":1.98},"tjklsf8_虎":{"ID":5423,"P_3ID":867,"P_1ID":855,"GROUP_NAME":"总和-龙虎","SHOWCLS":"text","ODDS":1.96,"NUM":"虎","NUM_NAME":"虎","CODE":"tjklsf8","SORT":8.0,"STATE":0,"ST":false,"BET_AMT":null,"ODDS_A":1.96,"ODDS_B":1.98,"ODDS_C":1.98}}}
