{"xjssc0":{"xjssc0_0":{"ID":454,"P_3ID":54,"P_1ID":17,"GROUP_NAME":"第一球","SHOWCLS":"red","ODDS":9.86,"NUM":"0","NUM_NAME":"0","CODE":"xjssc0","SORT":1.0,"STATE":0,"ST":false,"BET_AMT":null,"ODDS_A":9.86,"ODDS_B":9.80,"ODDS_C":9.80},"xjssc0_1":{"ID":455,"P_3ID":54,"P_1ID":17,"GROUP_NAME":"第一球","SHOWCLS":"red","ODDS":9.86,"NUM":"1","NUM_NAME":"1","CODE":"xjssc0","SORT":2.0,"STATE":0,"ST":false,"BET_AMT":null,"ODDS_A":9.86,"ODDS_B":9.80,"ODDS_C":9.80},"xjssc0_2":{"ID":456,"P_3ID":54,"P_1ID":17,"GROUP_NAME":"第一球","SHOWCLS":"red","ODDS":9.86,"NUM":"2","NUM_NAME":"2","CODE":"xjssc0","SORT":3.0,"STATE":0,"ST":false,"BET_AMT":null,"ODDS_A":9.86,"ODDS_B":9.80,"ODDS_C":9.80},"xjssc0_3":{"ID":457,"P_3ID":54,"P_1ID":17,"GROUP_NAME":"第一球","SHOWCLS":"red","ODDS":9.86,"NUM":"3","NUM_NAME":"3","CODE":"xjssc0","SORT":4.0,"STATE":0,"ST":false,"BET_AMT":null,"ODDS_A":9.86,"ODDS_B":9.80,"ODDS_C":9.80},"xjssc0_4":{"ID":458,"P_3ID":54,"P_1ID":17,"GROUP_NAME":"第一球","SHOWCLS":"red","ODDS":9.86,"NUM":"4","NUM_NAME":"4","CODE":"xjssc0","SORT":5.0,"STATE":0,"ST":false,"BET_AMT":null,"ODDS_A":9.86,"ODDS_B":9.80,"ODDS_C":9.80},"xjssc0_5":{"ID":459,"P_3ID":54,"P_1ID":17,"GROUP_NAME":"第一球","SHOWCLS":"red","ODDS":9.86,"NUM":"5","NUM_NAME":"5","CODE":"xjssc0","SORT":6.0,"STATE":0,"ST":false,"BET_AMT":null,"ODDS_A":9.86,"ODDS_B":9.80,"ODDS_C":9.80},"xjssc0_6":{"ID":460,"P_3ID":54,"P_1ID":17,"GROUP_NAME":"第一球","SHOWCLS":"red","ODDS":9.86,"NUM":"6","NUM_NAME":"6","CODE":"xjssc0","SORT":7.0,"STATE":0,"ST":false,"BET_AMT":null,"ODDS_A":9.86,"ODDS_B":9.80,"ODDS_C":9.80},"xjssc0_7":{"ID":461,"P_3ID":54,"P_1ID":17,"GROUP_NAME":"第一球","SHOWCLS":"red","ODDS":9.86,"NUM":"7","NUM_NAME":"7","CODE":"xjssc0","SORT":8.0,"STATE":0,"ST":false,"BET_AMT":null,"ODDS_A":9.86,"ODDS_B":9.80,"ODDS_C":9.80},"xjssc0_8":{"ID":462,"P_3ID":54,"P_1ID":17,"GROUP_NAME":"第一球","SHOWCLS":"red","ODDS":9.86,"NUM":"8","NUM_NAME":"8","CODE":"xjssc0","SORT":9.0,"STATE":0,"ST":false,"BET_AMT":null,"ODDS_A":9.86,"ODDS_B":9.80,"ODDS_C":9.80},"xjssc0_9":{"ID":463,"P_3ID":54,"P_1ID":17,"GROUP_NAME":"第一球","SHOWCLS":"red","ODDS":9.86,"NUM":"9","NUM_NAME":"9","CODE":"xjssc0","SORT":10.0,"STATE":0,"ST":false,"BET_AMT":null,"ODDS_A":9.86,"ODDS_B":9.80,"ODDS_C":9.80},"xjssc0_大":{"ID":464,"P_3ID":54,"P_1ID":17,"GROUP_NAME":"第一球","SHOWCLS":"text","ODDS":1.96,"NUM":"大","NUM_NAME":"大","CODE":"xjssc0","SORT":11.0,"STATE":0,"ST":false,"BET_AMT":null,"ODDS_A":1.96,"ODDS_B":1.98,"ODDS_C":1.98},"xjssc0_小":{"ID":465,"P_3ID":54,"P_1ID":17,"GROUP_NAME":"第一球","SHOWCLS":"text","ODDS":1.96,"NUM":"小","NUM_NAME":"小","CODE":"xjssc0","SORT":12.0,"STATE":0,"ST":false,"BET_AMT":null,"ODDS_A":1.96,"ODDS_B":1.98,"ODDS_C":1.98},"xjssc0_单":{"ID":466,"P_3ID":54,"P_1ID":17,"GROUP_NAME":"第一球","SHOWCLS":"text","ODDS":1.96,"NUM":"单","NUM_NAME":"单","CODE":"xjssc0","SORT":13.0,"STATE":0,"ST":false,"BET_AMT":null,"ODDS_A":1.96,"ODDS_B":1.98,"ODDS_C":1.98},"xjssc0_双":{"ID":467,"P_3ID":54,"P_1ID":17,"GROUP_NAME":"第一球","SHOWCLS":"text","ODDS":1.96,"NUM":"双","NUM_NAME":"双","CODE":"xjssc0","SORT":14.0,"STATE":0,"ST":false,"BET_AMT":null,"ODDS_A":1.96,"ODDS_B":1.98,"ODDS_C":1.98}},"xjssc1":{"xjssc1_0":{"ID":468,"P_3ID":55,"P_1ID":17,"GROUP_NAME":"第二球","SHOWCLS":"red","ODDS":9.86,"NUM":"0","NUM_NAME":"0","CODE":"xjssc1","SORT":1.0,"STATE":0,"ST":false,"BET_AMT":null,"ODDS_A":9.86,"ODDS_B":9.80,"ODDS_C":9.80},"xjssc1_1":{"ID":469,"P_3ID":55,"P_1ID":17,"GROUP_NAME":"第二球","SHOWCLS":"red","ODDS":9.86,"NUM":"1","NUM_NAME":"1","CODE":"xjssc1","SORT":2.0,"STATE":0,"ST":false,"BET_AMT":null,"ODDS_A":9.86,"ODDS_B":9.80,"ODDS_C":9.80},"xjssc1_2":{"ID":470,"P_3ID":55,"P_1ID":17,"GROUP_NAME":"第二球","SHOWCLS":"red","ODDS":9.86,"NUM":"2","NUM_NAME":"2","CODE":"xjssc1","SORT":3.0,"STATE":0,"ST":false,"BET_AMT":null,"ODDS_A":9.86,"ODDS_B":9.80,"ODDS_C":9.80},"xjssc1_3":{"ID":471,"P_3ID":55,"P_1ID":17,"GROUP_NAME":"第二球","SHOWCLS":"red","ODDS":9.86,"NUM":"3","NUM_NAME":"3","CODE":"xjssc1","SORT":4.0,"STATE":0,"ST":false,"BET_AMT":null,"ODDS_A":9.86,"ODDS_B":9.80,"ODDS_C":9.80},"xjssc1_4":{"ID":472,"P_3ID":55,"P_1ID":17,"GROUP_NAME":"第二球","SHOWCLS":"red","ODDS":9.86,"NUM":"4","NUM_NAME":"4","CODE":"xjssc1","SORT":5.0,"STATE":0,"ST":false,"BET_AMT":null,"ODDS_A":9.86,"ODDS_B":9.80,"ODDS_C":9.80},"xjssc1_5":{"ID":473,"P_3ID":55,"P_1ID":17,"GROUP_NAME":"第二球","SHOWCLS":"red","ODDS":9.86,"NUM":"5","NUM_NAME":"5","CODE":"xjssc1","SORT":6.0,"STATE":0,"ST":false,"BET_AMT":null,"ODDS_A":9.86,"ODDS_B":9.80,"ODDS_C":9.80},"xjssc1_6":{"ID":474,"P_3ID":55,"P_1ID":17,"GROUP_NAME":"第二球","SHOWCLS":"red","ODDS":9.86,"NUM":"6","NUM_NAME":"6","CODE":"xjssc1","SORT":7.0,"STATE":0,"ST":false,"BET_AMT":null,"ODDS_A":9.86,"ODDS_B":9.80,"ODDS_C":9.80},"xjssc1_7":{"ID":475,"P_3ID":55,"P_1ID":17,"GROUP_NAME":"第二球","SHOWCLS":"red","ODDS":9.86,"NUM":"7","NUM_NAME":"7","CODE":"xjssc1","SORT":8.0,"STATE":0,"ST":false,"BET_AMT":null,"ODDS_A":9.86,"ODDS_B":9.80,"ODDS_C":9.80},"xjssc1_8":{"ID":476,"P_3ID":55,"P_1ID":17,"GROUP_NAME":"第二球","SHOWCLS":"red","ODDS":9.86,"NUM":"8","NUM_NAME":"8","CODE":"xjssc1","SORT":9.0,"STATE":0,"ST":false,"BET_AMT":null,"ODDS_A":9.86,"ODDS_B":9.80,"ODDS_C":9.80},"xjssc1_9":{"ID":477,"P_3ID":55,"P_1ID":17,"GROUP_NAME":"第二球","SHOWCLS":"red","ODDS":9.86,"NUM":"9","NUM_NAME":"9","CODE":"xjssc1","SORT":10.0,"STATE":0,"ST":false,"BET_AMT":null,"ODDS_A":9.86,"ODDS_B":9.80,"ODDS_C":9.80},"xjssc1_大":{"ID":478,"P_3ID":55,"P_1ID":17,"GROUP_NAME":"第二球","SHOWCLS":"text","ODDS":1.96,"NUM":"大","NUM_NAME":"大","CODE":"xjssc1","SORT":11.0,"STATE":0,"ST":false,"BET_AMT":null,"ODDS_A":1.96,"ODDS_B":1.98,"ODDS_C":1.98},"xjssc1_小":{"ID":479,"P_3ID":55,"P_1ID":17,"GROUP_NAME":"第二球","SHOWCLS":"text","ODDS":1.96,"NUM":"小","NUM_NAME":"小","CODE":"xjssc1","SORT":12.0,"STATE":0,"ST":false,"BET_AMT":null,"ODDS_A":1.96,"ODDS_B":1.98,"ODDS_C":1.98},"xjssc1_单":{"ID":480,"P_3ID":55,"P_1ID":17,"GROUP_NAME":"第二球","SHOWCLS":"text","ODDS":1.96,"NUM":"单","NUM_NAME":"单","CODE":"xjssc1","SORT":13.0,"STATE":0,"ST":false,"BET_AMT":null,"ODDS_A":1.96,"ODDS_B":1.98,"ODDS_C":1.98},"xjssc1_双":{"ID":481,"P_3ID":55,"P_1ID":17,"GROUP_NAME":"第二球","SHOWCLS":"text","ODDS":1.96,"NUM":"双","NUM_NAME":"双","CODE":"xjssc1","SORT":14.0,"STATE":0,"ST":false,"BET_AMT":null,"ODDS_A":1.96,"ODDS_B":1.98,"ODDS_C":1.98}},"xjssc10":{"xjssc10_五条":{"ID":561,"P_3ID":64,"P_1ID":17,"GROUP_NAME":"梭哈","SHOWCLS":"text","ODDS":99.0,"NUM":"五条","NUM_NAME":"五条","CODE":"xjssc10","SORT":1.0,"STATE":0,"ST":false,"BET_AMT":null,"ODDS_A":99.0,"ODDS_B":99.0,"ODDS_C":99.0},"xjssc10_四条":{"ID":562,"P_3ID":64,"P_1ID":17,"GROUP_NAME":"梭哈","SHOWCLS":"text","ODDS":99.0,"NUM":"四条","NUM_NAME":"四条","CODE":"xjssc10","SORT":2.0,"STATE":0,"ST":false,"BET_AMT":null,"ODDS_A":99.0,"ODDS_B":99.0,"ODDS_C":99.0},"xjssc10_葫芦":{"ID":563,"P_3ID":64,"P_1ID":17,"GROUP_NAME":"梭哈","SHOWCLS":"text","ODDS":70.0,"NUM":"葫芦","NUM_NAME":"葫芦","CODE":"xjssc10","SORT":3.0,"STATE":0,"ST":false,"BET_AMT":null,"ODDS_A":70.0,"ODDS_B":70.0,"ODDS_C":70.0},"xjssc10_顺子":{"ID":564,"P_3ID":64,"P_1ID":17,"GROUP_NAME":"梭哈","SHOWCLS":"text","ODDS":60.0,"NUM":"顺子","NUM_NAME":"顺子","CODE":"xjssc10","SORT":4.0,"STATE":0,"ST":false,"BET_AMT":null,"ODDS_A":60.0,"ODDS_B":60.0,"ODDS_C":60.0},"xjssc10_三条":{"ID":565,"P_3ID":64,"P_1ID":17,"GROUP_NAME":"梭哈","SHOWCLS":"text","ODDS":10.90,"NUM":"三条","NUM_NAME":"三条","CODE":"xjssc10","SORT":5.0,"STATE":0,"ST":false,"BET_AMT":null,"ODDS_A":10.90,"ODDS_B":10.90,"ODDS_C":10.90},"xjssc10_两对":{"ID":566,"P_3ID":64,"P_1ID":17,"GROUP_NAME":"梭哈","SHOWCLS":"text","ODDS":7.30,"NUM":"两对","NUM_NAME":"两对","CODE":"xjssc10","SORT":6.0,"STATE":0,"ST":false,"BET_AMT":null,"ODDS_A":7.30,"ODDS_B":7.30,"ODDS_C":7.30},"xjssc10_一对":{"ID":567,"P_3ID":64,"P_1ID":17,"GROUP_NAME":"梭哈","SHOWCLS":"text","ODDS":1.86,"NUM":"一对","NUM_NAME":"一对","CODE":"xjssc10","SORT":7.0,"STATE":0,"ST":false,"BET_AMT":null,"ODDS_A":1.86,"ODDS_B":1.86,"ODDS_C":1.86},"xjssc10_散号":{"ID":568,"P_3ID":64,"P_1ID":17,"GROUP_NAME":"梭哈","SHOWCLS":"text","ODDS":2.86,"NUM":"散号","NUM_NAME":"散号","CODE":"xjssc10","SORT":8.0,"STATE":0,"ST":false,"BET_AMT":null,"ODDS_A":2.86,"ODDS_B":2.86,"ODDS_C":2.86}},"xjssc2":{"xjssc2_0":{"ID":482,"P_3ID":56,"P_1ID":17,"GROUP_NAME":"第三球","SHOWCLS":"red","ODDS":9.86,"NUM":"0","NUM_NAME":"0","CODE":"xjssc2","SORT":1.0,"STATE":0,"ST":false,"BET_AMT":null,"ODDS_A":9.86,"ODDS_B":9.80,"ODDS_C":9.80},"xjssc2_1":{"ID":483,"P_3ID":56,"P_1ID":17,"GROUP_NAME":"第三球","SHOWCLS":"red","ODDS":9.86,"NUM":"1","NUM_NAME":"1","CODE":"xjssc2","SORT":2.0,"STATE":0,"ST":false,"BET_AMT":null,"ODDS_A":9.86,"ODDS_B":9.90,"ODDS_C":9.90},"xjssc2_2":{"ID":484,"P_3ID":56,"P_1ID":17,"GROUP_NAME":"第三球","SHOWCLS":"red","ODDS":9.86,"NUM":"2","NUM_NAME":"2","CODE":"xjssc2","SORT":3.0,"STATE":0,"ST":false,"BET_AMT":null,"ODDS_A":9.86,"ODDS_B":9.80,"ODDS_C":9.80},"xjssc2_3":{"ID":485,"P_3ID":56,"P_1ID":17,"GROUP_NAME":"第三球","SHOWCLS":"red","ODDS":9.86,"NUM":"3","NUM_NAME":"3","CODE":"xjssc2","SORT":4.0,"STATE":0,"ST":false,"BET_AMT":null,"ODDS_A":9.86,"ODDS_B":9.80,"ODDS_C":9.80},"xjssc2_4":{"ID":486,"P_3ID":56,"P_1ID":17,"GROUP_NAME":"第三球","SHOWCLS":"red","ODDS":9.86,"NUM":"4","NUM_NAME":"4","CODE":"xjssc2","SORT":5.0,"STATE":0,"ST":false,"BET_AMT":null,"ODDS_A":9.86,"ODDS_B":9.80,"ODDS_C":9.80},"xjssc2_5":{"ID":487,"P_3ID":56,"P_1ID":17,"GROUP_NAME":"第三球","SHOWCLS":"red","ODDS":9.86,"NUM":"5","NUM_NAME":"5","CODE":"xjssc2","SORT":6.0,"STATE":0,"ST":false,"BET_AMT":null,"ODDS_A":9.86,"ODDS_B":9.80,"ODDS_C":9.80},"xjssc2_6":{"ID":488,"P_3ID":56,"P_1ID":17,"GROUP_NAME":"第三球","SHOWCLS":"red","ODDS":9.86,"NUM":"6","NUM_NAME":"6","CODE":"xjssc2","SORT":7.0,"STATE":0,"ST":false,"BET_AMT":null,"ODDS_A":9.86,"ODDS_B":9.80,"ODDS_C":9.80},"xjssc2_7":{"ID":489,"P_3ID":56,"P_1ID":17,"GROUP_NAME":"第三球","SHOWCLS":"red","ODDS":9.86,"NUM":"7","NUM_NAME":"7","CODE":"xjssc2","SORT":8.0,"STATE":0,"ST":false,"BET_AMT":null,"ODDS_A":9.86,"ODDS_B":9.80,"ODDS_C":9.80},"xjssc2_8":{"ID":490,"P_3ID":56,"P_1ID":17,"GROUP_NAME":"第三球","SHOWCLS":"red","ODDS":9.86,"NUM":"8","NUM_NAME":"8","CODE":"xjssc2","SORT":9.0,"STATE":0,"ST":false,"BET_AMT":null,"ODDS_A":9.86,"ODDS_B":9.80,"ODDS_C":9.80},"xjssc2_9":{"ID":491,"P_3ID":56,"P_1ID":17,"GROUP_NAME":"第三球","SHOWCLS":"red","ODDS":9.86,"NUM":"9","NUM_NAME":"9","CODE":"xjssc2","SORT":10.0,"STATE":0,"ST":false,"BET_AMT":null,"ODDS_A":9.86,"ODDS_B":9.80,"ODDS_C":9.80},"xjssc2_大":{"ID":492,"P_3ID":56,"P_1ID":17,"GROUP_NAME":"第三球","SHOWCLS":"text","ODDS":1.96,"NUM":"大","NUM_NAME":"大","CODE":"xjssc2","SORT":11.0,"STATE":0,"ST":false,"BET_AMT":null,"ODDS_A":1.96,"ODDS_B":1.98,"ODDS_C":1.98},"xjssc2_小":{"ID":493,"P_3ID":56,"P_1ID":17,"GROUP_NAME":"第三球","SHOWCLS":"text","ODDS":1.96,"NUM":"小","NUM_NAME":"小","CODE":"xjssc2","SORT":12.0,"STATE":0,"ST":false,"BET_AMT":null,"ODDS_A":1.96,"ODDS_B":1.98,"ODDS_C":1.98},"xjssc2_单":{"ID":494,"P_3ID":56,"P_1ID":17,"GROUP_NAME":"第三球","SHOWCLS":"text","ODDS":1.96,"NUM":"单","NUM_NAME":"单","CODE":"xjssc2","SORT":13.0,"STATE":0,"ST":false,"BET_AMT":null,"ODDS_A":1.96,"ODDS_B":1.98,"ODDS_C":1.98},"xjssc2_双":{"ID":495,"P_3ID":56,"P_1ID":17,"GROUP_NAME":"第三球","SHOWCLS":"text","ODDS":1.96,"NUM":"双","NUM_NAME":"双","CODE":"xjssc2","SORT":14.0,"STATE":0,"ST":false,"BET_AMT":null,"ODDS_A":1.96,"ODDS_B":1.98,"ODDS_C":1.98}},"xjssc3":{"xjssc3_0":{"ID":496,"P_3ID":57,"P_1ID":17,"GROUP_NAME":"第四球","SHOWCLS":"red","ODDS":9.86,"NUM":"0","NUM_NAME":"0","CODE":"xjssc3","SORT":1.0,"STATE":0,"ST":false,"BET_AMT":null,"ODDS_A":9.86,"ODDS_B":9.80,"ODDS_C":9.80},"xjssc3_1":{"ID":497,"P_3ID":57,"P_1ID":17,"GROUP_NAME":"第四球","SHOWCLS":"red","ODDS":9.86,"NUM":"1","NUM_NAME":"1","CODE":"xjssc3","SORT":2.0,"STATE":0,"ST":false,"BET_AMT":null,"ODDS_A":9.86,"ODDS_B":9.80,"ODDS_C":9.80},"xjssc3_2":{"ID":498,"P_3ID":57,"P_1ID":17,"GROUP_NAME":"第四球","SHOWCLS":"red","ODDS":9.86,"NUM":"2","NUM_NAME":"2","CODE":"xjssc3","SORT":3.0,"STATE":0,"ST":false,"BET_AMT":null,"ODDS_A":9.86,"ODDS_B":9.80,"ODDS_C":9.80},"xjssc3_3":{"ID":499,"P_3ID":57,"P_1ID":17,"GROUP_NAME":"第四球","SHOWCLS":"red","ODDS":9.86,"NUM":"3","NUM_NAME":"3","CODE":"xjssc3","SORT":4.0,"STATE":0,"ST":false,"BET_AMT":null,"ODDS_A":9.86,"ODDS_B":9.80,"ODDS_C":9.80},"xjssc3_4":{"ID":500,"P_3ID":57,"P_1ID":17,"GROUP_NAME":"第四球","SHOWCLS":"red","ODDS":9.86,"NUM":"4","NUM_NAME":"4","CODE":"xjssc3","SORT":5.0,"STATE":0,"ST":false,"BET_AMT":null,"ODDS_A":9.86,"ODDS_B":9.80,"ODDS_C":9.80},"xjssc3_5":{"ID":501,"P_3ID":57,"P_1ID":17,"GROUP_NAME":"第四球","SHOWCLS":"red","ODDS":9.86,"NUM":"5","NUM_NAME":"5","CODE":"xjssc3","SORT":6.0,"STATE":0,"ST":false,"BET_AMT":null,"ODDS_A":9.86,"ODDS_B":9.80,"ODDS_C":9.80},"xjssc3_6":{"ID":502,"P_3ID":57,"P_1ID":17,"GROUP_NAME":"第四球","SHOWCLS":"red","ODDS":9.86,"NUM":"6","NUM_NAME":"6","CODE":"xjssc3","SORT":7.0,"STATE":0,"ST":false,"BET_AMT":null,"ODDS_A":9.86,"ODDS_B":9.80,"ODDS_C":9.80},"xjssc3_7":{"ID":503,"P_3ID":57,"P_1ID":17,"GROUP_NAME":"第四球","SHOWCLS":"red","ODDS":9.86,"NUM":"7","NUM_NAME":"7","CODE":"xjssc3","SORT":8.0,"STATE":0,"ST":false,"BET_AMT":null,"ODDS_A":9.86,"ODDS_B":9.80,"ODDS_C":9.80},"xjssc3_8":{"ID":504,"P_3ID":57,"P_1ID":17,"GROUP_NAME":"第四球","SHOWCLS":"red","ODDS":9.86,"NUM":"8","NUM_NAME":"8","CODE":"xjssc3","SORT":9.0,"STATE":0,"ST":false,"BET_AMT":null,"ODDS_A":9.86,"ODDS_B":9.80,"ODDS_C":9.80},"xjssc3_9":{"ID":505,"P_3ID":57,"P_1ID":17,"GROUP_NAME":"第四球","SHOWCLS":"red","ODDS":9.86,"NUM":"9","NUM_NAME":"9","CODE":"xjssc3","SORT":10.0,"STATE":0,"ST":false,"BET_AMT":null,"ODDS_A":9.86,"ODDS_B":9.80,"ODDS_C":9.80},"xjssc3_大":{"ID":506,"P_3ID":57,"P_1ID":17,"GROUP_NAME":"第四球","SHOWCLS":"text","ODDS":1.96,"NUM":"大","NUM_NAME":"大","CODE":"xjssc3","SORT":11.0,"STATE":0,"ST":false,"BET_AMT":null,"ODDS_A":1.96,"ODDS_B":1.98,"ODDS_C":1.98},"xjssc3_小":{"ID":507,"P_3ID":57,"P_1ID":17,"GROUP_NAME":"第四球","SHOWCLS":"text","ODDS":1.96,"NUM":"小","NUM_NAME":"小","CODE":"xjssc3","SORT":12.0,"STATE":0,"ST":false,"BET_AMT":null,"ODDS_A":1.96,"ODDS_B":1.98,"ODDS_C":1.98},"xjssc3_单":{"ID":508,"P_3ID":57,"P_1ID":17,"GROUP_NAME":"第四球","SHOWCLS":"text","ODDS":1.96,"NUM":"单","NUM_NAME":"单","CODE":"xjssc3","SORT":13.0,"STATE":0,"ST":false,"BET_AMT":null,"ODDS_A":1.96,"ODDS_B":1.98,"ODDS_C":1.98},"xjssc3_双":{"ID":509,"P_3ID":57,"P_1ID":17,"GROUP_NAME":"第四球","SHOWCLS":"text","ODDS":1.96,"NUM":"双","NUM_NAME":"双","CODE":"xjssc3","SORT":14.0,"STATE":0,"ST":false,"BET_AMT":null,"ODDS_A":1.96,"ODDS_B":1.98,"ODDS_C":1.98}},"xjssc4":{"xjssc4_0":{"ID":510,"P_3ID":58,"P_1ID":17,"GROUP_NAME":"第五球","SHOWCLS":"red","ODDS":9.86,"NUM":"0","NUM_NAME":"0","CODE":"xjssc4","SORT":1.0,"STATE":0,"ST":false,"BET_AMT":null,"ODDS_A":9.86,"ODDS_B":9.80,"ODDS_C":9.80},"xjssc4_1":{"ID":511,"P_3ID":58,"P_1ID":17,"GROUP_NAME":"第五球","SHOWCLS":"red","ODDS":9.86,"NUM":"1","NUM_NAME":"1","CODE":"xjssc4","SORT":2.0,"STATE":0,"ST":false,"BET_AMT":null,"ODDS_A":9.86,"ODDS_B":9.80,"ODDS_C":9.80},"xjssc4_2":{"ID":512,"P_3ID":58,"P_1ID":17,"GROUP_NAME":"第五球","SHOWCLS":"red","ODDS":9.86,"NUM":"2","NUM_NAME":"2","CODE":"xjssc4","SORT":3.0,"STATE":0,"ST":false,"BET_AMT":null,"ODDS_A":9.86,"ODDS_B":9.80,"ODDS_C":9.80},"xjssc4_3":{"ID":513,"P_3ID":58,"P_1ID":17,"GROUP_NAME":"第五球","SHOWCLS":"red","ODDS":9.86,"NUM":"3","NUM_NAME":"3","CODE":"xjssc4","SORT":4.0,"STATE":0,"ST":false,"BET_AMT":null,"ODDS_A":9.86,"ODDS_B":9.80,"ODDS_C":9.80},"xjssc4_4":{"ID":514,"P_3ID":58,"P_1ID":17,"GROUP_NAME":"第五球","SHOWCLS":"red","ODDS":9.86,"NUM":"4","NUM_NAME":"4","CODE":"xjssc4","SORT":5.0,"STATE":0,"ST":false,"BET_AMT":null,"ODDS_A":9.86,"ODDS_B":9.80,"ODDS_C":9.80},"xjssc4_5":{"ID":515,"P_3ID":58,"P_1ID":17,"GROUP_NAME":"第五球","SHOWCLS":"red","ODDS":9.86,"NUM":"5","NUM_NAME":"5","CODE":"xjssc4","SORT":6.0,"STATE":0,"ST":false,"BET_AMT":null,"ODDS_A":9.86,"ODDS_B":9.80,"ODDS_C":9.80},"xjssc4_6":{"ID":516,"P_3ID":58,"P_1ID":17,"GROUP_NAME":"第五球","SHOWCLS":"red","ODDS":9.86,"NUM":"6","NUM_NAME":"6","CODE":"xjssc4","SORT":7.0,"STATE":0,"ST":false,"BET_AMT":null,"ODDS_A":9.86,"ODDS_B":9.80,"ODDS_C":9.80},"xjssc4_7":{"ID":517,"P_3ID":58,"P_1ID":17,"GROUP_NAME":"第五球","SHOWCLS":"red","ODDS":9.86,"NUM":"7","NUM_NAME":"7","CODE":"xjssc4","SORT":8.0,"STATE":0,"ST":false,"BET_AMT":null,"ODDS_A":9.86,"ODDS_B":9.80,"ODDS_C":9.80},"xjssc4_8":{"ID":518,"P_3ID":58,"P_1ID":17,"GROUP_NAME":"第五球","SHOWCLS":"red","ODDS":9.86,"NUM":"8","NUM_NAME":"8","CODE":"xjssc4","SORT":9.0,"STATE":0,"ST":false,"BET_AMT":null,"ODDS_A":9.86,"ODDS_B":9.80,"ODDS_C":9.80},"xjssc4_9":{"ID":519,"P_3ID":58,"P_1ID":17,"GROUP_NAME":"第五球","SHOWCLS":"red","ODDS":9.86,"NUM":"9","NUM_NAME":"9","CODE":"xjssc4","SORT":10.0,"STATE":0,"ST":false,"BET_AMT":null,"ODDS_A":9.86,"ODDS_B":9.80,"ODDS_C":9.80},"xjssc4_大":{"ID":520,"P_3ID":58,"P_1ID":17,"GROUP_NAME":"第五球","SHOWCLS":"text","ODDS":1.96,"NUM":"大","NUM_NAME":"大","CODE":"xjssc4","SORT":11.0,"STATE":0,"ST":false,"BET_AMT":null,"ODDS_A":1.96,"ODDS_B":1.98,"ODDS_C":1.98},"xjssc4_小":{"ID":521,"P_3ID":58,"P_1ID":17,"GROUP_NAME":"第五球","SHOWCLS":"text","ODDS":1.96,"NUM":"小","NUM_NAME":"小","CODE":"xjssc4","SORT":12.0,"STATE":0,"ST":false,"BET_AMT":null,"ODDS_A":1.96,"ODDS_B":1.98,"ODDS_C":1.98},"xjssc4_单":{"ID":522,"P_3ID":58,"P_1ID":17,"GROUP_NAME":"第五球","SHOWCLS":"text","ODDS":1.96,"NUM":"单","NUM_NAME":"单","CODE":"xjssc4","SORT":13.0,"STATE":0,"ST":false,"BET_AMT":null,"ODDS_A":1.96,"ODDS_B":1.98,"ODDS_C":1.98},"xjssc4_双":{"ID":523,"P_3ID":58,"P_1ID":17,"GROUP_NAME":"第五球","SHOWCLS":"text","ODDS":1.96,"NUM":"双","NUM_NAME":"双","CODE":"xjssc4","SORT":14.0,"STATE":0,"ST":false,"BET_AMT":null,"ODDS_A":1.96,"ODDS_B":1.98,"ODDS_C":1.98}},"xjssc5":{"xjssc5_大":{"ID":524,"P_3ID":59,"P_1ID":17,"GROUP_NAME":"总和-龙虎","SHOWCLS":"text","ODDS":1.96,"NUM":"大","NUM_NAME":"总和大","CODE":"xjssc5","SORT":1.0,"STATE":0,"ST":false,"BET_AMT":null,"ODDS_A":1.96,"ODDS_B":1.98,"ODDS_C":1.98},"xjssc5_小":{"ID":525,"P_3ID":59,"P_1ID":17,"GROUP_NAME":"总和-龙虎","SHOWCLS":"text","ODDS":1.96,"NUM":"小","NUM_NAME":"总和小","CODE":"xjssc5","SORT":2.0,"STATE":0,"ST":false,"BET_AMT":null,"ODDS_A":1.96,"ODDS_B":1.98,"ODDS_C":1.98},"xjssc5_单":{"ID":526,"P_3ID":59,"P_1ID":17,"GROUP_NAME":"总和-龙虎","SHOWCLS":"text","ODDS":1.96,"NUM":"单","NUM_NAME":"总和单","CODE":"xjssc5","SORT":3.0,"STATE":0,"ST":false,"BET_AMT":null,"ODDS_A":1.96,"ODDS_B":1.98,"ODDS_C":1.98},"xjssc5_双":{"ID":527,"P_3ID":59,"P_1ID":17,"GROUP_NAME":"总和-龙虎","SHOWCLS":"text","ODDS":1.96,"NUM":"双","NUM_NAME":"总和双","CODE":"xjssc5","SORT":4.0,"STATE":0,"ST":false,"BET_AMT":null,"ODDS_A":1.96,"ODDS_B":1.98,"ODDS_C":1.98},"xjssc5_龙":{"ID":528,"P_3ID":59,"P_1ID":17,"GROUP_NAME":"总和-龙虎","SHOWCLS":"text","ODDS":1.96,"NUM":"龙","NUM_NAME":"龙","CODE":"xjssc5","SORT":5.0,"STATE":0,"ST":false,"BET_AMT":null,"ODDS_A":1.96,"ODDS_B":1.99,"ODDS_C":1.99},"xjssc5_虎":{"ID":529,"P_3ID":59,"P_1ID":17,"GROUP_NAME":"总和-龙虎","SHOWCLS":"text","ODDS":1.96,"NUM":"虎","NUM_NAME":"虎","CODE":"xjssc5","SORT":6.0,"STATE":0,"ST":false,"BET_AMT":null,"ODDS_A":1.96,"ODDS_B":1.99,"ODDS_C":1.99},"xjssc5_和":{"ID":530,"P_3ID":59,"P_1ID":17,"GROUP_NAME":"总和-龙虎","SHOWCLS":"text","ODDS":9.0,"NUM":"和","NUM_NAME":"和","CODE":"xjssc5","SORT":7.0,"STATE":0,"ST":false,"BET_AMT":null,"ODDS_A":9.0,"ODDS_B":9.0,"ODDS_C":9.0}},"xjssc6":{"xjssc6_豹子":{"ID":531,"P_3ID":60,"P_1ID":17,"GROUP_NAME":"前三球","SHOWCLS":"text","ODDS":70.0,"NUM":"豹子","NUM_NAME":"豹子","CODE":"xjssc6","SORT":1.0,"STATE":0,"ST":false,"BET_AMT":null,"ODDS_A":70.0,"ODDS_B":70.0,"ODDS_C":70.0},"xjssc6_顺子":{"ID":532,"P_3ID":60,"P_1ID":17,"GROUP_NAME":"前三球","SHOWCLS":"text","ODDS":13.0,"NUM":"顺子","NUM_NAME":"顺子","CODE":"xjssc6","SORT":2.0,"STATE":0,"ST":false,"BET_AMT":null,"ODDS_A":13.0,"ODDS_B":13.0,"ODDS_C":13.0},"xjssc6_对子":{"ID":533,"P_3ID":60,"P_1ID":17,"GROUP_NAME":"前三球","SHOWCLS":"text","ODDS":2.80,"NUM":"对子","NUM_NAME":"对子","CODE":"xjssc6","SORT":3.0,"STATE":0,"ST":false,"BET_AMT":null,"ODDS_A":2.80,"ODDS_B":2.80,"ODDS_C":2.80},"xjssc6_半顺":{"ID":534,"P_3ID":60,"P_1ID":17,"GROUP_NAME":"前三球","SHOWCLS":"text","ODDS":2.0,"NUM":"半顺","NUM_NAME":"半顺","CODE":"xjssc6","SORT":4.0,"STATE":0,"ST":false,"BET_AMT":null,"ODDS_A":2.0,"ODDS_B":2.0,"ODDS_C":2.0},"xjssc6_杂六":{"ID":535,"P_3ID":60,"P_1ID":17,"GROUP_NAME":"前三球","SHOWCLS":"text","ODDS":2.20,"NUM":"杂六","NUM_NAME":"杂六","CODE":"xjssc6","SORT":5.0,"STATE":0,"ST":false,"BET_AMT":null,"ODDS_A":2.20,"ODDS_B":2.20,"ODDS_C":2.20}},"xjssc7":{"xjssc7_豹子":{"ID":536,"P_3ID":61,"P_1ID":17,"GROUP_NAME":"中三球","SHOWCLS":"text","ODDS":70.0,"NUM":"豹子","NUM_NAME":"豹子","CODE":"xjssc7","SORT":1.0,"STATE":0,"ST":false,"BET_AMT":null,"ODDS_A":70.0,"ODDS_B":70.0,"ODDS_C":70.0},"xjssc7_顺子":{"ID":537,"P_3ID":61,"P_1ID":17,"GROUP_NAME":"中三球","SHOWCLS":"text","ODDS":13.0,"NUM":"顺子","NUM_NAME":"顺子","CODE":"xjssc7","SORT":2.0,"STATE":0,"ST":false,"BET_AMT":null,"ODDS_A":13.0,"ODDS_B":13.0,"ODDS_C":13.0},"xjssc7_对子":{"ID":538,"P_3ID":61,"P_1ID":17,"GROUP_NAME":"中三球","SHOWCLS":"text","ODDS":2.80,"NUM":"对子","NUM_NAME":"对子","CODE":"xjssc7","SORT":3.0,"STATE":0,"ST":false,"BET_AMT":null,"ODDS_A":2.80,"ODDS_B":2.80,"ODDS_C":2.80},"xjssc7_半顺":{"ID":539,"P_3ID":61,"P_1ID":17,"GROUP_NAME":"中三球","SHOWCLS":"text","ODDS":2.0,"NUM":"半顺","NUM_NAME":"半顺","CODE":"xjssc7","SORT":4.0,"STATE":0,"ST":false,"BET_AMT":null,"ODDS_A":2.0,"ODDS_B":2.0,"ODDS_C":2.0},"xjssc7_杂六":{"ID":540,"P_3ID":61,"P_1ID":17,"GROUP_NAME":"中三球","SHOWCLS":"text","ODDS":2.20,"NUM":"杂六","NUM_NAME":"杂六","CODE":"xjssc7","SORT":5.0,"STATE":0,"ST":false,"BET_AMT":null,"ODDS_A":2.20,"ODDS_B":2.20,"ODDS_C":2.20}},"xjssc8":{"xjssc8_豹子":{"ID":541,"P_3ID":62,"P_1ID":17,"GROUP_NAME":"后三球","SHOWCLS":"text","ODDS":70.0,"NUM":"豹子","NUM_NAME":"豹子","CODE":"xjssc8","SORT":1.0,"STATE":0,"ST":false,"BET_AMT":null,"ODDS_A":70.0,"ODDS_B":70.0,"ODDS_C":70.0},"xjssc8_顺子":{"ID":542,"P_3ID":62,"P_1ID":17,"GROUP_NAME":"后三球","SHOWCLS":"text","ODDS":13.0,"NUM":"顺子","NUM_NAME":"顺子","CODE":"xjssc8","SORT":2.0,"STATE":0,"ST":false,"BET_AMT":null,"ODDS_A":13.0,"ODDS_B":13.0,"ODDS_C":13.0},"xjssc8_对子":{"ID":543,"P_3ID":62,"P_1ID":17,"GROUP_NAME":"后三球","SHOWCLS":"text","ODDS":2.80,"NUM":"对子","NUM_NAME":"对子","CODE":"xjssc8","SORT":3.0,"STATE":0,"ST":false,"BET_AMT":null,"ODDS_A":2.80,"ODDS_B":2.80,"ODDS_C":2.80},"xjssc8_半顺":{"ID":544,"P_3ID":62,"P_1ID":17,"GROUP_NAME":"后三球","SHOWCLS":"text","ODDS":2.0,"NUM":"半顺","NUM_NAME":"半顺","CODE":"xjssc8","SORT":4.0,"STATE":0,"ST":false,"BET_AMT":null,"ODDS_A":2.0,"ODDS_B":2.0,"ODDS_C":2.0},"xjssc8_杂六":{"ID":545,"P_3ID":62,"P_1ID":17,"GROUP_NAME":"后三球","SHOWCLS":"text","ODDS":2.20,"NUM":"杂六","NUM_NAME":"杂六","CODE":"xjssc8","SORT":5.0,"STATE":0,"ST":false,"BET_AMT":null,"ODDS_A":2.20,"ODDS_B":2.20,"ODDS_C":2.20}},"xjssc9":{"xjssc9_没牛":{"ID":546,"P_3ID":63,"P_1ID":17,"GROUP_NAME":"斗牛","SHOWCLS":"text","ODDS":2.10,"NUM":"没牛","NUM_NAME":"没牛","CODE":"xjssc9","SORT":1.0,"STATE":0,"ST":false,"BET_AMT":null,"ODDS_A":2.10,"ODDS_B":2.10,"ODDS_C":2.10},"xjssc9_牛1":{"ID":547,"P_3ID":63,"P_1ID":17,"GROUP_NAME":"斗牛","SHOWCLS":"text","ODDS":9.22,"NUM":"牛1","NUM_NAME":"牛1","CODE":"xjssc9","SORT":2.0,"STATE":0,"ST":false,"BET_AMT":null,"ODDS_A":9.22,"ODDS_B":9.22,"ODDS_C":9.22},"xjssc9_牛2":{"ID":548,"P_3ID":63,"P_1ID":17,"GROUP_NAME":"斗牛","SHOWCLS":"text","ODDS":9.22,"NUM":"牛2","NUM_NAME":"牛2","CODE":"xjssc9","SORT":3.0,"STATE":0,"ST":false,"BET_AMT":null,"ODDS_A":9.22,"ODDS_B":9.22,"ODDS_C":9.22},"xjssc9_牛3":{"ID":549,"P_3ID":63,"P_1ID":17,"GROUP_NAME":"斗牛","SHOWCLS":"text","ODDS":9.22,"NUM":"牛3","NUM_NAME":"牛3","CODE":"xjssc9","SORT":4.0,"STATE":0,"ST":false,"BET_AMT":null,"ODDS_A":9.22,"ODDS_B":9.22,"ODDS_C":9.22},"xjssc9_牛4":{"ID":550,"P_3ID":63,"P_1ID":17,"GROUP_NAME":"斗牛","SHOWCLS":"text","ODDS":9.22,"NUM":"牛4","NUM_NAME":"牛4","CODE":"xjssc9","SORT":5.0,"STATE":0,"ST":false,"BET_AMT":null,"ODDS_A":9.22,"ODDS_B":9.22,"ODDS_C":9.22},"xjssc9_牛5":{"ID":551,"P_3ID":63,"P_1ID":17,"GROUP_NAME":"斗牛","SHOWCLS":"text","ODDS":9.22,"NUM":"牛5","NUM_NAME":"牛5","CODE":"xjssc9","SORT":6.0,"STATE":0,"ST":false,"BET_AMT":null,"ODDS_A":9.22,"ODDS_B":9.22,"ODDS_C":9.22},"xjssc9_牛6":{"ID":552,"P_3ID":63,"P_1ID":17,"GROUP_NAME":"斗牛","SHOWCLS":"text","ODDS":9.22,"NUM":"牛6","NUM_NAME":"牛6","CODE":"xjssc9","SORT":7.0,"STATE":0,"ST":false,"BET_AMT":null,"ODDS_A":9.22,"ODDS_B":9.22,"ODDS_C":9.22},"xjssc9_牛7":{"ID":553,"P_3ID":63,"P_1ID":17,"GROUP_NAME":"斗牛","SHOWCLS":"text","ODDS":9.22,"NUM":"牛7","NUM_NAME":"牛7","CODE":"xjssc9","SORT":8.0,"STATE":0,"ST":false,"BET_AMT":null,"ODDS_A":9.22,"ODDS_B":9.22,"ODDS_C":9.22},"xjssc9_牛8":{"ID":554,"P_3ID":63,"P_1ID":17,"GROUP_NAME":"斗牛","SHOWCLS":"text","ODDS":9.22,"NUM":"牛8","NUM_NAME":"牛8","CODE":"xjssc9","SORT":9.0,"STATE":0,"ST":false,"BET_AMT":null,"ODDS_A":9.22,"ODDS_B":9.22,"ODDS_C":9.22},"xjssc9_牛9":{"ID":555,"P_3ID":63,"P_1ID":17,"GROUP_NAME":"斗牛","SHOWCLS":"text","ODDS":9.22,"NUM":"牛9","NUM_NAME":"牛9","CODE":"xjssc9","SORT":10.0,"STATE":0,"ST":false,"BET_AMT":null,"ODDS_A":9.22,"ODDS_B":9.22,"ODDS_C":9.22},"xjssc9_牛牛":{"ID":556,"P_3ID":63,"P_1ID":17,"GROUP_NAME":"斗牛","SHOWCLS":"text","ODDS":9.22,"NUM":"牛牛","NUM_NAME":"牛牛","CODE":"xjssc9","SORT":11.0,"STATE":0,"ST":false,"BET_AMT":null,"ODDS_A":9.22,"ODDS_B":9.22,"ODDS_C":9.22},"xjssc9_牛大":{"ID":557,"P_3ID":63,"P_1ID":17,"GROUP_NAME":"斗牛","SHOWCLS":"text","ODDS":1.93,"NUM":"牛大","NUM_NAME":"牛大","CODE":"xjssc9","SORT":12.0,"STATE":0,"ST":false,"BET_AMT":null,"ODDS_A":1.93,"ODDS_B":1.93,"ODDS_C":1.93},"xjssc9_牛小":{"ID":558,"P_3ID":63,"P_1ID":17,"GROUP_NAME":"斗牛","SHOWCLS":"text","ODDS":1.93,"NUM":"牛小","NUM_NAME":"牛小","CODE":"xjssc9","SORT":13.0,"STATE":0,"ST":false,"BET_AMT":null,"ODDS_A":1.93,"ODDS_B":1.93,"ODDS_C":1.93},"xjssc9_牛单":{"ID":559,"P_3ID":63,"P_1ID":17,"GROUP_NAME":"斗牛","SHOWCLS":"text","ODDS":1.93,"NUM":"牛单","NUM_NAME":"牛单","CODE":"xjssc9","SORT":14.0,"STATE":0,"ST":false,"BET_AMT":null,"ODDS_A":1.93,"ODDS_B":1.93,"ODDS_C":1.93},"xjssc9_牛双":{"ID":560,"P_3ID":63,"P_1ID":17,"GROUP_NAME":"斗牛","SHOWCLS":"text","ODDS":1.93,"NUM":"牛双","NUM_NAME":"牛双","CODE":"xjssc9","SORT":15.0,"STATE":0,"ST":false,"BET_AMT":null,"ODDS_A":1.93,"ODDS_B":1.93,"ODDS_C":1.93}}}
