[
    {
        "ID": 18,
        "PARA_NAME": "北京赛车",
        "PARENT_ID": 2,
        "TREE_LEVEL": 2,
        "SORT": -11,
        "CHILDREN": "[{\"ID\":65.0,\"PARA_NAME\":\"冠亚和\",\"PARENT_ID\":18.0,\"TREE_LEVEL\":3.0,\"SORT\":1.0,\"CHILDREN\":\" \"},{\"ID\":66.0,\"PARA_NAME\":\"冠亚季和\",\"PARENT_ID\":18.0,\"TREE_LEVEL\":3.0,\"SORT\":2.0,\"CHILDREN\":\" \"},{\"ID\":67.0,\"PARA_NAME\":\"冠军\",\"PARENT_ID\":18.0,\"TREE_LEVEL\":3.0,\"SORT\":3.0,\"CHILDREN\":\" \"},{\"ID\":68.0,\"PARA_NAME\":\"亚军\",\"PARENT_ID\":18.0,\"TREE_LEVEL\":3.0,\"SORT\":4.0,\"CHILDREN\":\" \"},{\"ID\":69.0,\"PARA_NAME\":\"第三名\",\"PARENT_ID\":18.0,\"TREE_LEVEL\":3.0,\"SORT\":5.0,\"CHILDREN\":\" \"},{\"ID\":70.0,\"PARA_NAME\":\"第四名\",\"PARENT_ID\":18.0,\"TREE_LEVEL\":3.0,\"SORT\":6.0,\"CHILDREN\":\" \"},{\"ID\":71.0,\"PARA_NAME\":\"第五名\",\"PARENT_ID\":18.0,\"TREE_LEVEL\":3.0,\"SORT\":7.0,\"CHILDREN\":\" \"},{\"ID\":72.0,\"PARA_NAME\":\"第六名\",\"PARENT_ID\":18.0,\"TREE_LEVEL\":3.0,\"SORT\":8.0,\"CHILDREN\":\" \"},{\"ID\":73.0,\"PARA_NAME\":\"第七名\",\"PARENT_ID\":18.0,\"TREE_LEVEL\":3.0,\"SORT\":9.0,\"CHILDREN\":\" \"},{\"ID\":74.0,\"PARA_NAME\":\"第八名\",\"PARENT_ID\":18.0,\"TREE_LEVEL\":3.0,\"SORT\":10.0,\"CHILDREN\":\" \"},{\"ID\":75.0,\"PARA_NAME\":\"第九名\",\"PARENT_ID\":18.0,\"TREE_LEVEL\":3.0,\"SORT\":11.0,\"CHILDREN\":\" \"},{\"ID\":76.0,\"PARA_NAME\":\"第十名\",\"PARENT_ID\":18.0,\"TREE_LEVEL\":3.0,\"SORT\":12.0,\"CHILDREN\":\" \"},{\"ID\":659.0,\"PARA_NAME\":\"龙虎\",\"PARENT_ID\":18.0,\"TREE_LEVEL\":3.0,\"SORT\":18.0,\"CHILDREN\":\" \"}]"
    },
    {
        "ID": 1043,
        "PARA_NAME": "QQ分分彩",
        "PARENT_ID": 2,
        "TREE_LEVEL": 2,
        "SORT": -10,
        "CHILDREN": "[{\"ID\":1044.0,\"PARA_NAME\":\"第一球\",\"PARENT_ID\":1043.0,\"TREE_LEVEL\":3.0,\"SORT\":0.0,\"CHILDREN\":\" \"},{\"ID\":1045.0,\"PARA_NAME\":\"第二球\",\"PARENT_ID\":1043.0,\"TREE_LEVEL\":3.0,\"SORT\":1.0,\"CHILDREN\":\" \"},{\"ID\":1046.0,\"PARA_NAME\":\"第三球\",\"PARENT_ID\":1043.0,\"TREE_LEVEL\":3.0,\"SORT\":2.0,\"CHILDREN\":\" \"},{\"ID\":1047.0,\"PARA_NAME\":\"第四球\",\"PARENT_ID\":1043.0,\"TREE_LEVEL\":3.0,\"SORT\":3.0,\"CHILDREN\":\" \"},{\"ID\":1048.0,\"PARA_NAME\":\"第五球\",\"PARENT_ID\":1043.0,\"TREE_LEVEL\":3.0,\"SORT\":4.0,\"CHILDREN\":\" \"},{\"ID\":1049.0,\"PARA_NAME\":\"总和-龙虎\",\"PARENT_ID\":1043.0,\"TREE_LEVEL\":3.0,\"SORT\":5.0,\"CHILDREN\":\" \"},{\"ID\":1050.0,\"PARA_NAME\":\"前三球\",\"PARENT_ID\":1043.0,\"TREE_LEVEL\":3.0,\"SORT\":6.0,\"CHILDREN\":\" \"},{\"ID\":1051.0,\"PARA_NAME\":\"中三球\",\"PARENT_ID\":1043.0,\"TREE_LEVEL\":3.0,\"SORT\":7.0,\"CHILDREN\":\" \"},{\"ID\":1052.0,\"PARA_NAME\":\"后三球\",\"PARENT_ID\":1043.0,\"TREE_LEVEL\":3.0,\"SORT\":8.0,\"CHILDREN\":\" \"},{\"ID\":1053.0,\"PARA_NAME\":\"斗牛\",\"PARENT_ID\":1043.0,\"TREE_LEVEL\":3.0,\"SORT\":9.0,\"CHILDREN\":\" \"},{\"ID\":1054.0,\"PARA_NAME\":\"梭哈\",\"PARENT_ID\":1043.0,\"TREE_LEVEL\":3.0,\"SORT\":10.0,\"CHILDREN\":\" \"}]"
    },
    {
        "ID": 16,
        "PARA_NAME": "重庆时时彩",
        "PARENT_ID": 2,
        "TREE_LEVEL": 2,
        "SORT": -9,
        "CHILDREN": "[{\"ID\":43.0,\"PARA_NAME\":\"第一球\",\"PARENT_ID\":16.0,\"TREE_LEVEL\":3.0,\"SORT\":43.0,\"CHILDREN\":\" \"},{\"ID\":44.0,\"PARA_NAME\":\"第二球\",\"PARENT_ID\":16.0,\"TREE_LEVEL\":3.0,\"SORT\":44.0,\"CHILDREN\":\" \"},{\"ID\":45.0,\"PARA_NAME\":\"第三球\",\"PARENT_ID\":16.0,\"TREE_LEVEL\":3.0,\"SORT\":45.0,\"CHILDREN\":\" \"},{\"ID\":46.0,\"PARA_NAME\":\"第四球\",\"PARENT_ID\":16.0,\"TREE_LEVEL\":3.0,\"SORT\":46.0,\"CHILDREN\":\" \"},{\"ID\":47.0,\"PARA_NAME\":\"第五球\",\"PARENT_ID\":16.0,\"TREE_LEVEL\":3.0,\"SORT\":47.0,\"CHILDREN\":\" \"},{\"ID\":48.0,\"PARA_NAME\":\"总和-龙虎\",\"PARENT_ID\":16.0,\"TREE_LEVEL\":3.0,\"SORT\":48.0,\"CHILDREN\":\" \"},{\"ID\":49.0,\"PARA_NAME\":\"前三球\",\"PARENT_ID\":16.0,\"TREE_LEVEL\":3.0,\"SORT\":49.0,\"CHILDREN\":\" \"},{\"ID\":50.0,\"PARA_NAME\":\"中三球\",\"PARENT_ID\":16.0,\"TREE_LEVEL\":3.0,\"SORT\":50.0,\"CHILDREN\":\" \"},{\"ID\":51.0,\"PARA_NAME\":\"后三球\",\"PARENT_ID\":16.0,\"TREE_LEVEL\":3.0,\"SORT\":51.0,\"CHILDREN\":\" \"},{\"ID\":52.0,\"PARA_NAME\":\"斗牛\",\"PARENT_ID\":16.0,\"TREE_LEVEL\":3.0,\"SORT\":52.0,\"CHILDREN\":\" \"},{\"ID\":53.0,\"PARA_NAME\":\"梭哈\",\"PARENT_ID\":16.0,\"TREE_LEVEL\":3.0,\"SORT\":53.0,\"CHILDREN\":\" \"}]"
    },
    {
        "ID": 1055,
        "PARA_NAME": "极速赛车",
        "PARENT_ID": 2,
        "TREE_LEVEL": 2,
        "SORT": -8,
        "CHILDREN": "[{\"ID\":1056.0,\"PARA_NAME\":\"冠亚和\",\"PARENT_ID\":1055.0,\"TREE_LEVEL\":3.0,\"SORT\":0.0,\"CHILDREN\":\" \"},{\"ID\":1057.0,\"PARA_NAME\":\"冠亚季和\",\"PARENT_ID\":1055.0,\"TREE_LEVEL\":3.0,\"SORT\":1.0,\"CHILDREN\":\" \"},{\"ID\":1058.0,\"PARA_NAME\":\"冠军\",\"PARENT_ID\":1055.0,\"TREE_LEVEL\":3.0,\"SORT\":2.0,\"CHILDREN\":\" \"},{\"ID\":1059.0,\"PARA_NAME\":\"亚军\",\"PARENT_ID\":1055.0,\"TREE_LEVEL\":3.0,\"SORT\":3.0,\"CHILDREN\":\" \"},{\"ID\":1060.0,\"PARA_NAME\":\"第三名\",\"PARENT_ID\":1055.0,\"TREE_LEVEL\":3.0,\"SORT\":4.0,\"CHILDREN\":\" \"},{\"ID\":1061.0,\"PARA_NAME\":\"第四名\",\"PARENT_ID\":1055.0,\"TREE_LEVEL\":3.0,\"SORT\":5.0,\"CHILDREN\":\" \"},{\"ID\":1062.0,\"PARA_NAME\":\"第五名\",\"PARENT_ID\":1055.0,\"TREE_LEVEL\":3.0,\"SORT\":6.0,\"CHILDREN\":\" \"},{\"ID\":1063.0,\"PARA_NAME\":\"第六名\",\"PARENT_ID\":1055.0,\"TREE_LEVEL\":3.0,\"SORT\":7.0,\"CHILDREN\":\" \"},{\"ID\":1064.0,\"PARA_NAME\":\"第七名\",\"PARENT_ID\":1055.0,\"TREE_LEVEL\":3.0,\"SORT\":8.0,\"CHILDREN\":\" \"},{\"ID\":1065.0,\"PARA_NAME\":\"第八名\",\"PARENT_ID\":1055.0,\"TREE_LEVEL\":3.0,\"SORT\":9.0,\"CHILDREN\":\" \"},{\"ID\":1066.0,\"PARA_NAME\":\"第九名\",\"PARENT_ID\":1055.0,\"TREE_LEVEL\":3.0,\"SORT\":10.0,\"CHILDREN\":\" \"},{\"ID\":1067.0,\"PARA_NAME\":\"第十名\",\"PARENT_ID\":1055.0,\"TREE_LEVEL\":3.0,\"SORT\":11.0,\"CHILDREN\":\" \"},{\"ID\":1068.0,\"PARA_NAME\":\"龙虎\",\"PARENT_ID\":1055.0,\"TREE_LEVEL\":3.0,\"SORT\":12.0,\"CHILDREN\":\" \"}]"
    },
    {
        "ID": 1713,
        "PARA_NAME": "台北快三",
        "PARENT_ID": 2,
        "TREE_LEVEL": 2,
        "SORT": -6,
        "CHILDREN": "[{\"ID\":1806.0,\"PARA_NAME\":\"三军单号\",\"PARENT_ID\":1713.0,\"TREE_LEVEL\":3.0,\"SORT\":0.0,\"CHILDREN\":\" \"},{\"ID\":1808.0,\"PARA_NAME\":\"和值点数\",\"PARENT_ID\":1713.0,\"TREE_LEVEL\":3.0,\"SORT\":1.0,\"CHILDREN\":\" \"},{\"ID\":1807.0,\"PARA_NAME\":\"豹子\",\"PARENT_ID\":1713.0,\"TREE_LEVEL\":3.0,\"SORT\":2.0,\"CHILDREN\":\" \"},{\"ID\":1811.0,\"PARA_NAME\":\"顺子\",\"PARENT_ID\":1713.0,\"TREE_LEVEL\":3.0,\"SORT\":3.0,\"CHILDREN\":\" \"},{\"ID\":1810.0,\"PARA_NAME\":\"一对\",\"PARENT_ID\":1713.0,\"TREE_LEVEL\":3.0,\"SORT\":4.0,\"CHILDREN\":\" \"},{\"ID\":1809.0,\"PARA_NAME\":\"长牌组合\",\"PARENT_ID\":1713.0,\"TREE_LEVEL\":3.0,\"SORT\":5.0,\"CHILDREN\":\" \"},{\"ID\":1812.0,\"PARA_NAME\":\"杂牌组合\",\"PARENT_ID\":1713.0,\"TREE_LEVEL\":3.0,\"SORT\":7.0,\"CHILDREN\":\" \"}]"
    },
    {
        "ID": 1817,
        "PARA_NAME": "东京11选5",
        "PARENT_ID": 2,
        "TREE_LEVEL": 2,
        "SORT": -5,
        "CHILDREN": "[{\"ID\":1818.0,\"PARA_NAME\":\"第一球\",\"PARENT_ID\":1817.0,\"TREE_LEVEL\":3.0,\"SORT\":0.0,\"CHILDREN\":\" \"},{\"ID\":1819.0,\"PARA_NAME\":\"第二球\",\"PARENT_ID\":1817.0,\"TREE_LEVEL\":3.0,\"SORT\":1.0,\"CHILDREN\":\" \"},{\"ID\":1820.0,\"PARA_NAME\":\"第三球\",\"PARENT_ID\":1817.0,\"TREE_LEVEL\":3.0,\"SORT\":2.0,\"CHILDREN\":\" \"},{\"ID\":1821.0,\"PARA_NAME\":\"第四球\",\"PARENT_ID\":1817.0,\"TREE_LEVEL\":3.0,\"SORT\":3.0,\"CHILDREN\":\" \"},{\"ID\":1822.0,\"PARA_NAME\":\"第五球\",\"PARENT_ID\":1817.0,\"TREE_LEVEL\":3.0,\"SORT\":4.0,\"CHILDREN\":\" \"},{\"ID\":1823.0,\"PARA_NAME\":\"直选\",\"PARENT_ID\":1817.0,\"TREE_LEVEL\":3.0,\"SORT\":5.0,\"CHILDREN\":\" \"},{\"ID\":1824.0,\"PARA_NAME\":\"组选\",\"PARENT_ID\":1817.0,\"TREE_LEVEL\":3.0,\"SORT\":6.0,\"CHILDREN\":\" \"},{\"ID\":1825.0,\"PARA_NAME\":\"任选\",\"PARENT_ID\":1817.0,\"TREE_LEVEL\":3.0,\"SORT\":7.0,\"CHILDREN\":\" \"},{\"ID\":1826.0,\"PARA_NAME\":\"总和-龙虎\",\"PARENT_ID\":1817.0,\"TREE_LEVEL\":3.0,\"SORT\":8.0,\"CHILDREN\":\" \"}]"
    },
    {
        "ID": 1146,
        "PARA_NAME": "广东11选5",
        "PARENT_ID": 2,
        "TREE_LEVEL": 2,
        "SORT": -4,
        "CHILDREN": "[{\"ID\":1147.0,\"PARA_NAME\":\"第一球\",\"PARENT_ID\":1146.0,\"TREE_LEVEL\":3.0,\"SORT\":0.0,\"CHILDREN\":\" \"},{\"ID\":1148.0,\"PARA_NAME\":\"第二球\",\"PARENT_ID\":1146.0,\"TREE_LEVEL\":3.0,\"SORT\":1.0,\"CHILDREN\":\" \"},{\"ID\":1149.0,\"PARA_NAME\":\"第三球\",\"PARENT_ID\":1146.0,\"TREE_LEVEL\":3.0,\"SORT\":2.0,\"CHILDREN\":\" \"},{\"ID\":1150.0,\"PARA_NAME\":\"第四球\",\"PARENT_ID\":1146.0,\"TREE_LEVEL\":3.0,\"SORT\":3.0,\"CHILDREN\":\" \"},{\"ID\":1151.0,\"PARA_NAME\":\"第五球\",\"PARENT_ID\":1146.0,\"TREE_LEVEL\":3.0,\"SORT\":4.0,\"CHILDREN\":\" \"},{\"ID\":1152.0,\"PARA_NAME\":\"直选\",\"PARENT_ID\":1146.0,\"TREE_LEVEL\":3.0,\"SORT\":5.0,\"CHILDREN\":\" \"},{\"ID\":1153.0,\"PARA_NAME\":\"组选\",\"PARENT_ID\":1146.0,\"TREE_LEVEL\":3.0,\"SORT\":6.0,\"CHILDREN\":\" \"},{\"ID\":1154.0,\"PARA_NAME\":\"任选\",\"PARENT_ID\":1146.0,\"TREE_LEVEL\":3.0,\"SORT\":7.0,\"CHILDREN\":\" \"},{\"ID\":1155.0,\"PARA_NAME\":\"总和-龙虎\",\"PARENT_ID\":1146.0,\"TREE_LEVEL\":3.0,\"SORT\":8.0,\"CHILDREN\":\" \"}]"
    },
    {
        "ID": 21,
        "PARA_NAME": "广东快乐十分",
        "PARENT_ID": 2,
        "TREE_LEVEL": 2,
        "SORT": -3,
        "CHILDREN": "[{\"ID\":108.0,\"PARA_NAME\":\"第一球\",\"PARENT_ID\":21.0,\"TREE_LEVEL\":3.0,\"SORT\":108.0,\"CHILDREN\":\" \"},{\"ID\":109.0,\"PARA_NAME\":\"第二球\",\"PARENT_ID\":21.0,\"TREE_LEVEL\":3.0,\"SORT\":109.0,\"CHILDREN\":\" \"},{\"ID\":110.0,\"PARA_NAME\":\"第三球\",\"PARENT_ID\":21.0,\"TREE_LEVEL\":3.0,\"SORT\":110.0,\"CHILDREN\":\" \"},{\"ID\":111.0,\"PARA_NAME\":\"第四球\",\"PARENT_ID\":21.0,\"TREE_LEVEL\":3.0,\"SORT\":111.0,\"CHILDREN\":\" \"},{\"ID\":112.0,\"PARA_NAME\":\"第五球\",\"PARENT_ID\":21.0,\"TREE_LEVEL\":3.0,\"SORT\":112.0,\"CHILDREN\":\" \"},{\"ID\":113.0,\"PARA_NAME\":\"第六球\",\"PARENT_ID\":21.0,\"TREE_LEVEL\":3.0,\"SORT\":113.0,\"CHILDREN\":\" \"},{\"ID\":114.0,\"PARA_NAME\":\"第七球\",\"PARENT_ID\":21.0,\"TREE_LEVEL\":3.0,\"SORT\":114.0,\"CHILDREN\":\" \"},{\"ID\":115.0,\"PARA_NAME\":\"第八球\",\"PARENT_ID\":21.0,\"TREE_LEVEL\":3.0,\"SORT\":115.0,\"CHILDREN\":\" \"},{\"ID\":116.0,\"PARA_NAME\":\"总和-龙虎\",\"PARENT_ID\":21.0,\"TREE_LEVEL\":3.0,\"SORT\":116.0,\"CHILDREN\":\" \"}]"
    },
    {
        "ID": 20,
        "PARA_NAME": "幸运农场",
        "PARENT_ID": 2,
        "TREE_LEVEL": 2,
        "SORT": -2,
        "CHILDREN": "[{\"ID\":99.0,\"PARA_NAME\":\"第一球\",\"PARENT_ID\":20.0,\"TREE_LEVEL\":3.0,\"SORT\":99.0,\"CHILDREN\":\" \"},{\"ID\":100.0,\"PARA_NAME\":\"第二球\",\"PARENT_ID\":20.0,\"TREE_LEVEL\":3.0,\"SORT\":100.0,\"CHILDREN\":\" \"},{\"ID\":101.0,\"PARA_NAME\":\"第三球\",\"PARENT_ID\":20.0,\"TREE_LEVEL\":3.0,\"SORT\":101.0,\"CHILDREN\":\" \"},{\"ID\":102.0,\"PARA_NAME\":\"第四球\",\"PARENT_ID\":20.0,\"TREE_LEVEL\":3.0,\"SORT\":102.0,\"CHILDREN\":\" \"},{\"ID\":103.0,\"PARA_NAME\":\"第五球\",\"PARENT_ID\":20.0,\"TREE_LEVEL\":3.0,\"SORT\":103.0,\"CHILDREN\":\" \"},{\"ID\":104.0,\"PARA_NAME\":\"第六球\",\"PARENT_ID\":20.0,\"TREE_LEVEL\":3.0,\"SORT\":104.0,\"CHILDREN\":\" \"},{\"ID\":105.0,\"PARA_NAME\":\"第七球\",\"PARENT_ID\":20.0,\"TREE_LEVEL\":3.0,\"SORT\":105.0,\"CHILDREN\":\" \"},{\"ID\":106.0,\"PARA_NAME\":\"第八球\",\"PARENT_ID\":20.0,\"TREE_LEVEL\":3.0,\"SORT\":106.0,\"CHILDREN\":\" \"},{\"ID\":107.0,\"PARA_NAME\":\"总和-龙虎\",\"PARENT_ID\":20.0,\"TREE_LEVEL\":3.0,\"SORT\":107.0,\"CHILDREN\":\" \"}]"
    },
    {
        "ID": 19,
        "PARA_NAME": "幸运飞艇",
        "PARENT_ID": 2,
        "TREE_LEVEL": 2,
        "SORT": -1,
        "CHILDREN": "[{\"ID\":82.0,\"PARA_NAME\":\"冠亚和\",\"PARENT_ID\":19.0,\"TREE_LEVEL\":3.0,\"SORT\":82.0,\"CHILDREN\":\" \"},{\"ID\":83.0,\"PARA_NAME\":\"冠亚季和\",\"PARENT_ID\":19.0,\"TREE_LEVEL\":3.0,\"SORT\":83.0,\"CHILDREN\":\" \"},{\"ID\":84.0,\"PARA_NAME\":\"冠军\",\"PARENT_ID\":19.0,\"TREE_LEVEL\":3.0,\"SORT\":84.0,\"CHILDREN\":\" \"},{\"ID\":85.0,\"PARA_NAME\":\"亚军\",\"PARENT_ID\":19.0,\"TREE_LEVEL\":3.0,\"SORT\":85.0,\"CHILDREN\":\" \"},{\"ID\":86.0,\"PARA_NAME\":\"第三名\",\"PARENT_ID\":19.0,\"TREE_LEVEL\":3.0,\"SORT\":86.0,\"CHILDREN\":\" \"},{\"ID\":87.0,\"PARA_NAME\":\"第四名\",\"PARENT_ID\":19.0,\"TREE_LEVEL\":3.0,\"SORT\":87.0,\"CHILDREN\":\" \"},{\"ID\":88.0,\"PARA_NAME\":\"第五名\",\"PARENT_ID\":19.0,\"TREE_LEVEL\":3.0,\"SORT\":88.0,\"CHILDREN\":\" \"},{\"ID\":89.0,\"PARA_NAME\":\"第六名\",\"PARENT_ID\":19.0,\"TREE_LEVEL\":3.0,\"SORT\":89.0,\"CHILDREN\":\" \"},{\"ID\":90.0,\"PARA_NAME\":\"第七名\",\"PARENT_ID\":19.0,\"TREE_LEVEL\":3.0,\"SORT\":90.0,\"CHILDREN\":\" \"},{\"ID\":91.0,\"PARA_NAME\":\"第八名\",\"PARENT_ID\":19.0,\"TREE_LEVEL\":3.0,\"SORT\":91.0,\"CHILDREN\":\" \"},{\"ID\":92.0,\"PARA_NAME\":\"第九名\",\"PARENT_ID\":19.0,\"TREE_LEVEL\":3.0,\"SORT\":92.0,\"CHILDREN\":\" \"},{\"ID\":93.0,\"PARA_NAME\":\"第十名\",\"PARENT_ID\":19.0,\"TREE_LEVEL\":3.0,\"SORT\":93.0,\"CHILDREN\":\" \"},{\"ID\":94.0,\"PARA_NAME\":\"龙虎\",\"PARENT_ID\":19.0,\"TREE_LEVEL\":3.0,\"SORT\":94.0,\"CHILDREN\":\" \"}]"
    },
    {
        "ID": 17,
        "PARA_NAME": "新疆时时彩",
        "PARENT_ID": 2,
        "TREE_LEVEL": 2,
        "SORT": 17,
        "CHILDREN": "[{\"ID\":54.0,\"PARA_NAME\":\"第一球\",\"PARENT_ID\":17.0,\"TREE_LEVEL\":3.0,\"SORT\":54.0,\"CHILDREN\":\" \"},{\"ID\":55.0,\"PARA_NAME\":\"第二球\",\"PARENT_ID\":17.0,\"TREE_LEVEL\":3.0,\"SORT\":55.0,\"CHILDREN\":\" \"},{\"ID\":56.0,\"PARA_NAME\":\"第三球\",\"PARENT_ID\":17.0,\"TREE_LEVEL\":3.0,\"SORT\":56.0,\"CHILDREN\":\" \"},{\"ID\":57.0,\"PARA_NAME\":\"第四球\",\"PARENT_ID\":17.0,\"TREE_LEVEL\":3.0,\"SORT\":57.0,\"CHILDREN\":\" \"},{\"ID\":58.0,\"PARA_NAME\":\"第五球\",\"PARENT_ID\":17.0,\"TREE_LEVEL\":3.0,\"SORT\":58.0,\"CHILDREN\":\" \"},{\"ID\":59.0,\"PARA_NAME\":\"总和-龙虎\",\"PARENT_ID\":17.0,\"TREE_LEVEL\":3.0,\"SORT\":59.0,\"CHILDREN\":\" \"},{\"ID\":60.0,\"PARA_NAME\":\"前三球\",\"PARENT_ID\":17.0,\"TREE_LEVEL\":3.0,\"SORT\":60.0,\"CHILDREN\":\" \"},{\"ID\":61.0,\"PARA_NAME\":\"中三球\",\"PARENT_ID\":17.0,\"TREE_LEVEL\":3.0,\"SORT\":61.0,\"CHILDREN\":\" \"},{\"ID\":62.0,\"PARA_NAME\":\"后三球\",\"PARENT_ID\":17.0,\"TREE_LEVEL\":3.0,\"SORT\":62.0,\"CHILDREN\":\" \"},{\"ID\":63.0,\"PARA_NAME\":\"斗牛\",\"PARENT_ID\":17.0,\"TREE_LEVEL\":3.0,\"SORT\":63.0,\"CHILDREN\":\" \"},{\"ID\":64.0,\"PARA_NAME\":\"梭哈\",\"PARENT_ID\":17.0,\"TREE_LEVEL\":3.0,\"SORT\":64.0,\"CHILDREN\":\" \"}]"
    },
    {
        "ID": 856,
        "PARA_NAME": "安徽快三",
        "PARENT_ID": 2,
        "TREE_LEVEL": 2,
        "SORT": 28,
        "CHILDREN": "[{\"ID\":901.0,\"PARA_NAME\":\"三军单号\",\"PARENT_ID\":856.0,\"TREE_LEVEL\":3.0,\"SORT\":0.0,\"CHILDREN\":\" \"},{\"ID\":903.0,\"PARA_NAME\":\"和值点数\",\"PARENT_ID\":856.0,\"TREE_LEVEL\":3.0,\"SORT\":1.0,\"CHILDREN\":\" \"},{\"ID\":902.0,\"PARA_NAME\":\"豹子\",\"PARENT_ID\":856.0,\"TREE_LEVEL\":3.0,\"SORT\":2.0,\"CHILDREN\":\" \"},{\"ID\":1580.0,\"PARA_NAME\":\"顺子\",\"PARENT_ID\":856.0,\"TREE_LEVEL\":3.0,\"SORT\":3.0,\"CHILDREN\":\" \"},{\"ID\":905.0,\"PARA_NAME\":\"一对\",\"PARENT_ID\":856.0,\"TREE_LEVEL\":3.0,\"SORT\":4.0,\"CHILDREN\":\" \"},{\"ID\":904.0,\"PARA_NAME\":\"长牌组合\",\"PARENT_ID\":856.0,\"TREE_LEVEL\":3.0,\"SORT\":5.0,\"CHILDREN\":\" \"},{\"ID\":1701.0,\"PARA_NAME\":\"杂牌组合\",\"PARENT_ID\":856.0,\"TREE_LEVEL\":3.0,\"SORT\":7.0,\"CHILDREN\":\" \"}]"
    },
    {
        "ID": 1709,
        "PARA_NAME": "湖北快三",
        "PARENT_ID": 2,
        "TREE_LEVEL": 2,
        "SORT": 29,
        "CHILDREN": "[{\"ID\":1771.0,\"PARA_NAME\":\"三军单号\",\"PARENT_ID\":1709.0,\"TREE_LEVEL\":3.0,\"SORT\":0.0,\"CHILDREN\":\" \"},{\"ID\":1773.0,\"PARA_NAME\":\"和值点数\",\"PARENT_ID\":1709.0,\"TREE_LEVEL\":3.0,\"SORT\":1.0,\"CHILDREN\":\" \"},{\"ID\":1772.0,\"PARA_NAME\":\"豹子\",\"PARENT_ID\":1709.0,\"TREE_LEVEL\":3.0,\"SORT\":2.0,\"CHILDREN\":\" \"},{\"ID\":1776.0,\"PARA_NAME\":\"顺子\",\"PARENT_ID\":1709.0,\"TREE_LEVEL\":3.0,\"SORT\":3.0,\"CHILDREN\":\" \"},{\"ID\":1775.0,\"PARA_NAME\":\"一对\",\"PARENT_ID\":1709.0,\"TREE_LEVEL\":3.0,\"SORT\":4.0,\"CHILDREN\":\" \"},{\"ID\":1774.0,\"PARA_NAME\":\"长牌组合\",\"PARENT_ID\":1709.0,\"TREE_LEVEL\":3.0,\"SORT\":5.0,\"CHILDREN\":\" \"},{\"ID\":1777.0,\"PARA_NAME\":\"杂牌组合\",\"PARENT_ID\":1709.0,\"TREE_LEVEL\":3.0,\"SORT\":7.0,\"CHILDREN\":\" \"}]"
    },
    {
        "ID": 1708,
        "PARA_NAME": "河北快三",
        "PARENT_ID": 2,
        "TREE_LEVEL": 2,
        "SORT": 29,
        "CHILDREN": "[{\"ID\":1764.0,\"PARA_NAME\":\"三军单号\",\"PARENT_ID\":1708.0,\"TREE_LEVEL\":3.0,\"SORT\":0.0,\"CHILDREN\":\" \"},{\"ID\":1766.0,\"PARA_NAME\":\"和值点数\",\"PARENT_ID\":1708.0,\"TREE_LEVEL\":3.0,\"SORT\":1.0,\"CHILDREN\":\" \"},{\"ID\":1765.0,\"PARA_NAME\":\"豹子\",\"PARENT_ID\":1708.0,\"TREE_LEVEL\":3.0,\"SORT\":2.0,\"CHILDREN\":\" \"},{\"ID\":1769.0,\"PARA_NAME\":\"顺子\",\"PARENT_ID\":1708.0,\"TREE_LEVEL\":3.0,\"SORT\":3.0,\"CHILDREN\":\" \"},{\"ID\":1768.0,\"PARA_NAME\":\"一对\",\"PARENT_ID\":1708.0,\"TREE_LEVEL\":3.0,\"SORT\":4.0,\"CHILDREN\":\" \"},{\"ID\":1767.0,\"PARA_NAME\":\"长牌组合\",\"PARENT_ID\":1708.0,\"TREE_LEVEL\":3.0,\"SORT\":5.0,\"CHILDREN\":\" \"},{\"ID\":1770.0,\"PARA_NAME\":\"杂牌组合\",\"PARENT_ID\":1708.0,\"TREE_LEVEL\":3.0,\"SORT\":7.0,\"CHILDREN\":\" \"}]"
    },
    {
        "ID": 1706,
        "PARA_NAME": "甘肃快三",
        "PARENT_ID": 2,
        "TREE_LEVEL": 2,
        "SORT": 29,
        "CHILDREN": "[{\"ID\":1750.0,\"PARA_NAME\":\"三军单号\",\"PARENT_ID\":1706.0,\"TREE_LEVEL\":3.0,\"SORT\":0.0,\"CHILDREN\":\" \"},{\"ID\":1752.0,\"PARA_NAME\":\"和值点数\",\"PARENT_ID\":1706.0,\"TREE_LEVEL\":3.0,\"SORT\":1.0,\"CHILDREN\":\" \"},{\"ID\":1751.0,\"PARA_NAME\":\"豹子\",\"PARENT_ID\":1706.0,\"TREE_LEVEL\":3.0,\"SORT\":2.0,\"CHILDREN\":\" \"},{\"ID\":1755.0,\"PARA_NAME\":\"顺子\",\"PARENT_ID\":1706.0,\"TREE_LEVEL\":3.0,\"SORT\":3.0,\"CHILDREN\":\" \"},{\"ID\":1754.0,\"PARA_NAME\":\"一对\",\"PARENT_ID\":1706.0,\"TREE_LEVEL\":3.0,\"SORT\":4.0,\"CHILDREN\":\" \"},{\"ID\":1753.0,\"PARA_NAME\":\"长牌组合\",\"PARENT_ID\":1706.0,\"TREE_LEVEL\":3.0,\"SORT\":5.0,\"CHILDREN\":\" \"},{\"ID\":1756.0,\"PARA_NAME\":\"杂牌组合\",\"PARENT_ID\":1706.0,\"TREE_LEVEL\":3.0,\"SORT\":7.0,\"CHILDREN\":\" \"}]"
    },
    {
        "ID": 1143,
        "PARA_NAME": "广西快三",
        "PARENT_ID": 2,
        "TREE_LEVEL": 2,
        "SORT": 29,
        "CHILDREN": "[{\"ID\":1211.0,\"PARA_NAME\":\"三军单号\",\"PARENT_ID\":1143.0,\"TREE_LEVEL\":3.0,\"SORT\":0.0,\"CHILDREN\":\" \"},{\"ID\":1213.0,\"PARA_NAME\":\"和值点数\",\"PARENT_ID\":1143.0,\"TREE_LEVEL\":3.0,\"SORT\":1.0,\"CHILDREN\":\" \"},{\"ID\":1212.0,\"PARA_NAME\":\"豹子\",\"PARENT_ID\":1143.0,\"TREE_LEVEL\":3.0,\"SORT\":2.0,\"CHILDREN\":\" \"},{\"ID\":1583.0,\"PARA_NAME\":\"顺子\",\"PARENT_ID\":1143.0,\"TREE_LEVEL\":3.0,\"SORT\":3.0,\"CHILDREN\":\" \"},{\"ID\":1215.0,\"PARA_NAME\":\"一对\",\"PARENT_ID\":1143.0,\"TREE_LEVEL\":3.0,\"SORT\":4.0,\"CHILDREN\":\" \"},{\"ID\":1214.0,\"PARA_NAME\":\"长牌组合\",\"PARENT_ID\":1143.0,\"TREE_LEVEL\":3.0,\"SORT\":5.0,\"CHILDREN\":\" \"},{\"ID\":1699.0,\"PARA_NAME\":\"杂牌组合\",\"PARENT_ID\":1143.0,\"TREE_LEVEL\":3.0,\"SORT\":7.0,\"CHILDREN\":\" \"}]"
    },
    {
        "ID": 1145,
        "PARA_NAME": "北京快三",
        "PARENT_ID": 2,
        "TREE_LEVEL": 2,
        "SORT": 29,
        "CHILDREN": "[{\"ID\":1191.0,\"PARA_NAME\":\"三军单号\",\"PARENT_ID\":1145.0,\"TREE_LEVEL\":3.0,\"SORT\":0.0,\"CHILDREN\":\" \"},{\"ID\":1193.0,\"PARA_NAME\":\"和值点数\",\"PARENT_ID\":1145.0,\"TREE_LEVEL\":3.0,\"SORT\":1.0,\"CHILDREN\":\" \"},{\"ID\":1192.0,\"PARA_NAME\":\"豹子\",\"PARENT_ID\":1145.0,\"TREE_LEVEL\":3.0,\"SORT\":2.0,\"CHILDREN\":\" \"},{\"ID\":1585.0,\"PARA_NAME\":\"顺子\",\"PARENT_ID\":1145.0,\"TREE_LEVEL\":3.0,\"SORT\":3.0,\"CHILDREN\":\" \"},{\"ID\":1195.0,\"PARA_NAME\":\"一对\",\"PARENT_ID\":1145.0,\"TREE_LEVEL\":3.0,\"SORT\":4.0,\"CHILDREN\":\" \"},{\"ID\":1194.0,\"PARA_NAME\":\"长牌组合\",\"PARENT_ID\":1145.0,\"TREE_LEVEL\":3.0,\"SORT\":5.0,\"CHILDREN\":\" \"},{\"ID\":1700.0,\"PARA_NAME\":\"杂牌组合\",\"PARENT_ID\":1145.0,\"TREE_LEVEL\":3.0,\"SORT\":7.0,\"CHILDREN\":\" \"}]"
    },
    {
        "ID": 1141,
        "PARA_NAME": "上海快三",
        "PARENT_ID": 2,
        "TREE_LEVEL": 2,
        "SORT": 29,
        "CHILDREN": "[{\"ID\":1221.0,\"PARA_NAME\":\"三军单号\",\"PARENT_ID\":1141.0,\"TREE_LEVEL\":3.0,\"SORT\":0.0,\"CHILDREN\":\" \"},{\"ID\":1223.0,\"PARA_NAME\":\"和值点数\",\"PARENT_ID\":1141.0,\"TREE_LEVEL\":3.0,\"SORT\":1.0,\"CHILDREN\":\" \"},{\"ID\":1222.0,\"PARA_NAME\":\"豹子\",\"PARENT_ID\":1141.0,\"TREE_LEVEL\":3.0,\"SORT\":2.0,\"CHILDREN\":\" \"},{\"ID\":1581.0,\"PARA_NAME\":\"顺子\",\"PARENT_ID\":1141.0,\"TREE_LEVEL\":3.0,\"SORT\":3.0,\"CHILDREN\":\" \"},{\"ID\":1225.0,\"PARA_NAME\":\"一对\",\"PARENT_ID\":1141.0,\"TREE_LEVEL\":3.0,\"SORT\":4.0,\"CHILDREN\":\" \"},{\"ID\":1224.0,\"PARA_NAME\":\"长牌组合\",\"PARENT_ID\":1141.0,\"TREE_LEVEL\":3.0,\"SORT\":5.0,\"CHILDREN\":\" \"},{\"ID\":1697.0,\"PARA_NAME\":\"杂牌组合\",\"PARENT_ID\":1141.0,\"TREE_LEVEL\":3.0,\"SORT\":7.0,\"CHILDREN\":\" \"}]"
    },
    {
        "ID": 915,
        "PARA_NAME": "安徽11选5",
        "PARENT_ID": 2,
        "TREE_LEVEL": 2,
        "SORT": 33,
        "CHILDREN": "[{\"ID\":916.0,\"PARA_NAME\":\"第一球\",\"PARENT_ID\":915.0,\"TREE_LEVEL\":3.0,\"SORT\":0.0,\"CHILDREN\":\" \"},{\"ID\":917.0,\"PARA_NAME\":\"第二球\",\"PARENT_ID\":915.0,\"TREE_LEVEL\":3.0,\"SORT\":1.0,\"CHILDREN\":\" \"},{\"ID\":918.0,\"PARA_NAME\":\"第三球\",\"PARENT_ID\":915.0,\"TREE_LEVEL\":3.0,\"SORT\":2.0,\"CHILDREN\":\" \"},{\"ID\":919.0,\"PARA_NAME\":\"第四球\",\"PARENT_ID\":915.0,\"TREE_LEVEL\":3.0,\"SORT\":3.0,\"CHILDREN\":\" \"},{\"ID\":920.0,\"PARA_NAME\":\"第五球\",\"PARENT_ID\":915.0,\"TREE_LEVEL\":3.0,\"SORT\":4.0,\"CHILDREN\":\" \"},{\"ID\":1042.0,\"PARA_NAME\":\"直选\",\"PARENT_ID\":915.0,\"TREE_LEVEL\":3.0,\"SORT\":5.0,\"CHILDREN\":\" \"},{\"ID\":1041.0,\"PARA_NAME\":\"组选\",\"PARENT_ID\":915.0,\"TREE_LEVEL\":3.0,\"SORT\":6.0,\"CHILDREN\":\" \"},{\"ID\":1040.0,\"PARA_NAME\":\"任选\",\"PARENT_ID\":915.0,\"TREE_LEVEL\":3.0,\"SORT\":7.0,\"CHILDREN\":\" \"},{\"ID\":929.0,\"PARA_NAME\":\"总和-龙虎\",\"PARENT_ID\":915.0,\"TREE_LEVEL\":3.0,\"SORT\":13.0,\"CHILDREN\":\" \"}]"
    },
    {
        "ID": 1114,
        "PARA_NAME": "北京11选5",
        "PARENT_ID": 2,
        "TREE_LEVEL": 2,
        "SORT": 34,
        "CHILDREN": "[{\"ID\":1115.0,\"PARA_NAME\":\"第一球\",\"PARENT_ID\":1114.0,\"TREE_LEVEL\":3.0,\"SORT\":0.0,\"CHILDREN\":\" \"},{\"ID\":1116.0,\"PARA_NAME\":\"第二球\",\"PARENT_ID\":1114.0,\"TREE_LEVEL\":3.0,\"SORT\":1.0,\"CHILDREN\":\" \"},{\"ID\":1117.0,\"PARA_NAME\":\"第三球\",\"PARENT_ID\":1114.0,\"TREE_LEVEL\":3.0,\"SORT\":2.0,\"CHILDREN\":\" \"},{\"ID\":1118.0,\"PARA_NAME\":\"第四球\",\"PARENT_ID\":1114.0,\"TREE_LEVEL\":3.0,\"SORT\":3.0,\"CHILDREN\":\" \"},{\"ID\":1119.0,\"PARA_NAME\":\"第五球\",\"PARENT_ID\":1114.0,\"TREE_LEVEL\":3.0,\"SORT\":4.0,\"CHILDREN\":\" \"},{\"ID\":1120.0,\"PARA_NAME\":\"直选\",\"PARENT_ID\":1114.0,\"TREE_LEVEL\":3.0,\"SORT\":5.0,\"CHILDREN\":\" \"},{\"ID\":1121.0,\"PARA_NAME\":\"组选\",\"PARENT_ID\":1114.0,\"TREE_LEVEL\":3.0,\"SORT\":6.0,\"CHILDREN\":\" \"},{\"ID\":1122.0,\"PARA_NAME\":\"任选\",\"PARENT_ID\":1114.0,\"TREE_LEVEL\":3.0,\"SORT\":7.0,\"CHILDREN\":\" \"},{\"ID\":1123.0,\"PARA_NAME\":\"总和-龙虎\",\"PARENT_ID\":1114.0,\"TREE_LEVEL\":3.0,\"SORT\":8.0,\"CHILDREN\":\" \"}]"
    },
    {
        "ID": 1125,
        "PARA_NAME": "福建11选5",
        "PARENT_ID": 2,
        "TREE_LEVEL": 2,
        "SORT": 35,
        "CHILDREN": "[{\"ID\":1127.0,\"PARA_NAME\":\"第一球\",\"PARENT_ID\":1125.0,\"TREE_LEVEL\":3.0,\"SORT\":0.0,\"CHILDREN\":\" \"},{\"ID\":1128.0,\"PARA_NAME\":\"第二球\",\"PARENT_ID\":1125.0,\"TREE_LEVEL\":3.0,\"SORT\":1.0,\"CHILDREN\":\" \"},{\"ID\":1129.0,\"PARA_NAME\":\"第三球\",\"PARENT_ID\":1125.0,\"TREE_LEVEL\":3.0,\"SORT\":2.0,\"CHILDREN\":\" \"},{\"ID\":1131.0,\"PARA_NAME\":\"第四球\",\"PARENT_ID\":1125.0,\"TREE_LEVEL\":3.0,\"SORT\":3.0,\"CHILDREN\":\" \"},{\"ID\":1134.0,\"PARA_NAME\":\"第五球\",\"PARENT_ID\":1125.0,\"TREE_LEVEL\":3.0,\"SORT\":4.0,\"CHILDREN\":\" \"},{\"ID\":1137.0,\"PARA_NAME\":\"直选\",\"PARENT_ID\":1125.0,\"TREE_LEVEL\":3.0,\"SORT\":5.0,\"CHILDREN\":\" \"},{\"ID\":1138.0,\"PARA_NAME\":\"组选\",\"PARENT_ID\":1125.0,\"TREE_LEVEL\":3.0,\"SORT\":6.0,\"CHILDREN\":\" \"},{\"ID\":1139.0,\"PARA_NAME\":\"任选\",\"PARENT_ID\":1125.0,\"TREE_LEVEL\":3.0,\"SORT\":7.0,\"CHILDREN\":\" \"},{\"ID\":1140.0,\"PARA_NAME\":\"总和-龙虎\",\"PARENT_ID\":1125.0,\"TREE_LEVEL\":3.0,\"SORT\":8.0,\"CHILDREN\":\" \"}]"
    },
    {
        "ID": 1156,
        "PARA_NAME": "湖北11选5",
        "PARENT_ID": 2,
        "TREE_LEVEL": 2,
        "SORT": 37,
        "CHILDREN": "[{\"ID\":1157.0,\"PARA_NAME\":\"第一球\",\"PARENT_ID\":1156.0,\"TREE_LEVEL\":3.0,\"SORT\":0.0,\"CHILDREN\":\" \"},{\"ID\":1158.0,\"PARA_NAME\":\"第二球\",\"PARENT_ID\":1156.0,\"TREE_LEVEL\":3.0,\"SORT\":1.0,\"CHILDREN\":\" \"},{\"ID\":1159.0,\"PARA_NAME\":\"第三球\",\"PARENT_ID\":1156.0,\"TREE_LEVEL\":3.0,\"SORT\":2.0,\"CHILDREN\":\" \"},{\"ID\":1160.0,\"PARA_NAME\":\"第四球\",\"PARENT_ID\":1156.0,\"TREE_LEVEL\":3.0,\"SORT\":3.0,\"CHILDREN\":\" \"},{\"ID\":1161.0,\"PARA_NAME\":\"第五球\",\"PARENT_ID\":1156.0,\"TREE_LEVEL\":3.0,\"SORT\":4.0,\"CHILDREN\":\" \"},{\"ID\":1162.0,\"PARA_NAME\":\"直选\",\"PARENT_ID\":1156.0,\"TREE_LEVEL\":3.0,\"SORT\":5.0,\"CHILDREN\":\" \"},{\"ID\":1163.0,\"PARA_NAME\":\"组选\",\"PARENT_ID\":1156.0,\"TREE_LEVEL\":3.0,\"SORT\":6.0,\"CHILDREN\":\" \"},{\"ID\":1164.0,\"PARA_NAME\":\"任选\",\"PARENT_ID\":1156.0,\"TREE_LEVEL\":3.0,\"SORT\":7.0,\"CHILDREN\":\" \"},{\"ID\":1165.0,\"PARA_NAME\":\"总和-龙虎\",\"PARENT_ID\":1156.0,\"TREE_LEVEL\":3.0,\"SORT\":8.0,\"CHILDREN\":\" \"}]"
    },
    {
        "ID": 1166,
        "PARA_NAME": "江苏11选5",
        "PARENT_ID": 2,
        "TREE_LEVEL": 2,
        "SORT": 38,
        "CHILDREN": "[{\"ID\":1167.0,\"PARA_NAME\":\"第一球\",\"PARENT_ID\":1166.0,\"TREE_LEVEL\":3.0,\"SORT\":0.0,\"CHILDREN\":\" \"},{\"ID\":1168.0,\"PARA_NAME\":\"第二球\",\"PARENT_ID\":1166.0,\"TREE_LEVEL\":3.0,\"SORT\":1.0,\"CHILDREN\":\" \"},{\"ID\":1169.0,\"PARA_NAME\":\"第三球\",\"PARENT_ID\":1166.0,\"TREE_LEVEL\":3.0,\"SORT\":2.0,\"CHILDREN\":\" \"},{\"ID\":1170.0,\"PARA_NAME\":\"第四球\",\"PARENT_ID\":1166.0,\"TREE_LEVEL\":3.0,\"SORT\":3.0,\"CHILDREN\":\" \"},{\"ID\":1171.0,\"PARA_NAME\":\"第五球\",\"PARENT_ID\":1166.0,\"TREE_LEVEL\":3.0,\"SORT\":4.0,\"CHILDREN\":\" \"},{\"ID\":1172.0,\"PARA_NAME\":\"直选\",\"PARENT_ID\":1166.0,\"TREE_LEVEL\":3.0,\"SORT\":5.0,\"CHILDREN\":\" \"},{\"ID\":1178.0,\"PARA_NAME\":\"组选\",\"PARENT_ID\":1166.0,\"TREE_LEVEL\":3.0,\"SORT\":6.0,\"CHILDREN\":\" \"},{\"ID\":1179.0,\"PARA_NAME\":\"任选\",\"PARENT_ID\":1166.0,\"TREE_LEVEL\":3.0,\"SORT\":7.0,\"CHILDREN\":\" \"},{\"ID\":1185.0,\"PARA_NAME\":\"总和-龙虎\",\"PARENT_ID\":1166.0,\"TREE_LEVEL\":3.0,\"SORT\":8.0,\"CHILDREN\":\" \"}]"
    },
    {
        "ID": 1196,
        "PARA_NAME": "江西11选5",
        "PARENT_ID": 2,
        "TREE_LEVEL": 2,
        "SORT": 39,
        "CHILDREN": "[{\"ID\":1197.0,\"PARA_NAME\":\"第一球\",\"PARENT_ID\":1196.0,\"TREE_LEVEL\":3.0,\"SORT\":0.0,\"CHILDREN\":\" \"},{\"ID\":1198.0,\"PARA_NAME\":\"第二球\",\"PARENT_ID\":1196.0,\"TREE_LEVEL\":3.0,\"SORT\":1.0,\"CHILDREN\":\" \"},{\"ID\":1199.0,\"PARA_NAME\":\"第三球\",\"PARENT_ID\":1196.0,\"TREE_LEVEL\":3.0,\"SORT\":2.0,\"CHILDREN\":\" \"},{\"ID\":1200.0,\"PARA_NAME\":\"第四球\",\"PARENT_ID\":1196.0,\"TREE_LEVEL\":3.0,\"SORT\":3.0,\"CHILDREN\":\" \"},{\"ID\":1201.0,\"PARA_NAME\":\"第五球\",\"PARENT_ID\":1196.0,\"TREE_LEVEL\":3.0,\"SORT\":4.0,\"CHILDREN\":\" \"},{\"ID\":1202.0,\"PARA_NAME\":\"直选\",\"PARENT_ID\":1196.0,\"TREE_LEVEL\":3.0,\"SORT\":5.0,\"CHILDREN\":\" \"},{\"ID\":1203.0,\"PARA_NAME\":\"组选\",\"PARENT_ID\":1196.0,\"TREE_LEVEL\":3.0,\"SORT\":6.0,\"CHILDREN\":\" \"},{\"ID\":1204.0,\"PARA_NAME\":\"任选\",\"PARENT_ID\":1196.0,\"TREE_LEVEL\":3.0,\"SORT\":7.0,\"CHILDREN\":\" \"},{\"ID\":1205.0,\"PARA_NAME\":\"总和-龙虎\",\"PARENT_ID\":1196.0,\"TREE_LEVEL\":3.0,\"SORT\":8.0,\"CHILDREN\":\" \"}]"
    },
    {
        "ID": 1226,
        "PARA_NAME": "辽宁11选5",
        "PARENT_ID": 2,
        "TREE_LEVEL": 2,
        "SORT": 40,
        "CHILDREN": "[{\"ID\":1227.0,\"PARA_NAME\":\"第一球\",\"PARENT_ID\":1226.0,\"TREE_LEVEL\":3.0,\"SORT\":0.0,\"CHILDREN\":\" \"},{\"ID\":1228.0,\"PARA_NAME\":\"第二球\",\"PARENT_ID\":1226.0,\"TREE_LEVEL\":3.0,\"SORT\":1.0,\"CHILDREN\":\" \"},{\"ID\":1229.0,\"PARA_NAME\":\"第三球\",\"PARENT_ID\":1226.0,\"TREE_LEVEL\":3.0,\"SORT\":2.0,\"CHILDREN\":\" \"},{\"ID\":1230.0,\"PARA_NAME\":\"第四球\",\"PARENT_ID\":1226.0,\"TREE_LEVEL\":3.0,\"SORT\":3.0,\"CHILDREN\":\" \"},{\"ID\":1231.0,\"PARA_NAME\":\"第五球\",\"PARENT_ID\":1226.0,\"TREE_LEVEL\":3.0,\"SORT\":4.0,\"CHILDREN\":\" \"},{\"ID\":1232.0,\"PARA_NAME\":\"直选\",\"PARENT_ID\":1226.0,\"TREE_LEVEL\":3.0,\"SORT\":5.0,\"CHILDREN\":\" \"},{\"ID\":1233.0,\"PARA_NAME\":\"组选\",\"PARENT_ID\":1226.0,\"TREE_LEVEL\":3.0,\"SORT\":6.0,\"CHILDREN\":\" \"},{\"ID\":1234.0,\"PARA_NAME\":\"任选\",\"PARENT_ID\":1226.0,\"TREE_LEVEL\":3.0,\"SORT\":7.0,\"CHILDREN\":\" \"},{\"ID\":1235.0,\"PARA_NAME\":\"总和-龙虎\",\"PARENT_ID\":1226.0,\"TREE_LEVEL\":3.0,\"SORT\":8.0,\"CHILDREN\":\" \"}]"
    },
    {
        "ID": 1236,
        "PARA_NAME": "上海11选5",
        "PARENT_ID": 2,
        "TREE_LEVEL": 2,
        "SORT": 41,
        "CHILDREN": "[{\"ID\":1237.0,\"PARA_NAME\":\"第一球\",\"PARENT_ID\":1236.0,\"TREE_LEVEL\":3.0,\"SORT\":0.0,\"CHILDREN\":\" \"},{\"ID\":1238.0,\"PARA_NAME\":\"第二球\",\"PARENT_ID\":1236.0,\"TREE_LEVEL\":3.0,\"SORT\":1.0,\"CHILDREN\":\" \"},{\"ID\":1239.0,\"PARA_NAME\":\"第三球\",\"PARENT_ID\":1236.0,\"TREE_LEVEL\":3.0,\"SORT\":2.0,\"CHILDREN\":\" \"},{\"ID\":1240.0,\"PARA_NAME\":\"第四球\",\"PARENT_ID\":1236.0,\"TREE_LEVEL\":3.0,\"SORT\":3.0,\"CHILDREN\":\" \"},{\"ID\":1241.0,\"PARA_NAME\":\"第五球\",\"PARENT_ID\":1236.0,\"TREE_LEVEL\":3.0,\"SORT\":4.0,\"CHILDREN\":\" \"},{\"ID\":1242.0,\"PARA_NAME\":\"直选\",\"PARENT_ID\":1236.0,\"TREE_LEVEL\":3.0,\"SORT\":5.0,\"CHILDREN\":\" \"},{\"ID\":1243.0,\"PARA_NAME\":\"组选\",\"PARENT_ID\":1236.0,\"TREE_LEVEL\":3.0,\"SORT\":6.0,\"CHILDREN\":\" \"},{\"ID\":1244.0,\"PARA_NAME\":\"任选\",\"PARENT_ID\":1236.0,\"TREE_LEVEL\":3.0,\"SORT\":7.0,\"CHILDREN\":\" \"},{\"ID\":1245.0,\"PARA_NAME\":\"总和-龙虎\",\"PARENT_ID\":1236.0,\"TREE_LEVEL\":3.0,\"SORT\":8.0,\"CHILDREN\":\" \"}]"
    }
]