{
    "rows": [
        {
            "ID": 131804,
            "SYS_GAME_LEVEL_CODE_ID": 1043,
            "BET_RULE": "第二球",
            "PERIODS_NO": "201803230970",
            "BET_CONTENT": "180323160938720",
            "BET_NO": "4",
            "ODDS": 9.95,
            "BET_AMT": 100,
            "WIN": -100,
            "OK_IND": "2",
            "BET_DTT": "2018-03-23 16:09:38",
            "BET_RESULT": "未中獎",
            "RETURN_AMT": 0,
            "LOTTERY_TICKET_NAME": "腾讯分分彩",
            "RN": 23
        },
        {
            "ID": 131803,
            "SYS_GAME_LEVEL_CODE_ID": 1043,
            "BET_RULE": "第二球",
            "PERIODS_NO": "201803230970",
            "BET_CONTENT": "180323160938720",
            "BET_NO": "1",
            "ODDS": 9.95,
            "BET_AMT": 100,
            "WIN": -100,
            "OK_IND": "2",
            "BET_DTT": "2018-03-23 16:09:38",
            "BET_RESULT": "未中獎",
            "RETURN_AMT": 0,
            "LOTTERY_TICKET_NAME": "腾讯分分彩",
            "RN": 24
        },
        {
            "ID": 131790,
            "SYS_GAME_LEVEL_CODE_ID": 1043,
            "BET_RULE": "第三球",
            "PERIODS_NO": "201803230970",
            "BET_CONTENT": "180323160927624",
            "BET_NO": "6",
            "ODDS": 9.95,
            "BET_AMT": 100,
            "WIN": -100,
            "OK_IND": "2",
            "BET_DTT": "2018-03-23 16:09:27",
            "BET_RESULT": "未中獎",
            "RETURN_AMT": 0,
            "LOTTERY_TICKET_NAME": "腾讯分分彩",
            "RN": 25
        },
        {
            "ID": 131789,
            "SYS_GAME_LEVEL_CODE_ID": 1043,
            "BET_RULE": "第三球",
            "PERIODS_NO": "201803230970",
            "BET_CONTENT": "180323160927624",
            "BET_NO": "4",
            "ODDS": 9.95,
            "BET_AMT": 100,
            "WIN": -100,
            "OK_IND": "2",
            "BET_DTT": "2018-03-23 16:09:27",
            "BET_RESULT": "未中獎",
            "RETURN_AMT": 0,
            "LOTTERY_TICKET_NAME": "腾讯分分彩",
            "RN": 26
        },
        {
            "ID": 131788,
            "SYS_GAME_LEVEL_CODE_ID": 1043,
            "BET_RULE": "第三球",
            "PERIODS_NO": "201803230970",
            "BET_CONTENT": "180323160927624",
            "BET_NO": "3",
            "ODDS": 9.95,
            "BET_AMT": 100,
            "WIN": 995,
            "OK_IND": "1",
            "BET_DTT": "2018-03-23 16:09:27",
            "BET_RESULT": "[中獎]",
            "RETURN_AMT": 0,
            "LOTTERY_TICKET_NAME": "腾讯分分彩",
            "RN": 27
        },
        {
            "ID": 131787,
            "SYS_GAME_LEVEL_CODE_ID": 1043,
            "BET_RULE": "第三球",
            "PERIODS_NO": "201803230970",
            "BET_CONTENT": "180323160927624",
            "BET_NO": "2",
            "ODDS": 9.95,
            "BET_AMT": 100,
            "WIN": -100,
            "OK_IND": "2",
            "BET_DTT": "2018-03-23 16:09:27",
            "BET_RESULT": "未中獎",
            "RETURN_AMT": 0,
            "LOTTERY_TICKET_NAME": "腾讯分分彩",
            "RN": 28
        }
    ],
    "total": 10,
    "page": 3,
    "records": 101
}