[
    {
        "ID": 698,
        "PARA_NAME": "特码",
        "PARENT_ID": 27,
        "TREE_LEVEL": 2,
        "SORT": 1,
        "CHILDREN": "[{\"ID\":28.0,\"PARA_NAME\":\"特码A\",\"PARENT_ID\":698.0,\"TREE_LEVEL\":3.0,\"SORT\":28.0,\"CHILDREN\":\" \"},{\"ID\":29.0,\"PARA_NAME\":\"特码B\",\"PARENT_ID\":698.0,\"TREE_LEVEL\":3.0,\"SORT\":29.0,\"CHILDREN\":\" \"}]"
    },
    {
        "ID": 700,
        "PARA_NAME": "正码特",
        "PARENT_ID": 27,
        "TREE_LEVEL": 2,
        "SORT": 2,
        "CHILDREN": "[{\"ID\":30.0,\"PARA_NAME\":\"正一特\",\"PARENT_ID\":700.0,\"TREE_LEVEL\":3.0,\"SORT\":30.0,\"CHILDREN\":\" \"},{\"ID\":31.0,\"PARA_NAME\":\"正二特\",\"PARENT_ID\":700.0,\"TREE_LEVEL\":3.0,\"SORT\":31.0,\"CHILDREN\":\" \"},{\"ID\":32.0,\"PARA_NAME\":\"正三特\",\"PARENT_ID\":700.0,\"TREE_LEVEL\":3.0,\"SORT\":32.0,\"CHILDREN\":\" \"},{\"ID\":33.0,\"PARA_NAME\":\"正四特\",\"PARENT_ID\":700.0,\"TREE_LEVEL\":3.0,\"SORT\":33.0,\"CHILDREN\":\" \"},{\"ID\":34.0,\"PARA_NAME\":\"正五特\",\"PARENT_ID\":700.0,\"TREE_LEVEL\":3.0,\"SORT\":34.0,\"CHILDREN\":\" \"},{\"ID\":35.0,\"PARA_NAME\":\"正六特\",\"PARENT_ID\":700.0,\"TREE_LEVEL\":3.0,\"SORT\":35.0,\"CHILDREN\":\" \"},{\"ID\":708.0,\"PARA_NAME\":\"过关\",\"PARENT_ID\":700.0,\"TREE_LEVEL\":3.0,\"SORT\":77.0,\"CHILDREN\":\" \"}]"
    },
    {
        "ID": 699,
        "PARA_NAME": "正码",
        "PARENT_ID": 27,
        "TREE_LEVEL": 2,
        "SORT": 3,
        "CHILDREN": "[{\"ID\":696.0,\"PARA_NAME\":\"正码A\",\"PARENT_ID\":699.0,\"TREE_LEVEL\":3.0,\"SORT\":36.0,\"CHILDREN\":\" \"},{\"ID\":697.0,\"PARA_NAME\":\"正码B\",\"PARENT_ID\":699.0,\"TREE_LEVEL\":3.0,\"SORT\":37.0,\"CHILDREN\":\" \"}]"
    },
    {
        "ID": 36,
        "PARA_NAME": "总和",
        "PARENT_ID": 27,
        "TREE_LEVEL": 2,
        "SORT": 40,
        "CHILDREN": "[{\"ID\":742.0,\"PARA_NAME\":\"总和\",\"PARENT_ID\":36.0,\"TREE_LEVEL\":3.0,\"SORT\":1.0,\"CHILDREN\":\" \"}]"
    },
    {
        "ID": 37,
        "PARA_NAME": "一肖/尾数",
        "PARENT_ID": 27,
        "TREE_LEVEL": 2,
        "SORT": 41,
        "CHILDREN": "[{\"ID\":743.0,\"PARA_NAME\":\"一肖/尾数\",\"PARENT_ID\":37.0,\"TREE_LEVEL\":3.0,\"SORT\":1.0,\"CHILDREN\":\" \"}]"
    },
    {
        "ID": 38,
        "PARA_NAME": "连码",
        "PARENT_ID": 27,
        "TREE_LEVEL": 2,
        "SORT": 43,
        "CHILDREN": "[{\"ID\":744.0,\"PARA_NAME\":\"连码\",\"PARENT_ID\":38.0,\"TREE_LEVEL\":3.0,\"SORT\":1.0,\"CHILDREN\":\" \"}]"
    },
    {
        "ID": 39,
        "PARA_NAME": "合肖",
        "PARENT_ID": 27,
        "TREE_LEVEL": 2,
        "SORT": 44,
        "CHILDREN": "[{\"ID\":709.0,\"PARA_NAME\":\"合肖\",\"PARENT_ID\":39.0,\"TREE_LEVEL\":3.0,\"SORT\":1.0,\"CHILDREN\":\" \"}]"
    },
    {
        "ID": 40,
        "PARA_NAME": "生肖连",
        "PARENT_ID": 27,
        "TREE_LEVEL": 2,
        "SORT": 45,
        "CHILDREN": "[{\"ID\":710.0,\"PARA_NAME\":\"二肖连中\",\"PARENT_ID\":40.0,\"TREE_LEVEL\":3.0,\"SORT\":1.0,\"CHILDREN\":\" \"},{\"ID\":725.0,\"PARA_NAME\":\"三肖连中\",\"PARENT_ID\":40.0,\"TREE_LEVEL\":3.0,\"SORT\":2.0,\"CHILDREN\":\" \"},{\"ID\":723.0,\"PARA_NAME\":\"四肖连中\",\"PARENT_ID\":40.0,\"TREE_LEVEL\":3.0,\"SORT\":3.0,\"CHILDREN\":\" \"},{\"ID\":724.0,\"PARA_NAME\":\"五肖连中\",\"PARENT_ID\":40.0,\"TREE_LEVEL\":3.0,\"SORT\":4.0,\"CHILDREN\":\" \"}]"
    },
    {
        "ID": 41,
        "PARA_NAME": "尾数连",
        "PARENT_ID": 27,
        "TREE_LEVEL": 2,
        "SORT": 46,
        "CHILDREN": "[{\"ID\":711.0,\"PARA_NAME\":\"二尾连中\",\"PARENT_ID\":41.0,\"TREE_LEVEL\":3.0,\"SORT\":1.0,\"CHILDREN\":\" \"},{\"ID\":729.0,\"PARA_NAME\":\"三尾连中\",\"PARENT_ID\":41.0,\"TREE_LEVEL\":3.0,\"SORT\":2.0,\"CHILDREN\":\" \"},{\"ID\":730.0,\"PARA_NAME\":\"四尾连中\",\"PARENT_ID\":41.0,\"TREE_LEVEL\":3.0,\"SORT\":3.0,\"CHILDREN\":\" \"},{\"ID\":731.0,\"PARA_NAME\":\"五尾连中\",\"PARENT_ID\":41.0,\"TREE_LEVEL\":3.0,\"SORT\":4.0,\"CHILDREN\":\" \"}]"
    },
    {
        "ID": 42,
        "PARA_NAME": "全不中",
        "PARENT_ID": 27,
        "TREE_LEVEL": 2,
        "SORT": 47,
        "CHILDREN": "[{\"ID\":712.0,\"PARA_NAME\":\"全不中\",\"PARENT_ID\":42.0,\"TREE_LEVEL\":3.0,\"SORT\":1.0,\"CHILDREN\":\" \"}]"
    }
]