[{"PERIODS_NO":"675785","START_TT":"16:52:41","OPEN_CODE":"02,07,03,08,01,04,06,05,09,10","JSON_RESULT":"{\"冠亚和\":[\"9\",\"小\",\"单\"],\"冠亚季和\":[\"12\",\"小\",\"双\"],\"冠军\":[\"2\",\"小\",\"双\"],\"亚军\":[\"7\",\"大\",\"单\"],\"第三名\":[\"3\",\"小\",\"单\"],\"第四名\":[\"8\",\"大\",\"双\"],\"第五名\":[\"1\",\"小\",\"单\"],\"第六名\":[\"4\",\"小\",\"双\"],\"第七名\":[\"6\",\"大\",\"双\"],\"第八名\":[\"5\",\"小\",\"单\"],\"第九名\":[\"9\",\"大\",\"单\"],\"第十名\":[\"10\",\"大\",\"双\"],\"龙虎\":[\"1v10虎\",\"2v9虎\",\"3v8虎\",\"4v7龙\",\"5v6虎\"]}"},{"PERIODS_NO":"675784","START_TT":"16:47:46","OPEN_CODE":"08,04,02,03,05,07,09,01,06,10","JSON_RESULT":"{\"冠亚和\":[\"12\",\"大\",\"双\"],\"冠亚季和\":[\"14\",\"小\",\"双\"],\"冠军\":[\"8\",\"大\",\"双\"],\"亚军\":[\"4\",\"小\",\"双\"],\"第三名\":[\"2\",\"小\",\"双\"],\"第四名\":[\"3\",\"小\",\"单\"],\"第五名\":[\"5\",\"小\",\"单\"],\"第六名\":[\"7\",\"大\",\"单\"],\"第七名\":[\"9\",\"大\",\"单\"],\"第八名\":[\"1\",\"小\",\"单\"],\"第九名\":[\"6\",\"大\",\"双\"],\"第十名\":[\"10\",\"大\",\"双\"],\"龙虎\":[\"1v10虎\",\"2v9虎\",\"3v8龙\",\"4v7虎\",\"5v6虎\"]}"},{"PERIODS_NO":"675783","START_TT":"16:42:37","OPEN_CODE":"08,05,04,01,03,09,06,02,10,07","JSON_RESULT":"{\"冠亚和\":[\"13\",\"大\",\"单\"],\"冠亚季和\":[\"17\",\"大\",\"单\"],\"冠军\":[\"8\",\"大\",\"双\"],\"亚军\":[\"5\",\"小\",\"单\"],\"第三名\":[\"4\",\"小\",\"双\"],\"第四名\":[\"1\",\"小\",\"单\"],\"第五名\":[\"3\",\"小\",\"单\"],\"第六名\":[\"9\",\"大\",\"单\"],\"第七名\":[\"6\",\"大\",\"双\"],\"第八名\":[\"2\",\"小\",\"双\"],\"第九名\":[\"10\",\"大\",\"双\"],\"第十名\":[\"7\",\"大\",\"单\"],\"龙虎\":[\"1v10龙\",\"2v9虎\",\"3v8龙\",\"4v7虎\",\"5v6虎\"]}"},{"PERIODS_NO":"675782","START_TT":"16:37:37","OPEN_CODE":"09,02,07,04,03,06,08,01,10,05","JSON_RESULT":"{\"冠亚和\":[\"11\",\"小\",\"单\"],\"冠亚季和\":[\"18\",\"大\",\"双\"],\"冠军\":[\"9\",\"大\",\"单\"],\"亚军\":[\"2\",\"小\",\"双\"],\"第三名\":[\"7\",\"大\",\"单\"],\"第四名\":[\"4\",\"小\",\"双\"],\"第五名\":[\"3\",\"小\",\"单\"],\"第六名\":[\"6\",\"大\",\"双\"],\"第七名\":[\"8\",\"大\",\"双\"],\"第八名\":[\"1\",\"小\",\"单\"],\"第九名\":[\"10\",\"大\",\"双\"],\"第十名\":[\"5\",\"小\",\"单\"],\"龙虎\":[\"1v10龙\",\"2v9虎\",\"3v8龙\",\"4v7虎\",\"5v6虎\"]}"},{"PERIODS_NO":"675781","START_TT":"16:32:38","OPEN_CODE":"10,01,03,02,04,07,09,06,08,05","JSON_RESULT":"{\"冠亚和\":[\"11\",\"小\",\"单\"],\"冠亚季和\":[\"14\",\"小\",\"双\"],\"冠军\":[\"10\",\"大\",\"双\"],\"亚军\":[\"1\",\"小\",\"单\"],\"第三名\":[\"3\",\"小\",\"单\"],\"第四名\":[\"2\",\"小\",\"双\"],\"第五名\":[\"4\",\"小\",\"双\"],\"第六名\":[\"7\",\"大\",\"单\"],\"第七名\":[\"9\",\"大\",\"单\"],\"第八名\":[\"6\",\"大\",\"双\"],\"第九名\":[\"8\",\"大\",\"双\"],\"第十名\":[\"5\",\"小\",\"单\"],\"龙虎\":[\"1v10龙\",\"2v9虎\",\"3v8虎\",\"4v7虎\",\"5v6虎\"]}"},{"PERIODS_NO":"675780","START_TT":"16:27:36","OPEN_CODE":"07,04,08,10,06,03,01,05,09,02","JSON_RESULT":"{\"冠亚和\":[\"11\",\"小\",\"单\"],\"冠亚季和\":[\"19\",\"大\",\"单\"],\"冠军\":[\"7\",\"大\",\"单\"],\"亚军\":[\"4\",\"小\",\"双\"],\"第三名\":[\"8\",\"大\",\"双\"],\"第四名\":[\"10\",\"大\",\"双\"],\"第五名\":[\"6\",\"大\",\"双\"],\"第六名\":[\"3\",\"小\",\"单\"],\"第七名\":[\"1\",\"小\",\"单\"],\"第八名\":[\"5\",\"小\",\"单\"],\"第九名\":[\"9\",\"大\",\"单\"],\"第十名\":[\"2\",\"小\",\"双\"],\"龙虎\":[\"1v10龙\",\"2v9虎\",\"3v8龙\",\"4v7龙\",\"5v6龙\"]}"},{"PERIODS_NO":"675779","START_TT":"16:22:37","OPEN_CODE":"10,02,03,08,06,07,09,01,04,05","JSON_RESULT":"{\"冠亚和\":[\"12\",\"大\",\"双\"],\"冠亚季和\":[\"15\",\"小\",\"单\"],\"冠军\":[\"10\",\"大\",\"双\"],\"亚军\":[\"2\",\"小\",\"双\"],\"第三名\":[\"3\",\"小\",\"单\"],\"第四名\":[\"8\",\"大\",\"双\"],\"第五名\":[\"6\",\"大\",\"双\"],\"第六名\":[\"7\",\"大\",\"单\"],\"第七名\":[\"9\",\"大\",\"单\"],\"第八名\":[\"1\",\"小\",\"单\"],\"第九名\":[\"4\",\"小\",\"双\"],\"第十名\":[\"5\",\"小\",\"单\"],\"龙虎\":[\"1v10龙\",\"2v9虎\",\"3v8龙\",\"4v7虎\",\"5v6虎\"]}"},{"PERIODS_NO":"675778","START_TT":"16:17:39","OPEN_CODE":"05,06,08,02,03,07,04,10,09,01","JSON_RESULT":"{\"冠亚和\":[\"11\",\"小\",\"单\"],\"冠亚季和\":[\"19\",\"大\",\"单\"],\"冠军\":[\"5\",\"小\",\"单\"],\"亚军\":[\"6\",\"大\",\"双\"],\"第三名\":[\"8\",\"大\",\"双\"],\"第四名\":[\"2\",\"小\",\"双\"],\"第五名\":[\"3\",\"小\",\"单\"],\"第六名\":[\"7\",\"大\",\"单\"],\"第七名\":[\"4\",\"小\",\"双\"],\"第八名\":[\"10\",\"大\",\"双\"],\"第九名\":[\"9\",\"大\",\"单\"],\"第十名\":[\"1\",\"小\",\"单\"],\"龙虎\":[\"1v10龙\",\"2v9虎\",\"3v8虎\",\"4v7虎\",\"5v6虎\"]}"},{"PERIODS_NO":"675777","START_TT":"16:12:39","OPEN_CODE":"08,05,06,01,03,02,09,10,07,04","JSON_RESULT":"{\"冠亚和\":[\"13\",\"大\",\"单\"],\"冠亚季和\":[\"19\",\"大\",\"单\"],\"冠军\":[\"8\",\"大\",\"双\"],\"亚军\":[\"5\",\"小\",\"单\"],\"第三名\":[\"6\",\"大\",\"双\"],\"第四名\":[\"1\",\"小\",\"单\"],\"第五名\":[\"3\",\"小\",\"单\"],\"第六名\":[\"2\",\"小\",\"双\"],\"第七名\":[\"9\",\"大\",\"单\"],\"第八名\":[\"10\",\"大\",\"双\"],\"第九名\":[\"7\",\"大\",\"单\"],\"第十名\":[\"4\",\"小\",\"双\"],\"龙虎\":[\"1v10龙\",\"2v9虎\",\"3v8虎\",\"4v7虎\",\"5v6龙\"]}"},{"PERIODS_NO":"675776","START_TT":"16:07:59","OPEN_CODE":"02,01,09,10,03,05,04,07,08,06","JSON_RESULT":"{\"冠亚和\":[\"3\",\"小\",\"单\"],\"冠亚季和\":[\"12\",\"小\",\"双\"],\"冠军\":[\"2\",\"小\",\"双\"],\"亚军\":[\"1\",\"小\",\"单\"],\"第三名\":[\"9\",\"大\",\"单\"],\"第四名\":[\"10\",\"大\",\"双\"],\"第五名\":[\"3\",\"小\",\"单\"],\"第六名\":[\"5\",\"小\",\"单\"],\"第七名\":[\"4\",\"小\",\"双\"],\"第八名\":[\"7\",\"大\",\"单\"],\"第九名\":[\"8\",\"大\",\"双\"],\"第十名\":[\"6\",\"大\",\"双\"],\"龙虎\":[\"1v10虎\",\"2v9虎\",\"3v8龙\",\"4v7龙\",\"5v6虎\"]}"},{"PERIODS_NO":"675775","START_TT":"16:02:38","OPEN_CODE":"06,08,03,02,01,04,09,07,05,10","JSON_RESULT":"{\"冠亚和\":[\"14\",\"大\",\"双\"],\"冠亚季和\":[\"17\",\"大\",\"单\"],\"冠军\":[\"6\",\"大\",\"双\"],\"亚军\":[\"8\",\"大\",\"双\"],\"第三名\":[\"3\",\"小\",\"单\"],\"第四名\":[\"2\",\"小\",\"双\"],\"第五名\":[\"1\",\"小\",\"单\"],\"第六名\":[\"4\",\"小\",\"双\"],\"第七名\":[\"9\",\"大\",\"单\"],\"第八名\":[\"7\",\"大\",\"单\"],\"第九名\":[\"5\",\"小\",\"单\"],\"第十名\":[\"10\",\"大\",\"双\"],\"龙虎\":[\"1v10虎\",\"2v9龙\",\"3v8虎\",\"4v7虎\",\"5v6虎\"]}"},{"PERIODS_NO":"675774","START_TT":"15:57:49","OPEN_CODE":"08,10,01,07,03,04,09,06,05,02","JSON_RESULT":"{\"冠亚和\":[\"18\",\"大\",\"双\"],\"冠亚季和\":[\"19\",\"大\",\"单\"],\"冠军\":[\"8\",\"大\",\"双\"],\"亚军\":[\"10\",\"大\",\"双\"],\"第三名\":[\"1\",\"小\",\"单\"],\"第四名\":[\"7\",\"大\",\"单\"],\"第五名\":[\"3\",\"小\",\"单\"],\"第六名\":[\"4\",\"小\",\"双\"],\"第七名\":[\"9\",\"大\",\"单\"],\"第八名\":[\"6\",\"大\",\"双\"],\"第九名\":[\"5\",\"小\",\"单\"],\"第十名\":[\"2\",\"小\",\"双\"],\"龙虎\":[\"1v10龙\",\"2v9龙\",\"3v8虎\",\"4v7虎\",\"5v6虎\"]}"},{"PERIODS_NO":"675773","START_TT":"15:52:38","OPEN_CODE":"08,10,03,06,01,09,02,07,04,05","JSON_RESULT":"{\"冠亚和\":[\"18\",\"大\",\"双\"],\"冠亚季和\":[\"21\",\"大\",\"单\"],\"冠军\":[\"8\",\"大\",\"双\"],\"亚军\":[\"10\",\"大\",\"双\"],\"第三名\":[\"3\",\"小\",\"单\"],\"第四名\":[\"6\",\"大\",\"双\"],\"第五名\":[\"1\",\"小\",\"单\"],\"第六名\":[\"9\",\"大\",\"单\"],\"第七名\":[\"2\",\"小\",\"双\"],\"第八名\":[\"7\",\"大\",\"单\"],\"第九名\":[\"4\",\"小\",\"双\"],\"第十名\":[\"5\",\"小\",\"单\"],\"龙虎\":[\"1v10龙\",\"2v9龙\",\"3v8虎\",\"4v7龙\",\"5v6虎\"]}"},{"PERIODS_NO":"675772","START_TT":"15:47:38","OPEN_CODE":"02,04,10,07,08,01,03,06,05,09","JSON_RESULT":"{\"冠亚和\":[\"6\",\"小\",\"双\"],\"冠亚季和\":[\"16\",\"小\",\"双\"],\"冠军\":[\"2\",\"小\",\"双\"],\"亚军\":[\"4\",\"小\",\"双\"],\"第三名\":[\"10\",\"大\",\"双\"],\"第四名\":[\"7\",\"大\",\"单\"],\"第五名\":[\"8\",\"大\",\"双\"],\"第六名\":[\"1\",\"小\",\"单\"],\"第七名\":[\"3\",\"小\",\"单\"],\"第八名\":[\"6\",\"大\",\"双\"],\"第九名\":[\"5\",\"小\",\"单\"],\"第十名\":[\"9\",\"大\",\"单\"],\"龙虎\":[\"1v10虎\",\"2v9虎\",\"3v8龙\",\"4v7龙\",\"5v6龙\"]}"},{"PERIODS_NO":"675771","START_TT":"15:43:02","OPEN_CODE":"03,04,10,01,09,08,06,02,07,05","JSON_RESULT":"{\"冠亚和\":[\"7\",\"小\",\"单\"],\"冠亚季和\":[\"17\",\"大\",\"单\"],\"冠军\":[\"3\",\"小\",\"单\"],\"亚军\":[\"4\",\"小\",\"双\"],\"第三名\":[\"10\",\"大\",\"双\"],\"第四名\":[\"1\",\"小\",\"单\"],\"第五名\":[\"9\",\"大\",\"单\"],\"第六名\":[\"8\",\"大\",\"双\"],\"第七名\":[\"6\",\"大\",\"双\"],\"第八名\":[\"2\",\"小\",\"双\"],\"第九名\":[\"7\",\"大\",\"单\"],\"第十名\":[\"5\",\"小\",\"单\"],\"龙虎\":[\"1v10虎\",\"2v9虎\",\"3v8龙\",\"4v7虎\",\"5v6龙\"]}"},{"PERIODS_NO":"675770","START_TT":"15:37:38","OPEN_CODE":"06,08,04,09,07,02,03,10,05,01","JSON_RESULT":"{\"冠亚和\":[\"14\",\"大\",\"双\"],\"冠亚季和\":[\"18\",\"大\",\"双\"],\"冠军\":[\"6\",\"大\",\"双\"],\"亚军\":[\"8\",\"大\",\"双\"],\"第三名\":[\"4\",\"小\",\"双\"],\"第四名\":[\"9\",\"大\",\"单\"],\"第五名\":[\"7\",\"大\",\"单\"],\"第六名\":[\"2\",\"小\",\"双\"],\"第七名\":[\"3\",\"小\",\"单\"],\"第八名\":[\"10\",\"大\",\"双\"],\"第九名\":[\"5\",\"小\",\"单\"],\"第十名\":[\"1\",\"小\",\"单\"],\"龙虎\":[\"1v10龙\",\"2v9龙\",\"3v8虎\",\"4v7龙\",\"5v6龙\"]}"},{"PERIODS_NO":"675769","START_TT":"15:32:38","OPEN_CODE":"09,03,10,02,04,05,08,01,06,07","JSON_RESULT":"{\"冠亚和\":[\"12\",\"大\",\"双\"],\"冠亚季和\":[\"22\",\"大\",\"双\"],\"冠军\":[\"9\",\"大\",\"单\"],\"亚军\":[\"3\",\"小\",\"单\"],\"第三名\":[\"10\",\"大\",\"双\"],\"第四名\":[\"2\",\"小\",\"双\"],\"第五名\":[\"4\",\"小\",\"双\"],\"第六名\":[\"5\",\"小\",\"单\"],\"第七名\":[\"8\",\"大\",\"双\"],\"第八名\":[\"1\",\"小\",\"单\"],\"第九名\":[\"6\",\"大\",\"双\"],\"第十名\":[\"7\",\"大\",\"单\"],\"龙虎\":[\"1v10龙\",\"2v9虎\",\"3v8龙\",\"4v7虎\",\"5v6虎\"]}"},{"PERIODS_NO":"675768","START_TT":"15:27:42","OPEN_CODE":"05,07,08,09,01,04,02,10,06,03","JSON_RESULT":"{\"冠亚和\":[\"12\",\"大\",\"双\"],\"冠亚季和\":[\"20\",\"大\",\"双\"],\"冠军\":[\"5\",\"小\",\"单\"],\"亚军\":[\"7\",\"大\",\"单\"],\"第三名\":[\"8\",\"大\",\"双\"],\"第四名\":[\"9\",\"大\",\"单\"],\"第五名\":[\"1\",\"小\",\"单\"],\"第六名\":[\"4\",\"小\",\"双\"],\"第七名\":[\"2\",\"小\",\"双\"],\"第八名\":[\"10\",\"大\",\"双\"],\"第九名\":[\"6\",\"大\",\"双\"],\"第十名\":[\"3\",\"小\",\"单\"],\"龙虎\":[\"1v10龙\",\"2v9龙\",\"3v8虎\",\"4v7龙\",\"5v6虎\"]}"},{"PERIODS_NO":"675767","START_TT":"15:22:58","OPEN_CODE":"02,08,06,05,03,10,07,04,01,09","JSON_RESULT":"{\"冠亚和\":[\"10\",\"小\",\"双\"],\"冠亚季和\":[\"16\",\"小\",\"双\"],\"冠军\":[\"2\",\"小\",\"双\"],\"亚军\":[\"8\",\"大\",\"双\"],\"第三名\":[\"6\",\"大\",\"双\"],\"第四名\":[\"5\",\"小\",\"单\"],\"第五名\":[\"3\",\"小\",\"单\"],\"第六名\":[\"10\",\"大\",\"双\"],\"第七名\":[\"7\",\"大\",\"单\"],\"第八名\":[\"4\",\"小\",\"双\"],\"第九名\":[\"1\",\"小\",\"单\"],\"第十名\":[\"9\",\"大\",\"单\"],\"龙虎\":[\"1v10虎\",\"2v9龙\",\"3v8龙\",\"4v7虎\",\"5v6虎\"]}"},{"PERIODS_NO":"675766","START_TT":"15:17:35","OPEN_CODE":"06,09,05,03,10,04,02,07,01,08","JSON_RESULT":"{\"冠亚和\":[\"15\",\"大\",\"单\"],\"冠亚季和\":[\"20\",\"大\",\"双\"],\"冠军\":[\"6\",\"大\",\"双\"],\"亚军\":[\"9\",\"大\",\"单\"],\"第三名\":[\"5\",\"小\",\"单\"],\"第四名\":[\"3\",\"小\",\"单\"],\"第五名\":[\"10\",\"大\",\"双\"],\"第六名\":[\"4\",\"小\",\"双\"],\"第七名\":[\"2\",\"小\",\"双\"],\"第八名\":[\"7\",\"大\",\"单\"],\"第九名\":[\"1\",\"小\",\"单\"],\"第十名\":[\"8\",\"大\",\"双\"],\"龙虎\":[\"1v10虎\",\"2v9龙\",\"3v8虎\",\"4v7龙\",\"5v6龙\"]}"},{"PERIODS_NO":"675765","START_TT":"15:12:38","OPEN_CODE":"04,09,10,06,02,01,05,08,07,03","JSON_RESULT":"{\"冠亚和\":[\"13\",\"大\",\"单\"],\"冠亚季和\":[\"23\",\"大\",\"单\"],\"冠军\":[\"4\",\"小\",\"双\"],\"亚军\":[\"9\",\"大\",\"单\"],\"第三名\":[\"10\",\"大\",\"双\"],\"第四名\":[\"6\",\"大\",\"双\"],\"第五名\":[\"2\",\"小\",\"双\"],\"第六名\":[\"1\",\"小\",\"单\"],\"第七名\":[\"5\",\"小\",\"单\"],\"第八名\":[\"8\",\"大\",\"双\"],\"第九名\":[\"7\",\"大\",\"单\"],\"第十名\":[\"3\",\"小\",\"单\"],\"龙虎\":[\"1v10龙\",\"2v9龙\",\"3v8龙\",\"4v7龙\",\"5v6龙\"]}"},{"PERIODS_NO":"675764","START_TT":"15:07:55","OPEN_CODE":"03,01,06,04,09,07,10,05,02,08","JSON_RESULT":"{\"冠亚和\":[\"4\",\"小\",\"双\"],\"冠亚季和\":[\"10\",\"小\",\"双\"],\"冠军\":[\"3\",\"小\",\"单\"],\"亚军\":[\"1\",\"小\",\"单\"],\"第三名\":[\"6\",\"大\",\"双\"],\"第四名\":[\"4\",\"小\",\"双\"],\"第五名\":[\"9\",\"大\",\"单\"],\"第六名\":[\"7\",\"大\",\"单\"],\"第七名\":[\"10\",\"大\",\"双\"],\"第八名\":[\"5\",\"小\",\"单\"],\"第九名\":[\"2\",\"小\",\"双\"],\"第十名\":[\"8\",\"大\",\"双\"],\"龙虎\":[\"1v10虎\",\"2v9虎\",\"3v8龙\",\"4v7虎\",\"5v6龙\"]}"},{"PERIODS_NO":"675763","START_TT":"15:02:43","OPEN_CODE":"02,07,10,01,04,03,05,08,06,09","JSON_RESULT":"{\"冠亚和\":[\"9\",\"小\",\"单\"],\"冠亚季和\":[\"19\",\"大\",\"单\"],\"冠军\":[\"2\",\"小\",\"双\"],\"亚军\":[\"7\",\"大\",\"单\"],\"第三名\":[\"10\",\"大\",\"双\"],\"第四名\":[\"1\",\"小\",\"单\"],\"第五名\":[\"4\",\"小\",\"双\"],\"第六名\":[\"3\",\"小\",\"单\"],\"第七名\":[\"5\",\"小\",\"单\"],\"第八名\":[\"8\",\"大\",\"双\"],\"第九名\":[\"6\",\"大\",\"双\"],\"第十名\":[\"9\",\"大\",\"单\"],\"龙虎\":[\"1v10虎\",\"2v9龙\",\"3v8龙\",\"4v7虎\",\"5v6龙\"]}"},{"PERIODS_NO":"675762","START_TT":"14:57:36","OPEN_CODE":"04,08,05,07,10,01,06,09,02,03","JSON_RESULT":"{\"冠亚和\":[\"12\",\"大\",\"双\"],\"冠亚季和\":[\"17\",\"大\",\"单\"],\"冠军\":[\"4\",\"小\",\"双\"],\"亚军\":[\"8\",\"大\",\"双\"],\"第三名\":[\"5\",\"小\",\"单\"],\"第四名\":[\"7\",\"大\",\"单\"],\"第五名\":[\"10\",\"大\",\"双\"],\"第六名\":[\"1\",\"小\",\"单\"],\"第七名\":[\"6\",\"大\",\"双\"],\"第八名\":[\"9\",\"大\",\"单\"],\"第九名\":[\"2\",\"小\",\"双\"],\"第十名\":[\"3\",\"小\",\"单\"],\"龙虎\":[\"1v10龙\",\"2v9龙\",\"3v8虎\",\"4v7龙\",\"5v6龙\"]}"},{"PERIODS_NO":"675761","START_TT":"14:52:37","OPEN_CODE":"09,06,07,01,10,04,03,08,05,02","JSON_RESULT":"{\"冠亚和\":[\"15\",\"大\",\"单\"],\"冠亚季和\":[\"22\",\"大\",\"双\"],\"冠军\":[\"9\",\"大\",\"单\"],\"亚军\":[\"6\",\"大\",\"双\"],\"第三名\":[\"7\",\"大\",\"单\"],\"第四名\":[\"1\",\"小\",\"单\"],\"第五名\":[\"10\",\"大\",\"双\"],\"第六名\":[\"4\",\"小\",\"双\"],\"第七名\":[\"3\",\"小\",\"单\"],\"第八名\":[\"8\",\"大\",\"双\"],\"第九名\":[\"5\",\"小\",\"单\"],\"第十名\":[\"2\",\"小\",\"双\"],\"龙虎\":[\"1v10龙\",\"2v9龙\",\"3v8虎\",\"4v7虎\",\"5v6龙\"]}"},{"PERIODS_NO":"675760","START_TT":"14:47:35","OPEN_CODE":"04,10,06,09,03,08,02,05,07,01","JSON_RESULT":"{\"冠亚和\":[\"14\",\"大\",\"双\"],\"冠亚季和\":[\"20\",\"大\",\"双\"],\"冠军\":[\"4\",\"小\",\"双\"],\"亚军\":[\"10\",\"大\",\"双\"],\"第三名\":[\"6\",\"大\",\"双\"],\"第四名\":[\"9\",\"大\",\"单\"],\"第五名\":[\"3\",\"小\",\"单\"],\"第六名\":[\"8\",\"大\",\"双\"],\"第七名\":[\"2\",\"小\",\"双\"],\"第八名\":[\"5\",\"小\",\"单\"],\"第九名\":[\"7\",\"大\",\"单\"],\"第十名\":[\"1\",\"小\",\"单\"],\"龙虎\":[\"1v10龙\",\"2v9龙\",\"3v8龙\",\"4v7龙\",\"5v6虎\"]}"},{"PERIODS_NO":"675759","START_TT":"14:42:52","OPEN_CODE":"09,02,05,08,07,03,06,01,10,04","JSON_RESULT":"{\"冠亚和\":[\"11\",\"小\",\"单\"],\"冠亚季和\":[\"16\",\"小\",\"双\"],\"冠军\":[\"9\",\"大\",\"单\"],\"亚军\":[\"2\",\"小\",\"双\"],\"第三名\":[\"5\",\"小\",\"单\"],\"第四名\":[\"8\",\"大\",\"双\"],\"第五名\":[\"7\",\"大\",\"单\"],\"第六名\":[\"3\",\"小\",\"单\"],\"第七名\":[\"6\",\"大\",\"双\"],\"第八名\":[\"1\",\"小\",\"单\"],\"第九名\":[\"10\",\"大\",\"双\"],\"第十名\":[\"4\",\"小\",\"双\"],\"龙虎\":[\"1v10龙\",\"2v9虎\",\"3v8龙\",\"4v7龙\",\"5v6龙\"]}"},{"PERIODS_NO":"675758","START_TT":"14:37:39","OPEN_CODE":"08,02,05,04,07,10,06,03,01,09","JSON_RESULT":"{\"冠亚和\":[\"10\",\"小\",\"双\"],\"冠亚季和\":[\"15\",\"小\",\"单\"],\"冠军\":[\"8\",\"大\",\"双\"],\"亚军\":[\"2\",\"小\",\"双\"],\"第三名\":[\"5\",\"小\",\"单\"],\"第四名\":[\"4\",\"小\",\"双\"],\"第五名\":[\"7\",\"大\",\"单\"],\"第六名\":[\"10\",\"大\",\"双\"],\"第七名\":[\"6\",\"大\",\"双\"],\"第八名\":[\"3\",\"小\",\"单\"],\"第九名\":[\"1\",\"小\",\"单\"],\"第十名\":[\"9\",\"大\",\"单\"],\"龙虎\":[\"1v10虎\",\"2v9龙\",\"3v8龙\",\"4v7虎\",\"5v6虎\"]}"},{"PERIODS_NO":"675757","START_TT":"14:32:39","OPEN_CODE":"09,10,01,08,05,04,02,06,07,03","JSON_RESULT":"{\"冠亚和\":[\"19\",\"大\",\"单\"],\"冠亚季和\":[\"20\",\"大\",\"双\"],\"冠军\":[\"9\",\"大\",\"单\"],\"亚军\":[\"10\",\"大\",\"双\"],\"第三名\":[\"1\",\"小\",\"单\"],\"第四名\":[\"8\",\"大\",\"双\"],\"第五名\":[\"5\",\"小\",\"单\"],\"第六名\":[\"4\",\"小\",\"双\"],\"第七名\":[\"2\",\"小\",\"双\"],\"第八名\":[\"6\",\"大\",\"双\"],\"第九名\":[\"7\",\"大\",\"单\"],\"第十名\":[\"3\",\"小\",\"单\"],\"龙虎\":[\"1v10龙\",\"2v9龙\",\"3v8虎\",\"4v7龙\",\"5v6龙\"]}"},{"PERIODS_NO":"675756","START_TT":"14:27:38","OPEN_CODE":"03,02,01,10,04,07,09,06,08,05","JSON_RESULT":"{\"冠亚和\":[\"5\",\"小\",\"单\"],\"冠亚季和\":[\"6\",\"小\",\"双\"],\"冠军\":[\"3\",\"小\",\"单\"],\"亚军\":[\"2\",\"小\",\"双\"],\"第三名\":[\"1\",\"小\",\"单\"],\"第四名\":[\"10\",\"大\",\"双\"],\"第五名\":[\"4\",\"小\",\"双\"],\"第六名\":[\"7\",\"大\",\"单\"],\"第七名\":[\"9\",\"大\",\"单\"],\"第八名\":[\"6\",\"大\",\"双\"],\"第九名\":[\"8\",\"大\",\"双\"],\"第十名\":[\"5\",\"小\",\"单\"],\"龙虎\":[\"1v10虎\",\"2v9虎\",\"3v8虎\",\"4v7龙\",\"5v6虎\"]}"},{"PERIODS_NO":"675755","START_TT":"14:22:38","OPEN_CODE":"09,10,04,01,03,08,05,07,02,06","JSON_RESULT":"{\"冠亚和\":[\"19\",\"大\",\"单\"],\"冠亚季和\":[\"23\",\"大\",\"单\"],\"冠军\":[\"9\",\"大\",\"单\"],\"亚军\":[\"10\",\"大\",\"双\"],\"第三名\":[\"4\",\"小\",\"双\"],\"第四名\":[\"1\",\"小\",\"单\"],\"第五名\":[\"3\",\"小\",\"单\"],\"第六名\":[\"8\",\"大\",\"双\"],\"第七名\":[\"5\",\"小\",\"单\"],\"第八名\":[\"7\",\"大\",\"单\"],\"第九名\":[\"2\",\"小\",\"双\"],\"第十名\":[\"6\",\"大\",\"双\"],\"龙虎\":[\"1v10龙\",\"2v9龙\",\"3v8虎\",\"4v7虎\",\"5v6虎\"]}"},{"PERIODS_NO":"675754","START_TT":"14:17:38","OPEN_CODE":"03,04,02,07,10,01,06,08,05,09","JSON_RESULT":"{\"冠亚和\":[\"7\",\"小\",\"单\"],\"冠亚季和\":[\"9\",\"小\",\"单\"],\"冠军\":[\"3\",\"小\",\"单\"],\"亚军\":[\"4\",\"小\",\"双\"],\"第三名\":[\"2\",\"小\",\"双\"],\"第四名\":[\"7\",\"大\",\"单\"],\"第五名\":[\"10\",\"大\",\"双\"],\"第六名\":[\"1\",\"小\",\"单\"],\"第七名\":[\"6\",\"大\",\"双\"],\"第八名\":[\"8\",\"大\",\"双\"],\"第九名\":[\"5\",\"小\",\"单\"],\"第十名\":[\"9\",\"大\",\"单\"],\"龙虎\":[\"1v10虎\",\"2v9虎\",\"3v8虎\",\"4v7龙\",\"5v6龙\"]}"},{"PERIODS_NO":"675753","START_TT":"14:12:38","OPEN_CODE":"02,07,09,10,04,05,01,06,08,03","JSON_RESULT":"{\"冠亚和\":[\"9\",\"小\",\"单\"],\"冠亚季和\":[\"18\",\"大\",\"双\"],\"冠军\":[\"2\",\"小\",\"双\"],\"亚军\":[\"7\",\"大\",\"单\"],\"第三名\":[\"9\",\"大\",\"单\"],\"第四名\":[\"10\",\"大\",\"双\"],\"第五名\":[\"4\",\"小\",\"双\"],\"第六名\":[\"5\",\"小\",\"单\"],\"第七名\":[\"1\",\"小\",\"单\"],\"第八名\":[\"6\",\"大\",\"双\"],\"第九名\":[\"8\",\"大\",\"双\"],\"第十名\":[\"3\",\"小\",\"单\"],\"龙虎\":[\"1v10虎\",\"2v9虎\",\"3v8龙\",\"4v7龙\",\"5v6虎\"]}"},{"PERIODS_NO":"675752","START_TT":"14:07:35","OPEN_CODE":"01,08,09,04,07,05,02,10,03,06","JSON_RESULT":"{\"冠亚和\":[\"9\",\"小\",\"单\"],\"冠亚季和\":[\"18\",\"大\",\"双\"],\"冠军\":[\"1\",\"小\",\"单\"],\"亚军\":[\"8\",\"大\",\"双\"],\"第三名\":[\"9\",\"大\",\"单\"],\"第四名\":[\"4\",\"小\",\"双\"],\"第五名\":[\"7\",\"大\",\"单\"],\"第六名\":[\"5\",\"小\",\"单\"],\"第七名\":[\"2\",\"小\",\"双\"],\"第八名\":[\"10\",\"大\",\"双\"],\"第九名\":[\"3\",\"小\",\"单\"],\"第十名\":[\"6\",\"大\",\"双\"],\"龙虎\":[\"1v10虎\",\"2v9龙\",\"3v8虎\",\"4v7龙\",\"5v6龙\"]}"},{"PERIODS_NO":"675751","START_TT":"14:02:41","OPEN_CODE":"06,05,07,09,03,04,01,10,02,08","JSON_RESULT":"{\"冠亚和\":[\"11\",\"小\",\"单\"],\"冠亚季和\":[\"18\",\"大\",\"双\"],\"冠军\":[\"6\",\"大\",\"双\"],\"亚军\":[\"5\",\"小\",\"单\"],\"第三名\":[\"7\",\"大\",\"单\"],\"第四名\":[\"9\",\"大\",\"单\"],\"第五名\":[\"3\",\"小\",\"单\"],\"第六名\":[\"4\",\"小\",\"双\"],\"第七名\":[\"1\",\"小\",\"单\"],\"第八名\":[\"10\",\"大\",\"双\"],\"第九名\":[\"2\",\"小\",\"双\"],\"第十名\":[\"8\",\"大\",\"双\"],\"龙虎\":[\"1v10虎\",\"2v9龙\",\"3v8虎\",\"4v7龙\",\"5v6虎\"]}"},{"PERIODS_NO":"675750","START_TT":"13:57:35","OPEN_CODE":"07,04,08,05,06,02,09,03,10,01","JSON_RESULT":"{\"冠亚和\":[\"11\",\"小\",\"单\"],\"冠亚季和\":[\"19\",\"大\",\"单\"],\"冠军\":[\"7\",\"大\",\"单\"],\"亚军\":[\"4\",\"小\",\"双\"],\"第三名\":[\"8\",\"大\",\"双\"],\"第四名\":[\"5\",\"小\",\"单\"],\"第五名\":[\"6\",\"大\",\"双\"],\"第六名\":[\"2\",\"小\",\"双\"],\"第七名\":[\"9\",\"大\",\"单\"],\"第八名\":[\"3\",\"小\",\"单\"],\"第九名\":[\"10\",\"大\",\"双\"],\"第十名\":[\"1\",\"小\",\"单\"],\"龙虎\":[\"1v10龙\",\"2v9虎\",\"3v8龙\",\"4v7虎\",\"5v6龙\"]}"},{"PERIODS_NO":"675749","START_TT":"13:52:58","OPEN_CODE":"02,06,01,08,07,09,04,05,10,03","JSON_RESULT":"{\"冠亚和\":[\"8\",\"小\",\"双\"],\"冠亚季和\":[\"9\",\"小\",\"单\"],\"冠军\":[\"2\",\"小\",\"双\"],\"亚军\":[\"6\",\"大\",\"双\"],\"第三名\":[\"1\",\"小\",\"单\"],\"第四名\":[\"8\",\"大\",\"双\"],\"第五名\":[\"7\",\"大\",\"单\"],\"第六名\":[\"9\",\"大\",\"单\"],\"第七名\":[\"4\",\"小\",\"双\"],\"第八名\":[\"5\",\"小\",\"单\"],\"第九名\":[\"10\",\"大\",\"双\"],\"第十名\":[\"3\",\"小\",\"单\"],\"龙虎\":[\"1v10虎\",\"2v9虎\",\"3v8虎\",\"4v7龙\",\"5v6虎\"]}"},{"PERIODS_NO":"675748","START_TT":"13:47:40","OPEN_CODE":"01,03,07,02,10,05,06,08,04,09","JSON_RESULT":"{\"冠亚和\":[\"4\",\"小\",\"双\"],\"冠亚季和\":[\"11\",\"小\",\"单\"],\"冠军\":[\"1\",\"小\",\"单\"],\"亚军\":[\"3\",\"小\",\"单\"],\"第三名\":[\"7\",\"大\",\"单\"],\"第四名\":[\"2\",\"小\",\"双\"],\"第五名\":[\"10\",\"大\",\"双\"],\"第六名\":[\"5\",\"小\",\"单\"],\"第七名\":[\"6\",\"大\",\"双\"],\"第八名\":[\"8\",\"大\",\"双\"],\"第九名\":[\"4\",\"小\",\"双\"],\"第十名\":[\"9\",\"大\",\"单\"],\"龙虎\":[\"1v10虎\",\"2v9虎\",\"3v8虎\",\"4v7虎\",\"5v6龙\"]}"},{"PERIODS_NO":"675747","START_TT":"13:42:35","OPEN_CODE":"10,01,07,09,08,04,02,06,05,03","JSON_RESULT":"{\"冠亚和\":[\"11\",\"小\",\"单\"],\"冠亚季和\":[\"18\",\"大\",\"双\"],\"冠军\":[\"10\",\"大\",\"双\"],\"亚军\":[\"1\",\"小\",\"单\"],\"第三名\":[\"7\",\"大\",\"单\"],\"第四名\":[\"9\",\"大\",\"单\"],\"第五名\":[\"8\",\"大\",\"双\"],\"第六名\":[\"4\",\"小\",\"双\"],\"第七名\":[\"2\",\"小\",\"双\"],\"第八名\":[\"6\",\"大\",\"双\"],\"第九名\":[\"5\",\"小\",\"单\"],\"第十名\":[\"3\",\"小\",\"单\"],\"龙虎\":[\"1v10龙\",\"2v9虎\",\"3v8龙\",\"4v7龙\",\"5v6龙\"]}"},{"PERIODS_NO":"675746","START_TT":"13:37:54","OPEN_CODE":"10,07,08,03,04,09,02,05,01,06","JSON_RESULT":"{\"冠亚和\":[\"17\",\"大\",\"单\"],\"冠亚季和\":[\"25\",\"大\",\"单\"],\"冠军\":[\"10\",\"大\",\"双\"],\"亚军\":[\"7\",\"大\",\"单\"],\"第三名\":[\"8\",\"大\",\"双\"],\"第四名\":[\"3\",\"小\",\"单\"],\"第五名\":[\"4\",\"小\",\"双\"],\"第六名\":[\"9\",\"大\",\"单\"],\"第七名\":[\"2\",\"小\",\"双\"],\"第八名\":[\"5\",\"小\",\"单\"],\"第九名\":[\"1\",\"小\",\"单\"],\"第十名\":[\"6\",\"大\",\"双\"],\"龙虎\":[\"1v10龙\",\"2v9龙\",\"3v8龙\",\"4v7龙\",\"5v6虎\"]}"},{"PERIODS_NO":"675745","START_TT":"13:32:36","OPEN_CODE":"03,08,04,06,02,05,09,10,01,07","JSON_RESULT":"{\"冠亚和\":[\"11\",\"小\",\"单\"],\"冠亚季和\":[\"15\",\"小\",\"单\"],\"冠军\":[\"3\",\"小\",\"单\"],\"亚军\":[\"8\",\"大\",\"双\"],\"第三名\":[\"4\",\"小\",\"双\"],\"第四名\":[\"6\",\"大\",\"双\"],\"第五名\":[\"2\",\"小\",\"双\"],\"第六名\":[\"5\",\"小\",\"单\"],\"第七名\":[\"9\",\"大\",\"单\"],\"第八名\":[\"10\",\"大\",\"双\"],\"第九名\":[\"1\",\"小\",\"单\"],\"第十名\":[\"7\",\"大\",\"单\"],\"龙虎\":[\"1v10虎\",\"2v9龙\",\"3v8虎\",\"4v7虎\",\"5v6虎\"]}"},{"PERIODS_NO":"675744","START_TT":"13:27:40","OPEN_CODE":"04,01,10,08,03,07,06,09,02,05","JSON_RESULT":"{\"冠亚和\":[\"5\",\"小\",\"单\"],\"冠亚季和\":[\"15\",\"小\",\"单\"],\"冠军\":[\"4\",\"小\",\"双\"],\"亚军\":[\"1\",\"小\",\"单\"],\"第三名\":[\"10\",\"大\",\"双\"],\"第四名\":[\"8\",\"大\",\"双\"],\"第五名\":[\"3\",\"小\",\"单\"],\"第六名\":[\"7\",\"大\",\"单\"],\"第七名\":[\"6\",\"大\",\"双\"],\"第八名\":[\"9\",\"大\",\"单\"],\"第九名\":[\"2\",\"小\",\"双\"],\"第十名\":[\"5\",\"小\",\"单\"],\"龙虎\":[\"1v10虎\",\"2v9虎\",\"3v8龙\",\"4v7龙\",\"5v6虎\"]}"},{"PERIODS_NO":"675743","START_TT":"13:22:37","OPEN_CODE":"04,05,10,06,07,02,09,03,01,08","JSON_RESULT":"{\"冠亚和\":[\"9\",\"小\",\"单\"],\"冠亚季和\":[\"19\",\"大\",\"单\"],\"冠军\":[\"4\",\"小\",\"双\"],\"亚军\":[\"5\",\"小\",\"单\"],\"第三名\":[\"10\",\"大\",\"双\"],\"第四名\":[\"6\",\"大\",\"双\"],\"第五名\":[\"7\",\"大\",\"单\"],\"第六名\":[\"2\",\"小\",\"双\"],\"第七名\":[\"9\",\"大\",\"单\"],\"第八名\":[\"3\",\"小\",\"单\"],\"第九名\":[\"1\",\"小\",\"单\"],\"第十名\":[\"8\",\"大\",\"双\"],\"龙虎\":[\"1v10虎\",\"2v9龙\",\"3v8龙\",\"4v7虎\",\"5v6龙\"]}"},{"PERIODS_NO":"675742","START_TT":"13:17:43","OPEN_CODE":"03,01,10,05,09,06,02,07,08,04","JSON_RESULT":"{\"冠亚和\":[\"4\",\"小\",\"双\"],\"冠亚季和\":[\"14\",\"小\",\"双\"],\"冠军\":[\"3\",\"小\",\"单\"],\"亚军\":[\"1\",\"小\",\"单\"],\"第三名\":[\"10\",\"大\",\"双\"],\"第四名\":[\"5\",\"小\",\"单\"],\"第五名\":[\"9\",\"大\",\"单\"],\"第六名\":[\"6\",\"大\",\"双\"],\"第七名\":[\"2\",\"小\",\"双\"],\"第八名\":[\"7\",\"大\",\"单\"],\"第九名\":[\"8\",\"大\",\"双\"],\"第十名\":[\"4\",\"小\",\"双\"],\"龙虎\":[\"1v10虎\",\"2v9虎\",\"3v8龙\",\"4v7龙\",\"5v6龙\"]}"},{"PERIODS_NO":"675741","START_TT":"13:12:42","OPEN_CODE":"06,02,08,09,10,04,05,01,03,07","JSON_RESULT":"{\"冠亚和\":[\"8\",\"小\",\"双\"],\"冠亚季和\":[\"16\",\"小\",\"双\"],\"冠军\":[\"6\",\"大\",\"双\"],\"亚军\":[\"2\",\"小\",\"双\"],\"第三名\":[\"8\",\"大\",\"双\"],\"第四名\":[\"9\",\"大\",\"单\"],\"第五名\":[\"10\",\"大\",\"双\"],\"第六名\":[\"4\",\"小\",\"双\"],\"第七名\":[\"5\",\"小\",\"单\"],\"第八名\":[\"1\",\"小\",\"单\"],\"第九名\":[\"3\",\"小\",\"单\"],\"第十名\":[\"7\",\"大\",\"单\"],\"龙虎\":[\"1v10虎\",\"2v9虎\",\"3v8龙\",\"4v7龙\",\"5v6龙\"]}"},{"PERIODS_NO":"675740","START_TT":"13:07:49","OPEN_CODE":"07,02,01,10,03,05,06,04,09,08","JSON_RESULT":"{\"冠亚和\":[\"9\",\"小\",\"单\"],\"冠亚季和\":[\"10\",\"小\",\"双\"],\"冠军\":[\"7\",\"大\",\"单\"],\"亚军\":[\"2\",\"小\",\"双\"],\"第三名\":[\"1\",\"小\",\"单\"],\"第四名\":[\"10\",\"大\",\"双\"],\"第五名\":[\"3\",\"小\",\"单\"],\"第六名\":[\"5\",\"小\",\"单\"],\"第七名\":[\"6\",\"大\",\"双\"],\"第八名\":[\"4\",\"小\",\"双\"],\"第九名\":[\"9\",\"大\",\"单\"],\"第十名\":[\"8\",\"大\",\"双\"],\"龙虎\":[\"1v10虎\",\"2v9虎\",\"3v8虎\",\"4v7龙\",\"5v6虎\"]}"},{"PERIODS_NO":"675739","START_TT":"13:02:36","OPEN_CODE":"09,04,07,01,10,03,05,06,08,02","JSON_RESULT":"{\"冠亚和\":[\"13\",\"大\",\"单\"],\"冠亚季和\":[\"20\",\"大\",\"双\"],\"冠军\":[\"9\",\"大\",\"单\"],\"亚军\":[\"4\",\"小\",\"双\"],\"第三名\":[\"7\",\"大\",\"单\"],\"第四名\":[\"1\",\"小\",\"单\"],\"第五名\":[\"10\",\"大\",\"双\"],\"第六名\":[\"3\",\"小\",\"单\"],\"第七名\":[\"5\",\"小\",\"单\"],\"第八名\":[\"6\",\"大\",\"双\"],\"第九名\":[\"8\",\"大\",\"双\"],\"第十名\":[\"2\",\"小\",\"双\"],\"龙虎\":[\"1v10龙\",\"2v9虎\",\"3v8龙\",\"4v7虎\",\"5v6龙\"]}"},{"PERIODS_NO":"675738","START_TT":"12:57:38","OPEN_CODE":"02,10,03,05,06,08,04,01,09,07","JSON_RESULT":"{\"冠亚和\":[\"12\",\"大\",\"双\"],\"冠亚季和\":[\"15\",\"小\",\"单\"],\"冠军\":[\"2\",\"小\",\"双\"],\"亚军\":[\"10\",\"大\",\"双\"],\"第三名\":[\"3\",\"小\",\"单\"],\"第四名\":[\"5\",\"小\",\"单\"],\"第五名\":[\"6\",\"大\",\"双\"],\"第六名\":[\"8\",\"大\",\"双\"],\"第七名\":[\"4\",\"小\",\"双\"],\"第八名\":[\"1\",\"小\",\"单\"],\"第九名\":[\"9\",\"大\",\"单\"],\"第十名\":[\"7\",\"大\",\"单\"],\"龙虎\":[\"1v10虎\",\"2v9龙\",\"3v8龙\",\"4v7龙\",\"5v6虎\"]}"},{"PERIODS_NO":"675737","START_TT":"12:52:56","OPEN_CODE":"07,10,06,09,05,08,02,03,01,04","JSON_RESULT":"{\"冠亚和\":[\"17\",\"大\",\"单\"],\"冠亚季和\":[\"23\",\"大\",\"单\"],\"冠军\":[\"7\",\"大\",\"单\"],\"亚军\":[\"10\",\"大\",\"双\"],\"第三名\":[\"6\",\"大\",\"双\"],\"第四名\":[\"9\",\"大\",\"单\"],\"第五名\":[\"5\",\"小\",\"单\"],\"第六名\":[\"8\",\"大\",\"双\"],\"第七名\":[\"2\",\"小\",\"双\"],\"第八名\":[\"3\",\"小\",\"单\"],\"第九名\":[\"1\",\"小\",\"单\"],\"第十名\":[\"4\",\"小\",\"双\"],\"龙虎\":[\"1v10龙\",\"2v9龙\",\"3v8龙\",\"4v7龙\",\"5v6虎\"]}"},{"PERIODS_NO":"675736","START_TT":"12:47:38","OPEN_CODE":"03,02,06,10,05,04,07,09,08,01","JSON_RESULT":"{\"冠亚和\":[\"5\",\"小\",\"单\"],\"冠亚季和\":[\"11\",\"小\",\"单\"],\"冠军\":[\"3\",\"小\",\"单\"],\"亚军\":[\"2\",\"小\",\"双\"],\"第三名\":[\"6\",\"大\",\"双\"],\"第四名\":[\"10\",\"大\",\"双\"],\"第五名\":[\"5\",\"小\",\"单\"],\"第六名\":[\"4\",\"小\",\"双\"],\"第七名\":[\"7\",\"大\",\"单\"],\"第八名\":[\"9\",\"大\",\"单\"],\"第九名\":[\"8\",\"大\",\"双\"],\"第十名\":[\"1\",\"小\",\"单\"],\"龙虎\":[\"1v10龙\",\"2v9虎\",\"3v8虎\",\"4v7龙\",\"5v6龙\"]}"},{"PERIODS_NO":"675735","START_TT":"12:42:35","OPEN_CODE":"10,02,06,08,07,09,04,01,05,03","JSON_RESULT":"{\"冠亚和\":[\"12\",\"大\",\"双\"],\"冠亚季和\":[\"18\",\"大\",\"双\"],\"冠军\":[\"10\",\"大\",\"双\"],\"亚军\":[\"2\",\"小\",\"双\"],\"第三名\":[\"6\",\"大\",\"双\"],\"第四名\":[\"8\",\"大\",\"双\"],\"第五名\":[\"7\",\"大\",\"单\"],\"第六名\":[\"9\",\"大\",\"单\"],\"第七名\":[\"4\",\"小\",\"双\"],\"第八名\":[\"1\",\"小\",\"单\"],\"第九名\":[\"5\",\"小\",\"单\"],\"第十名\":[\"3\",\"小\",\"单\"],\"龙虎\":[\"1v10龙\",\"2v9虎\",\"3v8龙\",\"4v7龙\",\"5v6虎\"]}"},{"PERIODS_NO":"675734","START_TT":"12:37:38","OPEN_CODE":"05,08,10,03,09,06,01,02,04,07","JSON_RESULT":"{\"冠亚和\":[\"13\",\"大\",\"单\"],\"冠亚季和\":[\"23\",\"大\",\"单\"],\"冠军\":[\"5\",\"小\",\"单\"],\"亚军\":[\"8\",\"大\",\"双\"],\"第三名\":[\"10\",\"大\",\"双\"],\"第四名\":[\"3\",\"小\",\"单\"],\"第五名\":[\"9\",\"大\",\"单\"],\"第六名\":[\"6\",\"大\",\"双\"],\"第七名\":[\"1\",\"小\",\"单\"],\"第八名\":[\"2\",\"小\",\"双\"],\"第九名\":[\"4\",\"小\",\"双\"],\"第十名\":[\"7\",\"大\",\"单\"],\"龙虎\":[\"1v10虎\",\"2v9龙\",\"3v8龙\",\"4v7龙\",\"5v6龙\"]}"},{"PERIODS_NO":"675733","START_TT":"12:32:41","OPEN_CODE":"06,08,03,09,02,07,05,10,04,01","JSON_RESULT":"{\"冠亚和\":[\"14\",\"大\",\"双\"],\"冠亚季和\":[\"17\",\"大\",\"单\"],\"冠军\":[\"6\",\"大\",\"双\"],\"亚军\":[\"8\",\"大\",\"双\"],\"第三名\":[\"3\",\"小\",\"单\"],\"第四名\":[\"9\",\"大\",\"单\"],\"第五名\":[\"2\",\"小\",\"双\"],\"第六名\":[\"7\",\"大\",\"单\"],\"第七名\":[\"5\",\"小\",\"单\"],\"第八名\":[\"10\",\"大\",\"双\"],\"第九名\":[\"4\",\"小\",\"双\"],\"第十名\":[\"1\",\"小\",\"单\"],\"龙虎\":[\"1v10龙\",\"2v9龙\",\"3v8虎\",\"4v7龙\",\"5v6虎\"]}"},{"PERIODS_NO":"675732","START_TT":"12:27:38","OPEN_CODE":"03,10,07,08,01,02,04,05,06,09","JSON_RESULT":"{\"冠亚和\":[\"13\",\"大\",\"单\"],\"冠亚季和\":[\"20\",\"大\",\"双\"],\"冠军\":[\"3\",\"小\",\"单\"],\"亚军\":[\"10\",\"大\",\"双\"],\"第三名\":[\"7\",\"大\",\"单\"],\"第四名\":[\"8\",\"大\",\"双\"],\"第五名\":[\"1\",\"小\",\"单\"],\"第六名\":[\"2\",\"小\",\"双\"],\"第七名\":[\"4\",\"小\",\"双\"],\"第八名\":[\"5\",\"小\",\"单\"],\"第九名\":[\"6\",\"大\",\"双\"],\"第十名\":[\"9\",\"大\",\"单\"],\"龙虎\":[\"1v10虎\",\"2v9龙\",\"3v8龙\",\"4v7龙\",\"5v6虎\"]}"},{"PERIODS_NO":"675731","START_TT":"12:22:51","OPEN_CODE":"06,02,03,09,04,05,01,08,07,10","JSON_RESULT":"{\"冠亚和\":[\"8\",\"小\",\"双\"],\"冠亚季和\":[\"11\",\"小\",\"单\"],\"冠军\":[\"6\",\"大\",\"双\"],\"亚军\":[\"2\",\"小\",\"双\"],\"第三名\":[\"3\",\"小\",\"单\"],\"第四名\":[\"9\",\"大\",\"单\"],\"第五名\":[\"4\",\"小\",\"双\"],\"第六名\":[\"5\",\"小\",\"单\"],\"第七名\":[\"1\",\"小\",\"单\"],\"第八名\":[\"8\",\"大\",\"双\"],\"第九名\":[\"7\",\"大\",\"单\"],\"第十名\":[\"10\",\"大\",\"双\"],\"龙虎\":[\"1v10虎\",\"2v9虎\",\"3v8虎\",\"4v7龙\",\"5v6虎\"]}"},{"PERIODS_NO":"675730","START_TT":"12:17:42","OPEN_CODE":"01,06,02,03,10,08,09,07,04,05","JSON_RESULT":"{\"冠亚和\":[\"7\",\"小\",\"单\"],\"冠亚季和\":[\"9\",\"小\",\"单\"],\"冠军\":[\"1\",\"小\",\"单\"],\"亚军\":[\"6\",\"大\",\"双\"],\"第三名\":[\"2\",\"小\",\"双\"],\"第四名\":[\"3\",\"小\",\"单\"],\"第五名\":[\"10\",\"大\",\"双\"],\"第六名\":[\"8\",\"大\",\"双\"],\"第七名\":[\"9\",\"大\",\"单\"],\"第八名\":[\"7\",\"大\",\"单\"],\"第九名\":[\"4\",\"小\",\"双\"],\"第十名\":[\"5\",\"小\",\"单\"],\"龙虎\":[\"1v10虎\",\"2v9龙\",\"3v8虎\",\"4v7虎\",\"5v6龙\"]}"},{"PERIODS_NO":"675729","START_TT":"12:12:38","OPEN_CODE":"06,09,08,03,02,10,04,07,05,01","JSON_RESULT":"{\"冠亚和\":[\"15\",\"大\",\"单\"],\"冠亚季和\":[\"23\",\"大\",\"单\"],\"冠军\":[\"6\",\"大\",\"双\"],\"亚军\":[\"9\",\"大\",\"单\"],\"第三名\":[\"8\",\"大\",\"双\"],\"第四名\":[\"3\",\"小\",\"单\"],\"第五名\":[\"2\",\"小\",\"双\"],\"第六名\":[\"10\",\"大\",\"双\"],\"第七名\":[\"4\",\"小\",\"双\"],\"第八名\":[\"7\",\"大\",\"单\"],\"第九名\":[\"5\",\"小\",\"单\"],\"第十名\":[\"1\",\"小\",\"单\"],\"龙虎\":[\"1v10龙\",\"2v9龙\",\"3v8龙\",\"4v7虎\",\"5v6虎\"]}"},{"PERIODS_NO":"675728","START_TT":"12:07:51","OPEN_CODE":"03,05,04,06,02,01,09,08,07,10","JSON_RESULT":"{\"冠亚和\":[\"8\",\"小\",\"双\"],\"冠亚季和\":[\"12\",\"小\",\"双\"],\"冠军\":[\"3\",\"小\",\"单\"],\"亚军\":[\"5\",\"小\",\"单\"],\"第三名\":[\"4\",\"小\",\"双\"],\"第四名\":[\"6\",\"大\",\"双\"],\"第五名\":[\"2\",\"小\",\"双\"],\"第六名\":[\"1\",\"小\",\"单\"],\"第七名\":[\"9\",\"大\",\"单\"],\"第八名\":[\"8\",\"大\",\"双\"],\"第九名\":[\"7\",\"大\",\"单\"],\"第十名\":[\"10\",\"大\",\"双\"],\"龙虎\":[\"1v10虎\",\"2v9虎\",\"3v8虎\",\"4v7虎\",\"5v6龙\"]}"},{"PERIODS_NO":"675727","START_TT":"12:02:40","OPEN_CODE":"06,01,05,10,02,07,08,04,09,03","JSON_RESULT":"{\"冠亚和\":[\"7\",\"小\",\"单\"],\"冠亚季和\":[\"12\",\"小\",\"双\"],\"冠军\":[\"6\",\"大\",\"双\"],\"亚军\":[\"1\",\"小\",\"单\"],\"第三名\":[\"5\",\"小\",\"单\"],\"第四名\":[\"10\",\"大\",\"双\"],\"第五名\":[\"2\",\"小\",\"双\"],\"第六名\":[\"7\",\"大\",\"单\"],\"第七名\":[\"8\",\"大\",\"双\"],\"第八名\":[\"4\",\"小\",\"双\"],\"第九名\":[\"9\",\"大\",\"单\"],\"第十名\":[\"3\",\"小\",\"单\"],\"龙虎\":[\"1v10龙\",\"2v9虎\",\"3v8龙\",\"4v7龙\",\"5v6虎\"]}"},{"PERIODS_NO":"675726","START_TT":"11:57:40","OPEN_CODE":"05,09,07,03,02,04,10,01,06,08","JSON_RESULT":"{\"冠亚和\":[\"14\",\"大\",\"双\"],\"冠亚季和\":[\"21\",\"大\",\"单\"],\"冠军\":[\"5\",\"小\",\"单\"],\"亚军\":[\"9\",\"大\",\"单\"],\"第三名\":[\"7\",\"大\",\"单\"],\"第四名\":[\"3\",\"小\",\"单\"],\"第五名\":[\"2\",\"小\",\"双\"],\"第六名\":[\"4\",\"小\",\"双\"],\"第七名\":[\"10\",\"大\",\"双\"],\"第八名\":[\"1\",\"小\",\"单\"],\"第九名\":[\"6\",\"大\",\"双\"],\"第十名\":[\"8\",\"大\",\"双\"],\"龙虎\":[\"1v10虎\",\"2v9龙\",\"3v8龙\",\"4v7虎\",\"5v6虎\"]}"},{"PERIODS_NO":"675725","START_TT":"11:52:40","OPEN_CODE":"09,07,08,03,01,05,04,06,02,10","JSON_RESULT":"{\"冠亚和\":[\"16\",\"大\",\"双\"],\"冠亚季和\":[\"24\",\"大\",\"双\"],\"冠军\":[\"9\",\"大\",\"单\"],\"亚军\":[\"7\",\"大\",\"单\"],\"第三名\":[\"8\",\"大\",\"双\"],\"第四名\":[\"3\",\"小\",\"单\"],\"第五名\":[\"1\",\"小\",\"单\"],\"第六名\":[\"5\",\"小\",\"单\"],\"第七名\":[\"4\",\"小\",\"双\"],\"第八名\":[\"6\",\"大\",\"双\"],\"第九名\":[\"2\",\"小\",\"双\"],\"第十名\":[\"10\",\"大\",\"双\"],\"龙虎\":[\"1v10虎\",\"2v9龙\",\"3v8龙\",\"4v7虎\",\"5v6虎\"]}"},{"PERIODS_NO":"675724","START_TT":"11:48:00","OPEN_CODE":"01,03,10,05,09,04,02,08,06,07","JSON_RESULT":"{\"冠亚和\":[\"4\",\"小\",\"双\"],\"冠亚季和\":[\"14\",\"小\",\"双\"],\"冠军\":[\"1\",\"小\",\"单\"],\"亚军\":[\"3\",\"小\",\"单\"],\"第三名\":[\"10\",\"大\",\"双\"],\"第四名\":[\"5\",\"小\",\"单\"],\"第五名\":[\"9\",\"大\",\"单\"],\"第六名\":[\"4\",\"小\",\"双\"],\"第七名\":[\"2\",\"小\",\"双\"],\"第八名\":[\"8\",\"大\",\"双\"],\"第九名\":[\"6\",\"大\",\"双\"],\"第十名\":[\"7\",\"大\",\"单\"],\"龙虎\":[\"1v10虎\",\"2v9虎\",\"3v8龙\",\"4v7龙\",\"5v6龙\"]}"},{"PERIODS_NO":"675723","START_TT":"11:42:36","OPEN_CODE":"07,05,02,03,08,01,04,06,10,09","JSON_RESULT":"{\"冠亚和\":[\"12\",\"大\",\"双\"],\"冠亚季和\":[\"14\",\"小\",\"双\"],\"冠军\":[\"7\",\"大\",\"单\"],\"亚军\":[\"5\",\"小\",\"单\"],\"第三名\":[\"2\",\"小\",\"双\"],\"第四名\":[\"3\",\"小\",\"单\"],\"第五名\":[\"8\",\"大\",\"双\"],\"第六名\":[\"1\",\"小\",\"单\"],\"第七名\":[\"4\",\"小\",\"双\"],\"第八名\":[\"6\",\"大\",\"双\"],\"第九名\":[\"10\",\"大\",\"双\"],\"第十名\":[\"9\",\"大\",\"单\"],\"龙虎\":[\"1v10虎\",\"2v9虎\",\"3v8虎\",\"4v7虎\",\"5v6龙\"]}"},{"PERIODS_NO":"675722","START_TT":"11:38:02","OPEN_CODE":"06,07,10,03,01,09,04,05,08,02","JSON_RESULT":"{\"冠亚和\":[\"13\",\"大\",\"单\"],\"冠亚季和\":[\"23\",\"大\",\"单\"],\"冠军\":[\"6\",\"大\",\"双\"],\"亚军\":[\"7\",\"大\",\"单\"],\"第三名\":[\"10\",\"大\",\"双\"],\"第四名\":[\"3\",\"小\",\"单\"],\"第五名\":[\"1\",\"小\",\"单\"],\"第六名\":[\"9\",\"大\",\"单\"],\"第七名\":[\"4\",\"小\",\"双\"],\"第八名\":[\"5\",\"小\",\"单\"],\"第九名\":[\"8\",\"大\",\"双\"],\"第十名\":[\"2\",\"小\",\"双\"],\"龙虎\":[\"1v10龙\",\"2v9虎\",\"3v8龙\",\"4v7虎\",\"5v6虎\"]}"},{"PERIODS_NO":"675721","START_TT":"11:32:43","OPEN_CODE":"01,09,05,04,10,02,06,07,08,03","JSON_RESULT":"{\"冠亚和\":[\"10\",\"小\",\"双\"],\"冠亚季和\":[\"15\",\"小\",\"单\"],\"冠军\":[\"1\",\"小\",\"单\"],\"亚军\":[\"9\",\"大\",\"单\"],\"第三名\":[\"5\",\"小\",\"单\"],\"第四名\":[\"4\",\"小\",\"双\"],\"第五名\":[\"10\",\"大\",\"双\"],\"第六名\":[\"2\",\"小\",\"双\"],\"第七名\":[\"6\",\"大\",\"双\"],\"第八名\":[\"7\",\"大\",\"单\"],\"第九名\":[\"8\",\"大\",\"双\"],\"第十名\":[\"3\",\"小\",\"单\"],\"龙虎\":[\"1v10虎\",\"2v9龙\",\"3v8虎\",\"4v7虎\",\"5v6龙\"]}"},{"PERIODS_NO":"675720","START_TT":"11:27:40","OPEN_CODE":"06,03,08,01,04,09,02,05,10,07","JSON_RESULT":"{\"冠亚和\":[\"9\",\"小\",\"单\"],\"冠亚季和\":[\"17\",\"大\",\"单\"],\"冠军\":[\"6\",\"大\",\"双\"],\"亚军\":[\"3\",\"小\",\"单\"],\"第三名\":[\"8\",\"大\",\"双\"],\"第四名\":[\"1\",\"小\",\"单\"],\"第五名\":[\"4\",\"小\",\"双\"],\"第六名\":[\"9\",\"大\",\"单\"],\"第七名\":[\"2\",\"小\",\"双\"],\"第八名\":[\"5\",\"小\",\"单\"],\"第九名\":[\"10\",\"大\",\"双\"],\"第十名\":[\"7\",\"大\",\"单\"],\"龙虎\":[\"1v10虎\",\"2v9虎\",\"3v8龙\",\"4v7虎\",\"5v6虎\"]}"},{"PERIODS_NO":"675719","START_TT":"11:22:35","OPEN_CODE":"05,03,02,10,01,06,09,08,07,04","JSON_RESULT":"{\"冠亚和\":[\"8\",\"小\",\"双\"],\"冠亚季和\":[\"10\",\"小\",\"双\"],\"冠军\":[\"5\",\"小\",\"单\"],\"亚军\":[\"3\",\"小\",\"单\"],\"第三名\":[\"2\",\"小\",\"双\"],\"第四名\":[\"10\",\"大\",\"双\"],\"第五名\":[\"1\",\"小\",\"单\"],\"第六名\":[\"6\",\"大\",\"双\"],\"第七名\":[\"9\",\"大\",\"单\"],\"第八名\":[\"8\",\"大\",\"双\"],\"第九名\":[\"7\",\"大\",\"单\"],\"第十名\":[\"4\",\"小\",\"双\"],\"龙虎\":[\"1v10龙\",\"2v9虎\",\"3v8虎\",\"4v7龙\",\"5v6虎\"]}"},{"PERIODS_NO":"675718","START_TT":"11:17:39","OPEN_CODE":"09,07,04,06,05,03,10,02,01,08","JSON_RESULT":"{\"冠亚和\":[\"16\",\"大\",\"双\"],\"冠亚季和\":[\"20\",\"大\",\"双\"],\"冠军\":[\"9\",\"大\",\"单\"],\"亚军\":[\"7\",\"大\",\"单\"],\"第三名\":[\"4\",\"小\",\"双\"],\"第四名\":[\"6\",\"大\",\"双\"],\"第五名\":[\"5\",\"小\",\"单\"],\"第六名\":[\"3\",\"小\",\"单\"],\"第七名\":[\"10\",\"大\",\"双\"],\"第八名\":[\"2\",\"小\",\"双\"],\"第九名\":[\"1\",\"小\",\"单\"],\"第十名\":[\"8\",\"大\",\"双\"],\"龙虎\":[\"1v10龙\",\"2v9龙\",\"3v8龙\",\"4v7虎\",\"5v6龙\"]}"},{"PERIODS_NO":"675717","START_TT":"11:12:35","OPEN_CODE":"10,05,09,08,07,03,02,04,06,01","JSON_RESULT":"{\"冠亚和\":[\"15\",\"大\",\"单\"],\"冠亚季和\":[\"24\",\"大\",\"双\"],\"冠军\":[\"10\",\"大\",\"双\"],\"亚军\":[\"5\",\"小\",\"单\"],\"第三名\":[\"9\",\"大\",\"单\"],\"第四名\":[\"8\",\"大\",\"双\"],\"第五名\":[\"7\",\"大\",\"单\"],\"第六名\":[\"3\",\"小\",\"单\"],\"第七名\":[\"2\",\"小\",\"双\"],\"第八名\":[\"4\",\"小\",\"双\"],\"第九名\":[\"6\",\"大\",\"双\"],\"第十名\":[\"1\",\"小\",\"单\"],\"龙虎\":[\"1v10龙\",\"2v9虎\",\"3v8龙\",\"4v7龙\",\"5v6龙\"]}"},{"PERIODS_NO":"675716","START_TT":"11:07:40","OPEN_CODE":"01,07,02,10,06,03,04,09,08,05","JSON_RESULT":"{\"冠亚和\":[\"8\",\"小\",\"双\"],\"冠亚季和\":[\"10\",\"小\",\"双\"],\"冠军\":[\"1\",\"小\",\"单\"],\"亚军\":[\"7\",\"大\",\"单\"],\"第三名\":[\"2\",\"小\",\"双\"],\"第四名\":[\"10\",\"大\",\"双\"],\"第五名\":[\"6\",\"大\",\"双\"],\"第六名\":[\"3\",\"小\",\"单\"],\"第七名\":[\"4\",\"小\",\"双\"],\"第八名\":[\"9\",\"大\",\"单\"],\"第九名\":[\"8\",\"大\",\"双\"],\"第十名\":[\"5\",\"小\",\"单\"],\"龙虎\":[\"1v10虎\",\"2v9虎\",\"3v8虎\",\"4v7龙\",\"5v6龙\"]}"},{"PERIODS_NO":"675715","START_TT":"11:02:39","OPEN_CODE":"05,02,06,10,03,01,07,04,09,08","JSON_RESULT":"{\"冠亚和\":[\"7\",\"小\",\"单\"],\"冠亚季和\":[\"13\",\"小\",\"单\"],\"冠军\":[\"5\",\"小\",\"单\"],\"亚军\":[\"2\",\"小\",\"双\"],\"第三名\":[\"6\",\"大\",\"双\"],\"第四名\":[\"10\",\"大\",\"双\"],\"第五名\":[\"3\",\"小\",\"单\"],\"第六名\":[\"1\",\"小\",\"单\"],\"第七名\":[\"7\",\"大\",\"单\"],\"第八名\":[\"4\",\"小\",\"双\"],\"第九名\":[\"9\",\"大\",\"单\"],\"第十名\":[\"8\",\"大\",\"双\"],\"龙虎\":[\"1v10虎\",\"2v9虎\",\"3v8龙\",\"4v7龙\",\"5v6龙\"]}"},{"PERIODS_NO":"675714","START_TT":"10:57:42","OPEN_CODE":"02,05,03,01,10,06,04,07,08,09","JSON_RESULT":"{\"冠亚和\":[\"7\",\"小\",\"单\"],\"冠亚季和\":[\"10\",\"小\",\"双\"],\"冠军\":[\"2\",\"小\",\"双\"],\"亚军\":[\"5\",\"小\",\"单\"],\"第三名\":[\"3\",\"小\",\"单\"],\"第四名\":[\"1\",\"小\",\"单\"],\"第五名\":[\"10\",\"大\",\"双\"],\"第六名\":[\"6\",\"大\",\"双\"],\"第七名\":[\"4\",\"小\",\"双\"],\"第八名\":[\"7\",\"大\",\"单\"],\"第九名\":[\"8\",\"大\",\"双\"],\"第十名\":[\"9\",\"大\",\"单\"],\"龙虎\":[\"1v10虎\",\"2v9虎\",\"3v8虎\",\"4v7虎\",\"5v6龙\"]}"},{"PERIODS_NO":"675713","START_TT":"10:52:35","OPEN_CODE":"06,04,10,08,01,07,05,02,03,09","JSON_RESULT":"{\"冠亚和\":[\"10\",\"小\",\"双\"],\"冠亚季和\":[\"20\",\"大\",\"双\"],\"冠军\":[\"6\",\"大\",\"双\"],\"亚军\":[\"4\",\"小\",\"双\"],\"第三名\":[\"10\",\"大\",\"双\"],\"第四名\":[\"8\",\"大\",\"双\"],\"第五名\":[\"1\",\"小\",\"单\"],\"第六名\":[\"7\",\"大\",\"单\"],\"第七名\":[\"5\",\"小\",\"单\"],\"第八名\":[\"2\",\"小\",\"双\"],\"第九名\":[\"3\",\"小\",\"单\"],\"第十名\":[\"9\",\"大\",\"单\"],\"龙虎\":[\"1v10虎\",\"2v9龙\",\"3v8龙\",\"4v7龙\",\"5v6虎\"]}"},{"PERIODS_NO":"675712","START_TT":"10:47:42","OPEN_CODE":"09,02,01,03,04,07,08,06,10,05","JSON_RESULT":"{\"冠亚和\":[\"11\",\"小\",\"单\"],\"冠亚季和\":[\"12\",\"小\",\"双\"],\"冠军\":[\"9\",\"大\",\"单\"],\"亚军\":[\"2\",\"小\",\"双\"],\"第三名\":[\"1\",\"小\",\"单\"],\"第四名\":[\"3\",\"小\",\"单\"],\"第五名\":[\"4\",\"小\",\"双\"],\"第六名\":[\"7\",\"大\",\"单\"],\"第七名\":[\"8\",\"大\",\"双\"],\"第八名\":[\"6\",\"大\",\"双\"],\"第九名\":[\"10\",\"大\",\"双\"],\"第十名\":[\"5\",\"小\",\"单\"],\"龙虎\":[\"1v10龙\",\"2v9虎\",\"3v8虎\",\"4v7虎\",\"5v6虎\"]}"},{"PERIODS_NO":"675711","START_TT":"10:42:35","OPEN_CODE":"04,02,07,10,08,01,09,05,03,06","JSON_RESULT":"{\"冠亚和\":[\"6\",\"小\",\"双\"],\"冠亚季和\":[\"13\",\"小\",\"单\"],\"冠军\":[\"4\",\"小\",\"双\"],\"亚军\":[\"2\",\"小\",\"双\"],\"第三名\":[\"7\",\"大\",\"单\"],\"第四名\":[\"10\",\"大\",\"双\"],\"第五名\":[\"8\",\"大\",\"双\"],\"第六名\":[\"1\",\"小\",\"单\"],\"第七名\":[\"9\",\"大\",\"单\"],\"第八名\":[\"5\",\"小\",\"单\"],\"第九名\":[\"3\",\"小\",\"单\"],\"第十名\":[\"6\",\"大\",\"双\"],\"龙虎\":[\"1v10虎\",\"2v9虎\",\"3v8龙\",\"4v7龙\",\"5v6龙\"]}"},{"PERIODS_NO":"675710","START_TT":"10:37:38","OPEN_CODE":"08,03,05,06,07,02,09,10,04,01","JSON_RESULT":"{\"冠亚和\":[\"11\",\"小\",\"单\"],\"冠亚季和\":[\"16\",\"小\",\"双\"],\"冠军\":[\"8\",\"大\",\"双\"],\"亚军\":[\"3\",\"小\",\"单\"],\"第三名\":[\"5\",\"小\",\"单\"],\"第四名\":[\"6\",\"大\",\"双\"],\"第五名\":[\"7\",\"大\",\"单\"],\"第六名\":[\"2\",\"小\",\"双\"],\"第七名\":[\"9\",\"大\",\"单\"],\"第八名\":[\"10\",\"大\",\"双\"],\"第九名\":[\"4\",\"小\",\"双\"],\"第十名\":[\"1\",\"小\",\"单\"],\"龙虎\":[\"1v10龙\",\"2v9虎\",\"3v8虎\",\"4v7虎\",\"5v6龙\"]}"},{"PERIODS_NO":"675709","START_TT":"10:32:55","OPEN_CODE":"04,01,10,07,05,02,06,03,08,09","JSON_RESULT":"{\"冠亚和\":[\"5\",\"小\",\"单\"],\"冠亚季和\":[\"15\",\"小\",\"单\"],\"冠军\":[\"4\",\"小\",\"双\"],\"亚军\":[\"1\",\"小\",\"单\"],\"第三名\":[\"10\",\"大\",\"双\"],\"第四名\":[\"7\",\"大\",\"单\"],\"第五名\":[\"5\",\"小\",\"单\"],\"第六名\":[\"2\",\"小\",\"双\"],\"第七名\":[\"6\",\"大\",\"双\"],\"第八名\":[\"3\",\"小\",\"单\"],\"第九名\":[\"8\",\"大\",\"双\"],\"第十名\":[\"9\",\"大\",\"单\"],\"龙虎\":[\"1v10虎\",\"2v9虎\",\"3v8龙\",\"4v7龙\",\"5v6龙\"]}"},{"PERIODS_NO":"675708","START_TT":"10:27:37","OPEN_CODE":"10,03,07,09,04,01,06,02,05,08","JSON_RESULT":"{\"冠亚和\":[\"13\",\"大\",\"单\"],\"冠亚季和\":[\"20\",\"大\",\"双\"],\"冠军\":[\"10\",\"大\",\"双\"],\"亚军\":[\"3\",\"小\",\"单\"],\"第三名\":[\"7\",\"大\",\"单\"],\"第四名\":[\"9\",\"大\",\"单\"],\"第五名\":[\"4\",\"小\",\"双\"],\"第六名\":[\"1\",\"小\",\"单\"],\"第七名\":[\"6\",\"大\",\"双\"],\"第八名\":[\"2\",\"小\",\"双\"],\"第九名\":[\"5\",\"小\",\"单\"],\"第十名\":[\"8\",\"大\",\"双\"],\"龙虎\":[\"1v10龙\",\"2v9虎\",\"3v8龙\",\"4v7龙\",\"5v6龙\"]}"},{"PERIODS_NO":"675707","START_TT":"10:22:42","OPEN_CODE":"03,01,04,06,07,02,09,05,10,08","JSON_RESULT":"{\"冠亚和\":[\"4\",\"小\",\"双\"],\"冠亚季和\":[\"8\",\"小\",\"双\"],\"冠军\":[\"3\",\"小\",\"单\"],\"亚军\":[\"1\",\"小\",\"单\"],\"第三名\":[\"4\",\"小\",\"双\"],\"第四名\":[\"6\",\"大\",\"双\"],\"第五名\":[\"7\",\"大\",\"单\"],\"第六名\":[\"2\",\"小\",\"双\"],\"第七名\":[\"9\",\"大\",\"单\"],\"第八名\":[\"5\",\"小\",\"单\"],\"第九名\":[\"10\",\"大\",\"双\"],\"第十名\":[\"8\",\"大\",\"双\"],\"龙虎\":[\"1v10虎\",\"2v9虎\",\"3v8虎\",\"4v7虎\",\"5v6龙\"]}"},{"PERIODS_NO":"675706","START_TT":"10:17:36","OPEN_CODE":"02,04,05,09,06,10,01,08,03,07","JSON_RESULT":"{\"冠亚和\":[\"6\",\"小\",\"双\"],\"冠亚季和\":[\"11\",\"小\",\"单\"],\"冠军\":[\"2\",\"小\",\"双\"],\"亚军\":[\"4\",\"小\",\"双\"],\"第三名\":[\"5\",\"小\",\"单\"],\"第四名\":[\"9\",\"大\",\"单\"],\"第五名\":[\"6\",\"大\",\"双\"],\"第六名\":[\"10\",\"大\",\"双\"],\"第七名\":[\"1\",\"小\",\"单\"],\"第八名\":[\"8\",\"大\",\"双\"],\"第九名\":[\"3\",\"小\",\"单\"],\"第十名\":[\"7\",\"大\",\"单\"],\"龙虎\":[\"1v10虎\",\"2v9龙\",\"3v8虎\",\"4v7龙\",\"5v6虎\"]}"},{"PERIODS_NO":"675705","START_TT":"10:12:48","OPEN_CODE":"02,06,07,09,08,04,05,10,03,01","JSON_RESULT":"{\"冠亚和\":[\"8\",\"小\",\"双\"],\"冠亚季和\":[\"15\",\"小\",\"单\"],\"冠军\":[\"2\",\"小\",\"双\"],\"亚军\":[\"6\",\"大\",\"双\"],\"第三名\":[\"7\",\"大\",\"单\"],\"第四名\":[\"9\",\"大\",\"单\"],\"第五名\":[\"8\",\"大\",\"双\"],\"第六名\":[\"4\",\"小\",\"双\"],\"第七名\":[\"5\",\"小\",\"单\"],\"第八名\":[\"10\",\"大\",\"双\"],\"第九名\":[\"3\",\"小\",\"单\"],\"第十名\":[\"1\",\"小\",\"单\"],\"龙虎\":[\"1v10龙\",\"2v9龙\",\"3v8虎\",\"4v7龙\",\"5v6龙\"]}"},{"PERIODS_NO":"675704","START_TT":"10:07:39","OPEN_CODE":"05,07,04,02,10,09,08,01,06,03","JSON_RESULT":"{\"冠亚和\":[\"12\",\"大\",\"双\"],\"冠亚季和\":[\"16\",\"小\",\"双\"],\"冠军\":[\"5\",\"小\",\"单\"],\"亚军\":[\"7\",\"大\",\"单\"],\"第三名\":[\"4\",\"小\",\"双\"],\"第四名\":[\"2\",\"小\",\"双\"],\"第五名\":[\"10\",\"大\",\"双\"],\"第六名\":[\"9\",\"大\",\"单\"],\"第七名\":[\"8\",\"大\",\"双\"],\"第八名\":[\"1\",\"小\",\"单\"],\"第九名\":[\"6\",\"大\",\"双\"],\"第十名\":[\"3\",\"小\",\"单\"],\"龙虎\":[\"1v10龙\",\"2v9龙\",\"3v8龙\",\"4v7虎\",\"5v6龙\"]}"},{"PERIODS_NO":"675703","START_TT":"10:03:02","OPEN_CODE":"01,04,05,10,09,08,07,02,03,06","JSON_RESULT":"{\"冠亚和\":[\"5\",\"小\",\"单\"],\"冠亚季和\":[\"10\",\"小\",\"双\"],\"冠军\":[\"1\",\"小\",\"单\"],\"亚军\":[\"4\",\"小\",\"双\"],\"第三名\":[\"5\",\"小\",\"单\"],\"第四名\":[\"10\",\"大\",\"双\"],\"第五名\":[\"9\",\"大\",\"单\"],\"第六名\":[\"8\",\"大\",\"双\"],\"第七名\":[\"7\",\"大\",\"单\"],\"第八名\":[\"2\",\"小\",\"双\"],\"第九名\":[\"3\",\"小\",\"单\"],\"第十名\":[\"6\",\"大\",\"双\"],\"龙虎\":[\"1v10虎\",\"2v9龙\",\"3v8龙\",\"4v7龙\",\"5v6龙\"]}"},{"PERIODS_NO":"675702","START_TT":"09:57:38","OPEN_CODE":"10,07,02,03,06,08,05,04,09,01","JSON_RESULT":"{\"冠亚和\":[\"17\",\"大\",\"单\"],\"冠亚季和\":[\"19\",\"大\",\"单\"],\"冠军\":[\"10\",\"大\",\"双\"],\"亚军\":[\"7\",\"大\",\"单\"],\"第三名\":[\"2\",\"小\",\"双\"],\"第四名\":[\"3\",\"小\",\"单\"],\"第五名\":[\"6\",\"大\",\"双\"],\"第六名\":[\"8\",\"大\",\"双\"],\"第七名\":[\"5\",\"小\",\"单\"],\"第八名\":[\"4\",\"小\",\"双\"],\"第九名\":[\"9\",\"大\",\"单\"],\"第十名\":[\"1\",\"小\",\"单\"],\"龙虎\":[\"1v10龙\",\"2v9虎\",\"3v8虎\",\"4v7虎\",\"5v6虎\"]}"},{"PERIODS_NO":"675701","START_TT":"09:52:39","OPEN_CODE":"08,04,03,02,06,09,01,05,10,07","JSON_RESULT":"{\"冠亚和\":[\"12\",\"大\",\"双\"],\"冠亚季和\":[\"15\",\"小\",\"单\"],\"冠军\":[\"8\",\"大\",\"双\"],\"亚军\":[\"4\",\"小\",\"双\"],\"第三名\":[\"3\",\"小\",\"单\"],\"第四名\":[\"2\",\"小\",\"双\"],\"第五名\":[\"6\",\"大\",\"双\"],\"第六名\":[\"9\",\"大\",\"单\"],\"第七名\":[\"1\",\"小\",\"单\"],\"第八名\":[\"5\",\"小\",\"单\"],\"第九名\":[\"10\",\"大\",\"双\"],\"第十名\":[\"7\",\"大\",\"单\"],\"龙虎\":[\"1v10龙\",\"2v9虎\",\"3v8虎\",\"4v7龙\",\"5v6虎\"]}"},{"PERIODS_NO":"675700","START_TT":"09:47:38","OPEN_CODE":"05,06,09,10,07,03,04,02,01,08","JSON_RESULT":"{\"冠亚和\":[\"11\",\"小\",\"单\"],\"冠亚季和\":[\"20\",\"大\",\"双\"],\"冠军\":[\"5\",\"小\",\"单\"],\"亚军\":[\"6\",\"大\",\"双\"],\"第三名\":[\"9\",\"大\",\"单\"],\"第四名\":[\"10\",\"大\",\"双\"],\"第五名\":[\"7\",\"大\",\"单\"],\"第六名\":[\"3\",\"小\",\"单\"],\"第七名\":[\"4\",\"小\",\"双\"],\"第八名\":[\"2\",\"小\",\"双\"],\"第九名\":[\"1\",\"小\",\"单\"],\"第十名\":[\"8\",\"大\",\"双\"],\"龙虎\":[\"1v10虎\",\"2v9龙\",\"3v8龙\",\"4v7龙\",\"5v6龙\"]}"},{"PERIODS_NO":"675699","START_TT":"09:43:04","OPEN_CODE":"03,04,05,10,01,08,07,06,02,09","JSON_RESULT":"{\"冠亚和\":[\"7\",\"小\",\"单\"],\"冠亚季和\":[\"12\",\"小\",\"双\"],\"冠军\":[\"3\",\"小\",\"单\"],\"亚军\":[\"4\",\"小\",\"双\"],\"第三名\":[\"5\",\"小\",\"单\"],\"第四名\":[\"10\",\"大\",\"双\"],\"第五名\":[\"1\",\"小\",\"单\"],\"第六名\":[\"8\",\"大\",\"双\"],\"第七名\":[\"7\",\"大\",\"单\"],\"第八名\":[\"6\",\"大\",\"双\"],\"第九名\":[\"2\",\"小\",\"双\"],\"第十名\":[\"9\",\"大\",\"单\"],\"龙虎\":[\"1v10虎\",\"2v9龙\",\"3v8虎\",\"4v7龙\",\"5v6虎\"]}"},{"PERIODS_NO":"675698","START_TT":"09:37:36","OPEN_CODE":"10,05,08,02,06,09,03,07,01,04","JSON_RESULT":"{\"冠亚和\":[\"15\",\"大\",\"单\"],\"冠亚季和\":[\"23\",\"大\",\"单\"],\"冠军\":[\"10\",\"大\",\"双\"],\"亚军\":[\"5\",\"小\",\"单\"],\"第三名\":[\"8\",\"大\",\"双\"],\"第四名\":[\"2\",\"小\",\"双\"],\"第五名\":[\"6\",\"大\",\"双\"],\"第六名\":[\"9\",\"大\",\"单\"],\"第七名\":[\"3\",\"小\",\"单\"],\"第八名\":[\"7\",\"大\",\"单\"],\"第九名\":[\"1\",\"小\",\"单\"],\"第十名\":[\"4\",\"小\",\"双\"],\"龙虎\":[\"1v10龙\",\"2v9龙\",\"3v8龙\",\"4v7虎\",\"5v6虎\"]}"},{"PERIODS_NO":"675697","START_TT":"09:32:53","OPEN_CODE":"06,09,05,03,02,08,07,04,10,01","JSON_RESULT":"{\"冠亚和\":[\"15\",\"大\",\"单\"],\"冠亚季和\":[\"20\",\"大\",\"双\"],\"冠军\":[\"6\",\"大\",\"双\"],\"亚军\":[\"9\",\"大\",\"单\"],\"第三名\":[\"5\",\"小\",\"单\"],\"第四名\":[\"3\",\"小\",\"单\"],\"第五名\":[\"2\",\"小\",\"双\"],\"第六名\":[\"8\",\"大\",\"双\"],\"第七名\":[\"7\",\"大\",\"单\"],\"第八名\":[\"4\",\"小\",\"双\"],\"第九名\":[\"10\",\"大\",\"双\"],\"第十名\":[\"1\",\"小\",\"单\"],\"龙虎\":[\"1v10龙\",\"2v9虎\",\"3v8龙\",\"4v7虎\",\"5v6虎\"]}"},{"PERIODS_NO":"675696","START_TT":"09:27:46","OPEN_CODE":"01,05,02,07,06,10,08,09,03,04","JSON_RESULT":"{\"冠亚和\":[\"6\",\"小\",\"双\"],\"冠亚季和\":[\"8\",\"小\",\"双\"],\"冠军\":[\"1\",\"小\",\"单\"],\"亚军\":[\"5\",\"小\",\"单\"],\"第三名\":[\"2\",\"小\",\"双\"],\"第四名\":[\"7\",\"大\",\"单\"],\"第五名\":[\"6\",\"大\",\"双\"],\"第六名\":[\"10\",\"大\",\"双\"],\"第七名\":[\"8\",\"大\",\"双\"],\"第八名\":[\"9\",\"大\",\"单\"],\"第九名\":[\"3\",\"小\",\"单\"],\"第十名\":[\"4\",\"小\",\"双\"],\"龙虎\":[\"1v10虎\",\"2v9龙\",\"3v8虎\",\"4v7虎\",\"5v6虎\"]}"},{"PERIODS_NO":"675695","START_TT":"09:22:35","OPEN_CODE":"02,01,05,10,07,06,09,04,08,03","JSON_RESULT":"{\"冠亚和\":[\"3\",\"小\",\"单\"],\"冠亚季和\":[\"8\",\"小\",\"双\"],\"冠军\":[\"2\",\"小\",\"双\"],\"亚军\":[\"1\",\"小\",\"单\"],\"第三名\":[\"5\",\"小\",\"单\"],\"第四名\":[\"10\",\"大\",\"双\"],\"第五名\":[\"7\",\"大\",\"单\"],\"第六名\":[\"6\",\"大\",\"双\"],\"第七名\":[\"9\",\"大\",\"单\"],\"第八名\":[\"4\",\"小\",\"双\"],\"第九名\":[\"8\",\"大\",\"双\"],\"第十名\":[\"3\",\"小\",\"单\"],\"龙虎\":[\"1v10虎\",\"2v9虎\",\"3v8龙\",\"4v7龙\",\"5v6龙\"]}"},{"PERIODS_NO":"675694","START_TT":"09:17:35","OPEN_CODE":"04,03,05,02,01,07,08,09,10,06","JSON_RESULT":"{\"冠亚和\":[\"7\",\"小\",\"单\"],\"冠亚季和\":[\"12\",\"小\",\"双\"],\"冠军\":[\"4\",\"小\",\"双\"],\"亚军\":[\"3\",\"小\",\"单\"],\"第三名\":[\"5\",\"小\",\"单\"],\"第四名\":[\"2\",\"小\",\"双\"],\"第五名\":[\"1\",\"小\",\"单\"],\"第六名\":[\"7\",\"大\",\"单\"],\"第七名\":[\"8\",\"大\",\"双\"],\"第八名\":[\"9\",\"大\",\"单\"],\"第九名\":[\"10\",\"大\",\"双\"],\"第十名\":[\"6\",\"大\",\"双\"],\"龙虎\":[\"1v10虎\",\"2v9虎\",\"3v8虎\",\"4v7虎\",\"5v6虎\"]}"},{"PERIODS_NO":"675693","START_TT":"09:12:38","OPEN_CODE":"05,02,08,06,03,07,09,10,01,04","JSON_RESULT":"{\"冠亚和\":[\"7\",\"小\",\"单\"],\"冠亚季和\":[\"15\",\"小\",\"单\"],\"冠军\":[\"5\",\"小\",\"单\"],\"亚军\":[\"2\",\"小\",\"双\"],\"第三名\":[\"8\",\"大\",\"双\"],\"第四名\":[\"6\",\"大\",\"双\"],\"第五名\":[\"3\",\"小\",\"单\"],\"第六名\":[\"7\",\"大\",\"单\"],\"第七名\":[\"9\",\"大\",\"单\"],\"第八名\":[\"10\",\"大\",\"双\"],\"第九名\":[\"1\",\"小\",\"单\"],\"第十名\":[\"4\",\"小\",\"双\"],\"龙虎\":[\"1v10龙\",\"2v9龙\",\"3v8虎\",\"4v7虎\",\"5v6虎\"]}"},{"PERIODS_NO":"675692","START_TT":"09:07:40","OPEN_CODE":"09,03,04,05,10,07,02,06,01,08","JSON_RESULT":"{\"冠亚和\":[\"12\",\"大\",\"双\"],\"冠亚季和\":[\"16\",\"小\",\"双\"],\"冠军\":[\"9\",\"大\",\"单\"],\"亚军\":[\"3\",\"小\",\"单\"],\"第三名\":[\"4\",\"小\",\"双\"],\"第四名\":[\"5\",\"小\",\"单\"],\"第五名\":[\"10\",\"大\",\"双\"],\"第六名\":[\"7\",\"大\",\"单\"],\"第七名\":[\"2\",\"小\",\"双\"],\"第八名\":[\"6\",\"大\",\"双\"],\"第九名\":[\"1\",\"小\",\"单\"],\"第十名\":[\"8\",\"大\",\"双\"],\"龙虎\":[\"1v10龙\",\"2v9龙\",\"3v8虎\",\"4v7龙\",\"5v6龙\"]}"}]